WarehouseID,WarehouseCity,ProductID,StockQuantity,ReservedQuantity,AvailableQuantity,ReorderLevel,RestockQuantity,LastRestockDate,InventoryStatus
W002,Chicago,P00001,51,15,37,50,250,2026-06-11,In Stock
W002,Chicago,P00002,1116,37,1089,20,100,2026-06-24,In Stock
W001,New York,P00003,191,14,159,30,150,2026-04-12,In Stock
W001,New York,P00004,1149,34,1123,30,150,2026-05-31,In Stock
W008,Sydney,P00005,569,10,542,20,100,2026-05-16,In Stock
W005,London,P00006,318,21,312,30,150,2026-06-17,In Stock
W007,Milan,P00007,198,22,160,50,250,2026-05-26,In Stock
W001,New York,P00008,940,7,916,100,500,2026-06-18,In Stock
W005,London,P00009,740,12,736,100,500,2026-06-23,In Stock
W004,Los Angeles,P00010,592,14,586,20,100,2026-05-11,In Stock
W005,London,P00011,928,10,905,50,250,2026-05-14,In Stock
W004,Los Angeles,P00012,546,38,506,20,100,2026-06-07,In Stock
W004,Los Angeles,P00013,334,24,317,75,375,2026-03-02,In Stock
W004,Los Angeles,P00014,664,14,662,20,100,2026-03-17,In Stock
W006,Berlin,P00015,821,4,808,50,250,2026-03-04,In Stock
W006,Berlin,P00016,435,25,406,75,375,2026-06-10,In Stock
W005,London,P00017,285,35,251,30,150,2026-05-26,In Stock
W007,Milan,P00018,1195,23,1181,75,375,2026-06-11,In Stock
W008,Sydney,P00019,186,7,177,20,100,2026-04-09,In Stock
W003,Dallas,P00020,864,4,840,100,500,2026-05-11,In Stock
W008,Sydney,P00021,1083,35,1083,50,250,2026-04-02,In Stock
W002,Chicago,P00022,1099,21,1092,50,250,2026-05-22,In Stock
W007,Milan,P00023,323,0,307,75,375,2026-04-25,In Stock
W003,Dallas,P00024,1039,40,1020,20,100,2026-03-13,In Stock
W004,Los Angeles,P00025,313,10,279,50,250,2026-03-21,In Stock
W001,New York,P00026,663,1,656,75,375,2026-03-02,In Stock
W006,Berlin,P00027,629,3,614,30,150,2026-03-08,In Stock
W002,Chicago,P00028,175,4,141,75,375,2026-03-22,In Stock
W003,Dallas,P00029,262,35,252,75,375,2026-05-26,In Stock
W007,Milan,P00030,433,12,414,100,500,2026-05-08,In Stock
W006,Berlin,P00031,897,28,890,100,500,2026-05-28,In Stock
W004,Los Angeles,P00032,131,1,94,50,250,2026-04-19,In Stock
W004,Los Angeles,P00033,451,4,411,20,100,2026-06-21,In Stock
W004,Los Angeles,P00034,138,21,134,20,100,2026-04-24,In Stock
W004,Los Angeles,P00035,570,13,536,75,375,2026-06-12,In Stock
W008,Sydney,P00036,497,26,485,75,375,2026-06-16,In Stock
W002,Chicago,P00037,882,27,856,50,250,2026-04-30,In Stock
W001,New York,P00038,201,25,180,20,100,2026-03-18,In Stock
W002,Chicago,P00039,509,12,475,30,150,2026-05-02,In Stock
W003,Dallas,P00040,864,17,835,30,150,2026-05-28,In Stock
W002,Chicago,P00041,907,6,904,100,500,2026-04-06,In Stock
W001,New York,P00042,191,10,165,30,150,2026-04-27,In Stock
W008,Sydney,P00043,437,3,427,75,375,2026-05-11,In Stock
W001,New York,P00044,799,29,781,50,250,2026-05-05,In Stock
W008,Sydney,P00045,317,18,304,30,150,2026-06-21,In Stock
W001,New York,P00046,642,3,605,20,100,2026-04-28,In Stock
W003,Dallas,P00047,116,5,105,100,500,2026-06-20,In Stock
W002,Chicago,P00048,481,7,445,75,375,2026-05-28,In Stock
W001,New York,P00049,167,37,131,75,375,2026-04-23,In Stock
W006,Berlin,P00050,534,20,519,30,150,2026-05-26,In Stock
W007,Milan,P00051,268,29,248,50,250,2026-03-02,In Stock
W002,Chicago,P00052,19,19,0,75,375,2026-06-16,Low Stock
W002,Chicago,P00053,1101,32,1085,30,150,2026-06-12,In Stock
W006,Berlin,P00054,140,23,122,30,150,2026-06-08,In Stock
W008,Sydney,P00055,1112,39,1079,50,250,2026-06-27,In Stock
W005,London,P00056,212,16,205,30,150,2026-03-07,In Stock
W002,Chicago,P00057,1133,17,1115,30,150,2026-04-12,In Stock
W004,Los Angeles,P00058,702,40,686,30,150,2026-04-25,In Stock
W008,Sydney,P00059,514,5,474,20,100,2026-05-05,In Stock
W005,London,P00060,90,21,82,20,100,2026-04-08,In Stock
W005,London,P00061,330,35,303,75,375,2026-04-18,In Stock
W001,New York,P00062,229,9,195,20,100,2026-06-24,In Stock
W006,Berlin,P00063,1192,9,1165,100,500,2026-06-12,In Stock
W001,New York,P00064,631,2,609,50,250,2026-06-02,In Stock
W004,Los Angeles,P00065,210,35,184,50,250,2026-04-10,In Stock
W003,Dallas,P00066,484,11,458,30,150,2026-06-25,In Stock
W003,Dallas,P00067,680,15,663,75,375,2026-06-08,In Stock
W002,Chicago,P00068,783,30,769,20,100,2026-06-03,In Stock
W008,Sydney,P00069,716,14,702,50,250,2026-06-25,In Stock
W004,Los Angeles,P00070,816,17,812,50,250,2026-03-22,In Stock
W005,London,P00071,719,25,685,100,500,2026-05-17,In Stock
W001,New York,P00072,236,11,199,50,250,2026-05-26,In Stock
W001,New York,P00073,222,27,200,100,500,2026-03-27,In Stock
W006,Berlin,P00074,893,32,886,100,500,2026-05-10,In Stock
W004,Los Angeles,P00075,521,27,521,20,100,2026-04-23,In Stock
W004,Los Angeles,P00076,745,4,724,75,375,2026-04-10,In Stock
W006,Berlin,P00077,255,32,236,50,250,2026-04-04,In Stock
W007,Milan,P00078,668,18,633,75,375,2026-06-12,In Stock
W004,Los Angeles,P00079,861,11,822,75,375,2026-04-17,In Stock
W005,London,P00080,831,0,812,100,500,2026-05-23,In Stock
W004,Los Angeles,P00081,880,38,860,100,500,2026-04-30,In Stock
W008,Sydney,P00082,905,32,875,30,150,2026-03-19,In Stock
W003,Dallas,P00083,173,32,133,50,250,2026-04-10,In Stock
W006,Berlin,P00084,191,19,177,30,150,2026-03-17,In Stock
W004,Los Angeles,P00085,301,2,286,20,100,2026-04-29,In Stock
W002,Chicago,P00086,932,40,896,75,375,2026-06-04,In Stock
W007,Milan,P00087,1012,15,1003,75,375,2026-04-06,In Stock
W001,New York,P00088,218,14,207,75,375,2026-03-18,In Stock
W008,Sydney,P00089,102,15,95,100,500,2026-05-01,In Stock
W003,Dallas,P00090,951,35,913,100,500,2026-05-19,In Stock
W008,Sydney,P00091,1033,35,1005,75,375,2026-03-06,In Stock
W003,Dallas,P00092,972,16,957,75,375,2026-03-13,In Stock
W005,London,P00093,1067,40,1052,75,375,2026-05-24,In Stock
W008,Sydney,P00094,158,15,141,50,250,2026-05-17,In Stock
W006,Berlin,P00095,1106,8,1097,20,100,2026-05-30,In Stock
W007,Milan,P00096,312,4,286,30,150,2026-05-07,In Stock
W006,Berlin,P00097,1111,26,1108,75,375,2026-06-02,In Stock
W007,Milan,P00098,797,1,761,100,500,2026-05-11,In Stock
W008,Sydney,P00099,12,4,0,50,250,2026-03-11,Low Stock
W007,Milan,P00100,1102,38,1088,100,500,2026-04-27,In Stock
W004,Los Angeles,P00101,558,31,557,75,375,2026-05-10,In Stock
W006,Berlin,P00102,828,29,820,30,150,2026-04-10,In Stock
W001,New York,P00103,806,36,805,100,500,2026-06-18,In Stock
W007,Milan,P00104,277,11,274,75,375,2026-05-26,In Stock
W007,Milan,P00105,670,29,650,30,150,2026-05-16,In Stock
W007,Milan,P00106,569,16,564,75,375,2026-04-29,In Stock
W001,New York,P00107,1104,22,1090,20,100,2026-04-06,In Stock
W002,Chicago,P00108,82,15,70,20,100,2026-03-13,In Stock
W001,New York,P00109,312,8,282,30,150,2026-04-04,In Stock
W002,Chicago,P00110,1155,29,1139,30,150,2026-03-22,In Stock
W006,Berlin,P00111,343,38,336,100,500,2026-03-21,In Stock
W003,Dallas,P00112,637,37,636,20,100,2026-03-02,In Stock
W005,London,P00113,1179,25,1167,75,375,2026-06-19,In Stock
W004,Los Angeles,P00114,208,38,201,50,250,2026-03-19,In Stock
W001,New York,P00115,711,27,688,100,500,2026-06-20,In Stock
W006,Berlin,P00116,25,15,19,75,375,2026-05-04,Low Stock
W006,Berlin,P00117,941,27,930,30,150,2026-03-27,In Stock
W005,London,P00118,1102,29,1075,75,375,2026-03-15,In Stock
W005,London,P00119,660,5,643,30,150,2026-03-08,In Stock
W008,Sydney,P00120,499,36,460,75,375,2026-04-04,In Stock
W007,Milan,P00121,688,31,668,20,100,2026-06-05,In Stock
W008,Sydney,P00122,434,16,413,50,250,2026-05-24,In Stock
W005,London,P00123,1138,33,1126,20,100,2026-06-18,In Stock
W004,Los Angeles,P00124,832,35,817,75,375,2026-04-01,In Stock
W008,Sydney,P00125,1005,1,1000,75,375,2026-05-22,In Stock
W004,Los Angeles,P00126,828,19,791,30,150,2026-05-12,In Stock
W008,Sydney,P00127,1133,22,1106,100,500,2026-03-25,In Stock
W006,Berlin,P00128,720,17,701,75,375,2026-05-27,In Stock
W004,Los Angeles,P00129,247,20,240,30,150,2026-03-25,In Stock
W003,Dallas,P00130,392,30,375,30,150,2026-03-28,In Stock
W005,London,P00131,205,18,191,30,150,2026-05-13,In Stock
W003,Dallas,P00132,619,34,611,20,100,2026-05-24,In Stock
W001,New York,P00133,111,18,103,100,500,2026-04-08,In Stock
W008,Sydney,P00134,210,36,192,20,100,2026-04-29,In Stock
W008,Sydney,P00135,902,11,899,50,250,2026-05-27,In Stock
W008,Sydney,P00136,233,25,202,20,100,2026-06-19,In Stock
W001,New York,P00137,310,36,291,30,150,2026-06-18,In Stock
W004,Los Angeles,P00138,242,26,204,100,500,2026-04-13,In Stock
W004,Los Angeles,P00139,1070,28,1042,75,375,2026-05-21,In Stock
W007,Milan,P00140,625,39,622,100,500,2026-04-11,In Stock
W002,Chicago,P00141,425,16,420,30,150,2026-06-08,In Stock
W004,Los Angeles,P00142,355,4,345,100,500,2026-06-28,In Stock
W007,Milan,P00143,922,30,904,100,500,2026-06-24,In Stock
W004,Los Angeles,P00144,590,29,586,50,250,2026-04-02,In Stock
W004,Los Angeles,P00145,541,12,514,100,500,2026-06-14,In Stock
W004,Los Angeles,P00146,305,9,301,50,250,2026-06-21,In Stock
W003,Dallas,P00147,629,36,611,100,500,2026-05-03,In Stock
W002,Chicago,P00148,959,25,942,50,250,2026-04-25,In Stock
W008,Sydney,P00149,896,38,894,20,100,2026-03-07,In Stock
W007,Milan,P00150,660,16,659,100,500,2026-06-17,In Stock
W004,Los Angeles,P00151,1178,1,1161,100,500,2026-04-16,In Stock
W001,New York,P00152,358,33,330,75,375,2026-03-03,In Stock
W005,London,P00153,371,27,331,100,500,2026-03-16,In Stock
W008,Sydney,P00154,186,22,160,75,375,2026-05-17,In Stock
W006,Berlin,P00155,214,21,188,30,150,2026-04-01,In Stock
W008,Sydney,P00156,590,35,588,75,375,2026-05-01,In Stock
W002,Chicago,P00157,644,20,637,50,250,2026-03-22,In Stock
W007,Milan,P00158,1053,34,1024,20,100,2026-05-07,In Stock
W001,New York,P00159,384,23,345,100,500,2026-03-24,In Stock
W008,Sydney,P00160,905,13,888,20,100,2026-04-19,In Stock
W003,Dallas,P00161,589,31,582,75,375,2026-06-25,In Stock
W004,Los Angeles,P00162,324,35,324,50,250,2026-04-19,In Stock
W007,Milan,P00163,190,7,161,30,150,2026-06-13,In Stock
W003,Dallas,P00164,1020,32,1003,50,250,2026-05-06,In Stock
W008,Sydney,P00165,967,29,932,30,150,2026-06-10,In Stock
W007,Milan,P00166,390,32,382,100,500,2026-03-10,In Stock
W002,Chicago,P00167,565,21,533,75,375,2026-05-25,In Stock
W001,New York,P00168,579,37,542,50,250,2026-04-05,In Stock
W008,Sydney,P00169,304,34,274,75,375,2026-05-15,In Stock
W006,Berlin,P00170,1130,24,1101,100,500,2026-03-01,In Stock
W006,Berlin,P00171,386,36,362,30,150,2026-05-30,In Stock
W007,Milan,P00172,89,30,65,50,250,2026-05-10,In Stock
W003,Dallas,P00173,1014,8,982,20,100,2026-04-14,In Stock
W006,Berlin,P00174,205,6,172,75,375,2026-03-04,In Stock
W008,Sydney,P00175,31,26,22,30,150,2026-06-19,In Stock
W008,Sydney,P00176,542,39,517,50,250,2026-04-06,In Stock
W002,Chicago,P00177,672,24,652,100,500,2026-04-09,In Stock
W008,Sydney,P00178,1108,39,1104,20,100,2026-05-29,In Stock
W005,London,P00179,465,27,459,20,100,2026-03-23,In Stock
W002,Chicago,P00180,908,19,907,30,150,2026-06-23,In Stock
W006,Berlin,P00181,114,22,91,50,250,2026-05-04,In Stock
W003,Dallas,P00182,500,26,464,100,500,2026-04-02,In Stock
W003,Dallas,P00183,348,5,309,30,150,2026-03-09,In Stock
W007,Milan,P00184,493,37,484,75,375,2026-05-30,In Stock
W008,Sydney,P00185,520,16,520,75,375,2026-03-05,In Stock
W008,Sydney,P00186,589,10,585,100,500,2026-05-03,In Stock
W006,Berlin,P00187,612,16,583,75,375,2026-03-12,In Stock
W005,London,P00188,407,30,401,75,375,2026-05-29,In Stock
W007,Milan,P00189,1171,36,1153,50,250,2026-03-31,In Stock
W005,London,P00190,44,17,44,75,375,2026-04-17,Low Stock
W001,New York,P00191,1017,14,979,50,250,2026-03-18,In Stock
W006,Berlin,P00192,448,39,432,30,150,2026-04-03,In Stock
W003,Dallas,P00193,198,19,170,20,100,2026-06-24,In Stock
W006,Berlin,P00194,269,18,249,20,100,2026-03-25,In Stock
W007,Milan,P00195,359,8,325,30,150,2026-03-08,In Stock
W006,Berlin,P00196,1087,17,1077,100,500,2026-05-27,In Stock
W008,Sydney,P00197,604,7,575,50,250,2026-06-19,In Stock
W003,Dallas,P00198,462,35,439,75,375,2026-06-17,In Stock
W007,Milan,P00199,28,17,21,50,250,2026-05-01,Low Stock
W006,Berlin,P00200,536,24,496,100,500,2026-02-28,In Stock
W006,Berlin,P00201,221,30,220,30,150,2026-04-10,In Stock
W006,Berlin,P00202,453,40,424,20,100,2026-03-04,In Stock
W005,London,P00203,836,8,834,20,100,2026-06-24,In Stock
W005,London,P00204,1008,6,993,20,100,2026-03-07,In Stock
W003,Dallas,P00205,795,23,761,75,375,2026-05-06,In Stock
W003,Dallas,P00206,849,31,810,20,100,2026-05-07,In Stock
W005,London,P00207,67,13,39,50,250,2026-05-03,In Stock
W004,Los Angeles,P00208,742,23,708,20,100,2026-03-05,In Stock
W006,Berlin,P00209,124,17,112,75,375,2026-06-13,In Stock
W008,Sydney,P00210,187,40,149,30,150,2026-06-26,In Stock
W001,New York,P00211,683,8,647,30,150,2026-06-02,In Stock
W002,Chicago,P00212,1135,37,1122,30,150,2026-03-16,In Stock
W004,Los Angeles,P00213,672,38,672,30,150,2026-05-24,In Stock
W003,Dallas,P00214,266,16,255,100,500,2026-06-14,In Stock
W001,New York,P00215,269,22,254,20,100,2026-04-14,In Stock
W006,Berlin,P00216,32,16,29,30,150,2026-06-12,In Stock
W007,Milan,P00217,1077,4,1047,20,100,2026-05-02,In Stock
W006,Berlin,P00218,1051,6,1023,100,500,2026-04-25,In Stock
W004,Los Angeles,P00219,88,19,59,100,500,2026-04-07,Low Stock
W001,New York,P00220,124,25,97,75,375,2026-04-02,In Stock
W002,Chicago,P00221,1004,4,999,75,375,2026-05-18,In Stock
W003,Dallas,P00222,134,17,95,30,150,2026-04-08,In Stock
W006,Berlin,P00223,780,33,762,100,500,2026-05-01,In Stock
W007,Milan,P00224,203,35,190,20,100,2026-05-04,In Stock
W008,Sydney,P00225,467,21,438,75,375,2026-05-08,In Stock
W007,Milan,P00226,194,27,174,50,250,2026-04-04,In Stock
W005,London,P00227,766,30,762,30,150,2026-06-17,In Stock
W002,Chicago,P00228,190,6,167,75,375,2026-03-17,In Stock
W003,Dallas,P00229,1139,37,1104,20,100,2026-04-18,In Stock
W006,Berlin,P00230,250,22,223,75,375,2026-03-09,In Stock
W001,New York,P00231,589,19,567,100,500,2026-06-15,In Stock
W004,Los Angeles,P00232,316,14,310,75,375,2026-05-15,In Stock
W006,Berlin,P00233,235,36,221,50,250,2026-03-17,In Stock
W007,Milan,P00234,1148,39,1113,100,500,2026-06-25,In Stock
W005,London,P00235,59,17,40,30,150,2026-03-03,In Stock
W006,Berlin,P00236,718,11,709,20,100,2026-04-17,In Stock
W007,Milan,P00237,142,40,141,30,150,2026-06-17,In Stock
W004,Los Angeles,P00238,770,29,749,75,375,2026-06-08,In Stock
W006,Berlin,P00239,638,36,600,50,250,2026-06-18,In Stock
W001,New York,P00240,318,39,315,30,150,2026-04-03,In Stock
W002,Chicago,P00241,557,27,526,75,375,2026-04-12,In Stock
W008,Sydney,P00242,848,13,816,50,250,2026-06-14,In Stock
W006,Berlin,P00243,880,18,843,20,100,2026-04-27,In Stock
W005,London,P00244,93,25,55,30,150,2026-06-21,In Stock
W001,New York,P00245,418,13,410,50,250,2026-03-23,In Stock
W005,London,P00246,592,7,592,50,250,2026-04-26,In Stock
W007,Milan,P00247,359,24,325,30,150,2026-03-30,In Stock
W004,Los Angeles,P00248,1024,22,1020,100,500,2026-05-09,In Stock
W001,New York,P00249,893,29,889,20,100,2026-03-10,In Stock
W006,Berlin,P00250,1179,36,1154,75,375,2026-03-30,In Stock
W007,Milan,P00251,592,25,591,20,100,2026-05-18,In Stock
W003,Dallas,P00252,942,5,915,50,250,2026-03-12,In Stock
W002,Chicago,P00253,498,37,473,75,375,2026-04-22,In Stock
W002,Chicago,P00254,810,21,796,50,250,2026-05-17,In Stock
W003,Dallas,P00255,156,40,149,100,500,2026-04-22,In Stock
W004,Los Angeles,P00256,715,9,700,50,250,2026-06-15,In Stock
W003,Dallas,P00257,524,11,486,30,150,2026-06-09,In Stock
W002,Chicago,P00258,362,29,326,75,375,2026-03-23,In Stock
W008,Sydney,P00259,1156,20,1116,100,500,2026-05-19,In Stock
W003,Dallas,P00260,900,30,872,20,100,2026-04-09,In Stock
W005,London,P00261,562,3,540,100,500,2026-04-25,In Stock
W002,Chicago,P00262,635,28,633,75,375,2026-06-21,In Stock
W006,Berlin,P00263,587,5,548,20,100,2026-04-13,In Stock
W007,Milan,P00264,947,35,945,100,500,2026-05-02,In Stock
W004,Los Angeles,P00265,658,30,626,100,500,2026-06-09,In Stock
W001,New York,P00266,922,21,917,20,100,2026-04-25,In Stock
W003,Dallas,P00267,80,28,52,30,150,2026-04-22,In Stock
W003,Dallas,P00268,745,18,721,50,250,2026-05-07,In Stock
W006,Berlin,P00269,107,4,86,50,250,2026-06-16,In Stock
W007,Milan,P00270,581,38,572,50,250,2026-05-17,In Stock
W002,Chicago,P00271,1193,22,1174,30,150,2026-04-06,In Stock
W007,Milan,P00272,264,5,245,100,500,2026-04-18,In Stock
W007,Milan,P00273,672,33,667,30,150,2026-04-07,In Stock
W007,Milan,P00274,1041,1,1018,50,250,2026-05-20,In Stock
W003,Dallas,P00275,438,31,426,50,250,2026-05-31,In Stock
W003,Dallas,P00276,317,18,311,20,100,2026-04-25,In Stock
W001,New York,P00277,689,8,651,100,500,2026-05-11,In Stock
W003,Dallas,P00278,332,39,322,30,150,2026-03-28,In Stock
W008,Sydney,P00279,89,23,74,75,375,2026-05-03,In Stock
W005,London,P00280,919,34,904,30,150,2026-05-20,In Stock
W008,Sydney,P00281,397,36,369,50,250,2026-04-30,In Stock
W005,London,P00282,782,33,756,100,500,2026-06-08,In Stock
W004,Los Angeles,P00283,283,3,253,50,250,2026-03-09,In Stock
W006,Berlin,P00284,1135,33,1128,20,100,2026-05-23,In Stock
W002,Chicago,P00285,328,28,296,50,250,2026-06-10,In Stock
W007,Milan,P00286,187,28,165,30,150,2026-03-01,In Stock
W001,New York,P00287,849,25,817,20,100,2026-05-12,In Stock
W004,Los Angeles,P00288,790,23,776,20,100,2026-06-25,In Stock
W006,Berlin,P00289,202,9,194,50,250,2026-06-24,In Stock
W005,London,P00290,967,30,939,30,150,2026-04-11,In Stock
W001,New York,P00291,162,16,149,20,100,2026-03-14,In Stock
W003,Dallas,P00292,1123,33,1096,100,500,2026-06-14,In Stock
W005,London,P00293,486,7,483,50,250,2026-05-29,In Stock
W007,Milan,P00294,936,7,905,20,100,2026-04-13,In Stock
W001,New York,P00295,1055,15,1046,100,500,2026-05-22,In Stock
W007,Milan,P00296,3,2,0,100,500,2026-04-16,Low Stock
W007,Milan,P00297,383,33,360,20,100,2026-06-20,In Stock
W001,New York,P00298,799,2,759,75,375,2026-05-10,In Stock
W006,Berlin,P00299,519,22,515,20,100,2026-05-15,In Stock
W004,Los Angeles,P00300,212,21,204,100,500,2026-06-23,In Stock
W006,Berlin,P00301,1118,11,1089,50,250,2026-03-31,In Stock
W008,Sydney,P00302,373,4,344,30,150,2026-06-24,In Stock
W005,London,P00303,412,12,410,20,100,2026-05-19,In Stock
W005,London,P00304,1055,34,1025,75,375,2026-05-27,In Stock
W001,New York,P00305,391,22,388,50,250,2026-03-10,In Stock
W006,Berlin,P00306,559,23,532,20,100,2026-03-07,In Stock
W007,Milan,P00307,900,21,889,75,375,2026-04-26,In Stock
W008,Sydney,P00308,752,17,747,100,500,2026-03-27,In Stock
W007,Milan,P00309,161,38,150,75,375,2026-04-20,In Stock
W005,London,P00310,657,5,637,20,100,2026-04-05,In Stock
W005,London,P00311,627,38,600,75,375,2026-06-07,In Stock
W008,Sydney,P00312,719,2,697,75,375,2026-04-11,In Stock
W007,Milan,P00313,562,4,522,20,100,2026-05-08,In Stock
W006,Berlin,P00314,1050,1,1041,30,150,2026-03-12,In Stock
W008,Sydney,P00315,71,4,56,30,150,2026-03-21,In Stock
W006,Berlin,P00316,741,36,739,75,375,2026-04-12,In Stock
W003,Dallas,P00317,921,23,893,50,250,2026-03-23,In Stock
W002,Chicago,P00318,1175,33,1152,30,150,2026-05-09,In Stock
W006,Berlin,P00319,570,7,569,30,150,2026-03-26,In Stock
W003,Dallas,P00320,1022,24,987,100,500,2026-06-13,In Stock
W005,London,P00321,533,13,494,75,375,2026-05-23,In Stock
W008,Sydney,P00322,409,8,405,20,100,2026-05-02,In Stock
W003,Dallas,P00323,911,20,889,20,100,2026-03-30,In Stock
W002,Chicago,P00324,1126,18,1107,100,500,2026-03-12,In Stock
W003,Dallas,P00325,356,32,342,50,250,2026-06-13,In Stock
W004,Los Angeles,P00326,284,31,283,30,150,2026-05-13,In Stock
W006,Berlin,P00327,957,8,918,100,500,2026-03-07,In Stock
W002,Chicago,P00328,134,25,104,50,250,2026-04-22,In Stock
W007,Milan,P00329,838,4,830,100,500,2026-05-19,In Stock
W002,Chicago,P00330,921,33,899,75,375,2026-06-12,In Stock
W003,Dallas,P00331,264,32,261,75,375,2026-03-14,In Stock
W002,Chicago,P00332,1061,19,1051,30,150,2026-06-08,In Stock
W006,Berlin,P00333,461,33,443,50,250,2026-03-12,In Stock
W002,Chicago,P00334,513,40,478,30,150,2026-05-24,In Stock
W003,Dallas,P00335,620,34,615,100,500,2026-04-25,In Stock
W003,Dallas,P00336,1189,10,1150,30,150,2026-03-28,In Stock
W006,Berlin,P00337,1154,1,1149,20,100,2026-06-23,In Stock
W005,London,P00338,431,26,392,100,500,2026-04-08,In Stock
W001,New York,P00339,1019,18,1000,100,500,2026-04-28,In Stock
W004,Los Angeles,P00340,831,29,827,50,250,2026-04-01,In Stock
W001,New York,P00341,323,26,293,75,375,2026-04-30,In Stock
W004,Los Angeles,P00342,696,9,676,100,500,2026-03-10,In Stock
W006,Berlin,P00343,707,8,684,75,375,2026-04-24,In Stock
W002,Chicago,P00344,653,29,646,30,150,2026-05-25,In Stock
W008,Sydney,P00345,507,6,504,30,150,2026-05-22,In Stock
W007,Milan,P00346,856,10,836,30,150,2026-03-01,In Stock
W006,Berlin,P00347,388,31,356,30,150,2026-04-30,In Stock
W008,Sydney,P00348,631,1,626,75,375,2026-02-28,In Stock
W007,Milan,P00349,1035,15,1022,75,375,2026-04-15,In Stock
W006,Berlin,P00350,99,18,68,20,100,2026-04-13,In Stock
W008,Sydney,P00351,585,0,579,100,500,2026-05-04,In Stock
W003,Dallas,P00352,541,25,518,50,250,2026-06-23,In Stock
W007,Milan,P00353,104,35,92,100,500,2026-05-13,In Stock
W005,London,P00354,150,32,122,75,375,2026-03-23,In Stock
W005,London,P00355,243,6,218,30,150,2026-05-12,In Stock
W006,Berlin,P00356,1142,9,1130,50,250,2026-04-12,In Stock
W007,Milan,P00357,1024,2,1022,20,100,2026-06-11,In Stock
W006,Berlin,P00358,970,29,961,100,500,2026-04-12,In Stock
W003,Dallas,P00359,671,20,661,100,500,2026-05-09,In Stock
W005,London,P00360,688,32,654,100,500,2026-04-27,In Stock
W005,London,P00361,972,23,951,20,100,2026-04-03,In Stock
W002,Chicago,P00362,853,19,813,100,500,2026-06-25,In Stock
W008,Sydney,P00363,543,36,529,100,500,2026-03-28,In Stock
W001,New York,P00364,1195,10,1162,75,375,2026-04-09,In Stock
W007,Milan,P00365,302,2,266,30,150,2026-03-31,In Stock
W002,Chicago,P00366,390,28,370,20,100,2026-05-06,In Stock
W003,Dallas,P00367,845,26,813,30,150,2026-03-21,In Stock
W008,Sydney,P00368,127,33,114,30,150,2026-04-18,In Stock
W006,Berlin,P00369,979,24,959,100,500,2026-06-06,In Stock
W008,Sydney,P00370,1091,34,1069,50,250,2026-04-03,In Stock
W005,London,P00371,991,15,974,30,150,2026-04-18,In Stock
W005,London,P00372,460,18,447,50,250,2026-04-01,In Stock
W008,Sydney,P00373,649,22,614,75,375,2026-03-01,In Stock
W005,London,P00374,589,36,555,20,100,2026-05-11,In Stock
W007,Milan,P00375,706,18,704,30,150,2026-05-23,In Stock
W002,Chicago,P00376,709,16,679,75,375,2026-06-01,In Stock
W004,Los Angeles,P00377,1103,35,1086,50,250,2026-06-11,In Stock
W002,Chicago,P00378,490,3,457,30,150,2026-05-31,In Stock
W004,Los Angeles,P00379,107,26,86,20,100,2026-03-29,In Stock
W008,Sydney,P00380,205,0,170,30,150,2026-03-02,In Stock
W003,Dallas,P00381,833,30,821,75,375,2026-03-24,In Stock
W005,London,P00382,657,3,652,50,250,2026-04-06,In Stock
W004,Los Angeles,P00383,1095,11,1069,20,100,2026-03-08,In Stock
W003,Dallas,P00384,74,31,63,75,375,2026-03-01,Low Stock
W005,London,P00385,76,19,40,20,100,2026-04-12,In Stock
W002,Chicago,P00386,686,29,652,50,250,2026-04-22,In Stock
W008,Sydney,P00387,274,29,257,100,500,2026-06-04,In Stock
W002,Chicago,P00388,677,29,661,30,150,2026-03-29,In Stock
W003,Dallas,P00389,28,25,10,50,250,2026-04-17,Low Stock
W004,Los Angeles,P00390,359,40,334,100,500,2026-03-15,In Stock
W007,Milan,P00391,1055,5,1030,50,250,2026-04-04,In Stock
W002,Chicago,P00392,378,30,358,30,150,2026-03-01,In Stock
W004,Los Angeles,P00393,13,6,0,50,250,2026-05-02,Low Stock
W005,London,P00394,675,37,639,50,250,2026-06-27,In Stock
W005,London,P00395,736,3,729,30,150,2026-04-30,In Stock
W005,London,P00396,327,32,308,75,375,2026-04-01,In Stock
W002,Chicago,P00397,604,39,590,50,250,2026-05-31,In Stock
W003,Dallas,P00398,979,29,941,30,150,2026-05-12,In Stock
W007,Milan,P00399,1124,34,1111,75,375,2026-03-23,In Stock
W004,Los Angeles,P00400,167,28,134,100,500,2026-03-30,In Stock
W006,Berlin,P00401,159,7,156,100,500,2026-03-14,In Stock
W004,Los Angeles,P00402,1172,9,1162,100,500,2026-05-18,In Stock
W008,Sydney,P00403,238,37,207,30,150,2026-06-17,In Stock
W008,Sydney,P00404,113,8,81,75,375,2026-05-06,In Stock
W008,Sydney,P00405,1154,35,1125,20,100,2026-04-03,In Stock
W005,London,P00406,44,16,44,75,375,2026-03-25,Low Stock
W004,Los Angeles,P00407,1184,2,1157,20,100,2026-05-15,In Stock
W002,Chicago,P00408,1108,4,1078,20,100,2026-06-24,In Stock
W005,London,P00409,837,8,811,30,150,2026-05-12,In Stock
W007,Milan,P00410,918,24,913,75,375,2026-04-02,In Stock
W003,Dallas,P00411,712,11,678,20,100,2026-05-09,In Stock
W003,Dallas,P00412,456,1,437,20,100,2026-04-30,In Stock
W007,Milan,P00413,1089,14,1074,75,375,2026-05-01,In Stock
W006,Berlin,P00414,317,12,310,50,250,2026-06-24,In Stock
W007,Milan,P00415,32,13,28,30,150,2026-06-16,In Stock
W001,New York,P00416,914,3,899,100,500,2026-03-26,In Stock
W001,New York,P00417,823,14,789,75,375,2026-06-01,In Stock
W001,New York,P00418,286,18,272,100,500,2026-03-16,In Stock
W006,Berlin,P00419,1182,20,1167,100,500,2026-05-21,In Stock
W003,Dallas,P00420,1067,26,1048,30,150,2026-05-24,In Stock
W001,New York,P00421,1140,11,1100,100,500,2026-04-03,In Stock
W007,Milan,P00422,1138,3,1116,75,375,2026-02-28,In Stock
W007,Milan,P00423,1074,26,1048,50,250,2026-06-09,In Stock
W005,London,P00424,770,34,740,30,150,2026-05-29,In Stock
W004,Los Angeles,P00425,615,29,612,30,150,2026-04-18,In Stock
W007,Milan,P00426,853,33,845,100,500,2026-05-10,In Stock
W004,Los Angeles,P00427,522,21,517,30,150,2026-03-02,In Stock
W008,Sydney,P00428,759,34,747,20,100,2026-06-22,In Stock
W005,London,P00429,772,38,770,100,500,2026-03-09,In Stock
W002,Chicago,P00430,385,35,372,100,500,2026-04-28,In Stock
W004,Los Angeles,P00431,681,0,668,50,250,2026-03-01,In Stock
W004,Los Angeles,P00432,240,15,202,75,375,2026-03-30,In Stock
W004,Los Angeles,P00433,812,35,792,30,150,2026-03-21,In Stock
W005,London,P00434,779,34,757,75,375,2026-05-20,In Stock
W005,London,P00435,736,31,707,100,500,2026-06-16,In Stock
W008,Sydney,P00436,655,23,635,30,150,2026-05-07,In Stock
W001,New York,P00437,1152,9,1151,30,150,2026-05-26,In Stock
W007,Milan,P00438,604,12,583,30,150,2026-05-30,In Stock
W007,Milan,P00439,1166,31,1131,30,150,2026-04-06,In Stock
W006,Berlin,P00440,527,31,498,75,375,2026-06-07,In Stock
W006,Berlin,P00441,346,34,315,30,150,2026-06-05,In Stock
W001,New York,P00442,1073,4,1070,20,100,2026-03-23,In Stock
W001,New York,P00443,844,40,830,30,150,2026-06-20,In Stock
W003,Dallas,P00444,18,16,0,30,150,2026-05-12,Low Stock
W001,New York,P00445,989,1,989,75,375,2026-04-21,In Stock
W007,Milan,P00446,24,16,7,20,100,2026-04-21,In Stock
W005,London,P00447,35,27,24,100,500,2026-06-15,Low Stock
W002,Chicago,P00448,1073,15,1061,30,150,2026-04-10,In Stock
W005,London,P00449,725,25,720,50,250,2026-05-12,In Stock
W007,Milan,P00450,940,15,926,100,500,2026-05-21,In Stock
W002,Chicago,P00451,64,25,40,20,100,2026-05-11,In Stock
W008,Sydney,P00452,114,10,109,20,100,2026-04-26,In Stock
W007,Milan,P00453,678,6,645,100,500,2026-03-03,In Stock
W001,New York,P00454,470,36,440,30,150,2026-05-25,In Stock
W001,New York,P00455,152,34,116,50,250,2026-04-05,In Stock
W001,New York,P00456,367,1,354,50,250,2026-04-14,In Stock
W003,Dallas,P00457,815,19,805,20,100,2026-04-17,In Stock
W004,Los Angeles,P00458,1160,34,1139,75,375,2026-05-10,In Stock
W003,Dallas,P00459,160,22,157,100,500,2026-06-16,In Stock
W007,Milan,P00460,475,21,437,20,100,2026-03-22,In Stock
W007,Milan,P00461,668,40,651,20,100,2026-03-20,In Stock
W008,Sydney,P00462,1004,22,969,30,150,2026-02-28,In Stock
W007,Milan,P00463,884,37,860,30,150,2026-06-18,In Stock
W005,London,P00464,504,5,487,20,100,2026-06-09,In Stock
W007,Milan,P00465,315,20,292,75,375,2026-06-15,In Stock
W002,Chicago,P00466,10,7,0,50,250,2026-03-23,Low Stock
W005,London,P00467,209,5,198,30,150,2026-05-04,In Stock
W008,Sydney,P00468,1140,32,1114,100,500,2026-06-15,In Stock
W001,New York,P00469,183,35,178,50,250,2026-04-13,In Stock
W006,Berlin,P00470,788,18,762,20,100,2026-05-10,In Stock
W002,Chicago,P00471,1145,36,1112,30,150,2026-06-07,In Stock
W007,Milan,P00472,347,17,328,30,150,2026-05-25,In Stock
W008,Sydney,P00473,298,10,271,20,100,2026-05-24,In Stock
W007,Milan,P00474,613,4,590,75,375,2026-05-27,In Stock
W004,Los Angeles,P00475,1015,39,1003,100,500,2026-05-01,In Stock
W002,Chicago,P00476,277,0,252,50,250,2026-05-17,In Stock
W007,Milan,P00477,674,21,647,75,375,2026-03-16,In Stock
W003,Dallas,P00478,615,38,603,50,250,2026-04-28,In Stock
W006,Berlin,P00479,363,20,345,75,375,2026-03-26,In Stock
W008,Sydney,P00480,1179,20,1155,30,150,2026-05-24,In Stock
W007,Milan,P00481,747,36,735,20,100,2026-04-14,In Stock
W003,Dallas,P00482,1126,29,1113,20,100,2026-05-03,In Stock
W005,London,P00483,141,31,133,75,375,2026-04-08,In Stock
W005,London,P00484,495,9,468,50,250,2026-03-19,In Stock
W007,Milan,P00485,151,38,121,75,375,2026-04-15,In Stock
W007,Milan,P00486,1094,26,1060,100,500,2026-06-24,In Stock
W006,Berlin,P00487,1099,40,1094,100,500,2026-06-15,In Stock
W004,Los Angeles,P00488,727,39,725,30,150,2026-04-17,In Stock
W007,Milan,P00489,679,6,679,75,375,2026-06-16,In Stock
W005,London,P00490,454,33,419,100,500,2026-04-15,In Stock
W004,Los Angeles,P00491,912,25,883,50,250,2026-03-22,In Stock
W003,Dallas,P00492,706,30,700,20,100,2026-05-22,In Stock
W007,Milan,P00493,175,9,153,20,100,2026-05-20,In Stock
W006,Berlin,P00494,932,33,902,30,150,2026-05-15,In Stock
W008,Sydney,P00495,199,28,179,75,375,2026-06-20,In Stock
W005,London,P00496,91,1,70,20,100,2026-04-07,In Stock
W002,Chicago,P00497,336,33,325,30,150,2026-04-19,In Stock
W003,Dallas,P00498,677,27,648,100,500,2026-05-30,In Stock
W007,Milan,P00499,377,40,350,30,150,2026-05-09,In Stock
W001,New York,P00500,404,37,377,75,375,2026-05-10,In Stock
W001,New York,P00501,439,17,435,30,150,2026-04-16,In Stock
W002,Chicago,P00502,1099,23,1079,30,150,2026-06-03,In Stock
W008,Sydney,P00503,233,31,200,50,250,2026-04-08,In Stock
W006,Berlin,P00504,795,25,758,100,500,2026-06-14,In Stock
W006,Berlin,P00505,720,39,709,75,375,2026-03-16,In Stock
W005,London,P00506,173,20,166,30,150,2026-05-29,In Stock
W005,London,P00507,239,23,230,30,150,2026-04-24,In Stock
W007,Milan,P00508,856,8,820,100,500,2026-05-10,In Stock
W007,Milan,P00509,380,40,346,75,375,2026-04-01,In Stock
W003,Dallas,P00510,1136,31,1118,30,150,2026-06-11,In Stock
W003,Dallas,P00511,644,39,641,75,375,2026-03-10,In Stock
W006,Berlin,P00512,19,4,7,75,375,2026-03-16,Low Stock
W007,Milan,P00513,1150,31,1124,100,500,2026-04-02,In Stock
W008,Sydney,P00514,851,31,841,75,375,2026-06-18,In Stock
W001,New York,P00515,451,2,434,50,250,2026-05-31,In Stock
W005,London,P00516,344,36,313,75,375,2026-04-19,In Stock
W002,Chicago,P00517,1172,17,1138,20,100,2026-03-15,In Stock
W006,Berlin,P00518,1110,28,1076,20,100,2026-06-01,In Stock
W007,Milan,P00519,209,19,207,30,150,2026-05-02,In Stock
W005,London,P00520,713,28,706,20,100,2026-03-21,In Stock
W004,Los Angeles,P00521,429,22,390,100,500,2026-04-09,In Stock
W007,Milan,P00522,339,8,326,100,500,2026-03-16,In Stock
W004,Los Angeles,P00523,121,22,87,100,500,2026-05-24,In Stock
W003,Dallas,P00524,662,18,626,50,250,2026-05-25,In Stock
W002,Chicago,P00525,277,3,260,75,375,2026-03-10,In Stock
W003,Dallas,P00526,271,9,251,30,150,2026-03-14,In Stock
W004,Los Angeles,P00527,804,9,768,75,375,2026-04-09,In Stock
W005,London,P00528,848,28,844,75,375,2026-04-08,In Stock
W002,Chicago,P00529,825,17,802,100,500,2026-05-01,In Stock
W008,Sydney,P00530,670,0,665,100,500,2026-03-27,In Stock
W008,Sydney,P00531,733,34,708,20,100,2026-06-01,In Stock
W007,Milan,P00532,433,17,413,75,375,2026-03-14,In Stock
W005,London,P00533,691,36,683,100,500,2026-04-17,In Stock
W008,Sydney,P00534,703,2,697,20,100,2026-04-09,In Stock
W008,Sydney,P00535,33,10,5,20,100,2026-05-01,In Stock
W001,New York,P00536,876,8,857,30,150,2026-06-08,In Stock
W005,London,P00537,191,16,186,50,250,2026-05-12,In Stock
W003,Dallas,P00538,106,40,87,75,375,2026-03-28,In Stock
W004,Los Angeles,P00539,879,6,879,20,100,2026-06-01,In Stock
W008,Sydney,P00540,159,37,145,30,150,2026-04-23,In Stock
W008,Sydney,P00541,19,10,12,20,100,2026-03-10,Low Stock
W007,Milan,P00542,270,4,256,75,375,2026-05-10,In Stock
W002,Chicago,P00543,209,20,186,20,100,2026-03-08,In Stock
W005,London,P00544,280,8,271,75,375,2026-06-20,In Stock
W001,New York,P00545,336,22,323,75,375,2026-04-09,In Stock
W003,Dallas,P00546,843,28,830,100,500,2026-06-17,In Stock
W002,Chicago,P00547,286,37,262,20,100,2026-05-15,In Stock
W007,Milan,P00548,644,15,627,30,150,2026-04-07,In Stock
W002,Chicago,P00549,508,38,470,100,500,2026-03-28,In Stock
W005,London,P00550,54,13,21,50,250,2026-04-12,In Stock
W004,Los Angeles,P00551,802,3,787,50,250,2026-04-26,In Stock
W007,Milan,P00552,230,31,190,30,150,2026-04-13,In Stock
W002,Chicago,P00553,1081,23,1061,20,100,2026-06-12,In Stock
W007,Milan,P00554,1164,23,1130,75,375,2026-04-02,In Stock
W003,Dallas,P00555,964,1,927,20,100,2026-06-20,In Stock
W001,New York,P00556,536,2,533,30,150,2026-03-19,In Stock
W007,Milan,P00557,1037,40,1005,50,250,2026-03-22,In Stock
W007,Milan,P00558,867,5,827,75,375,2026-04-21,In Stock
W003,Dallas,P00559,568,19,563,20,100,2026-04-24,In Stock
W004,Los Angeles,P00560,318,20,293,100,500,2026-04-14,In Stock
W002,Chicago,P00561,635,15,632,75,375,2026-05-28,In Stock
W002,Chicago,P00562,889,29,850,20,100,2026-04-12,In Stock
W001,New York,P00563,633,7,633,30,150,2026-03-30,In Stock
W003,Dallas,P00564,23,15,1,30,150,2026-04-23,Low Stock
W005,London,P00565,341,8,324,50,250,2026-03-27,In Stock
W002,Chicago,P00566,60,27,43,50,250,2026-04-22,In Stock
W002,Chicago,P00567,538,40,534,100,500,2026-04-26,In Stock
W008,Sydney,P00568,1046,3,1015,50,250,2026-03-11,In Stock
W003,Dallas,P00569,753,16,747,30,150,2026-03-06,In Stock
W002,Chicago,P00570,467,0,465,100,500,2026-03-11,In Stock
W001,New York,P00571,500,30,477,20,100,2026-05-10,In Stock
W003,Dallas,P00572,366,35,340,20,100,2026-05-31,In Stock
W006,Berlin,P00573,508,20,491,75,375,2026-03-15,In Stock
W002,Chicago,P00574,1170,7,1138,50,250,2026-04-03,In Stock
W001,New York,P00575,367,33,365,30,150,2026-05-08,In Stock
W002,Chicago,P00576,952,19,932,50,250,2026-06-17,In Stock
W008,Sydney,P00577,16,6,0,50,250,2026-04-17,Low Stock
W005,London,P00578,496,23,459,75,375,2026-04-26,In Stock
W004,Los Angeles,P00579,1119,9,1119,30,150,2026-03-01,In Stock
W007,Milan,P00580,48,34,26,30,150,2026-04-08,In Stock
W001,New York,P00581,686,24,667,20,100,2026-06-15,In Stock
W004,Los Angeles,P00582,1085,26,1054,30,150,2026-06-21,In Stock
W003,Dallas,P00583,573,2,559,20,100,2026-03-06,In Stock
W007,Milan,P00584,762,5,725,75,375,2026-06-16,In Stock
W003,Dallas,P00585,807,37,771,20,100,2026-06-21,In Stock
W007,Milan,P00586,267,18,251,30,150,2026-03-12,In Stock
W006,Berlin,P00587,804,20,776,50,250,2026-05-25,In Stock
W004,Los Angeles,P00588,152,8,115,30,150,2026-06-15,In Stock
W003,Dallas,P00589,216,28,187,30,150,2026-05-19,In Stock
W007,Milan,P00590,247,22,234,100,500,2026-05-02,In Stock
W005,London,P00591,948,7,943,50,250,2026-06-08,In Stock
W005,London,P00592,82,20,73,30,150,2026-06-17,In Stock
W004,Los Angeles,P00593,728,32,725,75,375,2026-04-03,In Stock
W005,London,P00594,532,1,507,30,150,2026-03-11,In Stock
W008,Sydney,P00595,1138,15,1132,100,500,2026-04-30,In Stock
W002,Chicago,P00596,286,0,283,20,100,2026-03-14,In Stock
W004,Los Angeles,P00597,267,25,244,30,150,2026-04-02,In Stock
W002,Chicago,P00598,1192,16,1188,100,500,2026-06-26,In Stock
W002,Chicago,P00599,404,8,399,75,375,2026-03-05,In Stock
W006,Berlin,P00600,250,29,247,20,100,2026-06-07,In Stock
W007,Milan,P00601,808,1,784,75,375,2026-04-02,In Stock
W007,Milan,P00602,353,13,342,50,250,2026-05-24,In Stock
W005,London,P00603,913,2,874,30,150,2026-04-10,In Stock
W004,Los Angeles,P00604,604,26,569,75,375,2026-04-28,In Stock
W001,New York,P00605,179,24,171,50,250,2026-05-06,In Stock
W004,Los Angeles,P00606,1076,40,1042,30,150,2026-03-19,In Stock
W001,New York,P00607,783,30,749,50,250,2026-03-20,In Stock
W008,Sydney,P00608,704,32,684,100,500,2026-05-10,In Stock
W005,London,P00609,368,20,330,20,100,2026-05-31,In Stock
W001,New York,P00610,575,30,542,20,100,2026-05-14,In Stock
W004,Los Angeles,P00611,326,15,311,20,100,2026-05-25,In Stock
W001,New York,P00612,449,24,427,100,500,2026-03-01,In Stock
W003,Dallas,P00613,360,37,340,30,150,2026-03-17,In Stock
W006,Berlin,P00614,57,36,21,50,250,2026-06-10,In Stock
W004,Los Angeles,P00615,1008,19,997,100,500,2026-04-27,In Stock
W001,New York,P00616,184,14,146,20,100,2026-05-31,In Stock
W001,New York,P00617,1078,0,1057,75,375,2026-03-03,In Stock
W004,Los Angeles,P00618,267,11,247,50,250,2026-06-21,In Stock
W001,New York,P00619,302,9,295,100,500,2026-03-12,In Stock
W006,Berlin,P00620,148,25,111,50,250,2026-06-16,In Stock
W006,Berlin,P00621,618,8,608,50,250,2026-03-27,In Stock
W007,Milan,P00622,997,11,962,50,250,2026-04-01,In Stock
W006,Berlin,P00623,457,11,433,100,500,2026-05-20,In Stock
W005,London,P00624,260,0,224,30,150,2026-05-09,In Stock
W001,New York,P00625,372,20,333,100,500,2026-05-31,In Stock
W002,Chicago,P00626,1016,21,1012,30,150,2026-05-29,In Stock
W006,Berlin,P00627,654,40,649,30,150,2026-03-15,In Stock
W006,Berlin,P00628,914,16,901,20,100,2026-05-28,In Stock
W002,Chicago,P00629,717,6,717,50,250,2026-06-22,In Stock
W007,Milan,P00630,897,10,871,75,375,2026-04-26,In Stock
W007,Milan,P00631,719,24,713,100,500,2026-03-14,In Stock
W008,Sydney,P00632,1183,10,1155,30,150,2026-06-19,In Stock
W001,New York,P00633,603,20,587,20,100,2026-06-15,In Stock
W002,Chicago,P00634,700,24,690,30,150,2026-03-27,In Stock
W002,Chicago,P00635,1120,21,1082,20,100,2026-04-11,In Stock
W008,Sydney,P00636,63,10,25,75,375,2026-03-07,Low Stock
W007,Milan,P00637,321,6,300,20,100,2026-06-02,In Stock
W004,Los Angeles,P00638,838,34,822,100,500,2026-04-05,In Stock
W005,London,P00639,609,6,606,30,150,2026-05-09,In Stock
W008,Sydney,P00640,314,23,314,20,100,2026-05-05,In Stock
W002,Chicago,P00641,603,30,591,100,500,2026-06-16,In Stock
W001,New York,P00642,423,40,405,30,150,2026-06-18,In Stock
W008,Sydney,P00643,236,25,206,50,250,2026-04-27,In Stock
W005,London,P00644,186,24,175,100,500,2026-05-12,In Stock
W007,Milan,P00645,756,28,754,30,150,2026-05-26,In Stock
W008,Sydney,P00646,952,14,935,50,250,2026-04-17,In Stock
W001,New York,P00647,309,5,287,20,100,2026-03-17,In Stock
W007,Milan,P00648,465,3,441,100,500,2026-03-16,In Stock
W007,Milan,P00649,1096,36,1081,75,375,2026-04-29,In Stock
W005,London,P00650,161,2,129,75,375,2026-04-16,In Stock
W003,Dallas,P00651,246,11,236,75,375,2026-06-01,In Stock
W004,Los Angeles,P00652,258,27,253,20,100,2026-04-02,In Stock
W007,Milan,P00653,413,38,397,30,150,2026-05-19,In Stock
W002,Chicago,P00654,178,35,153,75,375,2026-04-19,In Stock
W006,Berlin,P00655,565,29,565,100,500,2026-03-20,In Stock
W007,Milan,P00656,230,9,221,75,375,2026-04-17,In Stock
W002,Chicago,P00657,216,6,198,100,500,2026-03-09,In Stock
W006,Berlin,P00658,841,24,810,50,250,2026-04-16,In Stock
W008,Sydney,P00659,76,17,51,30,150,2026-06-10,In Stock
W007,Milan,P00660,79,21,64,75,375,2026-06-22,In Stock
W008,Sydney,P00661,550,1,529,50,250,2026-03-16,In Stock
W005,London,P00662,636,31,630,50,250,2026-03-09,In Stock
W004,Los Angeles,P00663,275,28,255,50,250,2026-05-25,In Stock
W007,Milan,P00664,182,28,169,30,150,2026-03-04,In Stock
W007,Milan,P00665,992,23,989,100,500,2026-04-24,In Stock
W003,Dallas,P00666,134,32,109,50,250,2026-06-11,In Stock
W001,New York,P00667,355,12,352,30,150,2026-05-28,In Stock
W001,New York,P00668,934,23,922,20,100,2026-05-24,In Stock
W006,Berlin,P00669,950,25,910,100,500,2026-03-02,In Stock
W002,Chicago,P00670,62,23,31,30,150,2026-04-13,In Stock
W008,Sydney,P00671,363,37,328,75,375,2026-05-15,In Stock
W006,Berlin,P00672,334,5,316,50,250,2026-06-25,In Stock
W007,Milan,P00673,101,36,88,30,150,2026-03-11,In Stock
W004,Los Angeles,P00674,461,17,435,30,150,2026-04-24,In Stock
W001,New York,P00675,18,4,7,75,375,2026-04-13,Low Stock
W001,New York,P00676,458,38,439,50,250,2026-03-29,In Stock
W005,London,P00677,867,22,838,75,375,2026-05-27,In Stock
W004,Los Angeles,P00678,955,33,916,50,250,2026-05-09,In Stock
W002,Chicago,P00679,15,11,0,100,500,2026-04-07,Low Stock
W005,London,P00680,611,30,607,20,100,2026-05-16,In Stock
W005,London,P00681,665,16,646,50,250,2026-06-04,In Stock
W003,Dallas,P00682,1059,3,1021,30,150,2026-05-08,In Stock
W006,Berlin,P00683,286,31,268,20,100,2026-05-26,In Stock
W007,Milan,P00684,828,2,791,75,375,2026-03-30,In Stock
W004,Los Angeles,P00685,702,34,662,30,150,2026-03-20,In Stock
W008,Sydney,P00686,734,19,724,100,500,2026-03-13,In Stock
W003,Dallas,P00687,601,30,593,20,100,2026-03-26,In Stock
W005,London,P00688,1144,21,1139,30,150,2026-05-31,In Stock
W006,Berlin,P00689,457,26,436,50,250,2026-05-12,In Stock
W005,London,P00690,1199,29,1192,50,250,2026-04-29,In Stock
W001,New York,P00691,1195,39,1191,100,500,2026-04-29,In Stock
W004,Los Angeles,P00692,1024,24,991,20,100,2026-05-21,In Stock
W007,Milan,P00693,110,8,98,30,150,2026-05-16,In Stock
W007,Milan,P00694,1166,9,1146,75,375,2026-03-10,In Stock
W003,Dallas,P00695,165,21,125,75,375,2026-06-06,In Stock
W006,Berlin,P00696,118,28,101,20,100,2026-06-02,In Stock
W003,Dallas,P00697,1180,31,1175,30,150,2026-06-12,In Stock
W007,Milan,P00698,879,27,849,75,375,2026-05-10,In Stock
W001,New York,P00699,77,12,54,100,500,2026-06-27,Low Stock
W006,Berlin,P00700,1087,1,1087,30,150,2026-04-09,In Stock
W004,Los Angeles,P00701,463,19,455,50,250,2026-06-15,In Stock
W007,Milan,P00702,1030,19,1020,100,500,2026-06-20,In Stock
W001,New York,P00703,610,29,577,50,250,2026-04-13,In Stock
W006,Berlin,P00704,888,21,857,30,150,2026-05-14,In Stock
W004,Los Angeles,P00705,337,1,323,75,375,2026-05-31,In Stock
W003,Dallas,P00706,432,37,400,20,100,2026-06-07,In Stock
W002,Chicago,P00707,750,24,710,20,100,2026-05-27,In Stock
W001,New York,P00708,98,1,95,20,100,2026-04-01,In Stock
W002,Chicago,P00709,853,24,846,75,375,2026-04-19,In Stock
W005,London,P00710,971,13,931,30,150,2026-06-27,In Stock
W005,London,P00711,861,33,844,20,100,2026-04-10,In Stock
W003,Dallas,P00712,857,32,818,20,100,2026-06-13,In Stock
W005,London,P00713,233,31,221,20,100,2026-04-12,In Stock
W004,Los Angeles,P00714,538,12,516,100,500,2026-03-30,In Stock
W007,Milan,P00715,604,2,569,30,150,2026-04-26,In Stock
W004,Los Angeles,P00716,984,15,984,50,250,2026-06-27,In Stock
W002,Chicago,P00717,226,31,217,100,500,2026-06-17,In Stock
W002,Chicago,P00718,207,14,178,50,250,2026-05-22,In Stock
W005,London,P00719,950,6,939,20,100,2026-03-09,In Stock
W001,New York,P00720,595,20,568,50,250,2026-03-26,In Stock
W002,Chicago,P00721,194,0,186,20,100,2026-04-05,In Stock
W003,Dallas,P00722,673,28,634,50,250,2026-05-25,In Stock
W002,Chicago,P00723,763,11,756,50,250,2026-05-08,In Stock
W007,Milan,P00724,934,24,904,50,250,2026-03-18,In Stock
W007,Milan,P00725,341,8,338,20,100,2026-02-28,In Stock
W003,Dallas,P00726,212,37,182,75,375,2026-03-18,In Stock
W008,Sydney,P00727,371,24,349,100,500,2026-04-11,In Stock
W001,New York,P00728,267,31,260,75,375,2026-03-07,In Stock
W007,Milan,P00729,902,4,886,20,100,2026-04-06,In Stock
W006,Berlin,P00730,25,24,0,100,500,2026-03-28,Low Stock
W004,Los Angeles,P00731,692,33,653,100,500,2026-06-16,In Stock
W007,Milan,P00732,509,22,485,75,375,2026-06-09,In Stock
W001,New York,P00733,23,16,0,30,150,2026-03-11,Low Stock
W008,Sydney,P00734,338,31,318,20,100,2026-05-29,In Stock
W006,Berlin,P00735,569,32,555,20,100,2026-04-19,In Stock
W007,Milan,P00736,825,5,796,30,150,2026-05-03,In Stock
W008,Sydney,P00737,180,28,160,75,375,2026-06-13,In Stock
W008,Sydney,P00738,36,25,10,20,100,2026-06-24,In Stock
W001,New York,P00739,186,39,146,100,500,2026-05-21,In Stock
W004,Los Angeles,P00740,934,23,931,50,250,2026-03-16,In Stock
W004,Los Angeles,P00741,930,35,891,50,250,2026-04-13,In Stock
W008,Sydney,P00742,744,7,738,75,375,2026-03-23,In Stock
W004,Los Angeles,P00743,4,2,0,50,250,2026-03-18,Low Stock
W005,London,P00744,1121,23,1115,100,500,2026-06-23,In Stock
W003,Dallas,P00745,1008,26,1002,30,150,2026-05-27,In Stock
W004,Los Angeles,P00746,384,25,371,20,100,2026-05-01,In Stock
W004,Los Angeles,P00747,692,26,690,20,100,2026-03-02,In Stock
W002,Chicago,P00748,922,37,890,75,375,2026-06-11,In Stock
W008,Sydney,P00749,8,0,0,100,500,2026-03-01,Low Stock
W007,Milan,P00750,1198,32,1187,75,375,2026-04-01,In Stock
W003,Dallas,P00751,262,24,224,20,100,2026-04-12,In Stock
W006,Berlin,P00752,1032,26,994,75,375,2026-03-03,In Stock
W004,Los Angeles,P00753,560,21,542,75,375,2026-05-02,In Stock
W003,Dallas,P00754,282,38,250,75,375,2026-05-21,In Stock
W006,Berlin,P00755,1133,12,1120,30,150,2026-04-10,In Stock
W005,London,P00756,707,11,675,30,150,2026-04-20,In Stock
W006,Berlin,P00757,236,35,206,50,250,2026-04-15,In Stock
W007,Milan,P00758,1093,27,1093,50,250,2026-04-23,In Stock
W002,Chicago,P00759,51,9,48,75,375,2026-04-04,Low Stock
W001,New York,P00760,409,10,391,50,250,2026-04-02,In Stock
W005,London,P00761,299,18,286,20,100,2026-03-24,In Stock
W001,New York,P00762,734,6,695,75,375,2026-03-09,In Stock
W004,Los Angeles,P00763,1149,15,1117,75,375,2026-03-20,In Stock
W005,London,P00764,96,24,70,75,375,2026-03-20,In Stock
W006,Berlin,P00765,1130,0,1114,20,100,2026-06-03,In Stock
W008,Sydney,P00766,461,37,427,50,250,2026-03-26,In Stock
W004,Los Angeles,P00767,396,28,385,50,250,2026-04-02,In Stock
W002,Chicago,P00768,382,32,375,30,150,2026-05-11,In Stock
W001,New York,P00769,877,35,861,50,250,2026-06-12,In Stock
W003,Dallas,P00770,1196,0,1175,50,250,2026-04-30,In Stock
W003,Dallas,P00771,81,20,43,30,150,2026-06-22,In Stock
W005,London,P00772,1004,35,982,100,500,2026-06-19,In Stock
W006,Berlin,P00773,1076,11,1043,30,150,2026-06-20,In Stock
W003,Dallas,P00774,851,34,826,100,500,2026-06-17,In Stock
W006,Berlin,P00775,453,21,432,30,150,2026-05-13,In Stock
W005,London,P00776,447,33,417,100,500,2026-04-18,In Stock
W001,New York,P00777,234,28,219,50,250,2026-03-05,In Stock
W004,Los Angeles,P00778,81,24,74,50,250,2026-05-10,In Stock
W005,London,P00779,1106,1,1073,50,250,2026-03-15,In Stock
W006,Berlin,P00780,1053,28,1022,100,500,2026-06-23,In Stock
W005,London,P00781,394,32,389,50,250,2026-06-16,In Stock
W003,Dallas,P00782,1101,0,1061,100,500,2026-06-20,In Stock
W004,Los Angeles,P00783,436,6,423,75,375,2026-04-21,In Stock
W007,Milan,P00784,147,1,118,30,150,2026-03-29,In Stock
W006,Berlin,P00785,77,4,74,20,100,2026-06-06,In Stock
W005,London,P00786,1142,36,1128,20,100,2026-03-04,In Stock
W005,London,P00787,834,28,794,75,375,2026-05-08,In Stock
W007,Milan,P00788,647,24,640,20,100,2026-04-21,In Stock
W001,New York,P00789,129,2,125,100,500,2026-05-14,In Stock
W002,Chicago,P00790,593,38,588,50,250,2026-05-23,In Stock
W008,Sydney,P00791,781,1,751,75,375,2026-06-08,In Stock
W004,Los Angeles,P00792,279,34,261,75,375,2026-04-08,In Stock
W003,Dallas,P00793,610,0,575,50,250,2026-03-09,In Stock
W003,Dallas,P00794,252,0,216,20,100,2026-04-13,In Stock
W007,Milan,P00795,1100,5,1081,100,500,2026-06-02,In Stock
W006,Berlin,P00796,433,32,424,75,375,2026-06-08,In Stock
W003,Dallas,P00797,452,16,440,100,500,2026-06-14,In Stock
W003,Dallas,P00798,1161,35,1132,20,100,2026-04-07,In Stock
W002,Chicago,P00799,595,16,589,20,100,2026-06-03,In Stock
W008,Sydney,P00800,677,8,662,50,250,2026-06-16,In Stock
W005,London,P00801,142,20,111,30,150,2026-05-02,In Stock
W006,Berlin,P00802,626,9,590,100,500,2026-04-17,In Stock
W006,Berlin,P00803,647,10,647,75,375,2026-05-19,In Stock
W004,Los Angeles,P00804,453,17,430,75,375,2026-06-11,In Stock
W006,Berlin,P00805,982,28,960,75,375,2026-03-21,In Stock
W005,London,P00806,997,6,986,100,500,2026-04-07,In Stock
W002,Chicago,P00807,574,34,562,30,150,2026-05-26,In Stock
W002,Chicago,P00808,154,32,114,20,100,2026-06-25,In Stock
W007,Milan,P00809,435,35,419,20,100,2026-04-20,In Stock
W008,Sydney,P00810,304,25,290,50,250,2026-03-06,In Stock
W005,London,P00811,274,32,242,75,375,2026-06-17,In Stock
W007,Milan,P00812,745,0,730,100,500,2026-03-12,In Stock
W003,Dallas,P00813,1052,28,1042,30,150,2026-06-06,In Stock
W003,Dallas,P00814,990,2,976,50,250,2026-03-23,In Stock
W008,Sydney,P00815,474,16,451,20,100,2026-05-30,In Stock
W001,New York,P00816,423,23,399,100,500,2026-04-29,In Stock
W008,Sydney,P00817,95,20,89,20,100,2026-03-30,In Stock
W005,London,P00818,539,34,503,100,500,2026-06-06,In Stock
W007,Milan,P00819,775,37,771,50,250,2026-04-23,In Stock
W005,London,P00820,770,33,745,30,150,2026-05-14,In Stock
W006,Berlin,P00821,997,38,997,75,375,2026-04-25,In Stock
W003,Dallas,P00822,900,14,896,30,150,2026-04-24,In Stock
W005,London,P00823,433,11,423,30,150,2026-05-13,In Stock
W002,Chicago,P00824,471,21,464,75,375,2026-04-28,In Stock
W008,Sydney,P00825,981,37,971,30,150,2026-04-07,In Stock
W007,Milan,P00826,45,2,37,30,150,2026-04-16,In Stock
W003,Dallas,P00827,275,2,239,100,500,2026-06-10,In Stock
W001,New York,P00828,340,11,307,50,250,2026-05-08,In Stock
W001,New York,P00829,580,13,552,20,100,2026-04-12,In Stock
W008,Sydney,P00830,986,14,960,30,150,2026-04-13,In Stock
W003,Dallas,P00831,1193,39,1161,30,150,2026-05-26,In Stock
W003,Dallas,P00832,701,38,664,75,375,2026-06-20,In Stock
W004,Los Angeles,P00833,774,8,768,75,375,2026-06-26,In Stock
W004,Los Angeles,P00834,1070,26,1061,100,500,2026-04-12,In Stock
W002,Chicago,P00835,363,39,325,75,375,2026-06-24,In Stock
W002,Chicago,P00836,190,8,152,75,375,2026-04-20,In Stock
W001,New York,P00837,883,26,860,100,500,2026-03-09,In Stock
W001,New York,P00838,1085,14,1055,75,375,2026-03-19,In Stock
W007,Milan,P00839,717,36,711,100,500,2026-05-05,In Stock
W003,Dallas,P00840,521,14,516,75,375,2026-05-23,In Stock
W007,Milan,P00841,527,0,527,30,150,2026-04-16,In Stock
W002,Chicago,P00842,1064,24,1051,20,100,2026-04-01,In Stock
W006,Berlin,P00843,837,6,828,50,250,2026-05-05,In Stock
W005,London,P00844,535,27,499,100,500,2026-05-13,In Stock
W005,London,P00845,813,26,778,30,150,2026-03-20,In Stock
W008,Sydney,P00846,366,35,331,50,250,2026-04-28,In Stock
W005,London,P00847,628,22,603,100,500,2026-03-26,In Stock
W003,Dallas,P00848,243,28,233,30,150,2026-06-16,In Stock
W004,Los Angeles,P00849,1041,21,1006,75,375,2026-04-11,In Stock
W001,New York,P00850,329,40,329,75,375,2026-03-18,In Stock
W002,Chicago,P00851,297,38,270,75,375,2026-06-17,In Stock
W002,Chicago,P00852,538,23,533,30,150,2026-04-12,In Stock
W001,New York,P00853,787,39,754,75,375,2026-05-23,In Stock
W001,New York,P00854,358,28,358,75,375,2026-06-03,In Stock
W005,London,P00855,398,38,366,20,100,2026-04-23,In Stock
W004,Los Angeles,P00856,347,23,332,20,100,2026-04-06,In Stock
W001,New York,P00857,322,17,297,20,100,2026-05-14,In Stock
W007,Milan,P00858,830,12,797,100,500,2026-06-27,In Stock
W002,Chicago,P00859,184,18,149,100,500,2026-03-03,In Stock
W006,Berlin,P00860,711,14,673,50,250,2026-06-04,In Stock
W008,Sydney,P00861,827,0,811,100,500,2026-06-06,In Stock
W007,Milan,P00862,1036,35,1032,20,100,2026-04-25,In Stock
W005,London,P00863,696,32,680,20,100,2026-03-08,In Stock
W005,London,P00864,906,36,876,75,375,2026-03-22,In Stock
W004,Los Angeles,P00865,695,29,658,75,375,2026-03-10,In Stock
W001,New York,P00866,987,16,983,20,100,2026-05-11,In Stock
W004,Los Angeles,P00867,470,26,448,50,250,2026-04-23,In Stock
W001,New York,P00868,539,18,534,30,150,2026-05-08,In Stock
W006,Berlin,P00869,155,11,125,100,500,2026-05-19,In Stock
W006,Berlin,P00870,447,17,436,100,500,2026-03-25,In Stock
W004,Los Angeles,P00871,1021,15,1006,30,150,2026-03-09,In Stock
W005,London,P00872,423,12,408,30,150,2026-03-13,In Stock
W006,Berlin,P00873,319,7,314,20,100,2026-04-03,In Stock
W008,Sydney,P00874,13,0,0,100,500,2026-05-12,Low Stock
W006,Berlin,P00875,1008,17,977,100,500,2026-06-05,In Stock
W005,London,P00876,814,36,806,30,150,2026-06-22,In Stock
W007,Milan,P00877,979,2,947,100,500,2026-05-15,In Stock
W007,Milan,P00878,357,7,324,75,375,2026-05-01,In Stock
W006,Berlin,P00879,17,6,0,20,100,2026-04-15,Low Stock
W002,Chicago,P00880,666,39,650,50,250,2026-06-05,In Stock
W005,London,P00881,485,30,446,50,250,2026-05-16,In Stock
W006,Berlin,P00882,376,27,363,75,375,2026-05-06,In Stock
W006,Berlin,P00883,747,17,719,75,375,2026-06-05,In Stock
W003,Dallas,P00884,1179,6,1162,30,150,2026-03-18,In Stock
W004,Los Angeles,P00885,1137,24,1125,75,375,2026-06-10,In Stock
W003,Dallas,P00886,968,11,942,20,100,2026-04-26,In Stock
W003,Dallas,P00887,1058,20,1027,100,500,2026-05-21,In Stock
W005,London,P00888,1151,3,1126,100,500,2026-06-16,In Stock
W003,Dallas,P00889,122,16,92,30,150,2026-03-13,In Stock
W002,Chicago,P00890,921,16,898,50,250,2026-05-13,In Stock
W005,London,P00891,704,26,697,20,100,2026-05-15,In Stock
W004,Los Angeles,P00892,1181,34,1170,100,500,2026-03-21,In Stock
W005,London,P00893,727,32,696,50,250,2026-03-21,In Stock
W008,Sydney,P00894,160,39,142,75,375,2026-04-30,In Stock
W003,Dallas,P00895,343,26,303,50,250,2026-04-11,In Stock
W007,Milan,P00896,146,10,125,20,100,2026-05-30,In Stock
W006,Berlin,P00897,648,17,610,50,250,2026-04-07,In Stock
W007,Milan,P00898,555,23,518,75,375,2026-04-23,In Stock
W008,Sydney,P00899,847,11,846,30,150,2026-06-12,In Stock
W004,Los Angeles,P00900,515,13,505,20,100,2026-05-09,In Stock
W002,Chicago,P00901,195,30,160,20,100,2026-06-22,In Stock
W001,New York,P00902,813,5,807,100,500,2026-05-26,In Stock
W003,Dallas,P00903,172,19,158,75,375,2026-05-28,In Stock
W005,London,P00904,907,8,874,30,150,2026-03-13,In Stock
W003,Dallas,P00905,58,22,38,20,100,2026-03-10,In Stock
W008,Sydney,P00906,956,17,921,100,500,2026-05-03,In Stock
W003,Dallas,P00907,1104,37,1066,30,150,2026-05-01,In Stock
W007,Milan,P00908,1072,19,1050,100,500,2026-04-28,In Stock
W004,Los Angeles,P00909,183,19,160,75,375,2026-05-07,In Stock
W005,London,P00910,318,0,318,50,250,2026-04-23,In Stock
W003,Dallas,P00911,704,30,670,50,250,2026-06-27,In Stock
W008,Sydney,P00912,977,0,950,50,250,2026-03-18,In Stock
W005,London,P00913,473,35,450,20,100,2026-06-04,In Stock
W007,Milan,P00914,1148,25,1133,75,375,2026-06-08,In Stock
W007,Milan,P00915,774,16,769,30,150,2026-05-05,In Stock
W004,Los Angeles,P00916,1058,17,1040,100,500,2026-04-06,In Stock
W005,London,P00917,845,4,834,30,150,2026-06-11,In Stock
W005,London,P00918,226,39,198,75,375,2026-05-25,In Stock
W008,Sydney,P00919,384,1,375,50,250,2026-06-22,In Stock
W001,New York,P00920,380,18,363,20,100,2026-06-12,In Stock
W008,Sydney,P00921,16,2,7,30,150,2026-06-27,Low Stock
W008,Sydney,P00922,444,26,425,50,250,2026-03-20,In Stock
W008,Sydney,P00923,760,2,739,75,375,2026-06-18,In Stock
W003,Dallas,P00924,114,25,110,50,250,2026-04-20,In Stock
W008,Sydney,P00925,371,16,347,30,150,2026-03-14,In Stock
W001,New York,P00926,249,24,221,30,150,2026-05-28,In Stock
W001,New York,P00927,407,6,374,75,375,2026-04-04,In Stock
W004,Los Angeles,P00928,968,19,948,75,375,2026-06-08,In Stock
W001,New York,P00929,1125,7,1109,100,500,2026-04-28,In Stock
W005,London,P00930,406,3,393,50,250,2026-06-14,In Stock
W004,Los Angeles,P00931,889,0,879,50,250,2026-03-19,In Stock
W005,London,P00932,1197,25,1182,20,100,2026-06-27,In Stock
W001,New York,P00933,1190,38,1181,75,375,2026-05-12,In Stock
W002,Chicago,P00934,509,31,504,30,150,2026-04-02,In Stock
W006,Berlin,P00935,122,22,113,20,100,2026-03-31,In Stock
W002,Chicago,P00936,257,14,237,75,375,2026-04-18,In Stock
W006,Berlin,P00937,898,1,874,30,150,2026-05-14,In Stock
W003,Dallas,P00938,513,31,485,20,100,2026-04-18,In Stock
W005,London,P00939,1111,12,1075,75,375,2026-06-05,In Stock
W006,Berlin,P00940,662,17,624,75,375,2026-03-03,In Stock
W003,Dallas,P00941,141,9,113,100,500,2026-05-22,In Stock
W005,London,P00942,1109,29,1109,50,250,2026-03-21,In Stock
W007,Milan,P00943,379,39,356,20,100,2026-03-21,In Stock
W004,Los Angeles,P00944,656,34,632,20,100,2026-06-04,In Stock
W008,Sydney,P00945,1129,39,1111,30,150,2026-05-18,In Stock
W007,Milan,P00946,659,6,626,20,100,2026-04-05,In Stock
W002,Chicago,P00947,89,11,87,30,150,2026-06-03,In Stock
W002,Chicago,P00948,994,6,992,30,150,2026-04-16,In Stock
W007,Milan,P00949,1003,39,966,100,500,2026-05-27,In Stock
W001,New York,P00950,750,38,746,30,150,2026-06-27,In Stock
W004,Los Angeles,P00951,1006,29,966,20,100,2026-06-21,In Stock
W006,Berlin,P00952,1142,23,1139,75,375,2026-03-15,In Stock
W005,London,P00953,1083,4,1064,20,100,2026-06-19,In Stock
W004,Los Angeles,P00954,1063,6,1049,20,100,2026-04-21,In Stock
W007,Milan,P00955,388,33,373,30,150,2026-04-17,In Stock
W003,Dallas,P00956,1143,26,1137,100,500,2026-03-22,In Stock
W006,Berlin,P00957,939,6,929,75,375,2026-03-19,In Stock
W003,Dallas,P00958,1126,32,1105,75,375,2026-04-05,In Stock
W003,Dallas,P00959,1093,28,1071,100,500,2026-03-05,In Stock
W006,Berlin,P00960,1126,23,1100,50,250,2026-03-23,In Stock
W007,Milan,P00961,662,15,626,100,500,2026-04-20,In Stock
W004,Los Angeles,P00962,768,16,745,100,500,2026-05-02,In Stock
W008,Sydney,P00963,813,2,795,20,100,2026-04-13,In Stock
W001,New York,P00964,1060,19,1060,30,150,2026-05-21,In Stock
W004,Los Angeles,P00965,439,1,422,50,250,2026-03-03,In Stock
W003,Dallas,P00966,193,29,171,20,100,2026-06-09,In Stock
W003,Dallas,P00967,542,37,527,50,250,2026-05-30,In Stock
W005,London,P00968,615,36,590,20,100,2026-04-17,In Stock
W004,Los Angeles,P00969,158,30,147,50,250,2026-04-27,In Stock
W002,Chicago,P00970,615,36,591,20,100,2026-06-18,In Stock
W001,New York,P00971,684,27,658,50,250,2026-03-01,In Stock
W002,Chicago,P00972,464,0,424,100,500,2026-03-21,In Stock
W007,Milan,P00973,110,33,108,50,250,2026-05-19,In Stock
W003,Dallas,P00974,669,14,660,100,500,2026-06-22,In Stock
W007,Milan,P00975,912,36,880,100,500,2026-06-17,In Stock
W004,Los Angeles,P00976,884,25,875,50,250,2026-06-12,In Stock
W006,Berlin,P00977,169,36,166,75,375,2026-04-19,In Stock
W007,Milan,P00978,537,25,505,20,100,2026-05-04,In Stock
W003,Dallas,P00979,276,35,264,75,375,2026-04-27,In Stock
W007,Milan,P00980,1170,35,1131,30,150,2026-03-26,In Stock
W004,Los Angeles,P00981,496,17,469,20,100,2026-05-18,In Stock
W002,Chicago,P00982,230,27,207,75,375,2026-05-15,In Stock
W004,Los Angeles,P00983,656,38,655,50,250,2026-03-22,In Stock
W005,London,P00984,346,39,318,50,250,2026-04-10,In Stock
W003,Dallas,P00985,902,14,890,20,100,2026-04-02,In Stock
W006,Berlin,P00986,319,7,316,20,100,2026-05-28,In Stock
W003,Dallas,P00987,589,21,582,20,100,2026-05-20,In Stock
W008,Sydney,P00988,964,21,951,20,100,2026-03-26,In Stock
W004,Los Angeles,P00989,417,33,401,100,500,2026-04-19,In Stock
W008,Sydney,P00990,289,24,252,20,100,2026-03-05,In Stock
W001,New York,P00991,523,3,505,30,150,2026-06-03,In Stock
W005,London,P00992,108,0,104,75,375,2026-05-10,In Stock
W005,London,P00993,737,1,719,20,100,2026-03-09,In Stock
W007,Milan,P00994,473,32,467,75,375,2026-03-05,In Stock
W006,Berlin,P00995,992,34,987,100,500,2026-06-05,In Stock
W004,Los Angeles,P00996,1025,35,1024,75,375,2026-06-23,In Stock
W004,Los Angeles,P00997,1084,21,1053,50,250,2026-05-09,In Stock
W003,Dallas,P00998,37,22,15,50,250,2026-04-09,Low Stock
W005,London,P00999,483,17,480,100,500,2026-04-09,In Stock
W005,London,P01000,792,35,775,20,100,2026-05-31,In Stock
W003,Dallas,P01001,699,8,694,75,375,2026-03-27,In Stock
W007,Milan,P01002,1066,40,1052,100,500,2026-05-06,In Stock
W004,Los Angeles,P01003,1173,27,1154,30,150,2026-03-04,In Stock
W006,Berlin,P01004,919,8,906,100,500,2026-04-06,In Stock
W003,Dallas,P01005,1189,12,1181,100,500,2026-05-20,In Stock
W003,Dallas,P01006,880,36,870,30,150,2026-05-19,In Stock
W002,Chicago,P01007,1141,7,1130,100,500,2026-05-19,In Stock
W003,Dallas,P01008,60,26,34,50,250,2026-05-21,In Stock
W008,Sydney,P01009,560,12,554,30,150,2026-06-12,In Stock
W003,Dallas,P01010,53,39,36,100,500,2026-04-12,Low Stock
W004,Los Angeles,P01011,475,1,453,30,150,2026-06-18,In Stock
W008,Sydney,P01012,274,38,244,100,500,2026-03-29,In Stock
W006,Berlin,P01013,376,31,346,75,375,2026-06-11,In Stock
W003,Dallas,P01014,395,2,369,30,150,2026-03-23,In Stock
W001,New York,P01015,552,14,540,75,375,2026-03-24,In Stock
W004,Los Angeles,P01016,135,28,96,30,150,2026-04-27,In Stock
W006,Berlin,P01017,937,27,912,30,150,2026-03-21,In Stock
W001,New York,P01018,779,25,740,50,250,2026-02-28,In Stock
W001,New York,P01019,1066,28,1037,20,100,2026-03-15,In Stock
W001,New York,P01020,503,34,478,100,500,2026-03-26,In Stock
W001,New York,P01021,1142,33,1102,75,375,2026-06-22,In Stock
W004,Los Angeles,P01022,596,25,577,75,375,2026-03-21,In Stock
W005,London,P01023,944,27,926,30,150,2026-04-11,In Stock
W001,New York,P01024,1058,29,1030,30,150,2026-06-17,In Stock
W002,Chicago,P01025,368,34,360,100,500,2026-05-09,In Stock
W007,Milan,P01026,662,1,651,75,375,2026-05-01,In Stock
W004,Los Angeles,P01027,931,16,911,20,100,2026-04-01,In Stock
W003,Dallas,P01028,253,7,225,20,100,2026-04-08,In Stock
W006,Berlin,P01029,174,24,142,100,500,2026-04-11,In Stock
W003,Dallas,P01030,775,24,773,100,500,2026-03-22,In Stock
W003,Dallas,P01031,686,9,676,100,500,2026-03-09,In Stock
W003,Dallas,P01032,366,26,347,20,100,2026-05-20,In Stock
W008,Sydney,P01033,591,7,583,30,150,2026-06-03,In Stock
W001,New York,P01034,518,29,487,20,100,2026-03-11,In Stock
W008,Sydney,P01035,1113,38,1082,20,100,2026-05-29,In Stock
W004,Los Angeles,P01036,974,26,946,75,375,2026-06-18,In Stock
W001,New York,P01037,501,17,462,100,500,2026-04-09,In Stock
W004,Los Angeles,P01038,100,9,97,30,150,2026-04-06,In Stock
W006,Berlin,P01039,75,2,39,30,150,2026-03-13,In Stock
W005,London,P01040,678,3,672,20,100,2026-05-06,In Stock
W003,Dallas,P01041,330,39,292,50,250,2026-04-16,In Stock
W003,Dallas,P01042,932,23,930,100,500,2026-06-17,In Stock
W005,London,P01043,661,24,657,50,250,2026-03-23,In Stock
W007,Milan,P01044,1127,18,1097,20,100,2026-06-11,In Stock
W002,Chicago,P01045,562,33,536,50,250,2026-04-22,In Stock
W004,Los Angeles,P01046,428,3,422,100,500,2026-04-16,In Stock
W002,Chicago,P01047,990,18,963,100,500,2026-04-12,In Stock
W006,Berlin,P01048,531,36,492,100,500,2026-05-14,In Stock
W003,Dallas,P01049,1152,33,1112,75,375,2026-04-26,In Stock
W008,Sydney,P01050,368,14,350,100,500,2026-06-04,In Stock
W001,New York,P01051,242,29,202,20,100,2026-03-19,In Stock
W002,Chicago,P01052,424,26,398,100,500,2026-06-23,In Stock
W006,Berlin,P01053,716,40,703,100,500,2026-06-27,In Stock
W004,Los Angeles,P01054,576,4,557,50,250,2026-05-21,In Stock
W006,Berlin,P01055,12,10,0,20,100,2026-05-16,Low Stock
W007,Milan,P01056,1165,1,1154,100,500,2026-06-04,In Stock
W006,Berlin,P01057,692,30,690,75,375,2026-04-07,In Stock
W003,Dallas,P01058,986,40,957,30,150,2026-03-06,In Stock
W006,Berlin,P01059,947,3,914,75,375,2026-05-21,In Stock
W006,Berlin,P01060,1137,1,1124,100,500,2026-04-16,In Stock
W006,Berlin,P01061,724,9,707,20,100,2026-03-13,In Stock
W001,New York,P01062,694,40,660,75,375,2026-03-13,In Stock
W003,Dallas,P01063,1169,24,1158,100,500,2026-04-13,In Stock
W002,Chicago,P01064,631,2,614,50,250,2026-05-07,In Stock
W002,Chicago,P01065,1017,23,989,30,150,2026-03-14,In Stock
W005,London,P01066,442,19,431,100,500,2026-06-14,In Stock
W006,Berlin,P01067,76,5,48,30,150,2026-04-25,In Stock
W001,New York,P01068,988,9,976,100,500,2026-05-16,In Stock
W008,Sydney,P01069,1072,20,1063,50,250,2026-03-22,In Stock
W002,Chicago,P01070,1057,13,1055,30,150,2026-05-01,In Stock
W007,Milan,P01071,1069,0,1050,20,100,2026-03-01,In Stock
W001,New York,P01072,178,29,176,50,250,2026-06-15,In Stock
W005,London,P01073,46,19,6,100,500,2026-03-06,Low Stock
W004,Los Angeles,P01074,657,12,639,30,150,2026-05-24,In Stock
W006,Berlin,P01075,903,17,894,20,100,2026-06-08,In Stock
W005,London,P01076,234,39,199,20,100,2026-04-24,In Stock
W002,Chicago,P01077,423,22,388,100,500,2026-05-19,In Stock
W005,London,P01078,289,36,274,50,250,2026-06-07,In Stock
W002,Chicago,P01079,637,21,603,100,500,2026-05-03,In Stock
W001,New York,P01080,266,30,263,20,100,2026-06-15,In Stock
W007,Milan,P01081,110,27,85,20,100,2026-06-06,In Stock
W008,Sydney,P01082,728,21,716,50,250,2026-03-29,In Stock
W002,Chicago,P01083,953,8,948,100,500,2026-03-16,In Stock
W008,Sydney,P01084,199,19,170,75,375,2026-04-29,In Stock
W004,Los Angeles,P01085,458,39,442,30,150,2026-03-04,In Stock
W006,Berlin,P01086,802,21,782,30,150,2026-05-01,In Stock
W008,Sydney,P01087,61,30,54,20,100,2026-05-15,In Stock
W008,Sydney,P01088,944,18,922,30,150,2026-04-12,In Stock
W003,Dallas,P01089,1040,25,1034,20,100,2026-05-18,In Stock
W002,Chicago,P01090,618,29,593,100,500,2026-04-14,In Stock
W007,Milan,P01091,488,15,453,100,500,2026-06-08,In Stock
W008,Sydney,P01092,786,21,773,20,100,2026-03-16,In Stock
W007,Milan,P01093,891,21,857,100,500,2026-04-01,In Stock
W004,Los Angeles,P01094,354,36,323,20,100,2026-06-14,In Stock
W008,Sydney,P01095,666,6,638,100,500,2026-06-06,In Stock
W005,London,P01096,831,38,825,20,100,2026-04-02,In Stock
W007,Milan,P01097,670,3,665,75,375,2026-06-01,In Stock
W003,Dallas,P01098,1189,9,1180,20,100,2026-05-02,In Stock
W005,London,P01099,798,36,770,100,500,2026-06-03,In Stock
W004,Los Angeles,P01100,648,36,629,50,250,2026-03-03,In Stock
W007,Milan,P01101,705,37,705,20,100,2026-04-11,In Stock
W007,Milan,P01102,261,3,238,50,250,2026-03-05,In Stock
W001,New York,P01103,1,1,0,100,500,2026-03-10,Low Stock
W005,London,P01104,63,27,26,30,150,2026-05-09,In Stock
W006,Berlin,P01105,783,24,756,75,375,2026-04-20,In Stock
W004,Los Angeles,P01106,355,8,343,75,375,2026-04-18,In Stock
W007,Milan,P01107,737,9,719,75,375,2026-03-09,In Stock
W003,Dallas,P01108,275,4,274,20,100,2026-06-10,In Stock
W008,Sydney,P01109,894,5,886,30,150,2026-04-07,In Stock
W007,Milan,P01110,933,27,894,100,500,2026-06-05,In Stock
W008,Sydney,P01111,1043,35,1015,75,375,2026-05-10,In Stock
W006,Berlin,P01112,462,27,424,30,150,2026-06-28,In Stock
W008,Sydney,P01113,484,17,458,100,500,2026-03-02,In Stock
W006,Berlin,P01114,68,36,38,20,100,2026-03-30,In Stock
W006,Berlin,P01115,231,30,226,100,500,2026-06-10,In Stock
W005,London,P01116,952,5,919,100,500,2026-03-07,In Stock
W002,Chicago,P01117,502,40,498,75,375,2026-04-02,In Stock
W005,London,P01118,108,34,108,50,250,2026-04-29,In Stock
W008,Sydney,P01119,1049,36,1028,75,375,2026-05-06,In Stock
W006,Berlin,P01120,603,10,601,50,250,2026-04-01,In Stock
W005,London,P01121,1154,3,1114,50,250,2026-04-29,In Stock
W003,Dallas,P01122,1173,18,1134,20,100,2026-06-25,In Stock
W005,London,P01123,992,8,960,20,100,2026-06-19,In Stock
W005,London,P01124,516,39,499,30,150,2026-05-24,In Stock
W005,London,P01125,29,19,18,20,100,2026-03-04,In Stock
W003,Dallas,P01126,914,11,898,50,250,2026-03-20,In Stock
W004,Los Angeles,P01127,993,33,991,30,150,2026-05-16,In Stock
W002,Chicago,P01128,297,9,266,100,500,2026-03-24,In Stock
W007,Milan,P01129,784,28,744,30,150,2026-06-07,In Stock
W004,Los Angeles,P01130,1183,3,1167,50,250,2026-03-24,In Stock
W002,Chicago,P01131,107,29,82,30,150,2026-04-29,In Stock
W005,London,P01132,975,14,951,100,500,2026-04-02,In Stock
W007,Milan,P01133,971,9,938,50,250,2026-03-09,In Stock
W007,Milan,P01134,24,14,0,50,250,2026-04-03,Low Stock
W006,Berlin,P01135,1085,6,1051,20,100,2026-04-08,In Stock
W006,Berlin,P01136,884,17,863,100,500,2026-05-25,In Stock
W005,London,P01137,201,37,176,50,250,2026-04-30,In Stock
W004,Los Angeles,P01138,399,21,388,100,500,2026-05-19,In Stock
W001,New York,P01139,17,0,0,20,100,2026-06-16,Low Stock
W002,Chicago,P01140,913,14,895,50,250,2026-05-27,In Stock
W004,Los Angeles,P01141,69,39,64,20,100,2026-06-21,In Stock
W004,Los Angeles,P01142,249,5,211,20,100,2026-06-12,In Stock
W007,Milan,P01143,1159,7,1148,30,150,2026-05-27,In Stock
W005,London,P01144,956,40,927,20,100,2026-03-02,In Stock
W005,London,P01145,874,16,864,50,250,2026-03-21,In Stock
W002,Chicago,P01146,567,24,543,20,100,2026-05-17,In Stock
W001,New York,P01147,528,11,500,50,250,2026-06-20,In Stock
W008,Sydney,P01148,410,25,399,100,500,2026-04-07,In Stock
W008,Sydney,P01149,222,34,195,30,150,2026-06-01,In Stock
W002,Chicago,P01150,904,6,902,50,250,2026-06-19,In Stock
W002,Chicago,P01151,1170,28,1169,50,250,2026-03-06,In Stock
W008,Sydney,P01152,304,2,280,20,100,2026-05-25,In Stock
W003,Dallas,P01153,675,36,675,75,375,2026-04-24,In Stock
W008,Sydney,P01154,979,25,975,75,375,2026-04-20,In Stock
W004,Los Angeles,P01155,6,5,0,75,375,2026-06-13,Low Stock
W006,Berlin,P01156,682,25,679,50,250,2026-04-09,In Stock
W002,Chicago,P01157,748,21,743,100,500,2026-03-13,In Stock
W008,Sydney,P01158,593,11,558,30,150,2026-06-23,In Stock
W007,Milan,P01159,391,24,385,50,250,2026-04-09,In Stock
W006,Berlin,P01160,996,40,968,20,100,2026-03-26,In Stock
W004,Los Angeles,P01161,286,12,285,20,100,2026-03-28,In Stock
W004,Los Angeles,P01162,1001,4,967,75,375,2026-04-07,In Stock
W005,London,P01163,1023,28,1022,100,500,2026-06-24,In Stock
W006,Berlin,P01164,114,2,89,50,250,2026-06-13,In Stock
W004,Los Angeles,P01165,1071,34,1062,75,375,2026-03-26,In Stock
W004,Los Angeles,P01166,147,9,116,20,100,2026-04-06,In Stock
W001,New York,P01167,965,2,950,100,500,2026-03-31,In Stock
W003,Dallas,P01168,29,20,26,30,150,2026-03-05,Low Stock
W005,London,P01169,199,39,189,75,375,2026-03-14,In Stock
W002,Chicago,P01170,217,31,179,20,100,2026-03-18,In Stock
W004,Los Angeles,P01171,129,27,108,30,150,2026-03-17,In Stock
W007,Milan,P01172,664,36,630,20,100,2026-06-11,In Stock
W006,Berlin,P01173,436,37,425,20,100,2026-05-17,In Stock
W002,Chicago,P01174,247,9,221,50,250,2026-06-07,In Stock
W006,Berlin,P01175,1133,28,1118,30,150,2026-03-02,In Stock
W001,New York,P01176,273,40,234,20,100,2026-05-11,In Stock
W003,Dallas,P01177,32,5,32,75,375,2026-06-28,Low Stock
W003,Dallas,P01178,182,18,156,100,500,2026-04-01,In Stock
W008,Sydney,P01179,259,9,219,30,150,2026-05-25,In Stock
W008,Sydney,P01180,843,11,804,30,150,2026-04-01,In Stock
W001,New York,P01181,368,39,363,75,375,2026-04-09,In Stock
W005,London,P01182,712,0,677,75,375,2026-05-29,In Stock
W004,Los Angeles,P01183,240,6,201,100,500,2026-05-13,In Stock
W004,Los Angeles,P01184,950,17,947,30,150,2026-06-04,In Stock
W002,Chicago,P01185,305,31,294,75,375,2026-06-08,In Stock
W001,New York,P01186,110,18,97,50,250,2026-05-04,In Stock
W005,London,P01187,684,29,682,100,500,2026-06-15,In Stock
W001,New York,P01188,1100,10,1099,30,150,2026-04-27,In Stock
W002,Chicago,P01189,145,28,108,30,150,2026-04-15,In Stock
W006,Berlin,P01190,858,20,844,30,150,2026-03-21,In Stock
W002,Chicago,P01191,667,6,652,30,150,2026-03-26,In Stock
W007,Milan,P01192,409,14,405,75,375,2026-04-29,In Stock
W008,Sydney,P01193,111,9,98,75,375,2026-03-02,In Stock
W008,Sydney,P01194,364,23,356,75,375,2026-05-01,In Stock
W004,Los Angeles,P01195,734,12,713,50,250,2026-06-12,In Stock
W001,New York,P01196,1164,17,1156,20,100,2026-06-14,In Stock
W008,Sydney,P01197,939,10,918,75,375,2026-05-31,In Stock
W005,London,P01198,321,10,285,100,500,2026-04-19,In Stock
W004,Los Angeles,P01199,177,33,146,75,375,2026-03-10,In Stock
W004,Los Angeles,P01200,969,17,969,75,375,2026-03-27,In Stock
W007,Milan,P01201,505,20,478,30,150,2026-04-15,In Stock
W004,Los Angeles,P01202,305,0,279,100,500,2026-06-23,In Stock
W001,New York,P01203,963,2,936,100,500,2026-04-22,In Stock
W007,Milan,P01204,981,28,950,20,100,2026-05-29,In Stock
W002,Chicago,P01205,1143,26,1130,20,100,2026-06-12,In Stock
W006,Berlin,P01206,605,5,604,30,150,2026-04-28,In Stock
W005,London,P01207,331,36,294,75,375,2026-06-25,In Stock
W008,Sydney,P01208,949,25,938,30,150,2026-03-19,In Stock
W006,Berlin,P01209,950,40,946,20,100,2026-05-10,In Stock
W006,Berlin,P01210,1087,18,1060,20,100,2026-03-24,In Stock
W005,London,P01211,1110,13,1105,100,500,2026-04-10,In Stock
W006,Berlin,P01212,112,23,109,100,500,2026-06-14,In Stock
W007,Milan,P01213,748,39,746,75,375,2026-05-13,In Stock
W006,Berlin,P01214,358,4,323,100,500,2026-03-30,In Stock
W004,Los Angeles,P01215,283,15,249,50,250,2026-06-14,In Stock
W008,Sydney,P01216,1188,14,1168,30,150,2026-05-14,In Stock
W005,London,P01217,1031,17,1028,75,375,2026-06-20,In Stock
W006,Berlin,P01218,707,31,675,75,375,2026-04-22,In Stock
W002,Chicago,P01219,962,34,944,100,500,2026-05-02,In Stock
W006,Berlin,P01220,134,29,129,30,150,2026-06-18,In Stock
W007,Milan,P01221,366,4,360,50,250,2026-06-07,In Stock
W005,London,P01222,229,31,220,30,150,2026-03-09,In Stock
W004,Los Angeles,P01223,1066,18,1040,20,100,2026-04-02,In Stock
W003,Dallas,P01224,970,26,942,50,250,2026-03-26,In Stock
W001,New York,P01225,597,4,596,30,150,2026-03-09,In Stock
W004,Los Angeles,P01226,1064,26,1027,50,250,2026-05-16,In Stock
W006,Berlin,P01227,995,33,960,100,500,2026-05-03,In Stock
W008,Sydney,P01228,622,8,603,100,500,2026-06-07,In Stock
W005,London,P01229,464,23,446,75,375,2026-03-22,In Stock
W001,New York,P01230,303,18,274,50,250,2026-06-07,In Stock
W003,Dallas,P01231,1096,11,1085,50,250,2026-03-13,In Stock
W003,Dallas,P01232,330,7,328,30,150,2026-05-19,In Stock
W003,Dallas,P01233,902,23,891,50,250,2026-06-02,In Stock
W001,New York,P01234,649,9,626,50,250,2026-05-02,In Stock
W003,Dallas,P01235,1092,7,1091,50,250,2026-05-08,In Stock
W008,Sydney,P01236,297,20,288,75,375,2026-06-28,In Stock
W006,Berlin,P01237,605,18,569,75,375,2026-04-04,In Stock
W003,Dallas,P01238,1157,21,1150,75,375,2026-03-27,In Stock
W008,Sydney,P01239,82,35,75,30,150,2026-05-20,In Stock
W001,New York,P01240,822,14,794,100,500,2026-05-14,In Stock
W002,Chicago,P01241,668,38,656,20,100,2026-04-15,In Stock
W004,Los Angeles,P01242,569,1,564,30,150,2026-04-21,In Stock
W008,Sydney,P01243,178,25,166,100,500,2026-04-27,In Stock
W006,Berlin,P01244,1047,23,1022,20,100,2026-06-10,In Stock
W007,Milan,P01245,757,23,757,75,375,2026-05-23,In Stock
W006,Berlin,P01246,719,28,684,50,250,2026-06-17,In Stock
W004,Los Angeles,P01247,909,28,891,75,375,2026-06-08,In Stock
W007,Milan,P01248,848,37,810,30,150,2026-06-17,In Stock
W003,Dallas,P01249,425,30,392,50,250,2026-05-17,In Stock
W002,Chicago,P01250,769,0,743,20,100,2026-04-08,In Stock
W005,London,P01251,848,35,819,30,150,2026-03-30,In Stock
W003,Dallas,P01252,408,24,390,30,150,2026-04-19,In Stock
W008,Sydney,P01253,86,37,67,50,250,2026-04-26,In Stock
W008,Sydney,P01254,459,0,450,20,100,2026-05-26,In Stock
W005,London,P01255,967,18,941,20,100,2026-06-06,In Stock
W008,Sydney,P01256,501,7,484,20,100,2026-04-26,In Stock
W002,Chicago,P01257,740,30,704,100,500,2026-05-04,In Stock
W005,London,P01258,974,23,942,20,100,2026-03-27,In Stock
W001,New York,P01259,531,37,528,30,150,2026-06-10,In Stock
W006,Berlin,P01260,944,22,934,30,150,2026-06-22,In Stock
W005,London,P01261,739,40,717,75,375,2026-06-22,In Stock
W005,London,P01262,597,40,593,100,500,2026-04-24,In Stock
W004,Los Angeles,P01263,375,38,365,20,100,2026-04-20,In Stock
W006,Berlin,P01264,647,17,624,50,250,2026-06-16,In Stock
W006,Berlin,P01265,294,8,261,20,100,2026-05-23,In Stock
W006,Berlin,P01266,993,21,983,75,375,2026-06-15,In Stock
W004,Los Angeles,P01267,316,14,304,100,500,2026-03-19,In Stock
W002,Chicago,P01268,854,4,847,75,375,2026-03-16,In Stock
W003,Dallas,P01269,35,22,16,75,375,2026-04-01,Low Stock
W006,Berlin,P01270,284,38,251,75,375,2026-03-23,In Stock
W006,Berlin,P01271,352,1,345,50,250,2026-05-31,In Stock
W003,Dallas,P01272,291,19,283,30,150,2026-06-02,In Stock
W003,Dallas,P01273,160,7,156,75,375,2026-06-26,In Stock
W008,Sydney,P01274,883,12,877,20,100,2026-06-24,In Stock
W001,New York,P01275,960,16,958,20,100,2026-06-20,In Stock
W005,London,P01276,21,3,0,20,100,2026-06-02,In Stock
W004,Los Angeles,P01277,378,1,373,50,250,2026-06-10,In Stock
W005,London,P01278,1187,22,1177,50,250,2026-03-11,In Stock
W004,Los Angeles,P01279,1034,4,1028,100,500,2026-03-16,In Stock
W001,New York,P01280,1083,12,1065,30,150,2026-06-07,In Stock
W001,New York,P01281,202,32,172,30,150,2026-05-13,In Stock
W003,Dallas,P01282,900,11,878,20,100,2026-05-11,In Stock
W007,Milan,P01283,438,14,412,100,500,2026-06-14,In Stock
W006,Berlin,P01284,253,7,220,75,375,2026-06-11,In Stock
W008,Sydney,P01285,739,35,737,50,250,2026-06-18,In Stock
W006,Berlin,P01286,1011,24,993,20,100,2026-05-01,In Stock
W005,London,P01287,909,35,883,30,150,2026-05-22,In Stock
W007,Milan,P01288,386,30,363,20,100,2026-06-06,In Stock
W001,New York,P01289,1006,25,978,20,100,2026-04-23,In Stock
W002,Chicago,P01290,244,25,219,30,150,2026-04-01,In Stock
W002,Chicago,P01291,345,23,333,20,100,2026-05-16,In Stock
W004,Los Angeles,P01292,827,14,800,20,100,2026-03-28,In Stock
W008,Sydney,P01293,570,37,553,100,500,2026-03-24,In Stock
W007,Milan,P01294,729,38,704,75,375,2026-04-27,In Stock
W005,London,P01295,301,6,294,75,375,2026-05-27,In Stock
W008,Sydney,P01296,1018,40,1010,30,150,2026-06-25,In Stock
W002,Chicago,P01297,108,31,107,20,100,2026-06-06,In Stock
W007,Milan,P01298,669,19,630,30,150,2026-04-10,In Stock
W002,Chicago,P01299,156,31,127,100,500,2026-06-03,In Stock
W005,London,P01300,1019,32,1003,75,375,2026-04-20,In Stock
W006,Berlin,P01301,1107,1,1105,100,500,2026-05-04,In Stock
W002,Chicago,P01302,785,20,761,75,375,2026-05-03,In Stock
W008,Sydney,P01303,73,11,38,20,100,2026-04-05,In Stock
W005,London,P01304,336,27,328,75,375,2026-05-20,In Stock
W007,Milan,P01305,998,36,967,20,100,2026-04-05,In Stock
W008,Sydney,P01306,974,10,942,100,500,2026-06-21,In Stock
W007,Milan,P01307,539,37,515,75,375,2026-04-11,In Stock
W006,Berlin,P01308,582,3,581,50,250,2026-04-14,In Stock
W001,New York,P01309,262,22,225,50,250,2026-06-25,In Stock
W006,Berlin,P01310,779,27,757,20,100,2026-05-14,In Stock
W007,Milan,P01311,719,15,704,20,100,2026-05-29,In Stock
W005,London,P01312,173,19,166,20,100,2026-05-16,In Stock
W003,Dallas,P01313,40,20,38,100,500,2026-05-01,Low Stock
W007,Milan,P01314,1163,26,1146,100,500,2026-06-26,In Stock
W008,Sydney,P01315,45,24,9,50,250,2026-05-10,Low Stock
W006,Berlin,P01316,1172,31,1166,20,100,2026-04-01,In Stock
W004,Los Angeles,P01317,688,32,667,75,375,2026-06-07,In Stock
W005,London,P01318,744,12,713,75,375,2026-04-08,In Stock
W002,Chicago,P01319,1097,18,1081,30,150,2026-06-22,In Stock
W005,London,P01320,1174,14,1135,75,375,2026-03-25,In Stock
W002,Chicago,P01321,1184,37,1163,20,100,2026-05-25,In Stock
W002,Chicago,P01322,1160,30,1133,100,500,2026-06-02,In Stock
W006,Berlin,P01323,157,32,138,50,250,2026-05-04,In Stock
W006,Berlin,P01324,409,25,393,75,375,2026-04-10,In Stock
W008,Sydney,P01325,1121,1,1081,30,150,2026-03-30,In Stock
W003,Dallas,P01326,1181,13,1152,75,375,2026-05-25,In Stock
W007,Milan,P01327,1159,33,1147,20,100,2026-05-13,In Stock
W008,Sydney,P01328,302,9,283,30,150,2026-03-12,In Stock
W007,Milan,P01329,840,4,800,50,250,2026-06-02,In Stock
W007,Milan,P01330,546,10,530,50,250,2026-04-02,In Stock
W004,Los Angeles,P01331,831,7,822,30,150,2026-06-04,In Stock
W001,New York,P01332,502,29,471,50,250,2026-04-18,In Stock
W007,Milan,P01333,864,12,854,20,100,2026-05-25,In Stock
W003,Dallas,P01334,59,17,24,50,250,2026-06-06,In Stock
W001,New York,P01335,995,3,990,20,100,2026-05-19,In Stock
W005,London,P01336,130,23,125,75,375,2026-05-09,In Stock
W003,Dallas,P01337,483,36,451,20,100,2026-03-01,In Stock
W002,Chicago,P01338,1068,33,1052,100,500,2026-04-26,In Stock
W002,Chicago,P01339,487,7,467,100,500,2026-05-17,In Stock
W007,Milan,P01340,483,13,474,75,375,2026-06-15,In Stock
W003,Dallas,P01341,438,28,412,50,250,2026-05-27,In Stock
W001,New York,P01342,1004,23,997,100,500,2026-05-19,In Stock
W007,Milan,P01343,972,17,963,30,150,2026-05-13,In Stock
W008,Sydney,P01344,753,1,715,50,250,2026-06-24,In Stock
W001,New York,P01345,490,35,466,50,250,2026-05-20,In Stock
W006,Berlin,P01346,249,15,221,100,500,2026-05-10,In Stock
W001,New York,P01347,804,19,799,50,250,2026-03-01,In Stock
W004,Los Angeles,P01348,609,10,581,30,150,2026-04-09,In Stock
W006,Berlin,P01349,832,17,827,20,100,2026-03-15,In Stock
W008,Sydney,P01350,964,21,937,75,375,2026-03-08,In Stock
W002,Chicago,P01351,328,32,324,50,250,2026-05-14,In Stock
W007,Milan,P01352,1121,29,1120,50,250,2026-03-23,In Stock
W001,New York,P01353,376,8,376,75,375,2026-05-08,In Stock
W004,Los Angeles,P01354,625,36,620,50,250,2026-06-14,In Stock
W003,Dallas,P01355,511,8,473,100,500,2026-04-02,In Stock
W007,Milan,P01356,654,30,646,75,375,2026-05-26,In Stock
W003,Dallas,P01357,670,12,665,50,250,2026-05-06,In Stock
W006,Berlin,P01358,372,24,336,75,375,2026-05-31,In Stock
W001,New York,P01359,47,39,7,100,500,2026-05-30,Low Stock
W002,Chicago,P01360,947,16,937,30,150,2026-06-22,In Stock
W007,Milan,P01361,878,16,869,100,500,2026-06-17,In Stock
W006,Berlin,P01362,348,7,348,100,500,2026-03-29,In Stock
W007,Milan,P01363,929,7,915,75,375,2026-03-29,In Stock
W004,Los Angeles,P01364,390,18,359,50,250,2026-05-11,In Stock
W003,Dallas,P01365,883,38,870,30,150,2026-03-15,In Stock
W005,London,P01366,387,11,361,75,375,2026-03-19,In Stock
W003,Dallas,P01367,58,16,43,50,250,2026-04-10,In Stock
W008,Sydney,P01368,508,37,479,50,250,2026-06-18,In Stock
W001,New York,P01369,960,20,935,30,150,2026-04-02,In Stock
W004,Los Angeles,P01370,785,38,769,75,375,2026-06-19,In Stock
W002,Chicago,P01371,1140,3,1119,20,100,2026-03-01,In Stock
W004,Los Angeles,P01372,964,38,926,50,250,2026-03-30,In Stock
W001,New York,P01373,10,8,0,50,250,2026-05-11,Low Stock
W005,London,P01374,808,8,773,50,250,2026-06-23,In Stock
W003,Dallas,P01375,533,32,502,30,150,2026-03-01,In Stock
W006,Berlin,P01376,958,5,938,30,150,2026-03-30,In Stock
W007,Milan,P01377,290,7,270,50,250,2026-06-23,In Stock
W003,Dallas,P01378,1022,23,995,50,250,2026-05-23,In Stock
W005,London,P01379,540,20,513,100,500,2026-03-06,In Stock
W003,Dallas,P01380,646,9,611,75,375,2026-03-11,In Stock
W008,Sydney,P01381,108,9,105,30,150,2026-05-30,In Stock
W003,Dallas,P01382,73,16,63,75,375,2026-03-30,Low Stock
W008,Sydney,P01383,893,31,891,20,100,2026-05-03,In Stock
W006,Berlin,P01384,1148,29,1117,75,375,2026-06-14,In Stock
W003,Dallas,P01385,253,5,240,50,250,2026-03-09,In Stock
W005,London,P01386,369,32,352,30,150,2026-04-17,In Stock
W004,Los Angeles,P01387,1195,33,1159,20,100,2026-06-05,In Stock
W007,Milan,P01388,157,31,151,30,150,2026-03-07,In Stock
W006,Berlin,P01389,53,7,28,50,250,2026-05-12,In Stock
W002,Chicago,P01390,662,1,657,30,150,2026-05-01,In Stock
W008,Sydney,P01391,929,38,929,50,250,2026-05-17,In Stock
W001,New York,P01392,927,36,919,50,250,2026-06-01,In Stock
W001,New York,P01393,579,3,575,50,250,2026-04-19,In Stock
W007,Milan,P01394,189,16,178,75,375,2026-05-29,In Stock
W007,Milan,P01395,182,13,172,20,100,2026-05-10,In Stock
W007,Milan,P01396,583,7,564,30,150,2026-04-27,In Stock
W007,Milan,P01397,635,8,613,100,500,2026-04-04,In Stock
W002,Chicago,P01398,752,12,721,100,500,2026-05-02,In Stock
W007,Milan,P01399,975,36,937,50,250,2026-05-05,In Stock
W002,Chicago,P01400,865,39,854,50,250,2026-05-04,In Stock
W007,Milan,P01401,190,32,169,20,100,2026-04-30,In Stock
W004,Los Angeles,P01402,317,33,277,75,375,2026-04-07,In Stock
W002,Chicago,P01403,595,27,590,75,375,2026-03-04,In Stock
W008,Sydney,P01404,615,8,596,30,150,2026-03-13,In Stock
W004,Los Angeles,P01405,1071,18,1035,75,375,2026-06-22,In Stock
W002,Chicago,P01406,92,6,60,100,500,2026-05-05,Low Stock
W007,Milan,P01407,193,36,177,75,375,2026-05-14,In Stock
W005,London,P01408,1199,32,1198,20,100,2026-06-14,In Stock
W008,Sydney,P01409,367,25,365,30,150,2026-06-18,In Stock
W007,Milan,P01410,609,37,580,50,250,2026-03-24,In Stock
W008,Sydney,P01411,542,11,529,50,250,2026-06-05,In Stock
W002,Chicago,P01412,531,27,497,20,100,2026-06-26,In Stock
W001,New York,P01413,808,0,798,20,100,2026-04-06,In Stock
W008,Sydney,P01414,942,38,911,75,375,2026-05-21,In Stock
W006,Berlin,P01415,808,5,800,50,250,2026-06-11,In Stock
W001,New York,P01416,390,1,378,20,100,2026-03-11,In Stock
W001,New York,P01417,428,9,413,75,375,2026-05-04,In Stock
W004,Los Angeles,P01418,176,29,167,50,250,2026-04-29,In Stock
W007,Milan,P01419,44,10,35,20,100,2026-03-26,In Stock
W008,Sydney,P01420,993,1,965,75,375,2026-04-15,In Stock
W004,Los Angeles,P01421,412,36,387,50,250,2026-06-22,In Stock
W006,Berlin,P01422,16,13,0,20,100,2026-03-12,Low Stock
W008,Sydney,P01423,1185,35,1167,100,500,2026-06-24,In Stock
W008,Sydney,P01424,818,32,781,75,375,2026-03-28,In Stock
W008,Sydney,P01425,474,33,473,20,100,2026-05-05,In Stock
W006,Berlin,P01426,1133,17,1107,20,100,2026-03-07,In Stock
W008,Sydney,P01427,239,39,217,75,375,2026-05-02,In Stock
W007,Milan,P01428,42,18,30,30,150,2026-04-29,In Stock
W006,Berlin,P01429,897,32,883,30,150,2026-04-14,In Stock
W006,Berlin,P01430,959,18,935,30,150,2026-05-06,In Stock
W006,Berlin,P01431,967,39,954,30,150,2026-05-23,In Stock
W002,Chicago,P01432,988,11,976,30,150,2026-06-08,In Stock
W008,Sydney,P01433,206,31,187,75,375,2026-05-29,In Stock
W004,Los Angeles,P01434,1140,1,1118,20,100,2026-03-08,In Stock
W005,London,P01435,731,11,699,30,150,2026-06-24,In Stock
W002,Chicago,P01436,691,7,652,75,375,2026-05-30,In Stock
W002,Chicago,P01437,1150,31,1134,30,150,2026-05-16,In Stock
W006,Berlin,P01438,95,17,86,100,500,2026-03-11,Low Stock
W002,Chicago,P01439,103,29,96,75,375,2026-06-15,In Stock
W002,Chicago,P01440,1151,32,1145,20,100,2026-06-07,In Stock
W002,Chicago,P01441,420,10,402,50,250,2026-03-30,In Stock
W008,Sydney,P01442,1036,6,1027,75,375,2026-04-07,In Stock
W006,Berlin,P01443,685,7,673,30,150,2026-05-03,In Stock
W007,Milan,P01444,13,13,0,30,150,2026-05-16,Low Stock
W005,London,P01445,1034,5,1017,30,150,2026-05-12,In Stock
W007,Milan,P01446,738,9,705,30,150,2026-05-06,In Stock
W004,Los Angeles,P01447,282,26,256,75,375,2026-03-06,In Stock
W008,Sydney,P01448,1057,1,1029,50,250,2026-06-10,In Stock
W001,New York,P01449,1059,5,1038,20,100,2026-05-19,In Stock
W007,Milan,P01450,336,3,311,75,375,2026-03-23,In Stock
W001,New York,P01451,309,3,269,100,500,2026-03-29,In Stock
W005,London,P01452,858,35,839,75,375,2026-03-28,In Stock
W006,Berlin,P01453,704,17,671,20,100,2026-04-11,In Stock
W003,Dallas,P01454,827,13,793,75,375,2026-04-10,In Stock
W008,Sydney,P01455,707,12,688,75,375,2026-06-18,In Stock
W001,New York,P01456,1100,24,1092,50,250,2026-04-23,In Stock
W005,London,P01457,437,32,402,20,100,2026-05-20,In Stock
W006,Berlin,P01458,327,1,293,20,100,2026-04-14,In Stock
W005,London,P01459,494,27,462,50,250,2026-06-14,In Stock
W001,New York,P01460,763,40,731,50,250,2026-05-14,In Stock
W002,Chicago,P01461,97,28,78,20,100,2026-04-16,In Stock
W001,New York,P01462,928,15,891,50,250,2026-04-17,In Stock
W004,Los Angeles,P01463,717,18,681,50,250,2026-04-03,In Stock
W003,Dallas,P01464,773,15,767,100,500,2026-05-18,In Stock
W004,Los Angeles,P01465,739,6,730,75,375,2026-03-29,In Stock
W007,Milan,P01466,843,5,840,20,100,2026-05-05,In Stock
W003,Dallas,P01467,975,28,971,30,150,2026-05-12,In Stock
W007,Milan,P01468,1144,25,1128,100,500,2026-04-15,In Stock
W008,Sydney,P01469,867,31,841,75,375,2026-03-15,In Stock
W003,Dallas,P01470,295,8,264,100,500,2026-03-29,In Stock
W008,Sydney,P01471,264,33,257,100,500,2026-04-01,In Stock
W004,Los Angeles,P01472,932,2,922,75,375,2026-02-28,In Stock
W006,Berlin,P01473,243,26,236,100,500,2026-06-13,In Stock
W006,Berlin,P01474,1170,2,1137,50,250,2026-06-09,In Stock
W002,Chicago,P01475,760,23,741,50,250,2026-05-22,In Stock
W008,Sydney,P01476,57,9,20,30,150,2026-05-06,In Stock
W001,New York,P01477,624,13,613,50,250,2026-03-16,In Stock
W008,Sydney,P01478,4,4,0,20,100,2026-06-20,Low Stock
W001,New York,P01479,855,36,836,75,375,2026-04-17,In Stock
W008,Sydney,P01480,691,30,653,75,375,2026-06-12,In Stock
W003,Dallas,P01481,1033,28,1005,75,375,2026-06-09,In Stock
W006,Berlin,P01482,182,39,156,100,500,2026-05-10,In Stock
W004,Los Angeles,P01483,809,34,807,50,250,2026-04-04,In Stock
W008,Sydney,P01484,568,10,567,20,100,2026-04-16,In Stock
W005,London,P01485,1149,35,1144,20,100,2026-06-04,In Stock
W001,New York,P01486,1167,12,1137,100,500,2026-04-25,In Stock
W001,New York,P01487,246,11,245,100,500,2026-05-24,In Stock
W004,Los Angeles,P01488,502,28,497,100,500,2026-03-17,In Stock
W006,Berlin,P01489,822,2,791,100,500,2026-03-10,In Stock
W001,New York,P01490,696,11,670,75,375,2026-06-25,In Stock
W006,Berlin,P01491,782,5,775,50,250,2026-06-16,In Stock
W003,Dallas,P01492,584,11,568,30,150,2026-03-22,In Stock
W002,Chicago,P01493,315,26,305,50,250,2026-06-21,In Stock
W006,Berlin,P01494,371,3,352,20,100,2026-05-10,In Stock
W002,Chicago,P01495,655,26,635,30,150,2026-05-26,In Stock
W007,Milan,P01496,247,12,232,20,100,2026-03-24,In Stock
W004,Los Angeles,P01497,1009,32,985,100,500,2026-06-14,In Stock
W005,London,P01498,124,29,89,50,250,2026-05-07,In Stock
W002,Chicago,P01499,991,26,951,20,100,2026-05-30,In Stock
W001,New York,P01500,551,37,545,100,500,2026-05-28,In Stock
W003,Dallas,P01501,623,26,595,100,500,2026-06-18,In Stock
W004,Los Angeles,P01502,291,34,281,50,250,2026-03-20,In Stock
W004,Los Angeles,P01503,1100,35,1072,75,375,2026-06-23,In Stock
W001,New York,P01504,951,18,941,100,500,2026-06-28,In Stock
W001,New York,P01505,987,38,971,50,250,2026-03-13,In Stock
W007,Milan,P01506,719,37,687,30,150,2026-05-23,In Stock
W001,New York,P01507,330,36,326,100,500,2026-05-21,In Stock
W002,Chicago,P01508,809,8,774,20,100,2026-05-24,In Stock
W007,Milan,P01509,431,32,411,100,500,2026-03-07,In Stock
W006,Berlin,P01510,535,17,520,75,375,2026-04-05,In Stock
W006,Berlin,P01511,699,29,661,30,150,2026-05-17,In Stock
W001,New York,P01512,273,38,243,20,100,2026-06-28,In Stock
W001,New York,P01513,355,35,324,75,375,2026-03-23,In Stock
W007,Milan,P01514,1102,4,1068,20,100,2026-06-25,In Stock
W008,Sydney,P01515,252,24,214,50,250,2026-05-14,In Stock
W007,Milan,P01516,362,7,333,20,100,2026-05-12,In Stock
W004,Los Angeles,P01517,910,14,909,20,100,2026-03-23,In Stock
W005,London,P01518,732,5,693,30,150,2026-04-09,In Stock
W005,London,P01519,452,31,429,30,150,2026-06-24,In Stock
W005,London,P01520,1009,13,1009,100,500,2026-06-03,In Stock
W007,Milan,P01521,227,36,195,50,250,2026-04-26,In Stock
W003,Dallas,P01522,1130,36,1092,30,150,2026-04-17,In Stock
W003,Dallas,P01523,133,8,129,100,500,2026-06-12,In Stock
W005,London,P01524,1167,33,1150,30,150,2026-06-04,In Stock
W001,New York,P01525,1091,16,1056,100,500,2026-03-07,In Stock
W008,Sydney,P01526,4,0,0,75,375,2026-05-04,Low Stock
W007,Milan,P01527,561,33,532,20,100,2026-04-26,In Stock
W006,Berlin,P01528,1059,14,1056,20,100,2026-05-24,In Stock
W007,Milan,P01529,1090,20,1090,75,375,2026-05-09,In Stock
W004,Los Angeles,P01530,685,36,684,20,100,2026-03-26,In Stock
W004,Los Angeles,P01531,867,15,855,20,100,2026-06-07,In Stock
W006,Berlin,P01532,636,40,596,20,100,2026-06-16,In Stock
W001,New York,P01533,982,1,945,75,375,2026-03-18,In Stock
W006,Berlin,P01534,512,6,482,30,150,2026-05-29,In Stock
W006,Berlin,P01535,111,33,96,50,250,2026-02-28,In Stock
W002,Chicago,P01536,898,40,870,20,100,2026-04-15,In Stock
W002,Chicago,P01537,175,2,151,20,100,2026-05-19,In Stock
W002,Chicago,P01538,261,28,258,20,100,2026-05-21,In Stock
W007,Milan,P01539,134,3,99,20,100,2026-06-22,In Stock
W005,London,P01540,781,6,742,75,375,2026-03-24,In Stock
W007,Milan,P01541,477,39,477,100,500,2026-05-01,In Stock
W007,Milan,P01542,950,39,911,75,375,2026-06-16,In Stock
W006,Berlin,P01543,53,33,32,75,375,2026-04-14,Low Stock
W004,Los Angeles,P01544,221,0,183,20,100,2026-03-29,In Stock
W002,Chicago,P01545,396,8,356,100,500,2026-04-24,In Stock
W005,London,P01546,727,30,688,75,375,2026-05-03,In Stock
W003,Dallas,P01547,497,2,494,30,150,2026-06-12,In Stock
W005,London,P01548,1197,32,1175,75,375,2026-05-20,In Stock
W003,Dallas,P01549,301,19,263,75,375,2026-05-16,In Stock
W005,London,P01550,755,33,718,20,100,2026-04-05,In Stock
W003,Dallas,P01551,117,32,82,30,150,2026-03-11,In Stock
W001,New York,P01552,864,12,852,50,250,2026-04-08,In Stock
W004,Los Angeles,P01553,140,12,110,50,250,2026-04-01,In Stock
W008,Sydney,P01554,678,36,657,100,500,2026-04-11,In Stock
W005,London,P01555,857,10,851,50,250,2026-05-01,In Stock
W001,New York,P01556,1015,0,975,30,150,2026-05-31,In Stock
W004,Los Angeles,P01557,955,13,940,100,500,2026-04-28,In Stock
W006,Berlin,P01558,769,25,758,30,150,2026-03-15,In Stock
W001,New York,P01559,743,4,721,20,100,2026-06-25,In Stock
W002,Chicago,P01560,291,28,279,50,250,2026-04-09,In Stock
W006,Berlin,P01561,89,12,77,20,100,2026-05-23,In Stock
W003,Dallas,P01562,448,11,427,50,250,2026-03-12,In Stock
W004,Los Angeles,P01563,365,1,354,30,150,2026-03-13,In Stock
W005,London,P01564,207,8,183,20,100,2026-04-06,In Stock
W002,Chicago,P01565,693,19,664,30,150,2026-05-29,In Stock
W006,Berlin,P01566,762,33,723,30,150,2026-03-08,In Stock
W007,Milan,P01567,133,9,125,20,100,2026-03-19,In Stock
W004,Los Angeles,P01568,392,24,369,100,500,2026-05-19,In Stock
W007,Milan,P01569,500,39,463,20,100,2026-06-04,In Stock
W005,London,P01570,304,15,301,50,250,2026-04-09,In Stock
W005,London,P01571,258,37,227,100,500,2026-06-02,In Stock
W002,Chicago,P01572,963,4,953,100,500,2026-04-24,In Stock
W007,Milan,P01573,1042,31,1009,50,250,2026-04-30,In Stock
W003,Dallas,P01574,659,33,629,50,250,2026-03-29,In Stock
W008,Sydney,P01575,970,37,945,50,250,2026-04-08,In Stock
W001,New York,P01576,424,12,396,30,150,2026-03-10,In Stock
W004,Los Angeles,P01577,810,19,783,30,150,2026-03-07,In Stock
W007,Milan,P01578,1170,23,1154,30,150,2026-04-19,In Stock
W002,Chicago,P01579,275,18,247,20,100,2026-04-23,In Stock
W006,Berlin,P01580,471,2,442,100,500,2026-04-24,In Stock
W006,Berlin,P01581,872,29,845,75,375,2026-05-07,In Stock
W006,Berlin,P01582,1018,17,994,50,250,2026-06-25,In Stock
W003,Dallas,P01583,904,16,900,30,150,2026-05-14,In Stock
W002,Chicago,P01584,603,32,569,100,500,2026-04-07,In Stock
W002,Chicago,P01585,566,6,559,30,150,2026-06-19,In Stock
W006,Berlin,P01586,78,12,57,100,500,2026-06-03,Low Stock
W006,Berlin,P01587,512,17,500,50,250,2026-03-30,In Stock
W003,Dallas,P01588,1112,0,1093,50,250,2026-05-23,In Stock
W006,Berlin,P01589,827,37,827,75,375,2026-04-29,In Stock
W003,Dallas,P01590,814,14,801,30,150,2026-04-29,In Stock
W004,Los Angeles,P01591,1056,35,1027,100,500,2026-03-28,In Stock
W008,Sydney,P01592,697,20,685,20,100,2026-05-05,In Stock
W007,Milan,P01593,429,28,394,75,375,2026-06-25,In Stock
W006,Berlin,P01594,284,8,265,100,500,2026-02-28,In Stock
W001,New York,P01595,1023,21,1009,50,250,2026-05-06,In Stock
W007,Milan,P01596,826,19,806,100,500,2026-04-14,In Stock
W001,New York,P01597,1162,8,1153,20,100,2026-05-17,In Stock
W007,Milan,P01598,780,25,776,30,150,2026-04-21,In Stock
W007,Milan,P01599,385,6,364,75,375,2026-04-17,In Stock
W008,Sydney,P01600,623,10,617,20,100,2026-04-03,In Stock
W003,Dallas,P01601,65,31,64,100,500,2026-06-05,Low Stock
W004,Los Angeles,P01602,142,18,129,75,375,2026-05-30,In Stock
W005,London,P01603,1073,29,1070,20,100,2026-05-12,In Stock
W001,New York,P01604,351,26,326,50,250,2026-06-08,In Stock
W002,Chicago,P01605,264,26,234,100,500,2026-03-25,In Stock
W002,Chicago,P01606,796,8,783,30,150,2026-05-20,In Stock
W007,Milan,P01607,972,38,936,30,150,2026-02-28,In Stock
W005,London,P01608,415,29,398,100,500,2026-06-03,In Stock
W001,New York,P01609,292,4,267,75,375,2026-04-12,In Stock
W004,Los Angeles,P01610,1076,36,1045,50,250,2026-05-01,In Stock
W008,Sydney,P01611,1179,5,1161,20,100,2026-04-07,In Stock
W008,Sydney,P01612,710,25,671,50,250,2026-03-15,In Stock
W003,Dallas,P01613,850,11,811,30,150,2026-03-27,In Stock
W007,Milan,P01614,937,11,901,75,375,2026-06-16,In Stock
W007,Milan,P01615,89,10,72,30,150,2026-03-08,In Stock
W005,London,P01616,136,31,110,30,150,2026-03-23,In Stock
W002,Chicago,P01617,755,6,723,20,100,2026-03-22,In Stock
W006,Berlin,P01618,839,10,823,75,375,2026-06-02,In Stock
W001,New York,P01619,946,4,906,20,100,2026-04-01,In Stock
W008,Sydney,P01620,780,25,768,50,250,2026-05-09,In Stock
W001,New York,P01621,21,3,13,50,250,2026-05-18,Low Stock
W008,Sydney,P01622,992,4,987,75,375,2026-04-19,In Stock
W004,Los Angeles,P01623,896,30,879,30,150,2026-03-13,In Stock
W003,Dallas,P01624,349,38,343,20,100,2026-06-06,In Stock
W005,London,P01625,254,25,244,100,500,2026-06-19,In Stock
W001,New York,P01626,559,28,537,30,150,2026-06-06,In Stock
W004,Los Angeles,P01627,70,13,42,100,500,2026-03-31,Low Stock
W001,New York,P01628,1070,24,1051,20,100,2026-05-03,In Stock
W001,New York,P01629,9,6,0,20,100,2026-03-02,Low Stock
W004,Los Angeles,P01630,767,12,762,30,150,2026-06-26,In Stock
W007,Milan,P01631,57,21,45,20,100,2026-04-02,In Stock
W002,Chicago,P01632,451,10,441,20,100,2026-06-23,In Stock
W007,Milan,P01633,1049,20,1029,20,100,2026-04-18,In Stock
W004,Los Angeles,P01634,424,25,397,100,500,2026-06-13,In Stock
W004,Los Angeles,P01635,437,22,417,20,100,2026-06-06,In Stock
W001,New York,P01636,823,0,799,50,250,2026-06-01,In Stock
W008,Sydney,P01637,450,17,411,20,100,2026-05-12,In Stock
W001,New York,P01638,137,26,118,30,150,2026-03-22,In Stock
W008,Sydney,P01639,208,36,198,100,500,2026-05-27,In Stock
W002,Chicago,P01640,664,8,643,75,375,2026-06-06,In Stock
W006,Berlin,P01641,987,21,986,20,100,2026-04-12,In Stock
W008,Sydney,P01642,783,40,769,100,500,2026-04-25,In Stock
W001,New York,P01643,476,39,469,20,100,2026-05-20,In Stock
W004,Los Angeles,P01644,877,39,872,30,150,2026-06-21,In Stock
W003,Dallas,P01645,767,18,755,75,375,2026-06-09,In Stock
W007,Milan,P01646,418,15,380,20,100,2026-05-03,In Stock
W006,Berlin,P01647,274,20,272,50,250,2026-04-23,In Stock
W007,Milan,P01648,590,14,569,20,100,2026-05-16,In Stock
W004,Los Angeles,P01649,421,3,406,100,500,2026-03-18,In Stock
W004,Los Angeles,P01650,781,20,770,100,500,2026-05-03,In Stock
W001,New York,P01651,132,4,120,75,375,2026-06-22,In Stock
W003,Dallas,P01652,418,5,407,30,150,2026-04-14,In Stock
W004,Los Angeles,P01653,483,5,456,100,500,2026-03-28,In Stock
W008,Sydney,P01654,637,12,622,30,150,2026-05-05,In Stock
W003,Dallas,P01655,509,18,473,50,250,2026-05-02,In Stock
W004,Los Angeles,P01656,556,5,533,75,375,2026-05-09,In Stock
W007,Milan,P01657,343,28,316,75,375,2026-04-25,In Stock
W007,Milan,P01658,319,1,295,75,375,2026-05-05,In Stock
W002,Chicago,P01659,614,34,605,100,500,2026-04-19,In Stock
W003,Dallas,P01660,526,29,507,75,375,2026-05-01,In Stock
W005,London,P01661,768,38,738,100,500,2026-06-19,In Stock
W006,Berlin,P01662,279,12,270,75,375,2026-03-03,In Stock
W004,Los Angeles,P01663,8,8,0,20,100,2026-04-27,Low Stock
W007,Milan,P01664,851,23,827,75,375,2026-04-27,In Stock
W005,London,P01665,145,2,138,75,375,2026-05-10,In Stock
W003,Dallas,P01666,397,16,375,75,375,2026-04-24,In Stock
W008,Sydney,P01667,754,24,727,20,100,2026-03-26,In Stock
W004,Los Angeles,P01668,496,2,473,75,375,2026-04-09,In Stock
W001,New York,P01669,302,38,273,50,250,2026-02-28,In Stock
W003,Dallas,P01670,520,38,483,30,150,2026-04-05,In Stock
W003,Dallas,P01671,25,24,20,20,100,2026-04-07,In Stock
W007,Milan,P01672,814,5,781,100,500,2026-03-04,In Stock
W004,Los Angeles,P01673,866,27,850,30,150,2026-04-01,In Stock
W005,London,P01674,1025,24,988,100,500,2026-05-20,In Stock
W007,Milan,P01675,182,40,146,20,100,2026-03-21,In Stock
W006,Berlin,P01676,292,13,267,50,250,2026-03-31,In Stock
W005,London,P01677,13,13,0,30,150,2026-06-28,Low Stock
W002,Chicago,P01678,143,33,117,75,375,2026-04-06,In Stock
W005,London,P01679,882,11,859,30,150,2026-06-05,In Stock
W003,Dallas,P01680,405,11,373,75,375,2026-06-14,In Stock
W008,Sydney,P01681,1161,11,1149,30,150,2026-06-21,In Stock
W003,Dallas,P01682,392,26,364,50,250,2026-04-09,In Stock
W002,Chicago,P01683,340,18,335,20,100,2026-05-11,In Stock
W002,Chicago,P01684,566,21,565,20,100,2026-04-15,In Stock
W004,Los Angeles,P01685,978,6,978,75,375,2026-06-21,In Stock
W005,London,P01686,14,12,12,100,500,2026-06-16,Low Stock
W004,Los Angeles,P01687,1069,24,1031,20,100,2026-04-23,In Stock
W005,London,P01688,995,21,957,75,375,2026-05-05,In Stock
W006,Berlin,P01689,759,20,744,50,250,2026-02-28,In Stock
W006,Berlin,P01690,816,39,813,75,375,2026-05-14,In Stock
W006,Berlin,P01691,205,29,180,20,100,2026-03-28,In Stock
W003,Dallas,P01692,52,7,19,100,500,2026-05-24,Low Stock
W004,Los Angeles,P01693,754,39,724,75,375,2026-04-24,In Stock
W007,Milan,P01694,384,40,364,20,100,2026-06-26,In Stock
W006,Berlin,P01695,93,28,79,50,250,2026-04-12,In Stock
W008,Sydney,P01696,819,5,797,100,500,2026-05-05,In Stock
W008,Sydney,P01697,205,18,167,75,375,2026-06-04,In Stock
W003,Dallas,P01698,1065,32,1063,100,500,2026-06-12,In Stock
W008,Sydney,P01699,178,35,149,50,250,2026-06-07,In Stock
W008,Sydney,P01700,236,34,221,75,375,2026-05-28,In Stock
W004,Los Angeles,P01701,349,6,322,20,100,2026-03-29,In Stock
W001,New York,P01702,328,24,311,50,250,2026-05-31,In Stock
W005,London,P01703,975,8,941,20,100,2026-04-08,In Stock
W008,Sydney,P01704,185,14,149,50,250,2026-03-22,In Stock
W002,Chicago,P01705,702,24,667,75,375,2026-03-11,In Stock
W007,Milan,P01706,477,16,470,30,150,2026-05-22,In Stock
W002,Chicago,P01707,228,21,191,20,100,2026-03-01,In Stock
W004,Los Angeles,P01708,237,23,229,100,500,2026-03-11,In Stock
W006,Berlin,P01709,778,0,759,100,500,2026-06-21,In Stock
W004,Los Angeles,P01710,794,20,771,75,375,2026-03-18,In Stock
W003,Dallas,P01711,1064,37,1050,100,500,2026-06-15,In Stock
W007,Milan,P01712,18,14,0,100,500,2026-06-10,Low Stock
W005,London,P01713,448,29,439,75,375,2026-04-13,In Stock
W005,London,P01714,298,38,278,20,100,2026-05-20,In Stock
W002,Chicago,P01715,560,30,520,100,500,2026-03-14,In Stock
W004,Los Angeles,P01716,1013,24,1010,50,250,2026-03-17,In Stock
W006,Berlin,P01717,312,14,309,30,150,2026-03-02,In Stock
W003,Dallas,P01718,998,19,988,75,375,2026-06-26,In Stock
W007,Milan,P01719,691,30,669,75,375,2026-03-24,In Stock
W007,Milan,P01720,800,33,782,20,100,2026-05-23,In Stock
W004,Los Angeles,P01721,1122,6,1114,75,375,2026-05-18,In Stock
W001,New York,P01722,622,10,586,75,375,2026-06-11,In Stock
W008,Sydney,P01723,988,9,975,50,250,2026-06-01,In Stock
W004,Los Angeles,P01724,18,18,12,50,250,2026-04-03,Low Stock
W003,Dallas,P01725,771,10,768,75,375,2026-06-16,In Stock
W006,Berlin,P01726,970,3,963,30,150,2026-04-24,In Stock
W006,Berlin,P01727,888,40,863,30,150,2026-05-28,In Stock
W001,New York,P01728,243,25,212,30,150,2026-05-21,In Stock
W003,Dallas,P01729,768,29,744,20,100,2026-05-24,In Stock
W008,Sydney,P01730,752,7,745,20,100,2026-06-18,In Stock
W002,Chicago,P01731,1001,14,1000,100,500,2026-04-14,In Stock
W008,Sydney,P01732,560,37,549,20,100,2026-05-10,In Stock
W008,Sydney,P01733,888,36,880,50,250,2026-06-16,In Stock
W006,Berlin,P01734,130,11,105,100,500,2026-03-16,In Stock
W001,New York,P01735,806,34,773,100,500,2026-04-27,In Stock
W002,Chicago,P01736,1062,34,1055,100,500,2026-03-24,In Stock
W004,Los Angeles,P01737,240,38,229,30,150,2026-06-28,In Stock
W008,Sydney,P01738,643,2,635,20,100,2026-04-16,In Stock
W004,Los Angeles,P01739,330,35,314,20,100,2026-03-12,In Stock
W001,New York,P01740,173,32,154,20,100,2026-05-13,In Stock
W003,Dallas,P01741,866,15,847,20,100,2026-06-23,In Stock
W005,London,P01742,1093,8,1057,75,375,2026-04-27,In Stock
W006,Berlin,P01743,1070,38,1036,50,250,2026-04-24,In Stock
W004,Los Angeles,P01744,202,15,200,20,100,2026-06-04,In Stock
W003,Dallas,P01745,613,8,575,30,150,2026-04-19,In Stock
W004,Los Angeles,P01746,735,8,696,50,250,2026-05-05,In Stock
W002,Chicago,P01747,1126,16,1102,50,250,2026-04-06,In Stock
W003,Dallas,P01748,819,5,803,75,375,2026-04-03,In Stock
W007,Milan,P01749,293,13,289,100,500,2026-04-09,In Stock
W005,London,P01750,394,36,362,50,250,2026-04-12,In Stock
W003,Dallas,P01751,859,20,832,30,150,2026-05-11,In Stock
W001,New York,P01752,506,17,499,20,100,2026-04-21,In Stock
W002,Chicago,P01753,1123,4,1102,75,375,2026-04-08,In Stock
W002,Chicago,P01754,743,17,734,50,250,2026-03-09,In Stock
W004,Los Angeles,P01755,560,6,536,20,100,2026-05-31,In Stock
W007,Milan,P01756,215,11,182,20,100,2026-03-27,In Stock
W005,London,P01757,1002,33,980,20,100,2026-03-31,In Stock
W005,London,P01758,1129,38,1123,50,250,2026-03-06,In Stock
W001,New York,P01759,349,24,338,50,250,2026-05-15,In Stock
W007,Milan,P01760,976,8,960,100,500,2026-06-27,In Stock
W003,Dallas,P01761,258,24,222,30,150,2026-03-26,In Stock
W005,London,P01762,108,15,70,50,250,2026-05-06,In Stock
W008,Sydney,P01763,374,22,345,75,375,2026-04-25,In Stock
W005,London,P01764,564,33,550,75,375,2026-05-20,In Stock
W002,Chicago,P01765,625,20,620,75,375,2026-04-08,In Stock
W002,Chicago,P01766,157,5,147,30,150,2026-04-16,In Stock
W001,New York,P01767,173,35,142,50,250,2026-03-17,In Stock
W001,New York,P01768,868,8,838,100,500,2026-04-26,In Stock
W002,Chicago,P01769,830,39,818,20,100,2026-03-04,In Stock
W001,New York,P01770,870,22,855,100,500,2026-03-26,In Stock
W001,New York,P01771,918,33,904,30,150,2026-06-06,In Stock
W002,Chicago,P01772,751,32,729,30,150,2026-06-22,In Stock
W007,Milan,P01773,1014,10,991,75,375,2026-06-14,In Stock
W006,Berlin,P01774,511,7,493,100,500,2026-05-21,In Stock
W008,Sydney,P01775,601,13,601,50,250,2026-03-26,In Stock
W007,Milan,P01776,445,32,443,50,250,2026-03-01,In Stock
W008,Sydney,P01777,999,22,999,20,100,2026-04-11,In Stock
W008,Sydney,P01778,672,22,666,50,250,2026-06-28,In Stock
W006,Berlin,P01779,381,22,381,75,375,2026-06-16,In Stock
W007,Milan,P01780,1007,5,974,30,150,2026-04-24,In Stock
W003,Dallas,P01781,841,31,841,20,100,2026-06-09,In Stock
W005,London,P01782,463,25,440,75,375,2026-05-21,In Stock
W006,Berlin,P01783,877,34,860,30,150,2026-06-15,In Stock
W008,Sydney,P01784,899,8,877,30,150,2026-03-25,In Stock
W007,Milan,P01785,11,11,0,50,250,2026-06-14,Low Stock
W004,Los Angeles,P01786,583,8,558,20,100,2026-05-06,In Stock
W006,Berlin,P01787,64,12,34,30,150,2026-04-04,In Stock
W005,London,P01788,243,31,208,75,375,2026-04-26,In Stock
W003,Dallas,P01789,665,32,641,75,375,2026-06-12,In Stock
W002,Chicago,P01790,220,8,211,20,100,2026-05-15,In Stock
W001,New York,P01791,484,21,457,20,100,2026-04-13,In Stock
W001,New York,P01792,889,18,871,75,375,2026-04-27,In Stock
W002,Chicago,P01793,878,39,869,30,150,2026-03-27,In Stock
W003,Dallas,P01794,510,7,494,50,250,2026-03-31,In Stock
W004,Los Angeles,P01795,878,30,872,30,150,2026-03-31,In Stock
W003,Dallas,P01796,386,40,346,100,500,2026-06-09,In Stock
W004,Los Angeles,P01797,246,25,244,30,150,2026-05-24,In Stock
W004,Los Angeles,P01798,299,1,260,75,375,2026-06-03,In Stock
W002,Chicago,P01799,104,26,71,75,375,2026-05-20,In Stock
W004,Los Angeles,P01800,454,27,424,50,250,2026-06-21,In Stock
W007,Milan,P01801,105,7,88,50,250,2026-05-13,In Stock
W005,London,P01802,718,15,698,75,375,2026-03-06,In Stock
W001,New York,P01803,372,0,369,20,100,2026-04-05,In Stock
W006,Berlin,P01804,434,30,417,50,250,2026-03-04,In Stock
W002,Chicago,P01805,882,16,851,30,150,2026-05-13,In Stock
W006,Berlin,P01806,623,6,623,20,100,2026-04-02,In Stock
W003,Dallas,P01807,678,23,641,50,250,2026-04-22,In Stock
W006,Berlin,P01808,487,13,450,50,250,2026-05-10,In Stock
W002,Chicago,P01809,217,40,179,30,150,2026-06-13,In Stock
W001,New York,P01810,390,28,384,30,150,2026-06-19,In Stock
W006,Berlin,P01811,617,12,583,75,375,2026-03-28,In Stock
W003,Dallas,P01812,89,12,63,30,150,2026-04-19,In Stock
W005,London,P01813,1147,23,1119,50,250,2026-04-09,In Stock
W002,Chicago,P01814,893,30,867,20,100,2026-04-22,In Stock
W001,New York,P01815,341,17,333,100,500,2026-05-22,In Stock
W001,New York,P01816,1159,12,1134,20,100,2026-04-26,In Stock
W002,Chicago,P01817,338,32,314,75,375,2026-04-18,In Stock
W007,Milan,P01818,820,17,807,100,500,2026-06-05,In Stock
W001,New York,P01819,327,13,290,100,500,2026-03-31,In Stock
W001,New York,P01820,1050,32,1017,75,375,2026-05-26,In Stock
W005,London,P01821,451,17,416,50,250,2026-06-13,In Stock
W003,Dallas,P01822,458,34,443,20,100,2026-05-22,In Stock
W001,New York,P01823,303,8,286,50,250,2026-03-09,In Stock
W001,New York,P01824,509,34,502,30,150,2026-06-28,In Stock
W006,Berlin,P01825,755,5,720,50,250,2026-05-26,In Stock
W003,Dallas,P01826,836,18,816,100,500,2026-06-21,In Stock
W001,New York,P01827,728,17,717,30,150,2026-05-27,In Stock
W001,New York,P01828,1100,6,1076,100,500,2026-04-06,In Stock
W005,London,P01829,1128,28,1114,30,150,2026-05-18,In Stock
W005,London,P01830,417,40,392,100,500,2026-06-09,In Stock
W008,Sydney,P01831,474,23,465,75,375,2026-03-05,In Stock
W008,Sydney,P01832,191,11,162,75,375,2026-06-05,In Stock
W003,Dallas,P01833,386,31,375,100,500,2026-04-07,In Stock
W005,London,P01834,43,10,32,50,250,2026-03-16,Low Stock
W007,Milan,P01835,384,9,380,20,100,2026-05-05,In Stock
W004,Los Angeles,P01836,931,6,898,75,375,2026-06-11,In Stock
W001,New York,P01837,204,24,203,75,375,2026-06-14,In Stock
W001,New York,P01838,89,15,84,30,150,2026-05-25,In Stock
W003,Dallas,P01839,27,25,21,20,100,2026-04-20,In Stock
W006,Berlin,P01840,174,8,144,30,150,2026-03-23,In Stock
W008,Sydney,P01841,334,21,304,50,250,2026-06-09,In Stock
W004,Los Angeles,P01842,114,17,74,100,500,2026-04-20,In Stock
W002,Chicago,P01843,43,6,9,20,100,2026-05-22,In Stock
W002,Chicago,P01844,1047,9,1047,75,375,2026-03-04,In Stock
W004,Los Angeles,P01845,49,27,25,30,150,2026-06-10,In Stock
W006,Berlin,P01846,587,24,580,30,150,2026-04-27,In Stock
W003,Dallas,P01847,225,6,207,30,150,2026-05-14,In Stock
W002,Chicago,P01848,683,23,678,20,100,2026-03-06,In Stock
W001,New York,P01849,309,27,276,30,150,2026-05-17,In Stock
W003,Dallas,P01850,870,19,831,30,150,2026-03-16,In Stock
W005,London,P01851,713,17,682,20,100,2026-04-05,In Stock
W006,Berlin,P01852,543,0,534,20,100,2026-03-21,In Stock
W003,Dallas,P01853,655,24,627,30,150,2026-03-28,In Stock
W008,Sydney,P01854,137,36,110,20,100,2026-03-27,In Stock
W005,London,P01855,296,20,288,20,100,2026-06-05,In Stock
W007,Milan,P01856,722,31,695,50,250,2026-04-28,In Stock
W007,Milan,P01857,682,15,658,30,150,2026-05-06,In Stock
W008,Sydney,P01858,1103,31,1069,100,500,2026-04-21,In Stock
W004,Los Angeles,P01859,787,37,761,20,100,2026-04-22,In Stock
W004,Los Angeles,P01860,178,23,178,30,150,2026-06-02,In Stock
W001,New York,P01861,742,30,734,100,500,2026-03-03,In Stock
W002,Chicago,P01862,122,23,114,50,250,2026-05-22,In Stock
W008,Sydney,P01863,295,26,280,100,500,2026-06-02,In Stock
W004,Los Angeles,P01864,114,7,105,30,150,2026-05-11,In Stock
W001,New York,P01865,869,3,863,50,250,2026-04-05,In Stock
W002,Chicago,P01866,976,10,975,100,500,2026-06-10,In Stock
W006,Berlin,P01867,289,15,285,20,100,2026-06-27,In Stock
W007,Milan,P01868,306,30,298,30,150,2026-03-25,In Stock
W005,London,P01869,962,21,934,75,375,2026-03-20,In Stock
W001,New York,P01870,587,9,584,20,100,2026-03-08,In Stock
W001,New York,P01871,355,10,355,100,500,2026-05-09,In Stock
W007,Milan,P01872,930,16,894,100,500,2026-04-25,In Stock
W005,London,P01873,465,10,448,75,375,2026-06-17,In Stock
W007,Milan,P01874,256,25,217,30,150,2026-06-21,In Stock
W004,Los Angeles,P01875,803,35,765,30,150,2026-03-13,In Stock
W002,Chicago,P01876,959,20,934,75,375,2026-03-15,In Stock
W007,Milan,P01877,337,23,310,20,100,2026-06-04,In Stock
W005,London,P01878,222,4,199,20,100,2026-04-12,In Stock
W006,Berlin,P01879,57,18,47,30,150,2026-04-20,In Stock
W002,Chicago,P01880,133,38,133,30,150,2026-03-24,In Stock
W005,London,P01881,384,12,344,100,500,2026-03-02,In Stock
W001,New York,P01882,492,5,456,50,250,2026-04-17,In Stock
W001,New York,P01883,1154,2,1151,75,375,2026-05-19,In Stock
W002,Chicago,P01884,632,22,614,20,100,2026-05-09,In Stock
W004,Los Angeles,P01885,644,22,636,75,375,2026-03-31,In Stock
W002,Chicago,P01886,678,32,672,75,375,2026-04-25,In Stock
W003,Dallas,P01887,48,24,18,100,500,2026-04-14,Low Stock
W001,New York,P01888,594,9,565,30,150,2026-06-18,In Stock
W002,Chicago,P01889,474,9,464,30,150,2026-04-25,In Stock
W006,Berlin,P01890,916,21,898,30,150,2026-05-13,In Stock
W007,Milan,P01891,81,15,68,75,375,2026-04-11,In Stock
W002,Chicago,P01892,312,40,281,100,500,2026-06-16,In Stock
W001,New York,P01893,292,35,287,50,250,2026-04-26,In Stock
W002,Chicago,P01894,931,10,913,50,250,2026-06-08,In Stock
W002,Chicago,P01895,573,23,551,100,500,2026-06-17,In Stock
W002,Chicago,P01896,366,16,336,75,375,2026-05-27,In Stock
W008,Sydney,P01897,287,36,256,20,100,2026-06-23,In Stock
W006,Berlin,P01898,587,26,548,75,375,2026-03-03,In Stock
W003,Dallas,P01899,902,32,863,50,250,2026-05-19,In Stock
W006,Berlin,P01900,170,32,142,75,375,2026-05-26,In Stock
W001,New York,P01901,116,35,116,30,150,2026-06-09,In Stock
W002,Chicago,P01902,595,10,559,75,375,2026-05-08,In Stock
W002,Chicago,P01903,456,29,451,75,375,2026-05-15,In Stock
W008,Sydney,P01904,959,29,953,100,500,2026-06-18,In Stock
W003,Dallas,P01905,221,27,209,75,375,2026-05-08,In Stock
W006,Berlin,P01906,132,21,94,50,250,2026-04-27,In Stock
W004,Los Angeles,P01907,975,17,946,20,100,2026-06-24,In Stock
W003,Dallas,P01908,962,40,949,30,150,2026-05-19,In Stock
W001,New York,P01909,778,23,751,20,100,2026-04-29,In Stock
W004,Los Angeles,P01910,110,1,83,30,150,2026-05-25,In Stock
W005,London,P01911,360,9,356,20,100,2026-05-24,In Stock
W007,Milan,P01912,167,28,141,50,250,2026-04-22,In Stock
W004,Los Angeles,P01913,531,3,526,30,150,2026-03-06,In Stock
W007,Milan,P01914,700,10,688,50,250,2026-05-15,In Stock
W007,Milan,P01915,986,34,976,75,375,2026-03-31,In Stock
W007,Milan,P01916,726,24,726,100,500,2026-04-18,In Stock
W004,Los Angeles,P01917,159,39,150,100,500,2026-05-18,In Stock
W006,Berlin,P01918,29,28,0,30,150,2026-03-01,Low Stock
W003,Dallas,P01919,1022,7,996,50,250,2026-05-26,In Stock
W001,New York,P01920,922,40,894,30,150,2026-04-08,In Stock
W002,Chicago,P01921,74,12,48,30,150,2026-03-31,In Stock
W003,Dallas,P01922,773,22,760,30,150,2026-06-04,In Stock
W001,New York,P01923,758,1,739,50,250,2026-03-06,In Stock
W005,London,P01924,1028,31,999,20,100,2026-05-07,In Stock
W007,Milan,P01925,720,34,693,50,250,2026-04-23,In Stock
W006,Berlin,P01926,232,29,205,30,150,2026-05-12,In Stock
W003,Dallas,P01927,1132,10,1098,100,500,2026-05-04,In Stock
W007,Milan,P01928,583,40,565,75,375,2026-03-31,In Stock
W002,Chicago,P01929,179,5,178,20,100,2026-04-11,In Stock
W007,Milan,P01930,212,39,178,75,375,2026-06-16,In Stock
W008,Sydney,P01931,1030,2,1012,100,500,2026-03-11,In Stock
W007,Milan,P01932,433,29,398,30,150,2026-05-11,In Stock
W002,Chicago,P01933,400,7,378,75,375,2026-03-19,In Stock
W008,Sydney,P01934,845,0,822,75,375,2026-03-20,In Stock
W004,Los Angeles,P01935,1039,17,1023,50,250,2026-05-20,In Stock
W007,Milan,P01936,494,26,492,20,100,2026-06-27,In Stock
W001,New York,P01937,314,33,276,50,250,2026-05-19,In Stock
W006,Berlin,P01938,349,27,334,100,500,2026-04-18,In Stock
W007,Milan,P01939,394,25,391,100,500,2026-03-18,In Stock
W007,Milan,P01940,263,11,238,75,375,2026-03-05,In Stock
W006,Berlin,P01941,1059,27,1045,30,150,2026-06-16,In Stock
W003,Dallas,P01942,1032,40,996,20,100,2026-03-20,In Stock
W007,Milan,P01943,532,10,512,100,500,2026-06-02,In Stock
W002,Chicago,P01944,191,27,191,20,100,2026-04-09,In Stock
W003,Dallas,P01945,56,34,51,100,500,2026-04-16,Low Stock
W007,Milan,P01946,51,29,11,30,150,2026-04-09,In Stock
W006,Berlin,P01947,382,14,363,30,150,2026-06-04,In Stock
W004,Los Angeles,P01948,774,3,757,50,250,2026-06-18,In Stock
W003,Dallas,P01949,47,6,40,100,500,2026-05-01,Low Stock
W002,Chicago,P01950,219,18,203,30,150,2026-03-06,In Stock
W003,Dallas,P01951,190,31,167,20,100,2026-03-04,In Stock
W004,Los Angeles,P01952,800,31,799,20,100,2026-05-07,In Stock
W002,Chicago,P01953,996,13,970,20,100,2026-05-11,In Stock
W006,Berlin,P01954,923,11,904,30,150,2026-06-27,In Stock
W003,Dallas,P01955,1161,2,1154,100,500,2026-05-16,In Stock
W006,Berlin,P01956,991,38,957,100,500,2026-06-28,In Stock
W003,Dallas,P01957,1068,7,1056,50,250,2026-04-12,In Stock
W001,New York,P01958,1097,33,1065,20,100,2026-03-23,In Stock
W003,Dallas,P01959,442,7,429,50,250,2026-06-25,In Stock
W006,Berlin,P01960,283,5,275,30,150,2026-05-25,In Stock
W005,London,P01961,986,5,964,30,150,2026-03-30,In Stock
W005,London,P01962,956,27,924,75,375,2026-05-08,In Stock
W004,Los Angeles,P01963,512,12,495,30,150,2026-05-09,In Stock
W002,Chicago,P01964,1195,19,1185,100,500,2026-03-19,In Stock
W004,Los Angeles,P01965,999,28,972,75,375,2026-04-13,In Stock
W005,London,P01966,652,6,614,100,500,2026-05-10,In Stock
W007,Milan,P01967,409,22,386,100,500,2026-03-06,In Stock
W002,Chicago,P01968,920,2,888,30,150,2026-05-27,In Stock
W007,Milan,P01969,601,33,579,100,500,2026-05-09,In Stock
W001,New York,P01970,234,20,207,30,150,2026-03-19,In Stock
W003,Dallas,P01971,732,4,719,30,150,2026-04-05,In Stock
W006,Berlin,P01972,761,20,754,30,150,2026-06-27,In Stock
W006,Berlin,P01973,22,6,0,50,250,2026-04-17,Low Stock
W006,Berlin,P01974,476,4,452,100,500,2026-05-23,In Stock
W004,Los Angeles,P01975,1079,6,1044,30,150,2026-05-24,In Stock
W002,Chicago,P01976,1175,27,1155,75,375,2026-03-16,In Stock
W006,Berlin,P01977,405,3,374,30,150,2026-04-26,In Stock
W001,New York,P01978,562,7,555,75,375,2026-05-02,In Stock
W003,Dallas,P01979,669,24,654,100,500,2026-04-16,In Stock
W001,New York,P01980,583,36,583,20,100,2026-03-04,In Stock
W008,Sydney,P01981,582,25,580,30,150,2026-03-06,In Stock
W001,New York,P01982,690,4,660,20,100,2026-06-16,In Stock
W007,Milan,P01983,616,20,594,50,250,2026-05-08,In Stock
W002,Chicago,P01984,1139,31,1100,50,250,2026-06-22,In Stock
W007,Milan,P01985,611,31,604,75,375,2026-03-13,In Stock
W006,Berlin,P01986,210,14,207,20,100,2026-03-15,In Stock
W001,New York,P01987,284,20,257,20,100,2026-05-31,In Stock
W003,Dallas,P01988,180,23,146,30,150,2026-06-28,In Stock
W001,New York,P01989,531,7,528,20,100,2026-05-21,In Stock
W002,Chicago,P01990,540,39,516,50,250,2026-05-25,In Stock
W003,Dallas,P01991,282,29,275,100,500,2026-06-12,In Stock
W006,Berlin,P01992,303,26,263,100,500,2026-05-02,In Stock
W002,Chicago,P01993,1068,15,1032,100,500,2026-04-28,In Stock
W008,Sydney,P01994,574,30,560,50,250,2026-06-17,In Stock
W005,London,P01995,606,22,571,20,100,2026-03-14,In Stock
W004,Los Angeles,P01996,421,4,390,20,100,2026-06-21,In Stock
W004,Los Angeles,P01997,26,14,2,30,150,2026-06-04,Low Stock
W008,Sydney,P01998,214,13,177,50,250,2026-03-23,In Stock
W006,Berlin,P01999,638,9,606,75,375,2026-06-15,In Stock
W003,Dallas,P02000,448,24,420,50,250,2026-03-09,In Stock
W004,Los Angeles,P02001,819,4,802,30,150,2026-05-05,In Stock
W003,Dallas,P02002,629,6,620,100,500,2026-04-30,In Stock
W002,Chicago,P02003,225,1,196,30,150,2026-06-05,In Stock
W005,London,P02004,58,33,30,75,375,2026-05-14,Low Stock
W005,London,P02005,242,5,220,100,500,2026-05-04,In Stock
W004,Los Angeles,P02006,308,32,281,75,375,2026-04-24,In Stock
W006,Berlin,P02007,108,17,85,75,375,2026-06-16,In Stock
W001,New York,P02008,783,12,765,75,375,2026-06-04,In Stock
W007,Milan,P02009,361,17,328,100,500,2026-04-12,In Stock
W008,Sydney,P02010,1062,6,1059,75,375,2026-04-07,In Stock
W004,Los Angeles,P02011,227,7,224,30,150,2026-03-06,In Stock
W001,New York,P02012,1178,15,1174,50,250,2026-04-21,In Stock
W002,Chicago,P02013,564,39,539,30,150,2026-05-09,In Stock
W007,Milan,P02014,207,17,176,30,150,2026-06-02,In Stock
W003,Dallas,P02015,416,40,398,50,250,2026-03-30,In Stock
W005,London,P02016,6,1,0,20,100,2026-03-04,Low Stock
W008,Sydney,P02017,625,10,605,30,150,2026-04-02,In Stock
W002,Chicago,P02018,341,21,312,30,150,2026-06-10,In Stock
W001,New York,P02019,971,21,970,75,375,2026-06-06,In Stock
W005,London,P02020,157,0,119,30,150,2026-05-14,In Stock
W008,Sydney,P02021,1194,31,1179,20,100,2026-04-29,In Stock
W002,Chicago,P02022,92,36,74,20,100,2026-03-14,In Stock
W004,Los Angeles,P02023,1075,10,1066,100,500,2026-03-21,In Stock
W002,Chicago,P02024,204,21,176,50,250,2026-04-27,In Stock
W006,Berlin,P02025,1117,31,1101,50,250,2026-05-13,In Stock
W008,Sydney,P02026,27,9,6,50,250,2026-03-06,Low Stock
W008,Sydney,P02027,230,33,190,50,250,2026-06-26,In Stock
W003,Dallas,P02028,840,9,818,30,150,2026-04-26,In Stock
W001,New York,P02029,500,27,477,100,500,2026-06-02,In Stock
W002,Chicago,P02030,396,40,390,75,375,2026-05-24,In Stock
W008,Sydney,P02031,1079,16,1057,30,150,2026-03-07,In Stock
W006,Berlin,P02032,800,26,783,100,500,2026-05-20,In Stock
W004,Los Angeles,P02033,84,33,63,100,500,2026-03-14,Low Stock
W002,Chicago,P02034,887,36,865,75,375,2026-05-23,In Stock
W002,Chicago,P02035,17,4,0,75,375,2026-04-02,Low Stock
W003,Dallas,P02036,1071,39,1036,50,250,2026-04-04,In Stock
W003,Dallas,P02037,621,18,617,75,375,2026-03-18,In Stock
W005,London,P02038,31,2,18,75,375,2026-05-23,Low Stock
W002,Chicago,P02039,108,19,108,75,375,2026-05-04,In Stock
W006,Berlin,P02040,1,1,0,20,100,2026-05-15,Low Stock
W005,London,P02041,1028,9,1023,100,500,2026-03-29,In Stock
W005,London,P02042,292,27,255,30,150,2026-03-03,In Stock
W002,Chicago,P02043,595,2,565,30,150,2026-03-01,In Stock
W006,Berlin,P02044,509,27,484,75,375,2026-03-05,In Stock
W002,Chicago,P02045,535,38,516,50,250,2026-06-06,In Stock
W007,Milan,P02046,660,8,648,100,500,2026-05-27,In Stock
W003,Dallas,P02047,852,12,833,100,500,2026-05-20,In Stock
W002,Chicago,P02048,608,40,579,100,500,2026-04-20,In Stock
W003,Dallas,P02049,769,6,761,75,375,2026-04-22,In Stock
W008,Sydney,P02050,641,22,612,100,500,2026-05-14,In Stock
W007,Milan,P02051,955,26,926,75,375,2026-06-25,In Stock
W001,New York,P02052,862,8,823,20,100,2026-03-04,In Stock
W005,London,P02053,496,32,473,100,500,2026-06-12,In Stock
W005,London,P02054,109,8,84,75,375,2026-04-04,In Stock
W001,New York,P02055,947,29,944,100,500,2026-06-18,In Stock
W001,New York,P02056,553,21,515,20,100,2026-06-16,In Stock
W005,London,P02057,1158,21,1155,75,375,2026-06-13,In Stock
W001,New York,P02058,419,9,384,100,500,2026-03-26,In Stock
W008,Sydney,P02059,279,40,270,30,150,2026-05-21,In Stock
W005,London,P02060,13,9,1,75,375,2026-06-14,Low Stock
W002,Chicago,P02061,0,0,0,30,150,2026-06-16,Low Stock
W004,Los Angeles,P02062,418,30,417,20,100,2026-03-14,In Stock
W008,Sydney,P02063,800,7,781,20,100,2026-05-08,In Stock
W008,Sydney,P02064,376,34,360,30,150,2026-03-15,In Stock
W008,Sydney,P02065,252,9,212,75,375,2026-06-26,In Stock
W003,Dallas,P02066,290,10,258,30,150,2026-03-26,In Stock
W004,Los Angeles,P02067,975,18,957,75,375,2026-04-04,In Stock
W002,Chicago,P02068,1009,17,984,50,250,2026-05-10,In Stock
W002,Chicago,P02069,950,27,941,75,375,2026-06-25,In Stock
W005,London,P02070,936,36,912,20,100,2026-06-27,In Stock
W005,London,P02071,69,28,67,100,500,2026-03-04,Low Stock
W006,Berlin,P02072,285,29,268,75,375,2026-06-27,In Stock
W003,Dallas,P02073,732,32,719,100,500,2026-05-15,In Stock
W007,Milan,P02074,1050,11,1041,20,100,2026-05-14,In Stock
W006,Berlin,P02075,941,17,922,30,150,2026-03-02,In Stock
W007,Milan,P02076,139,24,109,75,375,2026-04-12,In Stock
W003,Dallas,P02077,1179,33,1163,100,500,2026-06-12,In Stock
W006,Berlin,P02078,1189,37,1150,50,250,2026-03-14,In Stock
W007,Milan,P02079,138,1,128,20,100,2026-05-30,In Stock
W002,Chicago,P02080,217,30,197,75,375,2026-03-23,In Stock
W004,Los Angeles,P02081,484,11,460,20,100,2026-03-24,In Stock
W007,Milan,P02082,131,39,115,20,100,2026-06-14,In Stock
W001,New York,P02083,149,23,111,75,375,2026-04-09,In Stock
W001,New York,P02084,356,6,328,50,250,2026-05-11,In Stock
W003,Dallas,P02085,1175,12,1163,100,500,2026-05-27,In Stock
W008,Sydney,P02086,896,14,884,50,250,2026-03-26,In Stock
W003,Dallas,P02087,888,12,883,100,500,2026-04-15,In Stock
W001,New York,P02088,197,2,189,30,150,2026-03-06,In Stock
W001,New York,P02089,736,36,702,75,375,2026-03-10,In Stock
W002,Chicago,P02090,697,33,666,30,150,2026-06-04,In Stock
W004,Los Angeles,P02091,1168,32,1146,75,375,2026-05-14,In Stock
W003,Dallas,P02092,137,27,97,75,375,2026-05-11,In Stock
W002,Chicago,P02093,1165,8,1132,20,100,2026-05-21,In Stock
W002,Chicago,P02094,241,14,238,75,375,2026-04-13,In Stock
W006,Berlin,P02095,46,18,30,30,150,2026-05-10,In Stock
W006,Berlin,P02096,139,18,135,30,150,2026-04-21,In Stock
W004,Los Angeles,P02097,1060,32,1041,100,500,2026-05-08,In Stock
W001,New York,P02098,1118,37,1088,20,100,2026-03-01,In Stock
W005,London,P02099,61,21,35,20,100,2026-05-26,In Stock
W004,Los Angeles,P02100,685,8,672,20,100,2026-04-19,In Stock
W006,Berlin,P02101,127,31,123,30,150,2026-03-17,In Stock
W001,New York,P02102,708,26,670,20,100,2026-03-26,In Stock
W002,Chicago,P02103,1129,8,1112,75,375,2026-03-28,In Stock
W001,New York,P02104,213,31,181,20,100,2026-05-31,In Stock
W006,Berlin,P02105,883,19,869,75,375,2026-06-26,In Stock
W001,New York,P02106,53,34,15,30,150,2026-03-10,In Stock
W007,Milan,P02107,37,30,34,100,500,2026-05-10,Low Stock
W007,Milan,P02108,256,27,221,75,375,2026-06-11,In Stock
W002,Chicago,P02109,896,39,873,20,100,2026-05-14,In Stock
W004,Los Angeles,P02110,702,3,687,75,375,2026-05-30,In Stock
W002,Chicago,P02111,20,13,0,30,150,2026-04-17,Low Stock
W001,New York,P02112,30,26,27,30,150,2026-06-19,In Stock
W001,New York,P02113,259,11,241,75,375,2026-06-23,In Stock
W006,Berlin,P02114,716,15,698,100,500,2026-06-12,In Stock
W007,Milan,P02115,980,4,976,20,100,2026-05-27,In Stock
W004,Los Angeles,P02116,1013,14,985,50,250,2026-03-29,In Stock
W005,London,P02117,751,18,736,100,500,2026-04-22,In Stock
W005,London,P02118,653,32,647,100,500,2026-06-22,In Stock
W006,Berlin,P02119,841,31,824,100,500,2026-06-18,In Stock
W004,Los Angeles,P02120,280,14,261,100,500,2026-03-26,In Stock
W004,Los Angeles,P02121,251,9,249,50,250,2026-05-29,In Stock
W008,Sydney,P02122,929,1,898,20,100,2026-03-13,In Stock
W001,New York,P02123,553,37,529,50,250,2026-05-21,In Stock
W002,Chicago,P02124,122,39,98,50,250,2026-04-26,In Stock
W001,New York,P02125,783,28,781,75,375,2026-05-31,In Stock
W004,Los Angeles,P02126,776,27,742,30,150,2026-06-22,In Stock
W005,London,P02127,64,22,63,100,500,2026-03-04,Low Stock
W006,Berlin,P02128,537,13,536,100,500,2026-05-16,In Stock
W007,Milan,P02129,875,6,840,20,100,2026-05-10,In Stock
W005,London,P02130,1095,27,1059,75,375,2026-03-28,In Stock
W005,London,P02131,332,29,317,75,375,2026-06-12,In Stock
W001,New York,P02132,574,5,559,50,250,2026-03-22,In Stock
W005,London,P02133,691,25,689,100,500,2026-04-11,In Stock
W005,London,P02134,740,16,702,50,250,2026-06-27,In Stock
W002,Chicago,P02135,628,20,612,100,500,2026-03-12,In Stock
W003,Dallas,P02136,908,1,880,75,375,2026-06-27,In Stock
W008,Sydney,P02137,75,30,35,50,250,2026-03-12,In Stock
W004,Los Angeles,P02138,836,37,831,20,100,2026-05-24,In Stock
W006,Berlin,P02139,131,11,115,75,375,2026-03-22,In Stock
W005,London,P02140,531,8,517,75,375,2026-04-09,In Stock
W003,Dallas,P02141,300,3,286,100,500,2026-06-14,In Stock
W001,New York,P02142,377,28,340,100,500,2026-05-19,In Stock
W001,New York,P02143,1133,3,1117,30,150,2026-05-27,In Stock
W001,New York,P02144,723,2,685,100,500,2026-05-29,In Stock
W006,Berlin,P02145,223,32,195,20,100,2026-06-14,In Stock
W002,Chicago,P02146,485,20,449,30,150,2026-05-12,In Stock
W007,Milan,P02147,146,18,137,75,375,2026-06-25,In Stock
W006,Berlin,P02148,737,26,714,50,250,2026-04-29,In Stock
W005,London,P02149,63,23,61,30,150,2026-05-22,In Stock
W003,Dallas,P02150,52,38,39,20,100,2026-03-17,In Stock
W006,Berlin,P02151,1046,37,1024,100,500,2026-02-28,In Stock
W004,Los Angeles,P02152,775,2,766,100,500,2026-05-11,In Stock
W002,Chicago,P02153,158,36,126,30,150,2026-04-16,In Stock
W007,Milan,P02154,1103,33,1100,20,100,2026-04-12,In Stock
W008,Sydney,P02155,1074,28,1054,100,500,2026-05-25,In Stock
W004,Los Angeles,P02156,1178,15,1157,50,250,2026-05-28,In Stock
W006,Berlin,P02157,472,20,465,75,375,2026-04-01,In Stock
W004,Los Angeles,P02158,911,23,906,75,375,2026-05-14,In Stock
W002,Chicago,P02159,741,38,727,75,375,2026-05-02,In Stock
W007,Milan,P02160,470,8,436,100,500,2026-05-28,In Stock
W007,Milan,P02161,1197,38,1181,30,150,2026-03-19,In Stock
W005,London,P02162,699,7,694,50,250,2026-05-07,In Stock
W007,Milan,P02163,1034,36,1003,30,150,2026-04-09,In Stock
W004,Los Angeles,P02164,368,0,358,75,375,2026-06-13,In Stock
W007,Milan,P02165,539,30,533,100,500,2026-06-12,In Stock
W001,New York,P02166,883,10,879,20,100,2026-06-12,In Stock
W007,Milan,P02167,864,8,839,50,250,2026-03-31,In Stock
W004,Los Angeles,P02168,600,21,579,20,100,2026-04-14,In Stock
W002,Chicago,P02169,92,22,64,20,100,2026-03-04,In Stock
W007,Milan,P02170,921,18,891,75,375,2026-03-31,In Stock
W003,Dallas,P02171,375,32,370,100,500,2026-06-09,In Stock
W001,New York,P02172,757,24,737,75,375,2026-05-03,In Stock
W003,Dallas,P02173,1041,17,1035,100,500,2026-05-30,In Stock
W005,London,P02174,1010,3,974,50,250,2026-04-23,In Stock
W007,Milan,P02175,584,24,564,50,250,2026-03-24,In Stock
W003,Dallas,P02176,293,13,266,20,100,2026-04-23,In Stock
W005,London,P02177,1177,20,1171,100,500,2026-05-15,In Stock
W005,London,P02178,339,18,322,20,100,2026-04-27,In Stock
W008,Sydney,P02179,458,18,442,30,150,2026-04-12,In Stock
W002,Chicago,P02180,474,9,468,50,250,2026-06-02,In Stock
W003,Dallas,P02181,56,2,22,100,500,2026-04-21,Low Stock
W004,Los Angeles,P02182,13,13,12,75,375,2026-05-12,Low Stock
W004,Los Angeles,P02183,577,27,549,100,500,2026-04-23,In Stock
W003,Dallas,P02184,929,7,922,50,250,2026-05-03,In Stock
W007,Milan,P02185,1010,5,1002,50,250,2026-05-24,In Stock
W002,Chicago,P02186,724,14,720,20,100,2026-05-18,In Stock
W003,Dallas,P02187,1038,17,1009,50,250,2026-04-09,In Stock
W002,Chicago,P02188,644,27,638,20,100,2026-03-01,In Stock
W006,Berlin,P02189,389,40,387,100,500,2026-04-08,In Stock
W001,New York,P02190,503,37,479,30,150,2026-03-09,In Stock
W004,Los Angeles,P02191,400,30,391,50,250,2026-04-27,In Stock
W003,Dallas,P02192,1017,8,1005,50,250,2026-04-08,In Stock
W002,Chicago,P02193,1057,0,1030,30,150,2026-06-20,In Stock
W008,Sydney,P02194,1142,13,1131,100,500,2026-06-24,In Stock
W007,Milan,P02195,538,24,498,100,500,2026-04-15,In Stock
W004,Los Angeles,P02196,714,33,703,75,375,2026-03-08,In Stock
W005,London,P02197,474,31,443,50,250,2026-03-19,In Stock
W007,Milan,P02198,731,30,713,100,500,2026-06-16,In Stock
W004,Los Angeles,P02199,230,26,202,50,250,2026-05-18,In Stock
W004,Los Angeles,P02200,870,11,841,20,100,2026-05-19,In Stock
W002,Chicago,P02201,711,8,681,75,375,2026-03-13,In Stock
W008,Sydney,P02202,843,1,825,30,150,2026-05-25,In Stock
W004,Los Angeles,P02203,837,35,817,20,100,2026-05-26,In Stock
W006,Berlin,P02204,842,28,815,75,375,2026-05-08,In Stock
W005,London,P02205,111,31,97,50,250,2026-05-16,In Stock
W001,New York,P02206,631,26,617,75,375,2026-04-16,In Stock
W003,Dallas,P02207,1097,40,1090,30,150,2026-04-11,In Stock
W006,Berlin,P02208,264,34,263,100,500,2026-03-28,In Stock
W001,New York,P02209,776,21,754,20,100,2026-03-22,In Stock
W002,Chicago,P02210,100,13,77,100,500,2026-04-21,In Stock
W004,Los Angeles,P02211,321,25,307,100,500,2026-05-22,In Stock
W003,Dallas,P02212,765,26,752,50,250,2026-04-19,In Stock
W004,Los Angeles,P02213,27,27,26,20,100,2026-03-24,In Stock
W002,Chicago,P02214,1027,31,1025,75,375,2026-06-08,In Stock
W005,London,P02215,617,14,577,20,100,2026-03-22,In Stock
W004,Los Angeles,P02216,69,7,45,50,250,2026-04-06,In Stock
W007,Milan,P02217,268,5,264,50,250,2026-06-19,In Stock
W007,Milan,P02218,41,34,3,20,100,2026-03-03,In Stock
W003,Dallas,P02219,195,25,183,100,500,2026-03-14,In Stock
W005,London,P02220,662,32,661,75,375,2026-05-21,In Stock
W005,London,P02221,939,6,923,30,150,2026-04-06,In Stock
W008,Sydney,P02222,771,27,766,50,250,2026-05-31,In Stock
W007,Milan,P02223,1148,30,1130,50,250,2026-03-04,In Stock
W004,Los Angeles,P02224,783,31,758,20,100,2026-05-12,In Stock
W002,Chicago,P02225,926,36,925,30,150,2026-05-09,In Stock
W004,Los Angeles,P02226,915,30,879,50,250,2026-06-15,In Stock
W005,London,P02227,680,40,675,30,150,2026-06-16,In Stock
W003,Dallas,P02228,425,37,410,75,375,2026-06-18,In Stock
W003,Dallas,P02229,825,30,792,100,500,2026-03-28,In Stock
W004,Los Angeles,P02230,120,16,94,75,375,2026-05-20,In Stock
W006,Berlin,P02231,308,20,272,20,100,2026-04-13,In Stock
W007,Milan,P02232,11,11,0,50,250,2026-03-24,Low Stock
W008,Sydney,P02233,1117,20,1102,75,375,2026-05-18,In Stock
W008,Sydney,P02234,989,35,984,100,500,2026-03-03,In Stock
W002,Chicago,P02235,871,24,863,20,100,2026-03-24,In Stock
W001,New York,P02236,331,7,321,100,500,2026-06-03,In Stock
W008,Sydney,P02237,232,27,201,20,100,2026-06-07,In Stock
W008,Sydney,P02238,286,26,261,100,500,2026-06-27,In Stock
W005,London,P02239,240,18,223,75,375,2026-04-23,In Stock
W006,Berlin,P02240,761,10,752,100,500,2026-05-22,In Stock
W004,Los Angeles,P02241,760,38,744,100,500,2026-04-29,In Stock
W008,Sydney,P02242,431,8,421,50,250,2026-04-22,In Stock
W008,Sydney,P02243,20,13,9,50,250,2026-06-09,Low Stock
W008,Sydney,P02244,137,19,125,20,100,2026-06-03,In Stock
W002,Chicago,P02245,1101,21,1095,75,375,2026-06-21,In Stock
W008,Sydney,P02246,320,22,280,20,100,2026-04-18,In Stock
W004,Los Angeles,P02247,706,12,689,20,100,2026-05-23,In Stock
W007,Milan,P02248,1196,23,1157,50,250,2026-03-22,In Stock
W007,Milan,P02249,521,34,509,100,500,2026-06-19,In Stock
W003,Dallas,P02250,210,17,199,30,150,2026-05-26,In Stock
W002,Chicago,P02251,259,37,235,100,500,2026-05-17,In Stock
W005,London,P02252,969,10,969,30,150,2026-03-20,In Stock
W004,Los Angeles,P02253,443,39,434,20,100,2026-06-10,In Stock
W003,Dallas,P02254,973,20,969,20,100,2026-03-06,In Stock
W001,New York,P02255,280,28,253,100,500,2026-04-04,In Stock
W008,Sydney,P02256,669,32,662,50,250,2026-05-29,In Stock
W007,Milan,P02257,772,30,750,75,375,2026-05-20,In Stock
W006,Berlin,P02258,1086,38,1073,20,100,2026-06-07,In Stock
W005,London,P02259,292,35,264,75,375,2026-04-27,In Stock
W005,London,P02260,246,27,224,100,500,2026-06-06,In Stock
W001,New York,P02261,748,22,721,75,375,2026-06-01,In Stock
W004,Los Angeles,P02262,783,11,783,50,250,2026-06-03,In Stock
W008,Sydney,P02263,739,12,739,100,500,2026-04-14,In Stock
W005,London,P02264,672,23,656,20,100,2026-04-25,In Stock
W001,New York,P02265,559,17,529,20,100,2026-05-09,In Stock
W001,New York,P02266,518,40,515,50,250,2026-04-16,In Stock
W001,New York,P02267,964,40,935,100,500,2026-04-27,In Stock
W003,Dallas,P02268,969,6,967,100,500,2026-05-12,In Stock
W001,New York,P02269,313,8,308,30,150,2026-05-06,In Stock
W002,Chicago,P02270,114,40,111,75,375,2026-05-19,In Stock
W002,Chicago,P02271,1114,12,1075,50,250,2026-03-26,In Stock
W001,New York,P02272,681,10,644,50,250,2026-03-28,In Stock
W006,Berlin,P02273,1057,25,1031,20,100,2026-03-13,In Stock
W001,New York,P02274,133,32,124,30,150,2026-03-27,In Stock
W005,London,P02275,171,28,169,30,150,2026-05-24,In Stock
W004,Los Angeles,P02276,1035,11,995,75,375,2026-03-25,In Stock
W001,New York,P02277,637,35,615,50,250,2026-06-13,In Stock
W006,Berlin,P02278,954,5,918,100,500,2026-03-01,In Stock
W008,Sydney,P02279,180,5,169,20,100,2026-03-27,In Stock
W002,Chicago,P02280,380,37,340,50,250,2026-06-26,In Stock
W003,Dallas,P02281,21,20,0,30,150,2026-05-01,Low Stock
W002,Chicago,P02282,505,12,497,50,250,2026-05-20,In Stock
W001,New York,P02283,776,11,759,50,250,2026-06-11,In Stock
W006,Berlin,P02284,847,12,830,30,150,2026-03-07,In Stock
W004,Los Angeles,P02285,362,16,334,50,250,2026-05-26,In Stock
W002,Chicago,P02286,1003,37,980,50,250,2026-05-15,In Stock
W008,Sydney,P02287,349,37,325,20,100,2026-06-09,In Stock
W004,Los Angeles,P02288,888,18,875,50,250,2026-05-16,In Stock
W005,London,P02289,185,13,169,100,500,2026-06-01,In Stock
W008,Sydney,P02290,534,7,501,20,100,2026-04-05,In Stock
W003,Dallas,P02291,973,29,936,30,150,2026-05-18,In Stock
W006,Berlin,P02292,1154,37,1152,75,375,2026-05-18,In Stock
W002,Chicago,P02293,734,10,708,20,100,2026-04-29,In Stock
W006,Berlin,P02294,689,11,667,20,100,2026-05-20,In Stock
W003,Dallas,P02295,956,11,955,100,500,2026-05-03,In Stock
W008,Sydney,P02296,1179,25,1149,75,375,2026-03-14,In Stock
W004,Los Angeles,P02297,517,38,496,50,250,2026-04-28,In Stock
W007,Milan,P02298,614,14,582,20,100,2026-06-15,In Stock
W007,Milan,P02299,872,36,847,50,250,2026-04-14,In Stock
W001,New York,P02300,335,10,316,100,500,2026-03-07,In Stock
W004,Los Angeles,P02301,1163,8,1142,30,150,2026-03-20,In Stock
W001,New York,P02302,185,9,163,50,250,2026-05-01,In Stock
W007,Milan,P02303,338,0,329,75,375,2026-06-03,In Stock
W003,Dallas,P02304,617,5,606,50,250,2026-05-29,In Stock
W004,Los Angeles,P02305,894,15,885,20,100,2026-04-02,In Stock
W006,Berlin,P02306,10,2,0,75,375,2026-06-16,Low Stock
W008,Sydney,P02307,1126,13,1096,75,375,2026-04-04,In Stock
W007,Milan,P02308,949,6,925,30,150,2026-06-12,In Stock
W006,Berlin,P02309,273,20,255,75,375,2026-03-16,In Stock
W007,Milan,P02310,806,4,784,100,500,2026-04-27,In Stock
W001,New York,P02311,454,11,439,100,500,2026-05-12,In Stock
W006,Berlin,P02312,696,0,657,100,500,2026-04-13,In Stock
W007,Milan,P02313,158,8,127,30,150,2026-06-04,In Stock
W001,New York,P02314,432,27,427,50,250,2026-05-16,In Stock
W007,Milan,P02315,368,9,350,75,375,2026-05-20,In Stock
W007,Milan,P02316,984,16,958,20,100,2026-06-06,In Stock
W003,Dallas,P02317,815,6,786,100,500,2026-03-17,In Stock
W002,Chicago,P02318,709,25,709,20,100,2026-06-08,In Stock
W006,Berlin,P02319,263,32,239,100,500,2026-04-02,In Stock
W008,Sydney,P02320,23,20,0,75,375,2026-05-05,Low Stock
W001,New York,P02321,620,16,580,75,375,2026-06-14,In Stock
W008,Sydney,P02322,1028,30,1007,50,250,2026-03-12,In Stock
W006,Berlin,P02323,228,27,194,30,150,2026-03-23,In Stock
W007,Milan,P02324,163,0,142,30,150,2026-03-01,In Stock
W005,London,P02325,404,39,375,100,500,2026-05-04,In Stock
W001,New York,P02326,951,2,944,50,250,2026-03-09,In Stock
W008,Sydney,P02327,942,3,904,50,250,2026-04-02,In Stock
W006,Berlin,P02328,516,21,498,75,375,2026-03-22,In Stock
W001,New York,P02329,1111,11,1093,50,250,2026-05-14,In Stock
W007,Milan,P02330,35,20,16,75,375,2026-04-08,Low Stock
W001,New York,P02331,228,2,194,50,250,2026-03-26,In Stock
W007,Milan,P02332,509,5,475,30,150,2026-06-16,In Stock
W003,Dallas,P02333,296,27,279,75,375,2026-05-15,In Stock
W008,Sydney,P02334,499,36,470,100,500,2026-06-23,In Stock
W002,Chicago,P02335,668,2,659,50,250,2026-04-12,In Stock
W002,Chicago,P02336,782,5,761,100,500,2026-03-02,In Stock
W005,London,P02337,865,1,854,75,375,2026-03-25,In Stock
W005,London,P02338,162,7,150,75,375,2026-04-16,In Stock
W005,London,P02339,620,32,586,100,500,2026-03-11,In Stock
W004,Los Angeles,P02340,100,36,70,50,250,2026-06-01,In Stock
W007,Milan,P02341,562,17,530,30,150,2026-04-04,In Stock
W001,New York,P02342,816,18,799,30,150,2026-06-28,In Stock
W007,Milan,P02343,424,26,416,20,100,2026-05-24,In Stock
W005,London,P02344,947,40,927,100,500,2026-06-16,In Stock
W004,Los Angeles,P02345,460,20,446,20,100,2026-06-20,In Stock
W005,London,P02346,943,26,903,100,500,2026-04-13,In Stock
W006,Berlin,P02347,1108,30,1073,75,375,2026-06-27,In Stock
W006,Berlin,P02348,697,22,669,50,250,2026-06-09,In Stock
W008,Sydney,P02349,1021,34,1011,30,150,2026-04-03,In Stock
W007,Milan,P02350,523,2,487,75,375,2026-06-18,In Stock
W008,Sydney,P02351,1149,5,1136,50,250,2026-03-25,In Stock
W006,Berlin,P02352,622,20,594,50,250,2026-04-03,In Stock
W008,Sydney,P02353,60,39,23,30,150,2026-06-07,In Stock
W006,Berlin,P02354,1156,26,1155,75,375,2026-03-24,In Stock
W005,London,P02355,1139,15,1115,75,375,2026-03-03,In Stock
W003,Dallas,P02356,775,7,769,100,500,2026-05-09,In Stock
W004,Los Angeles,P02357,432,36,414,20,100,2026-06-06,In Stock
W003,Dallas,P02358,821,26,799,100,500,2026-03-24,In Stock
W004,Los Angeles,P02359,856,17,836,100,500,2026-03-22,In Stock
W006,Berlin,P02360,216,32,182,50,250,2026-04-21,In Stock
W007,Milan,P02361,461,31,432,75,375,2026-05-23,In Stock
W008,Sydney,P02362,321,25,303,30,150,2026-06-28,In Stock
W006,Berlin,P02363,950,6,926,30,150,2026-04-15,In Stock
W007,Milan,P02364,856,12,816,75,375,2026-06-25,In Stock
W004,Los Angeles,P02365,283,39,251,100,500,2026-06-18,In Stock
W007,Milan,P02366,46,39,31,50,250,2026-06-07,Low Stock
W008,Sydney,P02367,186,1,148,50,250,2026-03-07,In Stock
W007,Milan,P02368,1130,12,1120,100,500,2026-05-01,In Stock
W006,Berlin,P02369,490,30,478,30,150,2026-05-18,In Stock
W003,Dallas,P02370,600,1,587,20,100,2026-04-16,In Stock
W008,Sydney,P02371,940,38,912,30,150,2026-05-29,In Stock
W003,Dallas,P02372,944,7,906,100,500,2026-03-13,In Stock
W006,Berlin,P02373,326,29,322,30,150,2026-06-28,In Stock
W001,New York,P02374,832,30,808,100,500,2026-06-19,In Stock
W007,Milan,P02375,532,7,494,100,500,2026-04-07,In Stock
W001,New York,P02376,898,3,880,75,375,2026-03-17,In Stock
W007,Milan,P02377,81,25,49,50,250,2026-04-09,In Stock
W008,Sydney,P02378,877,6,868,20,100,2026-03-12,In Stock
W005,London,P02379,1187,10,1164,20,100,2026-05-07,In Stock
W006,Berlin,P02380,290,30,277,30,150,2026-05-26,In Stock
W002,Chicago,P02381,675,29,644,20,100,2026-03-24,In Stock
W004,Los Angeles,P02382,532,18,504,50,250,2026-05-17,In Stock
W008,Sydney,P02383,528,17,490,100,500,2026-06-24,In Stock
W003,Dallas,P02384,303,18,302,100,500,2026-05-31,In Stock
W006,Berlin,P02385,1154,18,1135,50,250,2026-02-28,In Stock
W003,Dallas,P02386,1162,30,1134,50,250,2026-04-03,In Stock
W005,London,P02387,316,9,278,30,150,2026-05-22,In Stock
W007,Milan,P02388,526,1,513,30,150,2026-04-15,In Stock
W005,London,P02389,303,0,287,100,500,2026-05-13,In Stock
W007,Milan,P02390,976,10,954,100,500,2026-04-07,In Stock
W003,Dallas,P02391,1026,33,1003,50,250,2026-05-11,In Stock
W008,Sydney,P02392,346,30,335,100,500,2026-04-28,In Stock
W007,Milan,P02393,29,10,15,20,100,2026-05-20,In Stock
W004,Los Angeles,P02394,459,17,421,30,150,2026-03-21,In Stock
W002,Chicago,P02395,403,31,374,50,250,2026-04-17,In Stock
W001,New York,P02396,1073,12,1050,30,150,2026-04-04,In Stock
W001,New York,P02397,816,21,784,20,100,2026-06-20,In Stock
W005,London,P02398,1133,34,1128,100,500,2026-03-18,In Stock
W001,New York,P02399,914,33,899,100,500,2026-05-28,In Stock
W005,London,P02400,374,14,345,30,150,2026-06-06,In Stock
W001,New York,P02401,544,17,539,100,500,2026-03-25,In Stock
W004,Los Angeles,P02402,130,33,111,30,150,2026-06-21,In Stock
W004,Los Angeles,P02403,466,37,429,30,150,2026-04-28,In Stock
W008,Sydney,P02404,201,3,181,100,500,2026-03-19,In Stock
W002,Chicago,P02405,402,7,374,75,375,2026-06-18,In Stock
W008,Sydney,P02406,404,34,367,20,100,2026-06-01,In Stock
W008,Sydney,P02407,614,0,577,100,500,2026-05-04,In Stock
W002,Chicago,P02408,906,37,866,30,150,2026-04-11,In Stock
W008,Sydney,P02409,1,1,0,50,250,2026-05-25,Low Stock
W008,Sydney,P02410,361,32,331,50,250,2026-04-24,In Stock
W005,London,P02411,613,34,598,50,250,2026-05-16,In Stock
W005,London,P02412,1149,19,1109,100,500,2026-05-03,In Stock
W002,Chicago,P02413,373,0,353,75,375,2026-03-06,In Stock
W008,Sydney,P02414,1015,11,1011,30,150,2026-03-23,In Stock
W007,Milan,P02415,623,28,602,20,100,2026-04-08,In Stock
W003,Dallas,P02416,396,14,383,20,100,2026-05-20,In Stock
W005,London,P02417,655,30,649,100,500,2026-04-02,In Stock
W005,London,P02418,430,9,410,100,500,2026-06-08,In Stock
W004,Los Angeles,P02419,811,10,772,30,150,2026-04-05,In Stock
W003,Dallas,P02420,666,30,628,100,500,2026-03-20,In Stock
W007,Milan,P02421,551,16,521,30,150,2026-03-01,In Stock
W005,London,P02422,759,19,738,30,150,2026-03-27,In Stock
W006,Berlin,P02423,645,19,618,75,375,2026-04-17,In Stock
W007,Milan,P02424,854,25,851,20,100,2026-05-07,In Stock
W006,Berlin,P02425,286,17,285,75,375,2026-03-16,In Stock
W004,Los Angeles,P02426,427,18,404,50,250,2026-06-25,In Stock
W006,Berlin,P02427,875,20,840,75,375,2026-04-18,In Stock
W004,Los Angeles,P02428,440,32,412,100,500,2026-03-11,In Stock
W005,London,P02429,218,15,208,20,100,2026-05-18,In Stock
W008,Sydney,P02430,962,24,931,20,100,2026-05-28,In Stock
W005,London,P02431,1200,3,1194,75,375,2026-06-21,In Stock
W006,Berlin,P02432,565,23,537,100,500,2026-03-02,In Stock
W005,London,P02433,227,8,223,75,375,2026-05-18,In Stock
W007,Milan,P02434,310,37,291,30,150,2026-04-16,In Stock
W004,Los Angeles,P02435,1150,28,1135,20,100,2026-05-18,In Stock
W005,London,P02436,1140,18,1139,100,500,2026-06-11,In Stock
W002,Chicago,P02437,642,28,629,50,250,2026-06-05,In Stock
W006,Berlin,P02438,959,29,936,30,150,2026-05-17,In Stock
W004,Los Angeles,P02439,530,38,529,50,250,2026-06-11,In Stock
W002,Chicago,P02440,841,25,810,75,375,2026-03-18,In Stock
W001,New York,P02441,1082,32,1059,20,100,2026-06-26,In Stock
W007,Milan,P02442,65,20,31,100,500,2026-04-27,Low Stock
W005,London,P02443,1177,40,1173,50,250,2026-03-26,In Stock
W002,Chicago,P02444,1157,35,1150,20,100,2026-04-21,In Stock
W003,Dallas,P02445,1051,36,1022,20,100,2026-04-11,In Stock
W004,Los Angeles,P02446,149,17,120,75,375,2026-05-02,In Stock
W003,Dallas,P02447,676,11,640,20,100,2026-05-16,In Stock
W008,Sydney,P02448,1080,1,1055,75,375,2026-04-16,In Stock
W005,London,P02449,13,13,0,100,500,2026-06-26,Low Stock
W001,New York,P02450,461,27,452,50,250,2026-05-26,In Stock
W004,Los Angeles,P02451,1196,34,1167,50,250,2026-04-06,In Stock
W004,Los Angeles,P02452,1176,36,1167,50,250,2026-06-04,In Stock
W003,Dallas,P02453,422,11,416,50,250,2026-06-25,In Stock
W001,New York,P02454,260,22,256,100,500,2026-05-18,In Stock
W006,Berlin,P02455,471,12,452,30,150,2026-06-08,In Stock
W007,Milan,P02456,555,13,533,30,150,2026-06-25,In Stock
W003,Dallas,P02457,900,24,899,20,100,2026-05-03,In Stock
W004,Los Angeles,P02458,779,28,751,20,100,2026-05-08,In Stock
W004,Los Angeles,P02459,421,37,414,75,375,2026-06-17,In Stock
W003,Dallas,P02460,1037,33,1030,100,500,2026-06-08,In Stock
W004,Los Angeles,P02461,246,38,224,75,375,2026-03-25,In Stock
W006,Berlin,P02462,850,13,845,30,150,2026-03-18,In Stock
W006,Berlin,P02463,978,32,971,50,250,2026-02-28,In Stock
W008,Sydney,P02464,33,24,7,20,100,2026-05-08,In Stock
W002,Chicago,P02465,726,19,722,50,250,2026-05-04,In Stock
W005,London,P02466,469,24,439,20,100,2026-06-26,In Stock
W005,London,P02467,662,9,647,20,100,2026-06-06,In Stock
W001,New York,P02468,262,9,254,100,500,2026-04-01,In Stock
W008,Sydney,P02469,79,38,66,20,100,2026-03-10,In Stock
W005,London,P02470,761,26,751,100,500,2026-05-06,In Stock
W003,Dallas,P02471,357,9,346,100,500,2026-05-13,In Stock
W002,Chicago,P02472,332,31,319,20,100,2026-05-20,In Stock
W007,Milan,P02473,764,39,744,50,250,2026-06-25,In Stock
W001,New York,P02474,679,30,677,20,100,2026-03-26,In Stock
W003,Dallas,P02475,834,34,810,20,100,2026-03-23,In Stock
W003,Dallas,P02476,323,0,301,20,100,2026-03-06,In Stock
W004,Los Angeles,P02477,188,4,181,75,375,2026-04-29,In Stock
W008,Sydney,P02478,850,28,842,100,500,2026-03-11,In Stock
W001,New York,P02479,637,30,621,75,375,2026-06-12,In Stock
W006,Berlin,P02480,1105,39,1099,50,250,2026-04-28,In Stock
W008,Sydney,P02481,1169,8,1155,30,150,2026-04-24,In Stock
W003,Dallas,P02482,292,5,286,30,150,2026-03-29,In Stock
W007,Milan,P02483,578,6,563,100,500,2026-05-31,In Stock
W005,London,P02484,378,21,349,50,250,2026-04-04,In Stock
W005,London,P02485,269,27,246,50,250,2026-04-05,In Stock
W003,Dallas,P02486,1186,24,1146,20,100,2026-06-22,In Stock
W004,Los Angeles,P02487,373,9,333,20,100,2026-06-24,In Stock
W004,Los Angeles,P02488,331,20,331,75,375,2026-04-16,In Stock
W008,Sydney,P02489,990,12,950,50,250,2026-03-09,In Stock
W007,Milan,P02490,925,29,886,30,150,2026-05-26,In Stock
W008,Sydney,P02491,241,32,220,50,250,2026-05-16,In Stock
W003,Dallas,P02492,522,31,487,50,250,2026-05-01,In Stock
W002,Chicago,P02493,701,16,697,100,500,2026-03-20,In Stock
W006,Berlin,P02494,873,34,865,20,100,2026-06-16,In Stock
W004,Los Angeles,P02495,936,7,901,20,100,2026-03-29,In Stock
W005,London,P02496,258,19,230,50,250,2026-05-04,In Stock
W002,Chicago,P02497,1033,25,1001,30,150,2026-06-04,In Stock
W003,Dallas,P02498,454,12,432,20,100,2026-04-22,In Stock
W003,Dallas,P02499,1152,33,1149,100,500,2026-03-18,In Stock
W006,Berlin,P02500,1104,33,1094,30,150,2026-05-12,In Stock
W003,Dallas,P02501,205,40,165,30,150,2026-03-11,In Stock
W004,Los Angeles,P02502,311,39,284,100,500,2026-03-11,In Stock
W004,Los Angeles,P02503,570,25,552,20,100,2026-05-10,In Stock
W007,Milan,P02504,975,20,967,75,375,2026-03-28,In Stock
W005,London,P02505,0,0,0,20,100,2026-04-04,Low Stock
W005,London,P02506,427,38,423,100,500,2026-06-21,In Stock
W007,Milan,P02507,287,30,277,30,150,2026-03-23,In Stock
W004,Los Angeles,P02508,801,26,776,30,150,2026-04-14,In Stock
W004,Los Angeles,P02509,509,4,495,50,250,2026-05-24,In Stock
W003,Dallas,P02510,822,37,813,20,100,2026-06-02,In Stock
W008,Sydney,P02511,291,20,291,50,250,2026-04-08,In Stock
W002,Chicago,P02512,1066,33,1060,50,250,2026-03-22,In Stock
W008,Sydney,P02513,475,19,468,75,375,2026-04-20,In Stock
W008,Sydney,P02514,314,21,297,20,100,2026-06-23,In Stock
W007,Milan,P02515,523,40,494,20,100,2026-05-05,In Stock
W003,Dallas,P02516,997,14,964,50,250,2026-06-15,In Stock
W002,Chicago,P02517,742,31,715,30,150,2026-05-06,In Stock
W001,New York,P02518,215,17,199,50,250,2026-04-08,In Stock
W006,Berlin,P02519,859,22,854,50,250,2026-06-27,In Stock
W002,Chicago,P02520,994,37,963,30,150,2026-05-31,In Stock
W007,Milan,P02521,544,31,509,20,100,2026-04-12,In Stock
W007,Milan,P02522,1062,2,1024,75,375,2026-06-15,In Stock
W002,Chicago,P02523,1178,7,1163,20,100,2026-05-13,In Stock
W007,Milan,P02524,806,22,778,20,100,2026-03-11,In Stock
W008,Sydney,P02525,1174,2,1149,100,500,2026-03-16,In Stock
W007,Milan,P02526,52,36,41,30,150,2026-06-25,In Stock
W006,Berlin,P02527,202,26,201,50,250,2026-03-27,In Stock
W008,Sydney,P02528,519,22,497,50,250,2026-05-28,In Stock
W005,London,P02529,913,20,884,20,100,2026-03-31,In Stock
W005,London,P02530,328,35,293,30,150,2026-04-07,In Stock
W006,Berlin,P02531,821,11,790,50,250,2026-03-11,In Stock
W002,Chicago,P02532,683,39,649,50,250,2026-03-26,In Stock
W004,Los Angeles,P02533,648,6,643,50,250,2026-04-08,In Stock
W007,Milan,P02534,640,31,600,100,500,2026-06-05,In Stock
W007,Milan,P02535,414,31,392,50,250,2026-05-16,In Stock
W008,Sydney,P02536,740,10,720,30,150,2026-06-26,In Stock
W002,Chicago,P02537,388,19,356,100,500,2026-03-31,In Stock
W005,London,P02538,1146,11,1121,100,500,2026-04-10,In Stock
W002,Chicago,P02539,406,5,368,20,100,2026-03-03,In Stock
W007,Milan,P02540,539,21,505,30,150,2026-05-14,In Stock
W007,Milan,P02541,272,6,254,75,375,2026-04-11,In Stock
W002,Chicago,P02542,663,28,661,30,150,2026-05-28,In Stock
W003,Dallas,P02543,560,31,546,20,100,2026-03-14,In Stock
W004,Los Angeles,P02544,502,28,489,30,150,2026-06-10,In Stock
W001,New York,P02545,607,1,568,30,150,2026-04-28,In Stock
W008,Sydney,P02546,848,35,812,100,500,2026-06-04,In Stock
W007,Milan,P02547,381,37,356,100,500,2026-04-09,In Stock
W007,Milan,P02548,535,16,508,50,250,2026-05-12,In Stock
W006,Berlin,P02549,480,34,458,50,250,2026-06-19,In Stock
W003,Dallas,P02550,658,34,621,30,150,2026-06-12,In Stock
W002,Chicago,P02551,1039,34,1019,75,375,2026-06-15,In Stock
W004,Los Angeles,P02552,713,14,684,100,500,2026-05-25,In Stock
W001,New York,P02553,942,28,911,100,500,2026-04-14,In Stock
W007,Milan,P02554,132,1,97,30,150,2026-05-02,In Stock
W001,New York,P02555,711,9,707,75,375,2026-04-02,In Stock
W006,Berlin,P02556,133,36,117,50,250,2026-03-06,In Stock
W001,New York,P02557,1005,8,980,75,375,2026-06-01,In Stock
W008,Sydney,P02558,634,19,613,100,500,2026-05-30,In Stock
W007,Milan,P02559,295,37,275,100,500,2026-03-10,In Stock
W001,New York,P02560,108,37,101,50,250,2026-03-21,In Stock
W002,Chicago,P02561,130,26,120,100,500,2026-03-27,In Stock
W004,Los Angeles,P02562,509,11,498,100,500,2026-06-25,In Stock
W008,Sydney,P02563,244,5,238,50,250,2026-05-08,In Stock
W007,Milan,P02564,834,30,826,75,375,2026-03-12,In Stock
W006,Berlin,P02565,374,19,352,20,100,2026-06-06,In Stock
W007,Milan,P02566,516,5,505,75,375,2026-05-26,In Stock
W007,Milan,P02567,410,22,370,30,150,2026-06-18,In Stock
W006,Berlin,P02568,925,33,909,20,100,2026-06-26,In Stock
W001,New York,P02569,1140,23,1134,20,100,2026-06-07,In Stock
W001,New York,P02570,1083,0,1063,20,100,2026-05-10,In Stock
W005,London,P02571,56,36,33,100,500,2026-03-11,Low Stock
W002,Chicago,P02572,353,40,314,30,150,2026-04-26,In Stock
W003,Dallas,P02573,1096,22,1090,30,150,2026-03-09,In Stock
W003,Dallas,P02574,766,11,738,100,500,2026-03-30,In Stock
W003,Dallas,P02575,1039,28,1038,30,150,2026-04-10,In Stock
W001,New York,P02576,1100,19,1082,20,100,2026-06-15,In Stock
W006,Berlin,P02577,369,33,359,100,500,2026-03-05,In Stock
W002,Chicago,P02578,1019,38,1010,30,150,2026-04-11,In Stock
W006,Berlin,P02579,931,24,903,100,500,2026-02-28,In Stock
W002,Chicago,P02580,1135,21,1120,20,100,2026-05-13,In Stock
W003,Dallas,P02581,490,12,465,75,375,2026-06-23,In Stock
W006,Berlin,P02582,120,37,114,75,375,2026-03-12,In Stock
W002,Chicago,P02583,656,36,620,100,500,2026-03-31,In Stock
W007,Milan,P02584,1118,18,1098,30,150,2026-06-11,In Stock
W008,Sydney,P02585,405,40,378,50,250,2026-05-08,In Stock
W007,Milan,P02586,772,31,771,20,100,2026-04-27,In Stock
W002,Chicago,P02587,658,30,619,100,500,2026-05-10,In Stock
W005,London,P02588,1019,3,986,50,250,2026-03-14,In Stock
W001,New York,P02589,385,19,348,20,100,2026-03-25,In Stock
W003,Dallas,P02590,642,34,641,20,100,2026-06-22,In Stock
W005,London,P02591,788,22,754,30,150,2026-06-22,In Stock
W007,Milan,P02592,1041,11,1009,100,500,2026-05-12,In Stock
W001,New York,P02593,439,29,428,20,100,2026-03-06,In Stock
W004,Los Angeles,P02594,655,13,624,20,100,2026-06-02,In Stock
W001,New York,P02595,92,13,85,75,375,2026-03-02,In Stock
W005,London,P02596,9,5,0,30,150,2026-05-10,Low Stock
W004,Los Angeles,P02597,761,2,752,75,375,2026-06-10,In Stock
W004,Los Angeles,P02598,528,36,488,75,375,2026-05-20,In Stock
W004,Los Angeles,P02599,558,0,532,75,375,2026-03-15,In Stock
W007,Milan,P02600,772,12,741,50,250,2026-05-27,In Stock
W001,New York,P02601,809,28,801,20,100,2026-04-05,In Stock
W004,Los Angeles,P02602,144,7,134,20,100,2026-03-05,In Stock
W008,Sydney,P02603,136,34,116,30,150,2026-06-07,In Stock
W005,London,P02604,815,34,797,50,250,2026-05-23,In Stock
W005,London,P02605,222,25,210,20,100,2026-06-17,In Stock
W008,Sydney,P02606,411,33,409,30,150,2026-04-29,In Stock
W008,Sydney,P02607,223,14,221,20,100,2026-03-14,In Stock
W007,Milan,P02608,377,4,362,20,100,2026-05-04,In Stock
W006,Berlin,P02609,897,28,859,30,150,2026-03-22,In Stock
W001,New York,P02610,1031,13,1011,30,150,2026-06-23,In Stock
W001,New York,P02611,312,16,301,50,250,2026-05-15,In Stock
W008,Sydney,P02612,410,25,386,20,100,2026-06-09,In Stock
W005,London,P02613,1035,14,1024,20,100,2026-04-09,In Stock
W004,Los Angeles,P02614,687,1,659,75,375,2026-06-20,In Stock
W004,Los Angeles,P02615,1082,35,1072,50,250,2026-06-10,In Stock
W006,Berlin,P02616,116,4,90,20,100,2026-04-23,In Stock
W001,New York,P02617,347,23,345,50,250,2026-06-10,In Stock
W002,Chicago,P02618,478,24,478,20,100,2026-04-17,In Stock
W001,New York,P02619,793,7,779,100,500,2026-03-23,In Stock
W001,New York,P02620,1154,4,1153,100,500,2026-04-06,In Stock
W008,Sydney,P02621,1170,18,1131,75,375,2026-05-10,In Stock
W008,Sydney,P02622,486,39,470,75,375,2026-05-15,In Stock
W008,Sydney,P02623,981,29,947,30,150,2026-03-08,In Stock
W006,Berlin,P02624,458,18,418,30,150,2026-03-27,In Stock
W003,Dallas,P02625,795,10,772,50,250,2026-03-26,In Stock
W001,New York,P02626,884,9,882,50,250,2026-05-01,In Stock
W007,Milan,P02627,1108,25,1100,30,150,2026-03-13,In Stock
W006,Berlin,P02628,426,26,400,75,375,2026-05-01,In Stock
W008,Sydney,P02629,909,29,886,75,375,2026-05-16,In Stock
W006,Berlin,P02630,816,33,803,30,150,2026-05-28,In Stock
W004,Los Angeles,P02631,391,12,352,100,500,2026-05-13,In Stock
W008,Sydney,P02632,1122,23,1103,75,375,2026-06-01,In Stock
W007,Milan,P02633,289,6,255,75,375,2026-04-06,In Stock
W008,Sydney,P02634,615,26,612,100,500,2026-06-03,In Stock
W004,Los Angeles,P02635,691,10,667,100,500,2026-03-01,In Stock
W007,Milan,P02636,369,1,356,75,375,2026-05-10,In Stock
W003,Dallas,P02637,559,9,534,100,500,2026-04-16,In Stock
W004,Los Angeles,P02638,308,20,279,75,375,2026-05-28,In Stock
W003,Dallas,P02639,996,39,957,50,250,2026-04-22,In Stock
W001,New York,P02640,198,5,197,20,100,2026-06-27,In Stock
W001,New York,P02641,678,20,656,20,100,2026-06-03,In Stock
W003,Dallas,P02642,436,4,413,50,250,2026-04-10,In Stock
W006,Berlin,P02643,1194,30,1173,75,375,2026-03-30,In Stock
W003,Dallas,P02644,593,6,558,50,250,2026-06-08,In Stock
W003,Dallas,P02645,334,7,300,75,375,2026-03-04,In Stock
W007,Milan,P02646,324,35,284,100,500,2026-04-29,In Stock
W005,London,P02647,510,9,482,20,100,2026-06-16,In Stock
W001,New York,P02648,277,30,253,75,375,2026-04-28,In Stock
W003,Dallas,P02649,40,23,12,100,500,2026-04-15,Low Stock
W003,Dallas,P02650,916,31,880,20,100,2026-05-15,In Stock
W006,Berlin,P02651,174,4,163,50,250,2026-06-11,In Stock
W005,London,P02652,806,7,794,30,150,2026-04-08,In Stock
W006,Berlin,P02653,598,22,560,20,100,2026-03-18,In Stock
W008,Sydney,P02654,32,26,22,100,500,2026-05-13,Low Stock
W005,London,P02655,393,17,360,100,500,2026-03-05,In Stock
W001,New York,P02656,1002,10,999,50,250,2026-04-06,In Stock
W004,Los Angeles,P02657,627,28,600,50,250,2026-05-16,In Stock
W001,New York,P02658,558,5,537,75,375,2026-04-19,In Stock
W001,New York,P02659,267,0,231,100,500,2026-06-26,In Stock
W005,London,P02660,779,30,755,30,150,2026-05-10,In Stock
W001,New York,P02661,553,21,530,75,375,2026-03-18,In Stock
W007,Milan,P02662,833,8,811,50,250,2026-03-28,In Stock
W005,London,P02663,1131,31,1113,30,150,2026-05-25,In Stock
W002,Chicago,P02664,921,20,889,20,100,2026-03-06,In Stock
W002,Chicago,P02665,47,6,32,30,150,2026-06-19,In Stock
W003,Dallas,P02666,764,9,728,20,100,2026-03-18,In Stock
W004,Los Angeles,P02667,178,0,178,20,100,2026-03-26,In Stock
W006,Berlin,P02668,144,37,104,30,150,2026-03-09,In Stock
W008,Sydney,P02669,677,39,670,20,100,2026-06-21,In Stock
W003,Dallas,P02670,408,11,403,20,100,2026-03-29,In Stock
W002,Chicago,P02671,7,3,0,75,375,2026-06-22,Low Stock
W002,Chicago,P02672,792,40,759,50,250,2026-06-04,In Stock
W008,Sydney,P02673,404,38,393,75,375,2026-04-29,In Stock
W005,London,P02674,125,11,93,75,375,2026-06-28,In Stock
W002,Chicago,P02675,360,16,351,30,150,2026-03-08,In Stock
W004,Los Angeles,P02676,253,12,242,20,100,2026-03-12,In Stock
W006,Berlin,P02677,466,25,426,30,150,2026-03-13,In Stock
W005,London,P02678,844,40,826,100,500,2026-06-01,In Stock
W007,Milan,P02679,513,15,480,50,250,2026-06-28,In Stock
W005,London,P02680,576,4,573,30,150,2026-06-20,In Stock
W008,Sydney,P02681,704,39,677,20,100,2026-06-18,In Stock
W008,Sydney,P02682,24,10,0,20,100,2026-03-22,In Stock
W006,Berlin,P02683,134,16,114,100,500,2026-05-02,In Stock
W006,Berlin,P02684,983,31,964,50,250,2026-03-23,In Stock
W008,Sydney,P02685,641,12,627,100,500,2026-04-14,In Stock
W003,Dallas,P02686,87,26,58,50,250,2026-03-08,In Stock
W008,Sydney,P02687,664,29,635,75,375,2026-05-02,In Stock
W003,Dallas,P02688,290,26,289,75,375,2026-03-09,In Stock
W003,Dallas,P02689,648,40,639,75,375,2026-05-08,In Stock
W006,Berlin,P02690,28,25,17,75,375,2026-06-09,Low Stock
W003,Dallas,P02691,444,1,419,20,100,2026-04-29,In Stock
W003,Dallas,P02692,554,12,553,50,250,2026-04-26,In Stock
W007,Milan,P02693,324,35,307,50,250,2026-05-30,In Stock
W004,Los Angeles,P02694,996,31,969,100,500,2026-05-04,In Stock
W003,Dallas,P02695,998,22,992,20,100,2026-06-20,In Stock
W006,Berlin,P02696,976,18,967,100,500,2026-05-29,In Stock
W008,Sydney,P02697,443,31,443,75,375,2026-05-20,In Stock
W003,Dallas,P02698,693,39,666,50,250,2026-04-11,In Stock
W002,Chicago,P02699,265,18,244,100,500,2026-03-28,In Stock
W006,Berlin,P02700,262,36,232,50,250,2026-06-20,In Stock
W001,New York,P02701,915,26,900,50,250,2026-06-02,In Stock
W006,Berlin,P02702,478,40,448,50,250,2026-03-20,In Stock
W005,London,P02703,1136,36,1115,50,250,2026-03-31,In Stock
W004,Los Angeles,P02704,260,40,224,50,250,2026-03-04,In Stock
W004,Los Angeles,P02705,485,31,449,30,150,2026-04-29,In Stock
W001,New York,P02706,641,6,617,100,500,2026-03-24,In Stock
W003,Dallas,P02707,658,33,627,20,100,2026-04-30,In Stock
W005,London,P02708,137,24,125,75,375,2026-03-19,In Stock
W005,London,P02709,293,3,263,50,250,2026-05-28,In Stock
W004,Los Angeles,P02710,6,2,0,50,250,2026-04-28,Low Stock
W003,Dallas,P02711,558,31,538,50,250,2026-04-12,In Stock
W004,Los Angeles,P02712,385,38,378,100,500,2026-05-22,In Stock
W001,New York,P02713,399,32,381,100,500,2026-05-28,In Stock
W007,Milan,P02714,866,19,850,20,100,2026-06-02,In Stock
W003,Dallas,P02715,606,1,580,20,100,2026-06-18,In Stock
W006,Berlin,P02716,952,28,912,30,150,2026-05-11,In Stock
W003,Dallas,P02717,909,6,892,50,250,2026-05-01,In Stock
W005,London,P02718,405,29,387,100,500,2026-06-08,In Stock
W003,Dallas,P02719,661,7,658,20,100,2026-03-09,In Stock
W006,Berlin,P02720,1131,23,1122,75,375,2026-05-19,In Stock
W007,Milan,P02721,1126,40,1099,20,100,2026-04-07,In Stock
W006,Berlin,P02722,810,20,771,30,150,2026-03-13,In Stock
W001,New York,P02723,579,36,543,50,250,2026-06-23,In Stock
W001,New York,P02724,270,4,266,75,375,2026-06-11,In Stock
W003,Dallas,P02725,209,10,194,100,500,2026-06-17,In Stock
W006,Berlin,P02726,731,5,705,50,250,2026-05-16,In Stock
W002,Chicago,P02727,1008,34,1005,75,375,2026-04-22,In Stock
W007,Milan,P02728,810,35,805,30,150,2026-03-16,In Stock
W004,Los Angeles,P02729,918,7,902,30,150,2026-05-30,In Stock
W004,Los Angeles,P02730,115,1,112,100,500,2026-04-07,In Stock
W004,Los Angeles,P02731,980,2,966,20,100,2026-03-23,In Stock
W004,Los Angeles,P02732,312,32,292,30,150,2026-05-18,In Stock
W007,Milan,P02733,810,32,792,20,100,2026-04-26,In Stock
W001,New York,P02734,849,4,847,100,500,2026-06-03,In Stock
W001,New York,P02735,427,37,396,30,150,2026-06-28,In Stock
W006,Berlin,P02736,165,23,133,100,500,2026-03-05,In Stock
W003,Dallas,P02737,813,9,779,30,150,2026-06-28,In Stock
W005,London,P02738,544,23,512,100,500,2026-05-10,In Stock
W003,Dallas,P02739,412,16,391,100,500,2026-06-03,In Stock
W006,Berlin,P02740,533,7,515,75,375,2026-05-02,In Stock
W001,New York,P02741,912,32,887,100,500,2026-06-02,In Stock
W003,Dallas,P02742,230,24,224,20,100,2026-03-25,In Stock
W004,Los Angeles,P02743,409,19,396,100,500,2026-03-07,In Stock
W005,London,P02744,739,3,699,75,375,2026-05-30,In Stock
W005,London,P02745,444,1,425,100,500,2026-06-27,In Stock
W004,Los Angeles,P02746,370,13,339,50,250,2026-03-28,In Stock
W007,Milan,P02747,670,25,632,75,375,2026-03-24,In Stock
W003,Dallas,P02748,1006,35,968,75,375,2026-05-23,In Stock
W004,Los Angeles,P02749,159,6,159,100,500,2026-03-11,In Stock
W001,New York,P02750,102,17,102,20,100,2026-05-21,In Stock
W008,Sydney,P02751,781,10,775,100,500,2026-06-22,In Stock
W006,Berlin,P02752,440,27,417,30,150,2026-06-19,In Stock
W005,London,P02753,855,19,853,20,100,2026-03-05,In Stock
W002,Chicago,P02754,618,16,589,30,150,2026-03-01,In Stock
W004,Los Angeles,P02755,246,30,235,20,100,2026-06-27,In Stock
W002,Chicago,P02756,176,29,139,30,150,2026-04-01,In Stock
W005,London,P02757,553,36,523,20,100,2026-06-20,In Stock
W003,Dallas,P02758,441,25,417,20,100,2026-06-25,In Stock
W001,New York,P02759,1018,29,992,75,375,2026-06-06,In Stock
W001,New York,P02760,1181,4,1164,20,100,2026-03-30,In Stock
W005,London,P02761,981,17,980,30,150,2026-04-04,In Stock
W005,London,P02762,385,28,385,30,150,2026-04-06,In Stock
W001,New York,P02763,1153,35,1122,75,375,2026-03-19,In Stock
W004,Los Angeles,P02764,96,23,91,50,250,2026-04-13,In Stock
W006,Berlin,P02765,934,34,924,75,375,2026-05-12,In Stock
W006,Berlin,P02766,1128,9,1108,100,500,2026-03-26,In Stock
W006,Berlin,P02767,833,37,808,30,150,2026-05-12,In Stock
W008,Sydney,P02768,711,9,680,50,250,2026-04-03,In Stock
W007,Milan,P02769,737,5,699,75,375,2026-05-27,In Stock
W003,Dallas,P02770,681,29,653,50,250,2026-03-24,In Stock
W003,Dallas,P02771,87,32,47,50,250,2026-06-10,In Stock
W006,Berlin,P02772,1106,36,1098,30,150,2026-03-16,In Stock
W004,Los Angeles,P02773,811,26,804,20,100,2026-04-25,In Stock
W001,New York,P02774,1064,36,1064,20,100,2026-05-27,In Stock
W003,Dallas,P02775,464,31,457,50,250,2026-05-18,In Stock
W006,Berlin,P02776,1123,33,1098,75,375,2026-05-31,In Stock
W006,Berlin,P02777,835,14,795,20,100,2026-04-07,In Stock
W008,Sydney,P02778,318,0,286,30,150,2026-03-18,In Stock
W002,Chicago,P02779,1014,4,995,30,150,2026-05-29,In Stock
W007,Milan,P02780,620,34,580,30,150,2026-06-16,In Stock
W004,Los Angeles,P02781,48,1,30,20,100,2026-06-13,In Stock
W004,Los Angeles,P02782,380,4,364,20,100,2026-05-02,In Stock
W002,Chicago,P02783,864,25,864,50,250,2026-03-31,In Stock
W005,London,P02784,702,23,689,75,375,2026-05-21,In Stock
W007,Milan,P02785,979,37,977,100,500,2026-04-03,In Stock
W008,Sydney,P02786,64,20,42,75,375,2026-06-25,Low Stock
W005,London,P02787,969,34,963,75,375,2026-05-05,In Stock
W006,Berlin,P02788,1004,24,1002,20,100,2026-04-27,In Stock
W002,Chicago,P02789,972,34,967,50,250,2026-06-18,In Stock
W004,Los Angeles,P02790,192,24,171,75,375,2026-05-29,In Stock
W008,Sydney,P02791,70,19,35,50,250,2026-03-21,In Stock
W008,Sydney,P02792,443,26,437,100,500,2026-06-27,In Stock
W003,Dallas,P02793,57,28,53,100,500,2026-04-25,Low Stock
W003,Dallas,P02794,948,36,924,50,250,2026-03-18,In Stock
W001,New York,P02795,518,7,485,100,500,2026-04-27,In Stock
W003,Dallas,P02796,925,10,923,50,250,2026-05-22,In Stock
W006,Berlin,P02797,873,9,869,20,100,2026-06-03,In Stock
W008,Sydney,P02798,995,0,971,30,150,2026-03-21,In Stock
W003,Dallas,P02799,771,19,760,20,100,2026-05-31,In Stock
W006,Berlin,P02800,1195,14,1167,75,375,2026-03-17,In Stock
W002,Chicago,P02801,207,8,199,30,150,2026-03-26,In Stock
W001,New York,P02802,897,23,870,75,375,2026-06-26,In Stock
W006,Berlin,P02803,1113,26,1083,20,100,2026-06-24,In Stock
W005,London,P02804,893,27,889,100,500,2026-06-20,In Stock
W002,Chicago,P02805,538,30,513,50,250,2026-04-25,In Stock
W004,Los Angeles,P02806,281,1,271,20,100,2026-06-17,In Stock
W003,Dallas,P02807,402,34,379,75,375,2026-04-18,In Stock
W005,London,P02808,978,11,941,20,100,2026-05-07,In Stock
W002,Chicago,P02809,1146,14,1134,20,100,2026-06-10,In Stock
W005,London,P02810,272,0,249,75,375,2026-06-21,In Stock
W001,New York,P02811,230,17,193,100,500,2026-04-22,In Stock
W001,New York,P02812,621,20,606,30,150,2026-03-10,In Stock
W008,Sydney,P02813,437,30,407,30,150,2026-04-28,In Stock
W004,Los Angeles,P02814,202,24,167,30,150,2026-04-08,In Stock
W002,Chicago,P02815,299,32,290,30,150,2026-03-10,In Stock
W002,Chicago,P02816,978,4,942,100,500,2026-06-07,In Stock
W004,Los Angeles,P02817,846,14,830,50,250,2026-05-07,In Stock
W001,New York,P02818,884,20,859,20,100,2026-06-25,In Stock
W004,Los Angeles,P02819,765,28,727,75,375,2026-03-13,In Stock
W004,Los Angeles,P02820,260,39,228,75,375,2026-03-07,In Stock
W007,Milan,P02821,322,38,289,30,150,2026-05-23,In Stock
W008,Sydney,P02822,153,38,152,75,375,2026-05-06,In Stock
W002,Chicago,P02823,1150,9,1148,20,100,2026-05-12,In Stock
W005,London,P02824,805,29,784,50,250,2026-05-21,In Stock
W006,Berlin,P02825,631,32,600,75,375,2026-05-10,In Stock
W003,Dallas,P02826,961,5,930,50,250,2026-05-16,In Stock
W002,Chicago,P02827,515,17,497,50,250,2026-04-13,In Stock
W004,Los Angeles,P02828,641,15,605,50,250,2026-06-04,In Stock
W006,Berlin,P02829,627,21,594,30,150,2026-04-03,In Stock
W007,Milan,P02830,570,38,543,50,250,2026-04-04,In Stock
W004,Los Angeles,P02831,285,12,262,50,250,2026-03-29,In Stock
W006,Berlin,P02832,418,37,385,75,375,2026-06-06,In Stock
W002,Chicago,P02833,596,13,558,30,150,2026-03-19,In Stock
W006,Berlin,P02834,374,23,359,75,375,2026-05-09,In Stock
W008,Sydney,P02835,554,29,520,100,500,2026-05-16,In Stock
W003,Dallas,P02836,521,4,505,100,500,2026-06-13,In Stock
W007,Milan,P02837,1127,0,1123,75,375,2026-06-04,In Stock
W005,London,P02838,1013,35,976,75,375,2026-03-15,In Stock
W005,London,P02839,1046,26,1034,100,500,2026-05-25,In Stock
W001,New York,P02840,875,38,869,75,375,2026-04-29,In Stock
W007,Milan,P02841,792,7,784,50,250,2026-06-05,In Stock
W002,Chicago,P02842,740,2,736,20,100,2026-05-24,In Stock
W002,Chicago,P02843,1123,17,1115,100,500,2026-03-20,In Stock
W002,Chicago,P02844,866,2,830,30,150,2026-06-21,In Stock
W001,New York,P02845,228,39,211,50,250,2026-05-23,In Stock
W007,Milan,P02846,492,14,453,30,150,2026-04-12,In Stock
W005,London,P02847,1131,15,1122,50,250,2026-06-26,In Stock
W006,Berlin,P02848,450,24,437,30,150,2026-04-20,In Stock
W001,New York,P02849,328,36,289,20,100,2026-05-25,In Stock
W008,Sydney,P02850,255,15,229,20,100,2026-05-31,In Stock
W004,Los Angeles,P02851,941,10,930,100,500,2026-03-03,In Stock
W004,Los Angeles,P02852,572,0,557,20,100,2026-04-04,In Stock
W005,London,P02853,891,38,867,100,500,2026-05-02,In Stock
W004,Los Angeles,P02854,475,5,449,20,100,2026-03-29,In Stock
W008,Sydney,P02855,906,24,867,30,150,2026-03-24,In Stock
W007,Milan,P02856,47,17,34,100,500,2026-03-08,Low Stock
W008,Sydney,P02857,894,21,874,100,500,2026-06-26,In Stock
W008,Sydney,P02858,1039,24,1011,100,500,2026-04-12,In Stock
W004,Los Angeles,P02859,763,4,725,30,150,2026-03-13,In Stock
W007,Milan,P02860,344,13,331,75,375,2026-05-19,In Stock
W006,Berlin,P02861,829,15,811,50,250,2026-03-05,In Stock
W004,Los Angeles,P02862,777,30,776,100,500,2026-04-02,In Stock
W004,Los Angeles,P02863,132,1,108,75,375,2026-04-16,In Stock
W006,Berlin,P02864,736,1,705,75,375,2026-05-04,In Stock
W008,Sydney,P02865,868,27,852,20,100,2026-05-15,In Stock
W004,Los Angeles,P02866,551,16,521,50,250,2026-06-08,In Stock
W003,Dallas,P02867,448,33,410,100,500,2026-04-22,In Stock
W004,Los Angeles,P02868,74,23,71,75,375,2026-03-23,Low Stock
W004,Los Angeles,P02869,184,5,145,30,150,2026-03-31,In Stock
W001,New York,P02870,512,33,496,20,100,2026-05-02,In Stock
W003,Dallas,P02871,600,27,583,30,150,2026-03-09,In Stock
W003,Dallas,P02872,469,19,459,75,375,2026-04-23,In Stock
W002,Chicago,P02873,474,39,471,20,100,2026-04-16,In Stock
W003,Dallas,P02874,590,30,563,100,500,2026-03-06,In Stock
W003,Dallas,P02875,483,12,445,20,100,2026-03-29,In Stock
W002,Chicago,P02876,137,17,126,20,100,2026-04-21,In Stock
W002,Chicago,P02877,947,23,936,100,500,2026-06-09,In Stock
W003,Dallas,P02878,503,20,493,20,100,2026-03-22,In Stock
W005,London,P02879,1051,32,1019,20,100,2026-03-06,In Stock
W001,New York,P02880,806,10,803,30,150,2026-04-29,In Stock
W003,Dallas,P02881,270,38,247,30,150,2026-04-16,In Stock
W005,London,P02882,947,29,936,30,150,2026-03-30,In Stock
W002,Chicago,P02883,508,40,470,30,150,2026-03-24,In Stock
W001,New York,P02884,137,8,137,75,375,2026-05-23,In Stock
W008,Sydney,P02885,1083,25,1048,75,375,2026-04-20,In Stock
W007,Milan,P02886,1075,33,1053,75,375,2026-03-20,In Stock
W007,Milan,P02887,514,26,504,100,500,2026-04-25,In Stock
W008,Sydney,P02888,258,13,254,20,100,2026-04-13,In Stock
W006,Berlin,P02889,611,38,585,20,100,2026-05-11,In Stock
W007,Milan,P02890,613,1,593,50,250,2026-04-27,In Stock
W004,Los Angeles,P02891,32,27,0,30,150,2026-03-24,In Stock
W003,Dallas,P02892,921,8,902,100,500,2026-05-09,In Stock
W004,Los Angeles,P02893,291,14,263,20,100,2026-05-27,In Stock
W008,Sydney,P02894,817,29,794,75,375,2026-03-08,In Stock
W004,Los Angeles,P02895,948,26,945,30,150,2026-05-28,In Stock
W003,Dallas,P02896,207,23,204,50,250,2026-05-15,In Stock
W008,Sydney,P02897,791,4,753,75,375,2026-05-22,In Stock
W006,Berlin,P02898,1049,30,1047,100,500,2026-03-01,In Stock
W008,Sydney,P02899,138,21,126,50,250,2026-05-20,In Stock
W003,Dallas,P02900,22,4,0,20,100,2026-05-25,In Stock
W001,New York,P02901,50,13,10,100,500,2026-04-23,Low Stock
W006,Berlin,P02902,49,25,28,75,375,2026-03-18,Low Stock
W008,Sydney,P02903,710,20,692,100,500,2026-05-12,In Stock
W001,New York,P02904,1058,7,1030,100,500,2026-03-23,In Stock
W008,Sydney,P02905,887,2,852,100,500,2026-03-27,In Stock
W002,Chicago,P02906,314,21,286,75,375,2026-03-27,In Stock
W005,London,P02907,294,12,289,30,150,2026-04-11,In Stock
W007,Milan,P02908,564,14,562,75,375,2026-06-23,In Stock
W005,London,P02909,24,6,0,30,150,2026-04-17,Low Stock
W004,Los Angeles,P02910,855,27,820,30,150,2026-04-17,In Stock
W005,London,P02911,431,4,421,20,100,2026-03-11,In Stock
W001,New York,P02912,543,4,529,75,375,2026-04-30,In Stock
W003,Dallas,P02913,1010,5,981,20,100,2026-03-17,In Stock
W006,Berlin,P02914,762,16,726,75,375,2026-04-18,In Stock
W006,Berlin,P02915,668,9,631,100,500,2026-04-23,In Stock
W005,London,P02916,502,1,475,30,150,2026-04-28,In Stock
W005,London,P02917,672,19,641,100,500,2026-03-28,In Stock
W007,Milan,P02918,105,19,89,100,500,2026-06-15,In Stock
W003,Dallas,P02919,1136,14,1121,30,150,2026-04-30,In Stock
W003,Dallas,P02920,201,32,178,100,500,2026-05-07,In Stock
W007,Milan,P02921,858,21,839,100,500,2026-06-18,In Stock
W004,Los Angeles,P02922,332,30,328,100,500,2026-03-21,In Stock
W006,Berlin,P02923,116,25,89,75,375,2026-06-09,In Stock
W007,Milan,P02924,969,21,946,20,100,2026-06-13,In Stock
W005,London,P02925,482,31,457,75,375,2026-04-14,In Stock
W004,Los Angeles,P02926,830,15,812,75,375,2026-05-28,In Stock
W003,Dallas,P02927,688,38,668,30,150,2026-04-14,In Stock
W007,Milan,P02928,169,5,164,20,100,2026-03-19,In Stock
W001,New York,P02929,307,27,276,100,500,2026-03-06,In Stock
W002,Chicago,P02930,311,0,281,20,100,2026-06-06,In Stock
W001,New York,P02931,273,23,251,50,250,2026-04-04,In Stock
W002,Chicago,P02932,82,19,61,30,150,2026-06-16,In Stock
W001,New York,P02933,1193,2,1154,20,100,2026-06-28,In Stock
W004,Los Angeles,P02934,348,31,342,75,375,2026-05-25,In Stock
W005,London,P02935,1077,39,1059,20,100,2026-06-11,In Stock
W002,Chicago,P02936,946,16,936,100,500,2026-04-07,In Stock
W002,Chicago,P02937,1016,14,998,100,500,2026-06-24,In Stock
W007,Milan,P02938,693,30,665,30,150,2026-05-14,In Stock
W005,London,P02939,601,26,586,75,375,2026-03-19,In Stock
W005,London,P02940,668,15,639,30,150,2026-06-09,In Stock
W003,Dallas,P02941,75,3,38,20,100,2026-03-08,In Stock
W002,Chicago,P02942,302,28,294,20,100,2026-06-09,In Stock
W002,Chicago,P02943,578,20,541,50,250,2026-05-29,In Stock
W008,Sydney,P02944,891,7,856,75,375,2026-03-27,In Stock
W005,London,P02945,429,2,406,75,375,2026-06-08,In Stock
W007,Milan,P02946,392,4,389,50,250,2026-06-24,In Stock
W005,London,P02947,797,31,768,30,150,2026-04-05,In Stock
W007,Milan,P02948,662,8,642,75,375,2026-03-25,In Stock
W007,Milan,P02949,644,11,644,100,500,2026-03-09,In Stock
W003,Dallas,P02950,513,5,482,75,375,2026-03-08,In Stock
W006,Berlin,P02951,303,8,288,20,100,2026-04-24,In Stock
W008,Sydney,P02952,569,11,543,30,150,2026-06-24,In Stock
W001,New York,P02953,738,39,715,50,250,2026-05-16,In Stock
W001,New York,P02954,214,32,202,75,375,2026-06-01,In Stock
W003,Dallas,P02955,680,17,647,100,500,2026-05-09,In Stock
W004,Los Angeles,P02956,890,29,853,20,100,2026-04-19,In Stock
W005,London,P02957,1103,2,1085,75,375,2026-05-17,In Stock
W001,New York,P02958,834,40,830,100,500,2026-04-29,In Stock
W007,Milan,P02959,949,36,935,100,500,2026-03-02,In Stock
W006,Berlin,P02960,456,16,437,75,375,2026-03-06,In Stock
W001,New York,P02961,469,16,444,100,500,2026-05-26,In Stock
W001,New York,P02962,1086,2,1072,30,150,2026-03-15,In Stock
W008,Sydney,P02963,489,0,462,75,375,2026-06-22,In Stock
W002,Chicago,P02964,560,34,534,100,500,2026-06-26,In Stock
W005,London,P02965,104,37,91,75,375,2026-04-21,In Stock
W005,London,P02966,237,24,202,30,150,2026-03-28,In Stock
W006,Berlin,P02967,362,12,362,100,500,2026-04-02,In Stock
W007,Milan,P02968,163,15,133,50,250,2026-06-26,In Stock
W002,Chicago,P02969,265,10,247,50,250,2026-04-04,In Stock
W005,London,P02970,851,27,838,30,150,2026-03-27,In Stock
W003,Dallas,P02971,740,18,721,20,100,2026-04-20,In Stock
W002,Chicago,P02972,156,7,156,30,150,2026-05-29,In Stock
W002,Chicago,P02973,553,7,525,30,150,2026-05-16,In Stock
W002,Chicago,P02974,1024,29,992,100,500,2026-06-13,In Stock
W008,Sydney,P02975,569,22,564,20,100,2026-05-14,In Stock
W003,Dallas,P02976,794,34,778,30,150,2026-03-28,In Stock
W001,New York,P02977,176,10,167,20,100,2026-05-16,In Stock
W003,Dallas,P02978,1069,12,1039,100,500,2026-03-02,In Stock
W006,Berlin,P02979,61,24,34,50,250,2026-06-15,In Stock
W007,Milan,P02980,434,12,395,30,150,2026-04-08,In Stock
W008,Sydney,P02981,1200,14,1169,20,100,2026-04-18,In Stock
W008,Sydney,P02982,793,23,781,50,250,2026-03-05,In Stock
W001,New York,P02983,74,12,74,75,375,2026-04-16,Low Stock
W006,Berlin,P02984,35,21,9,50,250,2026-03-25,Low Stock
W001,New York,P02985,645,5,637,75,375,2026-03-13,In Stock
W002,Chicago,P02986,1066,7,1029,100,500,2026-06-11,In Stock
W008,Sydney,P02987,1012,35,991,100,500,2026-06-13,In Stock
W001,New York,P02988,649,19,615,30,150,2026-03-15,In Stock
W007,Milan,P02989,600,6,597,20,100,2026-02-28,In Stock
W005,London,P02990,280,24,271,50,250,2026-05-24,In Stock
W006,Berlin,P02991,843,33,820,20,100,2026-06-19,In Stock
W008,Sydney,P02992,631,26,630,50,250,2026-06-25,In Stock
W005,London,P02993,671,5,663,30,150,2026-03-01,In Stock
W002,Chicago,P02994,742,6,726,20,100,2026-03-22,In Stock
W006,Berlin,P02995,651,11,615,20,100,2026-06-01,In Stock
W002,Chicago,P02996,474,17,455,20,100,2026-03-13,In Stock
W002,Chicago,P02997,1124,34,1105,100,500,2026-03-04,In Stock
W005,London,P02998,205,2,186,75,375,2026-03-03,In Stock
W007,Milan,P02999,190,17,187,50,250,2026-06-11,In Stock
W002,Chicago,P03000,193,0,187,100,500,2026-03-06,In Stock
W008,Sydney,P03001,87,23,62,75,375,2026-04-20,In Stock
W002,Chicago,P03002,541,37,506,30,150,2026-03-06,In Stock
W004,Los Angeles,P03003,167,10,156,50,250,2026-04-06,In Stock
W002,Chicago,P03004,34,13,26,75,375,2026-06-07,Low Stock
W004,Los Angeles,P03005,835,33,818,20,100,2026-04-16,In Stock
W004,Los Angeles,P03006,1008,15,1005,100,500,2026-05-04,In Stock
W004,Los Angeles,P03007,795,33,777,30,150,2026-05-15,In Stock
W003,Dallas,P03008,828,26,791,100,500,2026-05-23,In Stock
W005,London,P03009,510,7,484,100,500,2026-05-27,In Stock
W008,Sydney,P03010,2,1,0,20,100,2026-06-04,Low Stock
W005,London,P03011,262,11,225,100,500,2026-06-13,In Stock
W004,Los Angeles,P03012,271,14,256,20,100,2026-03-25,In Stock
W001,New York,P03013,147,8,134,75,375,2026-05-24,In Stock
W002,Chicago,P03014,1176,13,1169,20,100,2026-03-14,In Stock
W001,New York,P03015,846,21,833,20,100,2026-05-02,In Stock
W003,Dallas,P03016,301,23,281,20,100,2026-05-07,In Stock
W007,Milan,P03017,1062,28,1050,50,250,2026-03-11,In Stock
W003,Dallas,P03018,423,22,411,75,375,2026-03-09,In Stock
W004,Los Angeles,P03019,1003,17,976,75,375,2026-06-22,In Stock
W005,London,P03020,6,3,0,75,375,2026-06-21,Low Stock
W001,New York,P03021,939,18,926,100,500,2026-05-07,In Stock
W002,Chicago,P03022,588,18,571,30,150,2026-06-06,In Stock
W007,Milan,P03023,28,25,0,75,375,2026-06-20,Low Stock
W008,Sydney,P03024,712,14,684,50,250,2026-06-03,In Stock
W005,London,P03025,976,17,966,75,375,2026-04-28,In Stock
W004,Los Angeles,P03026,897,1,882,30,150,2026-04-07,In Stock
W008,Sydney,P03027,787,35,755,30,150,2026-04-07,In Stock
W003,Dallas,P03028,224,23,191,50,250,2026-05-27,In Stock
W002,Chicago,P03029,556,19,531,100,500,2026-06-26,In Stock
W002,Chicago,P03030,1161,15,1143,20,100,2026-05-27,In Stock
W004,Los Angeles,P03031,1138,36,1105,100,500,2026-03-03,In Stock
W003,Dallas,P03032,1017,0,1008,100,500,2026-06-26,In Stock
W006,Berlin,P03033,1134,36,1113,75,375,2026-06-28,In Stock
W008,Sydney,P03034,396,6,377,30,150,2026-03-28,In Stock
W007,Milan,P03035,514,37,502,50,250,2026-04-09,In Stock
W007,Milan,P03036,1157,22,1151,100,500,2026-05-11,In Stock
W008,Sydney,P03037,401,20,399,30,150,2026-03-11,In Stock
W006,Berlin,P03038,730,15,696,75,375,2026-05-17,In Stock
W008,Sydney,P03039,466,35,465,75,375,2026-04-01,In Stock
W002,Chicago,P03040,211,8,197,100,500,2026-05-07,In Stock
W001,New York,P03041,419,26,385,75,375,2026-03-26,In Stock
W002,Chicago,P03042,210,28,202,100,500,2026-05-31,In Stock
W004,Los Angeles,P03043,447,6,445,50,250,2026-05-27,In Stock
W001,New York,P03044,837,17,800,20,100,2026-03-07,In Stock
W008,Sydney,P03045,428,21,413,20,100,2026-04-11,In Stock
W002,Chicago,P03046,191,38,157,50,250,2026-03-25,In Stock
W004,Los Angeles,P03047,90,17,56,75,375,2026-06-07,In Stock
W001,New York,P03048,1002,26,981,30,150,2026-06-16,In Stock
W002,Chicago,P03049,1031,14,995,100,500,2026-05-24,In Stock
W001,New York,P03050,874,22,846,50,250,2026-04-18,In Stock
W003,Dallas,P03051,55,40,19,20,100,2026-06-26,In Stock
W005,London,P03052,394,10,380,30,150,2026-03-26,In Stock
W001,New York,P03053,367,13,355,30,150,2026-06-12,In Stock
W005,London,P03054,943,28,929,20,100,2026-04-10,In Stock
W003,Dallas,P03055,64,13,41,20,100,2026-04-09,In Stock
W005,London,P03056,884,4,874,30,150,2026-04-29,In Stock
W007,Milan,P03057,15,11,13,30,150,2026-04-21,Low Stock
W003,Dallas,P03058,860,5,850,20,100,2026-06-01,In Stock
W002,Chicago,P03059,314,6,287,75,375,2026-05-30,In Stock
W003,Dallas,P03060,545,35,512,100,500,2026-03-05,In Stock
W006,Berlin,P03061,927,38,893,30,150,2026-04-05,In Stock
W004,Los Angeles,P03062,919,11,880,75,375,2026-03-13,In Stock
W008,Sydney,P03063,571,16,533,50,250,2026-06-01,In Stock
W001,New York,P03064,401,18,377,75,375,2026-03-22,In Stock
W008,Sydney,P03065,186,7,178,100,500,2026-03-05,In Stock
W001,New York,P03066,470,7,435,100,500,2026-04-28,In Stock
W007,Milan,P03067,1189,3,1156,30,150,2026-06-05,In Stock
W004,Los Angeles,P03068,258,3,226,30,150,2026-03-11,In Stock
W002,Chicago,P03069,494,35,489,100,500,2026-05-16,In Stock
W002,Chicago,P03070,531,21,496,50,250,2026-06-11,In Stock
W003,Dallas,P03071,90,31,77,75,375,2026-06-11,In Stock
W004,Los Angeles,P03072,183,9,144,100,500,2026-05-03,In Stock
W002,Chicago,P03073,864,5,844,100,500,2026-05-01,In Stock
W003,Dallas,P03074,565,1,563,50,250,2026-03-23,In Stock
W001,New York,P03075,55,1,50,20,100,2026-05-18,In Stock
W003,Dallas,P03076,1199,5,1187,20,100,2026-04-28,In Stock
W002,Chicago,P03077,899,23,896,100,500,2026-03-20,In Stock
W001,New York,P03078,306,20,282,50,250,2026-04-03,In Stock
W002,Chicago,P03079,1032,18,1016,50,250,2026-06-08,In Stock
W002,Chicago,P03080,1117,38,1081,30,150,2026-04-20,In Stock
W008,Sydney,P03081,588,33,584,75,375,2026-06-09,In Stock
W003,Dallas,P03082,591,39,589,100,500,2026-05-19,In Stock
W007,Milan,P03083,960,32,933,20,100,2026-04-30,In Stock
W001,New York,P03084,90,3,90,100,500,2026-04-05,Low Stock
W005,London,P03085,503,22,463,75,375,2026-05-16,In Stock
W002,Chicago,P03086,740,17,707,100,500,2026-06-09,In Stock
W007,Milan,P03087,773,7,758,100,500,2026-05-07,In Stock
W003,Dallas,P03088,551,14,531,100,500,2026-05-12,In Stock
W001,New York,P03089,749,10,713,50,250,2026-05-11,In Stock
W001,New York,P03090,1131,40,1101,20,100,2026-06-22,In Stock
W007,Milan,P03091,425,26,387,30,150,2026-03-11,In Stock
W008,Sydney,P03092,727,39,687,20,100,2026-02-28,In Stock
W003,Dallas,P03093,257,3,240,20,100,2026-03-18,In Stock
W001,New York,P03094,250,16,217,75,375,2026-06-13,In Stock
W001,New York,P03095,535,11,500,50,250,2026-04-29,In Stock
W008,Sydney,P03096,509,12,485,100,500,2026-03-29,In Stock
W004,Los Angeles,P03097,1082,25,1065,20,100,2026-05-28,In Stock
W003,Dallas,P03098,134,25,95,30,150,2026-04-03,In Stock
W005,London,P03099,349,36,330,100,500,2026-05-07,In Stock
W005,London,P03100,324,15,298,20,100,2026-03-24,In Stock
W003,Dallas,P03101,754,27,741,100,500,2026-06-15,In Stock
W005,London,P03102,515,29,513,20,100,2026-03-15,In Stock
W007,Milan,P03103,597,10,575,75,375,2026-03-24,In Stock
W006,Berlin,P03104,595,11,570,20,100,2026-03-20,In Stock
W004,Los Angeles,P03105,755,34,744,50,250,2026-05-22,In Stock
W004,Los Angeles,P03106,47,30,23,20,100,2026-05-20,In Stock
W007,Milan,P03107,573,32,537,50,250,2026-03-16,In Stock
W001,New York,P03108,462,23,447,20,100,2026-04-18,In Stock
W003,Dallas,P03109,564,8,535,50,250,2026-04-11,In Stock
W001,New York,P03110,696,18,656,20,100,2026-06-21,In Stock
W005,London,P03111,489,13,476,30,150,2026-03-23,In Stock
W006,Berlin,P03112,397,16,360,100,500,2026-05-19,In Stock
W002,Chicago,P03113,808,9,802,30,150,2026-06-17,In Stock
W002,Chicago,P03114,931,29,924,100,500,2026-04-20,In Stock
W001,New York,P03115,406,37,401,30,150,2026-04-09,In Stock
W004,Los Angeles,P03116,1008,8,983,30,150,2026-04-07,In Stock
W006,Berlin,P03117,462,26,460,20,100,2026-03-28,In Stock
W002,Chicago,P03118,171,32,140,100,500,2026-03-23,In Stock
W006,Berlin,P03119,797,29,765,20,100,2026-03-11,In Stock
W007,Milan,P03120,1131,0,1131,100,500,2026-03-04,In Stock
W003,Dallas,P03121,427,1,390,20,100,2026-06-15,In Stock
W006,Berlin,P03122,849,35,841,20,100,2026-03-13,In Stock
W001,New York,P03123,500,21,470,75,375,2026-04-08,In Stock
W008,Sydney,P03124,540,38,533,50,250,2026-03-28,In Stock
W007,Milan,P03125,6,5,0,100,500,2026-05-09,Low Stock
W006,Berlin,P03126,708,3,704,30,150,2026-05-20,In Stock
W002,Chicago,P03127,252,40,216,100,500,2026-05-23,In Stock
W002,Chicago,P03128,1104,14,1090,50,250,2026-05-09,In Stock
W008,Sydney,P03129,702,37,694,20,100,2026-03-24,In Stock
W007,Milan,P03130,398,10,385,30,150,2026-04-12,In Stock
W003,Dallas,P03131,150,28,133,30,150,2026-05-17,In Stock
W006,Berlin,P03132,856,5,840,20,100,2026-03-01,In Stock
W001,New York,P03133,602,33,568,30,150,2026-05-07,In Stock
W001,New York,P03134,751,21,736,20,100,2026-04-26,In Stock
W007,Milan,P03135,877,2,844,75,375,2026-04-01,In Stock
W002,Chicago,P03136,238,27,237,30,150,2026-02-28,In Stock
W001,New York,P03137,395,33,382,20,100,2026-05-13,In Stock
W007,Milan,P03138,814,5,813,100,500,2026-05-10,In Stock
W003,Dallas,P03139,933,20,920,20,100,2026-06-16,In Stock
W003,Dallas,P03140,447,21,425,50,250,2026-06-22,In Stock
W007,Milan,P03141,1042,11,1015,100,500,2026-04-16,In Stock
W002,Chicago,P03142,994,27,959,75,375,2026-04-07,In Stock
W003,Dallas,P03143,431,16,413,100,500,2026-03-25,In Stock
W001,New York,P03144,237,19,202,30,150,2026-06-28,In Stock
W008,Sydney,P03145,397,19,382,50,250,2026-04-28,In Stock
W003,Dallas,P03146,834,13,820,20,100,2026-04-07,In Stock
W006,Berlin,P03147,254,6,231,20,100,2026-05-02,In Stock
W001,New York,P03148,97,23,61,100,500,2026-04-15,Low Stock
W002,Chicago,P03149,592,36,581,50,250,2026-03-01,In Stock
W001,New York,P03150,927,37,917,50,250,2026-05-08,In Stock
W007,Milan,P03151,1172,18,1137,75,375,2026-04-07,In Stock
W008,Sydney,P03152,183,18,174,100,500,2026-04-21,In Stock
W006,Berlin,P03153,1186,40,1150,75,375,2026-05-28,In Stock
W003,Dallas,P03154,676,6,658,100,500,2026-06-26,In Stock
W005,London,P03155,1166,12,1155,100,500,2026-03-07,In Stock
W004,Los Angeles,P03156,221,14,203,30,150,2026-03-21,In Stock
W003,Dallas,P03157,880,36,845,75,375,2026-02-28,In Stock
W001,New York,P03158,835,1,800,100,500,2026-04-29,In Stock
W003,Dallas,P03159,815,29,789,20,100,2026-03-06,In Stock
W001,New York,P03160,905,13,886,30,150,2026-04-18,In Stock
W004,Los Angeles,P03161,1064,14,1044,100,500,2026-04-04,In Stock
W006,Berlin,P03162,499,8,464,100,500,2026-03-24,In Stock
W001,New York,P03163,583,22,557,20,100,2026-03-07,In Stock
W002,Chicago,P03164,291,39,264,100,500,2026-05-16,In Stock
W001,New York,P03165,1124,25,1087,30,150,2026-03-23,In Stock
W006,Berlin,P03166,1115,27,1098,30,150,2026-06-17,In Stock
W007,Milan,P03167,1173,22,1147,75,375,2026-04-09,In Stock
W002,Chicago,P03168,443,35,413,20,100,2026-03-17,In Stock
W007,Milan,P03169,201,12,168,30,150,2026-05-19,In Stock
W006,Berlin,P03170,246,12,229,50,250,2026-05-08,In Stock
W003,Dallas,P03171,492,19,460,100,500,2026-05-25,In Stock
W001,New York,P03172,60,30,46,30,150,2026-06-28,In Stock
W001,New York,P03173,1052,38,1027,75,375,2026-03-04,In Stock
W007,Milan,P03174,128,7,104,20,100,2026-04-25,In Stock
W004,Los Angeles,P03175,153,12,114,20,100,2026-05-17,In Stock
W001,New York,P03176,98,24,65,20,100,2026-06-21,In Stock
W005,London,P03177,164,40,126,50,250,2026-06-19,In Stock
W006,Berlin,P03178,111,26,100,75,375,2026-03-10,In Stock
W004,Los Angeles,P03179,1192,26,1152,75,375,2026-06-10,In Stock
W001,New York,P03180,754,40,737,30,150,2026-05-25,In Stock
W001,New York,P03181,1014,28,976,75,375,2026-05-23,In Stock
W007,Milan,P03182,332,28,324,20,100,2026-03-28,In Stock
W007,Milan,P03183,843,38,835,30,150,2026-05-15,In Stock
W001,New York,P03184,1137,31,1097,20,100,2026-03-15,In Stock
W008,Sydney,P03185,787,10,751,20,100,2026-03-31,In Stock
W002,Chicago,P03186,539,25,506,20,100,2026-04-03,In Stock
W005,London,P03187,137,12,125,30,150,2026-05-01,In Stock
W004,Los Angeles,P03188,182,20,160,30,150,2026-03-29,In Stock
W003,Dallas,P03189,414,25,408,50,250,2026-04-30,In Stock
W002,Chicago,P03190,950,13,940,20,100,2026-04-03,In Stock
W002,Chicago,P03191,160,10,160,100,500,2026-05-11,In Stock
W002,Chicago,P03192,448,15,416,75,375,2026-04-04,In Stock
W006,Berlin,P03193,271,31,237,75,375,2026-04-16,In Stock
W006,Berlin,P03194,770,12,757,20,100,2026-05-02,In Stock
W002,Chicago,P03195,1116,19,1100,50,250,2026-04-14,In Stock
W001,New York,P03196,345,20,342,100,500,2026-06-10,In Stock
W007,Milan,P03197,602,2,596,100,500,2026-05-04,In Stock
W005,London,P03198,583,15,555,20,100,2026-06-02,In Stock
W005,London,P03199,208,30,174,75,375,2026-06-15,In Stock
W003,Dallas,P03200,948,32,938,75,375,2026-03-03,In Stock
W003,Dallas,P03201,153,10,113,20,100,2026-06-17,In Stock
W008,Sydney,P03202,1098,6,1058,30,150,2026-06-04,In Stock
W005,London,P03203,1063,10,1027,75,375,2026-04-20,In Stock
W006,Berlin,P03204,1006,28,992,100,500,2026-03-23,In Stock
W007,Milan,P03205,474,15,467,100,500,2026-03-12,In Stock
W003,Dallas,P03206,1113,26,1112,50,250,2026-05-16,In Stock
W004,Los Angeles,P03207,1172,1,1141,75,375,2026-03-20,In Stock
W007,Milan,P03208,824,29,794,20,100,2026-03-31,In Stock
W001,New York,P03209,824,15,799,75,375,2026-04-23,In Stock
W003,Dallas,P03210,31,0,7,50,250,2026-04-20,Low Stock
W003,Dallas,P03211,172,11,158,30,150,2026-04-09,In Stock
W006,Berlin,P03212,671,5,646,30,150,2026-04-03,In Stock
W006,Berlin,P03213,30,17,2,50,250,2026-03-01,Low Stock
W002,Chicago,P03214,542,36,533,75,375,2026-03-27,In Stock
W002,Chicago,P03215,1070,4,1034,30,150,2026-06-11,In Stock
W006,Berlin,P03216,1162,29,1124,75,375,2026-06-23,In Stock
W005,London,P03217,481,39,443,75,375,2026-04-20,In Stock
W005,London,P03218,1119,10,1111,20,100,2026-03-06,In Stock
W001,New York,P03219,677,38,663,20,100,2026-04-05,In Stock
W007,Milan,P03220,513,18,505,100,500,2026-05-21,In Stock
W006,Berlin,P03221,1048,40,1044,100,500,2026-04-07,In Stock
W002,Chicago,P03222,580,28,540,50,250,2026-04-20,In Stock
W008,Sydney,P03223,73,5,51,75,375,2026-03-02,Low Stock
W003,Dallas,P03224,481,25,453,100,500,2026-05-10,In Stock
W008,Sydney,P03225,401,11,400,100,500,2026-03-01,In Stock
W008,Sydney,P03226,562,4,523,75,375,2026-06-20,In Stock
W008,Sydney,P03227,1013,34,982,100,500,2026-05-10,In Stock
W003,Dallas,P03228,1176,32,1145,75,375,2026-03-29,In Stock
W003,Dallas,P03229,265,33,229,50,250,2026-06-03,In Stock
W008,Sydney,P03230,78,20,45,100,500,2026-06-28,Low Stock
W007,Milan,P03231,381,23,378,30,150,2026-03-31,In Stock
W005,London,P03232,61,24,37,50,250,2026-03-27,In Stock
W006,Berlin,P03233,935,2,934,100,500,2026-04-03,In Stock
W002,Chicago,P03234,343,34,332,50,250,2026-03-21,In Stock
W006,Berlin,P03235,767,16,756,50,250,2026-03-01,In Stock
W007,Milan,P03236,943,25,931,100,500,2026-06-11,In Stock
W006,Berlin,P03237,602,40,587,30,150,2026-04-08,In Stock
W003,Dallas,P03238,1090,17,1065,100,500,2026-03-14,In Stock
W004,Los Angeles,P03239,398,36,392,100,500,2026-05-16,In Stock
W007,Milan,P03240,336,5,316,50,250,2026-06-05,In Stock
W006,Berlin,P03241,989,21,965,30,150,2026-06-07,In Stock
W003,Dallas,P03242,826,14,812,100,500,2026-05-16,In Stock
W006,Berlin,P03243,209,32,203,30,150,2026-04-18,In Stock
W007,Milan,P03244,756,1,725,50,250,2026-04-23,In Stock
W005,London,P03245,791,20,790,100,500,2026-04-11,In Stock
W006,Berlin,P03246,998,16,984,50,250,2026-06-28,In Stock
W004,Los Angeles,P03247,627,7,595,100,500,2026-03-15,In Stock
W002,Chicago,P03248,231,38,201,75,375,2026-06-07,In Stock
W001,New York,P03249,407,21,370,100,500,2026-05-29,In Stock
W005,London,P03250,77,23,64,20,100,2026-05-09,In Stock
W005,London,P03251,180,18,151,50,250,2026-06-15,In Stock
W006,Berlin,P03252,671,6,658,30,150,2026-03-27,In Stock
W003,Dallas,P03253,749,13,723,100,500,2026-04-29,In Stock
W002,Chicago,P03254,487,28,467,75,375,2026-06-23,In Stock
W001,New York,P03255,544,6,526,30,150,2026-03-22,In Stock
W002,Chicago,P03256,72,11,43,50,250,2026-05-10,In Stock
W002,Chicago,P03257,1072,35,1069,75,375,2026-04-12,In Stock
W003,Dallas,P03258,978,17,955,20,100,2026-06-12,In Stock
W004,Los Angeles,P03259,1053,35,1031,100,500,2026-05-08,In Stock
W003,Dallas,P03260,280,35,253,50,250,2026-05-06,In Stock
W001,New York,P03261,664,32,638,100,500,2026-03-19,In Stock
W008,Sydney,P03262,1103,17,1084,75,375,2026-03-10,In Stock
W003,Dallas,P03263,283,21,251,75,375,2026-05-16,In Stock
W005,London,P03264,1108,37,1081,50,250,2026-05-13,In Stock
W006,Berlin,P03265,589,32,581,30,150,2026-05-21,In Stock
W002,Chicago,P03266,169,21,168,75,375,2026-06-11,In Stock
W001,New York,P03267,80,9,61,20,100,2026-05-12,In Stock
W004,Los Angeles,P03268,1200,4,1185,30,150,2026-06-12,In Stock
W002,Chicago,P03269,667,4,654,50,250,2026-06-28,In Stock
W006,Berlin,P03270,696,2,663,75,375,2026-06-02,In Stock
W007,Milan,P03271,1137,6,1119,30,150,2026-05-21,In Stock
W005,London,P03272,1064,39,1040,100,500,2026-05-10,In Stock
W008,Sydney,P03273,295,14,268,75,375,2026-05-02,In Stock
W008,Sydney,P03274,599,9,599,75,375,2026-06-12,In Stock
W006,Berlin,P03275,1055,23,1037,30,150,2026-06-02,In Stock
W002,Chicago,P03276,1076,11,1042,30,150,2026-03-17,In Stock
W002,Chicago,P03277,273,4,265,30,150,2026-06-03,In Stock
W003,Dallas,P03278,14,9,9,50,250,2026-06-21,Low Stock
W007,Milan,P03279,16,16,1,20,100,2026-05-06,Low Stock
W005,London,P03280,1002,13,967,30,150,2026-04-30,In Stock
W006,Berlin,P03281,49,10,19,100,500,2026-05-08,Low Stock
W002,Chicago,P03282,933,11,911,30,150,2026-04-28,In Stock
W008,Sydney,P03283,657,23,622,50,250,2026-04-09,In Stock
W005,London,P03284,990,24,981,30,150,2026-03-10,In Stock
W001,New York,P03285,666,39,661,30,150,2026-04-24,In Stock
W008,Sydney,P03286,783,15,777,100,500,2026-05-09,In Stock
W001,New York,P03287,1125,28,1118,30,150,2026-04-07,In Stock
W008,Sydney,P03288,359,29,346,20,100,2026-06-03,In Stock
W008,Sydney,P03289,444,37,433,100,500,2026-03-13,In Stock
W001,New York,P03290,667,11,658,30,150,2026-04-16,In Stock
W004,Los Angeles,P03291,843,6,816,30,150,2026-03-18,In Stock
W006,Berlin,P03292,1198,40,1179,20,100,2026-05-29,In Stock
W003,Dallas,P03293,484,20,461,30,150,2026-03-31,In Stock
W004,Los Angeles,P03294,1182,13,1162,100,500,2026-04-18,In Stock
W005,London,P03295,546,7,515,75,375,2026-03-28,In Stock
W008,Sydney,P03296,1009,10,984,30,150,2026-05-22,In Stock
W004,Los Angeles,P03297,40,21,24,100,500,2026-03-10,Low Stock
W005,London,P03298,1182,39,1175,75,375,2026-06-05,In Stock
W008,Sydney,P03299,1192,0,1181,75,375,2026-04-16,In Stock
W003,Dallas,P03300,901,10,898,20,100,2026-05-17,In Stock
W004,Los Angeles,P03301,959,31,952,100,500,2026-06-01,In Stock
W008,Sydney,P03302,669,37,634,30,150,2026-03-03,In Stock
W004,Los Angeles,P03303,267,1,261,30,150,2026-06-11,In Stock
W006,Berlin,P03304,813,35,801,20,100,2026-06-06,In Stock
W001,New York,P03305,91,35,60,50,250,2026-04-12,In Stock
W008,Sydney,P03306,1062,32,1026,100,500,2026-05-03,In Stock
W006,Berlin,P03307,431,32,409,50,250,2026-06-05,In Stock
W004,Los Angeles,P03308,1095,3,1093,75,375,2026-06-03,In Stock
W001,New York,P03309,569,15,545,50,250,2026-04-07,In Stock
W002,Chicago,P03310,1172,20,1165,100,500,2026-05-01,In Stock
W002,Chicago,P03311,710,13,674,30,150,2026-03-05,In Stock
W002,Chicago,P03312,46,36,36,30,150,2026-03-21,In Stock
W006,Berlin,P03313,49,19,37,20,100,2026-04-28,In Stock
W005,London,P03314,1047,3,1008,30,150,2026-03-15,In Stock
W004,Los Angeles,P03315,10,6,0,100,500,2026-06-18,Low Stock
W004,Los Angeles,P03316,1023,38,1016,20,100,2026-06-10,In Stock
W007,Milan,P03317,99,9,92,30,150,2026-06-02,In Stock
W003,Dallas,P03318,241,26,212,75,375,2026-03-24,In Stock
W003,Dallas,P03319,109,38,104,20,100,2026-06-14,In Stock
W002,Chicago,P03320,783,6,775,75,375,2026-03-04,In Stock
W003,Dallas,P03321,85,39,83,20,100,2026-05-02,In Stock
W003,Dallas,P03322,702,28,687,100,500,2026-06-03,In Stock
W004,Los Angeles,P03323,75,36,63,50,250,2026-05-04,In Stock
W007,Milan,P03324,690,34,690,30,150,2026-04-05,In Stock
W003,Dallas,P03325,932,33,926,50,250,2026-06-09,In Stock
W005,London,P03326,360,5,342,20,100,2026-06-26,In Stock
W007,Milan,P03327,1074,21,1074,30,150,2026-04-16,In Stock
W006,Berlin,P03328,275,38,257,30,150,2026-05-11,In Stock
W003,Dallas,P03329,35,12,12,100,500,2026-05-15,Low Stock
W007,Milan,P03330,135,13,99,20,100,2026-04-13,In Stock
W006,Berlin,P03331,262,31,261,100,500,2026-03-21,In Stock
W002,Chicago,P03332,468,7,459,75,375,2026-05-24,In Stock
W004,Los Angeles,P03333,868,35,848,50,250,2026-04-20,In Stock
W006,Berlin,P03334,793,8,780,50,250,2026-03-12,In Stock
W001,New York,P03335,531,9,530,20,100,2026-06-10,In Stock
W008,Sydney,P03336,110,7,87,75,375,2026-04-11,In Stock
W003,Dallas,P03337,981,35,950,30,150,2026-05-24,In Stock
W001,New York,P03338,340,39,337,100,500,2026-05-03,In Stock
W002,Chicago,P03339,883,37,882,75,375,2026-05-07,In Stock
W004,Los Angeles,P03340,266,18,233,30,150,2026-04-06,In Stock
W002,Chicago,P03341,701,16,691,50,250,2026-03-15,In Stock
W001,New York,P03342,454,2,439,50,250,2026-06-21,In Stock
W002,Chicago,P03343,34,23,9,100,500,2026-04-26,Low Stock
W008,Sydney,P03344,754,19,715,75,375,2026-06-20,In Stock
W006,Berlin,P03345,906,22,883,100,500,2026-05-23,In Stock
W007,Milan,P03346,353,16,323,30,150,2026-03-13,In Stock
W002,Chicago,P03347,280,29,253,50,250,2026-06-28,In Stock
W002,Chicago,P03348,90,3,83,100,500,2026-03-18,Low Stock
W002,Chicago,P03349,79,1,53,30,150,2026-04-19,In Stock
W004,Los Angeles,P03350,205,25,188,75,375,2026-03-23,In Stock
W002,Chicago,P03351,1001,27,968,30,150,2026-06-23,In Stock
W001,New York,P03352,1058,23,1030,20,100,2026-06-15,In Stock
W003,Dallas,P03353,62,21,59,20,100,2026-04-30,In Stock
W002,Chicago,P03354,400,2,374,100,500,2026-05-02,In Stock
W002,Chicago,P03355,504,29,490,20,100,2026-05-17,In Stock
W002,Chicago,P03356,97,23,64,50,250,2026-05-24,In Stock
W008,Sydney,P03357,614,25,603,30,150,2026-06-14,In Stock
W004,Los Angeles,P03358,50,36,23,20,100,2026-06-05,In Stock
W006,Berlin,P03359,1088,22,1060,100,500,2026-05-05,In Stock
W007,Milan,P03360,519,1,506,75,375,2026-06-13,In Stock
W001,New York,P03361,683,12,645,30,150,2026-05-08,In Stock
W003,Dallas,P03362,900,27,875,50,250,2026-05-04,In Stock
W003,Dallas,P03363,161,37,157,50,250,2026-04-22,In Stock
W004,Los Angeles,P03364,283,1,281,75,375,2026-06-21,In Stock
W005,London,P03365,825,27,819,75,375,2026-05-20,In Stock
W006,Berlin,P03366,51,7,48,20,100,2026-05-02,In Stock
W008,Sydney,P03367,957,16,955,20,100,2026-06-26,In Stock
W005,London,P03368,1199,34,1164,30,150,2026-06-20,In Stock
W005,London,P03369,1175,20,1160,20,100,2026-04-04,In Stock
W002,Chicago,P03370,648,2,632,30,150,2026-04-11,In Stock
W001,New York,P03371,609,31,584,100,500,2026-03-20,In Stock
W008,Sydney,P03372,458,12,429,20,100,2026-04-14,In Stock
W008,Sydney,P03373,246,24,208,75,375,2026-04-18,In Stock
W005,London,P03374,209,24,203,75,375,2026-06-09,In Stock
W004,Los Angeles,P03375,993,3,962,50,250,2026-04-28,In Stock
W005,London,P03376,508,11,488,30,150,2026-05-04,In Stock
W003,Dallas,P03377,431,37,393,100,500,2026-05-22,In Stock
W002,Chicago,P03378,913,4,897,20,100,2026-06-07,In Stock
W007,Milan,P03379,285,13,256,20,100,2026-06-22,In Stock
W008,Sydney,P03380,1107,6,1102,30,150,2026-05-07,In Stock
W001,New York,P03381,324,40,284,20,100,2026-05-26,In Stock
W002,Chicago,P03382,1117,15,1094,20,100,2026-04-02,In Stock
W008,Sydney,P03383,300,5,272,20,100,2026-06-26,In Stock
W005,London,P03384,1040,4,1006,20,100,2026-03-02,In Stock
W007,Milan,P03385,532,34,524,50,250,2026-06-08,In Stock
W002,Chicago,P03386,924,33,892,50,250,2026-03-26,In Stock
W004,Los Angeles,P03387,1169,32,1146,75,375,2026-05-03,In Stock
W001,New York,P03388,1104,3,1103,30,150,2026-05-26,In Stock
W001,New York,P03389,857,20,827,75,375,2026-04-04,In Stock
W002,Chicago,P03390,368,24,332,30,150,2026-06-18,In Stock
W005,London,P03391,825,5,815,20,100,2026-04-24,In Stock
W008,Sydney,P03392,553,38,526,30,150,2026-04-18,In Stock
W003,Dallas,P03393,948,37,918,75,375,2026-04-04,In Stock
W001,New York,P03394,547,37,525,20,100,2026-05-30,In Stock
W002,Chicago,P03395,529,37,502,20,100,2026-06-14,In Stock
W006,Berlin,P03396,874,31,839,20,100,2026-04-07,In Stock
W004,Los Angeles,P03397,362,18,327,75,375,2026-04-18,In Stock
W004,Los Angeles,P03398,682,22,676,75,375,2026-03-21,In Stock
W008,Sydney,P03399,1189,11,1171,75,375,2026-04-08,In Stock
W001,New York,P03400,863,39,839,50,250,2026-05-10,In Stock
W004,Los Angeles,P03401,542,27,541,100,500,2026-05-25,In Stock
W008,Sydney,P03402,1047,9,1043,50,250,2026-05-03,In Stock
W001,New York,P03403,313,21,307,100,500,2026-05-10,In Stock
W003,Dallas,P03404,327,37,312,50,250,2026-03-15,In Stock
W007,Milan,P03405,563,34,555,100,500,2026-06-28,In Stock
W004,Los Angeles,P03406,544,25,510,100,500,2026-03-31,In Stock
W004,Los Angeles,P03407,84,8,68,75,375,2026-05-09,In Stock
W008,Sydney,P03408,309,28,271,100,500,2026-04-16,In Stock
W002,Chicago,P03409,870,39,866,20,100,2026-06-17,In Stock
W005,London,P03410,151,7,114,30,150,2026-03-06,In Stock
W004,Los Angeles,P03411,732,40,722,100,500,2026-03-15,In Stock
W004,Los Angeles,P03412,834,14,821,20,100,2026-04-29,In Stock
W007,Milan,P03413,0,0,0,50,250,2026-06-23,Low Stock
W005,London,P03414,657,32,651,100,500,2026-05-08,In Stock
W006,Berlin,P03415,44,23,27,30,150,2026-03-24,In Stock
W005,London,P03416,1014,16,1007,30,150,2026-04-11,In Stock
W002,Chicago,P03417,878,2,866,50,250,2026-03-31,In Stock
W005,London,P03418,560,36,534,20,100,2026-05-08,In Stock
W002,Chicago,P03419,962,4,929,75,375,2026-06-12,In Stock
W005,London,P03420,1102,34,1062,100,500,2026-06-23,In Stock
W001,New York,P03421,820,35,811,75,375,2026-06-16,In Stock
W005,London,P03422,163,17,137,75,375,2026-04-23,In Stock
W002,Chicago,P03423,463,39,452,50,250,2026-03-03,In Stock
W007,Milan,P03424,771,34,744,50,250,2026-04-11,In Stock
W004,Los Angeles,P03425,1191,39,1156,75,375,2026-05-03,In Stock
W005,London,P03426,1037,36,1018,75,375,2026-04-01,In Stock
W002,Chicago,P03427,670,37,654,50,250,2026-05-19,In Stock
W001,New York,P03428,226,39,218,20,100,2026-03-28,In Stock
W003,Dallas,P03429,119,23,104,75,375,2026-03-31,In Stock
W007,Milan,P03430,91,7,87,50,250,2026-04-29,In Stock
W002,Chicago,P03431,865,14,827,20,100,2026-04-21,In Stock
W007,Milan,P03432,424,20,409,75,375,2026-05-07,In Stock
W003,Dallas,P03433,204,37,188,100,500,2026-05-18,In Stock
W006,Berlin,P03434,114,31,114,75,375,2026-06-22,In Stock
W001,New York,P03435,1172,8,1153,50,250,2026-04-22,In Stock
W005,London,P03436,366,18,342,20,100,2026-05-11,In Stock
W005,London,P03437,1140,27,1113,100,500,2026-04-26,In Stock
W007,Milan,P03438,102,27,86,50,250,2026-06-08,In Stock
W001,New York,P03439,636,27,613,50,250,2026-04-27,In Stock
W008,Sydney,P03440,696,1,660,100,500,2026-05-02,In Stock
W005,London,P03441,653,12,621,30,150,2026-03-17,In Stock
W001,New York,P03442,870,15,847,30,150,2026-05-26,In Stock
W007,Milan,P03443,780,40,769,30,150,2026-03-22,In Stock
W007,Milan,P03444,689,3,683,50,250,2026-05-09,In Stock
W006,Berlin,P03445,710,3,710,30,150,2026-04-01,In Stock
W007,Milan,P03446,328,7,317,30,150,2026-06-09,In Stock
W005,London,P03447,370,27,340,75,375,2026-04-01,In Stock
W008,Sydney,P03448,636,8,616,75,375,2026-04-11,In Stock
W002,Chicago,P03449,799,6,794,20,100,2026-06-06,In Stock
W005,London,P03450,204,23,172,20,100,2026-03-16,In Stock
W005,London,P03451,1092,40,1068,100,500,2026-06-21,In Stock
W001,New York,P03452,1099,6,1069,20,100,2026-04-14,In Stock
W007,Milan,P03453,985,35,977,75,375,2026-06-03,In Stock
W002,Chicago,P03454,354,38,332,100,500,2026-05-03,In Stock
W001,New York,P03455,559,8,533,75,375,2026-03-19,In Stock
W005,London,P03456,336,4,327,75,375,2026-03-27,In Stock
W002,Chicago,P03457,337,13,304,20,100,2026-05-27,In Stock
W004,Los Angeles,P03458,980,14,953,50,250,2026-05-15,In Stock
W007,Milan,P03459,1090,29,1055,20,100,2026-05-15,In Stock
W003,Dallas,P03460,754,32,743,50,250,2026-05-20,In Stock
W003,Dallas,P03461,252,14,220,100,500,2026-05-18,In Stock
W005,London,P03462,741,3,739,50,250,2026-04-03,In Stock
W007,Milan,P03463,521,23,503,50,250,2026-04-06,In Stock
W008,Sydney,P03464,693,12,689,30,150,2026-06-14,In Stock
W003,Dallas,P03465,396,28,378,30,150,2026-03-22,In Stock
W008,Sydney,P03466,173,28,148,75,375,2026-03-23,In Stock
W004,Los Angeles,P03467,497,10,466,50,250,2026-06-07,In Stock
W001,New York,P03468,392,34,368,100,500,2026-04-02,In Stock
W003,Dallas,P03469,149,22,149,75,375,2026-04-06,In Stock
W001,New York,P03470,137,24,122,100,500,2026-03-15,In Stock
W001,New York,P03471,522,40,510,50,250,2026-06-24,In Stock
W007,Milan,P03472,470,34,438,50,250,2026-03-14,In Stock
W003,Dallas,P03473,546,14,525,100,500,2026-03-12,In Stock
W004,Los Angeles,P03474,625,2,585,20,100,2026-03-26,In Stock
W002,Chicago,P03475,1054,25,1026,20,100,2026-04-29,In Stock
W005,London,P03476,1053,27,1031,20,100,2026-06-06,In Stock
W005,London,P03477,520,23,504,50,250,2026-05-26,In Stock
W007,Milan,P03478,109,13,75,100,500,2026-03-08,In Stock
W006,Berlin,P03479,135,38,96,75,375,2026-06-01,In Stock
W008,Sydney,P03480,1131,0,1111,20,100,2026-05-29,In Stock
W002,Chicago,P03481,301,29,269,100,500,2026-04-24,In Stock
W005,London,P03482,1103,39,1067,75,375,2026-04-15,In Stock
W007,Milan,P03483,1200,32,1191,100,500,2026-03-07,In Stock
W001,New York,P03484,626,30,589,50,250,2026-03-31,In Stock
W003,Dallas,P03485,981,17,953,20,100,2026-04-02,In Stock
W003,Dallas,P03486,519,14,517,75,375,2026-03-17,In Stock
W002,Chicago,P03487,1106,16,1095,75,375,2026-05-25,In Stock
W003,Dallas,P03488,417,14,380,100,500,2026-05-02,In Stock
W003,Dallas,P03489,1067,15,1031,30,150,2026-03-19,In Stock
W002,Chicago,P03490,309,35,278,20,100,2026-06-25,In Stock
W007,Milan,P03491,321,13,310,100,500,2026-04-23,In Stock
W001,New York,P03492,1183,13,1173,100,500,2026-06-10,In Stock
W002,Chicago,P03493,91,0,80,20,100,2026-05-30,In Stock
W003,Dallas,P03494,4,0,0,20,100,2026-05-10,Low Stock
W008,Sydney,P03495,888,7,886,75,375,2026-03-04,In Stock
W001,New York,P03496,1040,35,1010,100,500,2026-03-29,In Stock
W007,Milan,P03497,249,35,244,20,100,2026-03-16,In Stock
W005,London,P03498,387,24,382,50,250,2026-05-23,In Stock
W001,New York,P03499,481,18,461,100,500,2026-04-06,In Stock
W004,Los Angeles,P03500,174,32,171,100,500,2026-03-20,In Stock
W008,Sydney,P03501,565,35,557,75,375,2026-06-04,In Stock
W006,Berlin,P03502,633,37,613,75,375,2026-03-14,In Stock
W002,Chicago,P03503,71,12,70,20,100,2026-05-01,In Stock
W007,Milan,P03504,373,23,356,20,100,2026-02-28,In Stock
W006,Berlin,P03505,776,4,755,75,375,2026-06-26,In Stock
W001,New York,P03506,892,24,865,75,375,2026-05-25,In Stock
W002,Chicago,P03507,151,25,128,20,100,2026-05-21,In Stock
W002,Chicago,P03508,184,18,184,30,150,2026-03-17,In Stock
W008,Sydney,P03509,1109,6,1084,50,250,2026-04-11,In Stock
W005,London,P03510,961,33,922,20,100,2026-06-27,In Stock
W006,Berlin,P03511,1150,27,1124,30,150,2026-04-19,In Stock
W004,Los Angeles,P03512,602,9,578,100,500,2026-04-21,In Stock
W007,Milan,P03513,326,38,297,75,375,2026-03-20,In Stock
W001,New York,P03514,1081,34,1054,30,150,2026-04-18,In Stock
W002,Chicago,P03515,967,31,928,100,500,2026-06-19,In Stock
W006,Berlin,P03516,62,37,35,50,250,2026-06-05,In Stock
W006,Berlin,P03517,928,36,899,20,100,2026-03-06,In Stock
W007,Milan,P03518,47,15,39,100,500,2026-06-26,Low Stock
W002,Chicago,P03519,271,22,242,75,375,2026-03-12,In Stock
W003,Dallas,P03520,778,19,773,20,100,2026-04-19,In Stock
W001,New York,P03521,1170,8,1166,50,250,2026-03-20,In Stock
W008,Sydney,P03522,739,32,719,50,250,2026-06-13,In Stock
W008,Sydney,P03523,996,18,991,75,375,2026-04-04,In Stock
W003,Dallas,P03524,999,24,961,50,250,2026-06-05,In Stock
W002,Chicago,P03525,197,35,188,100,500,2026-05-24,In Stock
W002,Chicago,P03526,824,27,807,30,150,2026-06-06,In Stock
W003,Dallas,P03527,288,30,267,100,500,2026-04-24,In Stock
W002,Chicago,P03528,920,16,897,20,100,2026-05-25,In Stock
W003,Dallas,P03529,215,22,197,100,500,2026-05-12,In Stock
W008,Sydney,P03530,92,27,60,50,250,2026-06-12,In Stock
W001,New York,P03531,1183,8,1160,30,150,2026-04-26,In Stock
W001,New York,P03532,1176,3,1172,20,100,2026-04-09,In Stock
W007,Milan,P03533,449,26,432,50,250,2026-06-22,In Stock
W008,Sydney,P03534,351,8,334,30,150,2026-03-12,In Stock
W008,Sydney,P03535,363,10,328,100,500,2026-04-11,In Stock
W006,Berlin,P03536,573,3,568,20,100,2026-04-27,In Stock
W003,Dallas,P03537,329,28,314,50,250,2026-06-17,In Stock
W003,Dallas,P03538,859,24,825,20,100,2026-03-02,In Stock
W006,Berlin,P03539,12,1,9,75,375,2026-03-20,Low Stock
W006,Berlin,P03540,1151,5,1144,20,100,2026-04-16,In Stock
W006,Berlin,P03541,2,0,0,100,500,2026-03-07,Low Stock
W002,Chicago,P03542,176,11,149,50,250,2026-06-18,In Stock
W001,New York,P03543,742,28,739,30,150,2026-03-15,In Stock
W003,Dallas,P03544,408,2,379,20,100,2026-06-19,In Stock
W007,Milan,P03545,642,0,612,20,100,2026-05-27,In Stock
W002,Chicago,P03546,1032,19,997,100,500,2026-03-29,In Stock
W006,Berlin,P03547,600,9,564,30,150,2026-04-23,In Stock
W008,Sydney,P03548,846,35,810,100,500,2026-06-01,In Stock
W007,Milan,P03549,705,38,689,30,150,2026-05-24,In Stock
W008,Sydney,P03550,236,5,197,75,375,2026-03-19,In Stock
W003,Dallas,P03551,971,19,937,30,150,2026-06-18,In Stock
W004,Los Angeles,P03552,144,16,123,20,100,2026-06-23,In Stock
W003,Dallas,P03553,720,39,695,100,500,2026-05-31,In Stock
W003,Dallas,P03554,140,18,127,75,375,2026-03-08,In Stock
W006,Berlin,P03555,896,33,881,50,250,2026-05-16,In Stock
W003,Dallas,P03556,861,3,836,100,500,2026-03-10,In Stock
W005,London,P03557,1117,2,1090,75,375,2026-05-02,In Stock
W004,Los Angeles,P03558,1122,16,1103,30,150,2026-03-01,In Stock
W004,Los Angeles,P03559,1120,11,1100,50,250,2026-03-18,In Stock
W004,Los Angeles,P03560,783,25,775,50,250,2026-04-20,In Stock
W001,New York,P03561,677,3,649,50,250,2026-03-16,In Stock
W008,Sydney,P03562,566,25,543,20,100,2026-05-02,In Stock
W006,Berlin,P03563,721,23,696,20,100,2026-06-08,In Stock
W004,Los Angeles,P03564,1156,0,1118,30,150,2026-06-24,In Stock
W006,Berlin,P03565,664,2,633,20,100,2026-04-09,In Stock
W005,London,P03566,56,6,42,100,500,2026-06-16,Low Stock
W002,Chicago,P03567,205,32,181,75,375,2026-06-16,In Stock
W001,New York,P03568,291,18,263,50,250,2026-04-02,In Stock
W007,Milan,P03569,110,10,70,30,150,2026-06-25,In Stock
W007,Milan,P03570,759,20,742,30,150,2026-03-31,In Stock
W002,Chicago,P03571,362,5,354,20,100,2026-06-05,In Stock
W008,Sydney,P03572,642,22,639,100,500,2026-06-27,In Stock
W003,Dallas,P03573,855,5,835,20,100,2026-06-14,In Stock
W006,Berlin,P03574,439,22,402,30,150,2026-05-26,In Stock
W008,Sydney,P03575,695,28,677,20,100,2026-06-23,In Stock
W008,Sydney,P03576,204,12,196,75,375,2026-04-30,In Stock
W001,New York,P03577,724,23,723,100,500,2026-03-04,In Stock
W004,Los Angeles,P03578,134,0,109,20,100,2026-05-23,In Stock
W004,Los Angeles,P03579,622,13,585,20,100,2026-06-13,In Stock
W001,New York,P03580,568,8,566,50,250,2026-03-08,In Stock
W004,Los Angeles,P03581,877,32,838,20,100,2026-03-31,In Stock
W005,London,P03582,131,34,112,20,100,2026-04-09,In Stock
W002,Chicago,P03583,453,39,414,50,250,2026-03-06,In Stock
W003,Dallas,P03584,1117,22,1102,50,250,2026-03-04,In Stock
W006,Berlin,P03585,1161,9,1159,50,250,2026-05-13,In Stock
W007,Milan,P03586,144,3,118,20,100,2026-04-27,In Stock
W001,New York,P03587,39,36,12,75,375,2026-02-28,Low Stock
W001,New York,P03588,150,24,122,100,500,2026-04-28,In Stock
W005,London,P03589,90,30,58,30,150,2026-05-25,In Stock
W003,Dallas,P03590,446,36,428,30,150,2026-05-20,In Stock
W006,Berlin,P03591,460,0,435,20,100,2026-04-27,In Stock
W008,Sydney,P03592,772,21,752,30,150,2026-06-27,In Stock
W004,Los Angeles,P03593,329,0,325,50,250,2026-04-26,In Stock
W004,Los Angeles,P03594,777,16,769,50,250,2026-03-05,In Stock
W007,Milan,P03595,376,6,347,50,250,2026-04-21,In Stock
W005,London,P03596,376,3,336,100,500,2026-06-05,In Stock
W003,Dallas,P03597,448,19,427,30,150,2026-03-11,In Stock
W002,Chicago,P03598,142,2,106,20,100,2026-06-23,In Stock
W007,Milan,P03599,95,15,95,50,250,2026-04-08,In Stock
W007,Milan,P03600,1045,15,1045,50,250,2026-06-09,In Stock
W002,Chicago,P03601,181,25,153,75,375,2026-05-31,In Stock
W003,Dallas,P03602,13,10,0,50,250,2026-03-02,Low Stock
W008,Sydney,P03603,684,35,650,100,500,2026-05-02,In Stock
W006,Berlin,P03604,1158,5,1148,30,150,2026-04-14,In Stock
W007,Milan,P03605,638,25,636,30,150,2026-05-30,In Stock
W004,Los Angeles,P03606,858,0,849,30,150,2026-05-01,In Stock
W006,Berlin,P03607,724,11,720,100,500,2026-05-27,In Stock
W008,Sydney,P03608,948,38,940,20,100,2026-06-28,In Stock
W008,Sydney,P03609,234,22,224,20,100,2026-05-31,In Stock
W001,New York,P03610,370,27,360,30,150,2026-06-16,In Stock
W003,Dallas,P03611,138,33,131,50,250,2026-04-23,In Stock
W008,Sydney,P03612,8,1,0,50,250,2026-06-15,Low Stock
W002,Chicago,P03613,1030,13,996,75,375,2026-05-12,In Stock
W006,Berlin,P03614,1126,5,1089,100,500,2026-03-08,In Stock
W006,Berlin,P03615,1165,30,1155,75,375,2026-03-30,In Stock
W002,Chicago,P03616,781,33,779,100,500,2026-03-30,In Stock
W001,New York,P03617,695,30,661,30,150,2026-03-23,In Stock
W004,Los Angeles,P03618,137,24,99,100,500,2026-02-28,In Stock
W003,Dallas,P03619,1041,30,1030,100,500,2026-03-18,In Stock
W005,London,P03620,679,3,673,50,250,2026-04-24,In Stock
W003,Dallas,P03621,344,10,344,75,375,2026-06-22,In Stock
W003,Dallas,P03622,1128,39,1110,30,150,2026-04-21,In Stock
W003,Dallas,P03623,468,9,465,30,150,2026-05-27,In Stock
W002,Chicago,P03624,568,31,551,50,250,2026-04-06,In Stock
W004,Los Angeles,P03625,269,7,265,100,500,2026-05-06,In Stock
W006,Berlin,P03626,1182,12,1182,100,500,2026-04-03,In Stock
W003,Dallas,P03627,26,1,0,30,150,2026-06-02,Low Stock
W001,New York,P03628,567,14,559,30,150,2026-06-12,In Stock
W008,Sydney,P03629,1019,8,1013,50,250,2026-05-28,In Stock
W006,Berlin,P03630,397,8,365,20,100,2026-06-17,In Stock
W007,Milan,P03631,687,26,671,20,100,2026-05-09,In Stock
W004,Los Angeles,P03632,5,2,0,20,100,2026-05-30,Low Stock
W008,Sydney,P03633,935,22,910,75,375,2026-03-05,In Stock
W002,Chicago,P03634,1100,8,1096,30,150,2026-04-02,In Stock
W001,New York,P03635,331,5,305,100,500,2026-04-02,In Stock
W002,Chicago,P03636,961,24,923,50,250,2026-06-23,In Stock
W003,Dallas,P03637,1192,13,1185,100,500,2026-02-28,In Stock
W001,New York,P03638,539,34,522,30,150,2026-06-20,In Stock
W007,Milan,P03639,802,9,766,30,150,2026-06-18,In Stock
W004,Los Angeles,P03640,242,31,242,75,375,2026-04-25,In Stock
W001,New York,P03641,751,35,728,75,375,2026-03-13,In Stock
W007,Milan,P03642,805,2,781,75,375,2026-05-30,In Stock
W007,Milan,P03643,313,36,281,20,100,2026-03-18,In Stock
W007,Milan,P03644,741,3,722,50,250,2026-04-15,In Stock
W005,London,P03645,521,2,493,50,250,2026-05-04,In Stock
W007,Milan,P03646,402,38,390,50,250,2026-03-29,In Stock
W004,Los Angeles,P03647,1162,22,1162,75,375,2026-05-21,In Stock
W007,Milan,P03648,342,12,334,75,375,2026-03-12,In Stock
W003,Dallas,P03649,789,27,782,30,150,2026-06-17,In Stock
W005,London,P03650,300,13,274,50,250,2026-04-04,In Stock
W003,Dallas,P03651,703,20,686,100,500,2026-04-03,In Stock
W003,Dallas,P03652,207,32,167,100,500,2026-03-07,In Stock
W001,New York,P03653,1093,38,1054,75,375,2026-06-16,In Stock
W007,Milan,P03654,302,19,297,30,150,2026-04-05,In Stock
W007,Milan,P03655,539,12,504,30,150,2026-05-16,In Stock
W004,Los Angeles,P03656,274,29,263,50,250,2026-03-07,In Stock
W006,Berlin,P03657,117,34,102,50,250,2026-05-31,In Stock
W004,Los Angeles,P03658,533,2,518,30,150,2026-06-19,In Stock
W002,Chicago,P03659,749,31,724,100,500,2026-06-25,In Stock
W006,Berlin,P03660,546,29,522,50,250,2026-03-03,In Stock
W005,London,P03661,1022,29,997,50,250,2026-04-14,In Stock
W005,London,P03662,687,23,672,30,150,2026-05-04,In Stock
W006,Berlin,P03663,1155,17,1130,75,375,2026-05-10,In Stock
W007,Milan,P03664,130,13,113,75,375,2026-06-12,In Stock
W002,Chicago,P03665,362,18,339,50,250,2026-06-26,In Stock
W001,New York,P03666,1172,39,1153,50,250,2026-04-24,In Stock
W002,Chicago,P03667,699,25,661,30,150,2026-06-10,In Stock
W006,Berlin,P03668,760,24,735,100,500,2026-05-21,In Stock
W008,Sydney,P03669,372,15,372,20,100,2026-05-01,In Stock
W005,London,P03670,279,23,242,30,150,2026-06-13,In Stock
W005,London,P03671,371,7,353,75,375,2026-06-22,In Stock
W005,London,P03672,1115,12,1100,100,500,2026-03-19,In Stock
W003,Dallas,P03673,850,19,830,20,100,2026-03-07,In Stock
W005,London,P03674,437,28,401,20,100,2026-05-07,In Stock
W004,Los Angeles,P03675,937,6,936,30,150,2026-06-25,In Stock
W002,Chicago,P03676,1015,22,1005,100,500,2026-06-10,In Stock
W002,Chicago,P03677,162,35,134,50,250,2026-06-17,In Stock
W005,London,P03678,651,13,628,30,150,2026-03-16,In Stock
W005,London,P03679,360,32,331,75,375,2026-05-26,In Stock
W005,London,P03680,1020,7,989,20,100,2026-06-04,In Stock
W003,Dallas,P03681,51,26,30,100,500,2026-03-08,Low Stock
W003,Dallas,P03682,455,29,427,75,375,2026-06-12,In Stock
W007,Milan,P03683,819,26,807,50,250,2026-06-04,In Stock
W008,Sydney,P03684,6,2,3,20,100,2026-04-07,Low Stock
W001,New York,P03685,731,28,697,30,150,2026-06-20,In Stock
W001,New York,P03686,752,33,750,50,250,2026-06-24,In Stock
W001,New York,P03687,311,11,303,75,375,2026-06-20,In Stock
W005,London,P03688,381,29,369,50,250,2026-06-13,In Stock
W007,Milan,P03689,54,19,40,100,500,2026-04-16,Low Stock
W002,Chicago,P03690,445,33,405,75,375,2026-04-01,In Stock
W002,Chicago,P03691,1012,2,1000,30,150,2026-06-13,In Stock
W004,Los Angeles,P03692,774,22,752,100,500,2026-03-30,In Stock
W003,Dallas,P03693,1061,11,1060,75,375,2026-04-13,In Stock
W003,Dallas,P03694,1178,15,1156,75,375,2026-06-12,In Stock
W006,Berlin,P03695,721,15,712,30,150,2026-06-07,In Stock
W003,Dallas,P03696,906,39,894,30,150,2026-03-06,In Stock
W003,Dallas,P03697,2,1,0,50,250,2026-04-01,Low Stock
W004,Los Angeles,P03698,725,8,711,30,150,2026-05-05,In Stock
W007,Milan,P03699,178,22,176,100,500,2026-04-29,In Stock
W007,Milan,P03700,187,35,158,20,100,2026-06-23,In Stock
W003,Dallas,P03701,796,31,789,100,500,2026-03-23,In Stock
W003,Dallas,P03702,409,2,403,75,375,2026-06-27,In Stock
W008,Sydney,P03703,255,25,249,30,150,2026-05-14,In Stock
W004,Los Angeles,P03704,1143,40,1132,100,500,2026-03-30,In Stock
W002,Chicago,P03705,1009,16,975,75,375,2026-03-10,In Stock
W005,London,P03706,824,12,804,75,375,2026-05-03,In Stock
W005,London,P03707,268,13,255,30,150,2026-04-01,In Stock
W003,Dallas,P03708,290,32,289,30,150,2026-04-08,In Stock
W002,Chicago,P03709,598,9,576,50,250,2026-04-18,In Stock
W003,Dallas,P03710,377,22,352,30,150,2026-06-21,In Stock
W007,Milan,P03711,374,21,361,100,500,2026-05-12,In Stock
W001,New York,P03712,797,40,767,30,150,2026-03-10,In Stock
W004,Los Angeles,P03713,136,34,133,20,100,2026-05-25,In Stock
W007,Milan,P03714,1007,6,992,50,250,2026-06-28,In Stock
W008,Sydney,P03715,645,35,626,30,150,2026-03-22,In Stock
W002,Chicago,P03716,1150,9,1150,50,250,2026-03-07,In Stock
W002,Chicago,P03717,450,11,425,75,375,2026-04-05,In Stock
W001,New York,P03718,1041,25,1027,50,250,2026-04-16,In Stock
W008,Sydney,P03719,748,4,728,75,375,2026-03-27,In Stock
W005,London,P03720,975,23,955,20,100,2026-05-27,In Stock
W002,Chicago,P03721,356,23,351,20,100,2026-05-05,In Stock
W005,London,P03722,147,36,126,20,100,2026-05-17,In Stock
W007,Milan,P03723,556,36,551,20,100,2026-04-16,In Stock
W007,Milan,P03724,433,20,405,100,500,2026-04-19,In Stock
W008,Sydney,P03725,732,3,702,30,150,2026-03-18,In Stock
W001,New York,P03726,280,16,270,20,100,2026-05-04,In Stock
W003,Dallas,P03727,30,19,0,20,100,2026-06-16,In Stock
W003,Dallas,P03728,183,19,179,30,150,2026-02-28,In Stock
W004,Los Angeles,P03729,1170,27,1131,30,150,2026-05-08,In Stock
W008,Sydney,P03730,1089,29,1064,100,500,2026-06-24,In Stock
W008,Sydney,P03731,441,10,414,20,100,2026-04-27,In Stock
W008,Sydney,P03732,473,38,462,20,100,2026-06-12,In Stock
W008,Sydney,P03733,797,29,776,20,100,2026-03-31,In Stock
W008,Sydney,P03734,1115,22,1100,75,375,2026-03-13,In Stock
W004,Los Angeles,P03735,1170,12,1163,50,250,2026-04-12,In Stock
W002,Chicago,P03736,782,19,770,50,250,2026-06-25,In Stock
W006,Berlin,P03737,372,7,363,30,150,2026-06-23,In Stock
W003,Dallas,P03738,247,4,225,100,500,2026-03-13,In Stock
W001,New York,P03739,714,24,697,75,375,2026-05-23,In Stock
W008,Sydney,P03740,581,0,578,75,375,2026-06-28,In Stock
W003,Dallas,P03741,861,29,836,100,500,2026-05-20,In Stock
W005,London,P03742,1115,31,1090,75,375,2026-05-21,In Stock
W008,Sydney,P03743,921,5,895,50,250,2026-03-16,In Stock
W004,Los Angeles,P03744,789,27,787,50,250,2026-05-27,In Stock
W006,Berlin,P03745,67,26,52,20,100,2026-05-14,In Stock
W006,Berlin,P03746,451,12,449,75,375,2026-04-14,In Stock
W007,Milan,P03747,557,27,518,100,500,2026-06-05,In Stock
W008,Sydney,P03748,903,7,863,20,100,2026-04-17,In Stock
W006,Berlin,P03749,281,24,267,100,500,2026-05-18,In Stock
W004,Los Angeles,P03750,101,37,72,50,250,2026-03-28,In Stock
W001,New York,P03751,367,22,360,50,250,2026-06-08,In Stock
W003,Dallas,P03752,947,13,920,75,375,2026-05-21,In Stock
W004,Los Angeles,P03753,160,39,142,50,250,2026-03-03,In Stock
W006,Berlin,P03754,805,18,779,50,250,2026-04-05,In Stock
W007,Milan,P03755,507,21,491,50,250,2026-03-09,In Stock
W005,London,P03756,453,16,449,50,250,2026-03-19,In Stock
W005,London,P03757,248,36,210,75,375,2026-04-14,In Stock
W004,Los Angeles,P03758,496,17,459,50,250,2026-05-02,In Stock
W005,London,P03759,463,17,437,100,500,2026-05-26,In Stock
W001,New York,P03760,1076,10,1067,100,500,2026-05-31,In Stock
W001,New York,P03761,672,26,664,100,500,2026-04-12,In Stock
W008,Sydney,P03762,447,34,414,100,500,2026-04-15,In Stock
W005,London,P03763,204,10,198,30,150,2026-06-27,In Stock
W008,Sydney,P03764,264,11,257,20,100,2026-03-10,In Stock
W008,Sydney,P03765,88,20,69,75,375,2026-03-05,In Stock
W006,Berlin,P03766,394,40,368,50,250,2026-05-12,In Stock
W006,Berlin,P03767,967,8,959,100,500,2026-06-24,In Stock
W004,Los Angeles,P03768,20,9,3,20,100,2026-04-17,In Stock
W007,Milan,P03769,623,4,614,75,375,2026-03-28,In Stock
W004,Los Angeles,P03770,1160,1,1151,20,100,2026-03-06,In Stock
W006,Berlin,P03771,218,7,205,30,150,2026-03-27,In Stock
W008,Sydney,P03772,682,22,649,75,375,2026-03-30,In Stock
W007,Milan,P03773,389,37,368,50,250,2026-04-09,In Stock
W008,Sydney,P03774,4,3,0,100,500,2026-03-02,Low Stock
W004,Los Angeles,P03775,140,23,105,50,250,2026-05-21,In Stock
W004,Los Angeles,P03776,531,25,507,50,250,2026-05-31,In Stock
W002,Chicago,P03777,148,34,113,30,150,2026-05-12,In Stock
W001,New York,P03778,419,11,407,50,250,2026-03-14,In Stock
W007,Milan,P03779,322,2,307,30,150,2026-06-04,In Stock
W005,London,P03780,936,11,920,50,250,2026-05-07,In Stock
W004,Los Angeles,P03781,220,19,206,20,100,2026-04-05,In Stock
W008,Sydney,P03782,1186,32,1161,75,375,2026-03-20,In Stock
W001,New York,P03783,66,20,57,100,500,2026-04-17,Low Stock
W005,London,P03784,781,3,772,100,500,2026-03-07,In Stock
W002,Chicago,P03785,997,18,993,75,375,2026-04-30,In Stock
W005,London,P03786,385,19,372,20,100,2026-03-13,In Stock
W006,Berlin,P03787,119,14,85,30,150,2026-03-19,In Stock
W006,Berlin,P03788,96,10,61,30,150,2026-04-11,In Stock
W005,London,P03789,864,21,853,75,375,2026-05-02,In Stock
W006,Berlin,P03790,326,12,318,30,150,2026-04-23,In Stock
W003,Dallas,P03791,478,8,477,20,100,2026-06-11,In Stock
W006,Berlin,P03792,821,6,808,100,500,2026-06-02,In Stock
W001,New York,P03793,470,14,458,20,100,2026-05-27,In Stock
W007,Milan,P03794,959,4,952,75,375,2026-04-04,In Stock
W007,Milan,P03795,934,0,906,50,250,2026-03-11,In Stock
W007,Milan,P03796,290,39,251,75,375,2026-05-15,In Stock
W006,Berlin,P03797,510,11,493,20,100,2026-04-07,In Stock
W006,Berlin,P03798,431,5,420,20,100,2026-03-04,In Stock
W004,Los Angeles,P03799,1191,16,1160,100,500,2026-06-07,In Stock
W004,Los Angeles,P03800,59,17,51,30,150,2026-06-23,In Stock
W003,Dallas,P03801,1106,29,1102,50,250,2026-03-18,In Stock
W001,New York,P03802,186,10,176,75,375,2026-04-05,In Stock
W003,Dallas,P03803,599,23,596,20,100,2026-05-03,In Stock
W007,Milan,P03804,530,29,524,100,500,2026-03-14,In Stock
W008,Sydney,P03805,1014,16,988,50,250,2026-06-15,In Stock
W003,Dallas,P03806,540,24,517,20,100,2026-04-08,In Stock
W004,Los Angeles,P03807,1099,9,1069,75,375,2026-04-09,In Stock
W003,Dallas,P03808,695,4,684,100,500,2026-06-09,In Stock
W006,Berlin,P03809,82,21,58,100,500,2026-05-09,Low Stock
W005,London,P03810,521,9,506,100,500,2026-04-27,In Stock
W004,Los Angeles,P03811,384,36,380,75,375,2026-03-19,In Stock
W003,Dallas,P03812,204,5,199,30,150,2026-06-22,In Stock
W002,Chicago,P03813,1087,32,1085,75,375,2026-05-29,In Stock
W006,Berlin,P03814,1132,39,1129,75,375,2026-04-04,In Stock
W002,Chicago,P03815,930,31,912,20,100,2026-04-01,In Stock
W001,New York,P03816,461,9,439,100,500,2026-06-15,In Stock
W005,London,P03817,726,38,706,30,150,2026-03-26,In Stock
W002,Chicago,P03818,1011,11,1000,20,100,2026-06-10,In Stock
W008,Sydney,P03819,794,15,780,50,250,2026-04-18,In Stock
W008,Sydney,P03820,372,1,349,30,150,2026-03-11,In Stock
W005,London,P03821,306,7,282,30,150,2026-06-06,In Stock
W007,Milan,P03822,656,37,632,50,250,2026-03-12,In Stock
W004,Los Angeles,P03823,399,34,387,20,100,2026-06-03,In Stock
W005,London,P03824,602,28,601,50,250,2026-05-20,In Stock
W008,Sydney,P03825,1041,37,1020,100,500,2026-06-27,In Stock
W005,London,P03826,951,10,951,20,100,2026-03-10,In Stock
W006,Berlin,P03827,773,22,769,100,500,2026-04-11,In Stock
W006,Berlin,P03828,388,31,372,75,375,2026-04-10,In Stock
W003,Dallas,P03829,813,40,800,75,375,2026-06-08,In Stock
W006,Berlin,P03830,848,17,837,30,150,2026-05-02,In Stock
W008,Sydney,P03831,971,10,961,50,250,2026-03-04,In Stock
W006,Berlin,P03832,1161,1,1135,30,150,2026-06-18,In Stock
W007,Milan,P03833,715,5,706,100,500,2026-03-17,In Stock
W003,Dallas,P03834,56,36,46,50,250,2026-06-09,In Stock
W005,London,P03835,239,20,213,20,100,2026-06-01,In Stock
W001,New York,P03836,310,20,290,100,500,2026-03-24,In Stock
W007,Milan,P03837,476,15,447,75,375,2026-04-04,In Stock
W003,Dallas,P03838,836,39,818,30,150,2026-04-04,In Stock
W003,Dallas,P03839,87,24,83,75,375,2026-05-17,In Stock
W005,London,P03840,1053,35,1032,20,100,2026-06-16,In Stock
W004,Los Angeles,P03841,419,14,385,20,100,2026-03-23,In Stock
W001,New York,P03842,89,36,55,50,250,2026-03-11,In Stock
W004,Los Angeles,P03843,321,5,310,20,100,2026-03-12,In Stock
W003,Dallas,P03844,193,4,170,30,150,2026-03-25,In Stock
W005,London,P03845,1047,23,1013,20,100,2026-06-09,In Stock
W007,Milan,P03846,1112,34,1081,75,375,2026-05-08,In Stock
W005,London,P03847,17,3,0,20,100,2026-05-18,Low Stock
W005,London,P03848,1139,3,1115,100,500,2026-05-20,In Stock
W005,London,P03849,273,2,249,20,100,2026-06-06,In Stock
W008,Sydney,P03850,905,30,890,100,500,2026-03-14,In Stock
W006,Berlin,P03851,1066,24,1026,50,250,2026-05-08,In Stock
W005,London,P03852,817,7,779,50,250,2026-05-04,In Stock
W003,Dallas,P03853,445,11,438,50,250,2026-04-11,In Stock
W003,Dallas,P03854,893,11,889,30,150,2026-06-04,In Stock
W003,Dallas,P03855,35,4,33,50,250,2026-05-23,Low Stock
W003,Dallas,P03856,518,13,511,100,500,2026-05-23,In Stock
W008,Sydney,P03857,1046,7,1041,100,500,2026-04-29,In Stock
W008,Sydney,P03858,314,37,275,75,375,2026-04-13,In Stock
W005,London,P03859,1178,6,1168,100,500,2026-04-24,In Stock
W004,Los Angeles,P03860,227,1,224,100,500,2026-05-31,In Stock
W007,Milan,P03861,864,1,854,75,375,2026-03-30,In Stock
W001,New York,P03862,127,22,115,20,100,2026-03-25,In Stock
W003,Dallas,P03863,1104,12,1070,50,250,2026-05-09,In Stock
W004,Los Angeles,P03864,197,20,157,20,100,2026-06-23,In Stock
W006,Berlin,P03865,367,15,334,50,250,2026-03-05,In Stock
W004,Los Angeles,P03866,1126,22,1091,20,100,2026-04-01,In Stock
W003,Dallas,P03867,855,10,819,100,500,2026-03-22,In Stock
W001,New York,P03868,122,25,88,75,375,2026-03-31,In Stock
W007,Milan,P03869,335,27,320,75,375,2026-03-11,In Stock
W004,Los Angeles,P03870,363,13,331,100,500,2026-04-11,In Stock
W007,Milan,P03871,417,30,391,30,150,2026-03-05,In Stock
W002,Chicago,P03872,1035,40,1028,50,250,2026-03-07,In Stock
W007,Milan,P03873,362,29,356,75,375,2026-05-28,In Stock
W007,Milan,P03874,1130,6,1130,50,250,2026-06-19,In Stock
W004,Los Angeles,P03875,317,10,305,100,500,2026-03-05,In Stock
W004,Los Angeles,P03876,312,34,280,20,100,2026-03-27,In Stock
W004,Los Angeles,P03877,715,29,677,30,150,2026-03-27,In Stock
W002,Chicago,P03878,1082,20,1081,75,375,2026-05-08,In Stock
W008,Sydney,P03879,1009,6,1007,75,375,2026-05-05,In Stock
W006,Berlin,P03880,1191,0,1151,30,150,2026-03-05,In Stock
W002,Chicago,P03881,545,4,506,30,150,2026-06-12,In Stock
W008,Sydney,P03882,910,7,881,75,375,2026-03-03,In Stock
W002,Chicago,P03883,721,26,684,100,500,2026-03-11,In Stock
W004,Los Angeles,P03884,1108,22,1077,50,250,2026-06-06,In Stock
W001,New York,P03885,308,24,285,75,375,2026-03-31,In Stock
W007,Milan,P03886,1093,10,1054,75,375,2026-03-09,In Stock
W006,Berlin,P03887,1177,8,1157,20,100,2026-05-02,In Stock
W004,Los Angeles,P03888,630,32,593,100,500,2026-04-17,In Stock
W003,Dallas,P03889,703,14,665,50,250,2026-05-25,In Stock
W007,Milan,P03890,18,9,10,75,375,2026-04-15,Low Stock
W001,New York,P03891,911,40,881,50,250,2026-06-10,In Stock
W007,Milan,P03892,866,19,862,100,500,2026-03-23,In Stock
W008,Sydney,P03893,1175,25,1144,100,500,2026-06-26,In Stock
W001,New York,P03894,1133,29,1114,100,500,2026-04-02,In Stock
W008,Sydney,P03895,522,22,483,100,500,2026-03-12,In Stock
W005,London,P03896,830,4,798,50,250,2026-06-04,In Stock
W005,London,P03897,230,29,215,75,375,2026-05-23,In Stock
W008,Sydney,P03898,1062,13,1037,50,250,2026-03-27,In Stock
W002,Chicago,P03899,779,37,745,50,250,2026-06-25,In Stock
W005,London,P03900,593,0,555,50,250,2026-06-07,In Stock
W007,Milan,P03901,20,5,13,50,250,2026-03-14,Low Stock
W001,New York,P03902,335,8,306,75,375,2026-06-23,In Stock
W007,Milan,P03903,819,35,781,50,250,2026-03-05,In Stock
W001,New York,P03904,37,11,20,100,500,2026-04-21,Low Stock
W005,London,P03905,734,6,720,100,500,2026-06-28,In Stock
W004,Los Angeles,P03906,84,30,65,50,250,2026-04-04,In Stock
W004,Los Angeles,P03907,970,6,935,50,250,2026-05-15,In Stock
W007,Milan,P03908,484,9,456,20,100,2026-03-20,In Stock
W006,Berlin,P03909,26,0,13,20,100,2026-06-23,In Stock
W006,Berlin,P03910,799,6,762,75,375,2026-03-07,In Stock
W006,Berlin,P03911,416,22,392,20,100,2026-05-22,In Stock
W002,Chicago,P03912,1142,36,1130,50,250,2026-03-15,In Stock
W008,Sydney,P03913,1108,27,1080,50,250,2026-04-17,In Stock
W001,New York,P03914,1029,1,1022,75,375,2026-04-22,In Stock
W008,Sydney,P03915,331,2,330,75,375,2026-06-14,In Stock
W004,Los Angeles,P03916,875,7,872,50,250,2026-05-30,In Stock
W005,London,P03917,605,16,597,50,250,2026-04-13,In Stock
W001,New York,P03918,805,17,784,75,375,2026-05-05,In Stock
W007,Milan,P03919,766,19,764,30,150,2026-05-11,In Stock
W003,Dallas,P03920,258,20,236,20,100,2026-04-11,In Stock
W007,Milan,P03921,978,20,951,30,150,2026-03-22,In Stock
W003,Dallas,P03922,377,7,339,30,150,2026-06-27,In Stock
W006,Berlin,P03923,483,40,465,30,150,2026-05-03,In Stock
W001,New York,P03924,529,19,499,75,375,2026-03-05,In Stock
W007,Milan,P03925,621,18,601,100,500,2026-05-12,In Stock
W004,Los Angeles,P03926,895,10,889,50,250,2026-03-12,In Stock
W004,Los Angeles,P03927,1094,20,1094,30,150,2026-04-27,In Stock
W002,Chicago,P03928,280,21,258,50,250,2026-06-01,In Stock
W002,Chicago,P03929,340,3,340,100,500,2026-03-26,In Stock
W004,Los Angeles,P03930,807,11,802,30,150,2026-03-01,In Stock
W002,Chicago,P03931,967,40,958,30,150,2026-04-08,In Stock
W008,Sydney,P03932,1013,27,996,30,150,2026-04-21,In Stock
W004,Los Angeles,P03933,709,20,689,100,500,2026-04-19,In Stock
W006,Berlin,P03934,350,37,331,30,150,2026-06-07,In Stock
W006,Berlin,P03935,286,6,261,50,250,2026-06-14,In Stock
W006,Berlin,P03936,1001,39,996,50,250,2026-05-02,In Stock
W002,Chicago,P03937,112,3,79,50,250,2026-03-11,In Stock
W001,New York,P03938,743,38,738,50,250,2026-05-26,In Stock
W008,Sydney,P03939,930,17,900,50,250,2026-05-30,In Stock
W006,Berlin,P03940,439,9,420,50,250,2026-05-03,In Stock
W005,London,P03941,229,7,207,75,375,2026-04-15,In Stock
W005,London,P03942,1169,12,1153,75,375,2026-05-22,In Stock
W004,Los Angeles,P03943,75,14,44,50,250,2026-04-24,In Stock
W001,New York,P03944,455,7,422,30,150,2026-06-01,In Stock
W007,Milan,P03945,170,12,155,20,100,2026-03-15,In Stock
W003,Dallas,P03946,874,32,844,20,100,2026-04-25,In Stock
W003,Dallas,P03947,1140,22,1129,20,100,2026-04-28,In Stock
W008,Sydney,P03948,402,18,367,20,100,2026-05-04,In Stock
W003,Dallas,P03949,647,20,636,20,100,2026-06-13,In Stock
W008,Sydney,P03950,626,20,613,75,375,2026-03-02,In Stock
W006,Berlin,P03951,463,32,460,75,375,2026-06-16,In Stock
W002,Chicago,P03952,729,30,717,75,375,2026-05-22,In Stock
W005,London,P03953,781,5,751,75,375,2026-05-03,In Stock
W007,Milan,P03954,332,25,295,100,500,2026-03-01,In Stock
W002,Chicago,P03955,635,13,610,30,150,2026-06-11,In Stock
W005,London,P03956,770,16,749,75,375,2026-06-22,In Stock
W001,New York,P03957,75,3,41,20,100,2026-04-13,In Stock
W006,Berlin,P03958,982,36,981,30,150,2026-04-21,In Stock
W004,Los Angeles,P03959,697,6,692,30,150,2026-04-20,In Stock
W007,Milan,P03960,1069,18,1059,50,250,2026-04-06,In Stock
W005,London,P03961,798,32,765,50,250,2026-05-21,In Stock
W008,Sydney,P03962,1193,28,1183,50,250,2026-04-18,In Stock
W006,Berlin,P03963,1004,40,968,50,250,2026-05-15,In Stock
W003,Dallas,P03964,1061,37,1058,20,100,2026-06-06,In Stock
W003,Dallas,P03965,146,37,117,75,375,2026-03-27,In Stock
W002,Chicago,P03966,281,33,247,50,250,2026-06-04,In Stock
W008,Sydney,P03967,167,0,146,75,375,2026-03-24,In Stock
W005,London,P03968,537,6,520,50,250,2026-03-19,In Stock
W004,Los Angeles,P03969,871,10,838,75,375,2026-05-09,In Stock
W002,Chicago,P03970,169,13,129,30,150,2026-06-25,In Stock
W004,Los Angeles,P03971,1081,21,1054,100,500,2026-03-12,In Stock
W002,Chicago,P03972,167,15,128,100,500,2026-04-27,In Stock
W002,Chicago,P03973,563,36,563,50,250,2026-03-07,In Stock
W001,New York,P03974,1173,6,1145,30,150,2026-04-30,In Stock
W001,New York,P03975,758,9,723,50,250,2026-03-10,In Stock
W007,Milan,P03976,866,13,852,100,500,2026-03-15,In Stock
W006,Berlin,P03977,183,32,149,50,250,2026-03-24,In Stock
W001,New York,P03978,951,20,939,20,100,2026-06-12,In Stock
W007,Milan,P03979,40,7,4,20,100,2026-05-29,In Stock
W002,Chicago,P03980,21,17,13,30,150,2026-03-11,Low Stock
W008,Sydney,P03981,629,20,607,30,150,2026-06-13,In Stock
W004,Los Angeles,P03982,873,36,870,20,100,2026-04-01,In Stock
W006,Berlin,P03983,1095,32,1088,20,100,2026-06-23,In Stock
W005,London,P03984,671,8,652,20,100,2026-06-01,In Stock
W008,Sydney,P03985,423,4,402,75,375,2026-03-01,In Stock
W008,Sydney,P03986,421,25,413,75,375,2026-03-03,In Stock
W008,Sydney,P03987,161,22,129,30,150,2026-03-28,In Stock
W007,Milan,P03988,1163,13,1141,30,150,2026-05-29,In Stock
W001,New York,P03989,14,8,0,50,250,2026-03-09,Low Stock
W007,Milan,P03990,185,40,167,50,250,2026-05-02,In Stock
W004,Los Angeles,P03991,176,24,152,50,250,2026-05-29,In Stock
W008,Sydney,P03992,1163,22,1141,30,150,2026-03-19,In Stock
W002,Chicago,P03993,207,18,192,75,375,2026-05-09,In Stock
W001,New York,P03994,274,15,244,100,500,2026-04-27,In Stock
W003,Dallas,P03995,935,10,901,20,100,2026-04-13,In Stock
W007,Milan,P03996,774,0,753,75,375,2026-03-03,In Stock
W004,Los Angeles,P03997,604,33,599,30,150,2026-05-11,In Stock
W005,London,P03998,525,26,521,20,100,2026-06-24,In Stock
W002,Chicago,P03999,945,40,932,50,250,2026-05-17,In Stock
W005,London,P04000,838,2,815,50,250,2026-06-13,In Stock
W001,New York,P04001,386,34,386,100,500,2026-06-11,In Stock
W008,Sydney,P04002,438,16,429,20,100,2026-04-27,In Stock
W007,Milan,P04003,427,8,395,75,375,2026-03-09,In Stock
W002,Chicago,P04004,539,17,510,50,250,2026-06-14,In Stock
W004,Los Angeles,P04005,649,1,613,30,150,2026-05-07,In Stock
W001,New York,P04006,856,25,840,75,375,2026-04-01,In Stock
W001,New York,P04007,1166,11,1134,30,150,2026-04-21,In Stock
W005,London,P04008,1042,17,1022,75,375,2026-03-24,In Stock
W006,Berlin,P04009,229,21,195,30,150,2026-03-25,In Stock
W008,Sydney,P04010,278,7,249,75,375,2026-05-25,In Stock
W004,Los Angeles,P04011,43,35,8,75,375,2026-06-13,Low Stock
W002,Chicago,P04012,785,2,773,50,250,2026-05-20,In Stock
W004,Los Angeles,P04013,1031,4,999,100,500,2026-04-26,In Stock
W004,Los Angeles,P04014,1123,28,1101,75,375,2026-04-24,In Stock
W004,Los Angeles,P04015,479,25,461,30,150,2026-03-23,In Stock
W008,Sydney,P04016,920,16,914,20,100,2026-05-30,In Stock
W001,New York,P04017,25,3,3,100,500,2026-06-04,Low Stock
W007,Milan,P04018,47,34,39,30,150,2026-05-09,In Stock
W003,Dallas,P04019,714,10,712,50,250,2026-03-02,In Stock
W005,London,P04020,138,14,133,30,150,2026-04-11,In Stock
W001,New York,P04021,729,29,721,75,375,2026-06-28,In Stock
W005,London,P04022,572,1,569,20,100,2026-03-30,In Stock
W008,Sydney,P04023,557,36,544,20,100,2026-06-08,In Stock
W005,London,P04024,760,35,756,30,150,2026-06-21,In Stock
W008,Sydney,P04025,633,40,624,20,100,2026-06-10,In Stock
W005,London,P04026,1114,1,1077,75,375,2026-03-27,In Stock
W008,Sydney,P04027,309,16,273,75,375,2026-05-07,In Stock
W004,Los Angeles,P04028,375,23,370,30,150,2026-04-26,In Stock
W005,London,P04029,295,18,295,30,150,2026-05-26,In Stock
W004,Los Angeles,P04030,353,6,347,75,375,2026-04-21,In Stock
W001,New York,P04031,72,19,48,30,150,2026-04-22,In Stock
W007,Milan,P04032,203,13,200,75,375,2026-04-29,In Stock
W001,New York,P04033,305,25,277,100,500,2026-04-01,In Stock
W003,Dallas,P04034,114,2,112,30,150,2026-04-13,In Stock
W006,Berlin,P04035,484,26,476,75,375,2026-06-20,In Stock
W006,Berlin,P04036,402,34,365,75,375,2026-06-25,In Stock
W001,New York,P04037,694,30,656,75,375,2026-05-19,In Stock
W001,New York,P04038,122,31,107,20,100,2026-06-11,In Stock
W006,Berlin,P04039,1153,1,1124,20,100,2026-06-01,In Stock
W008,Sydney,P04040,183,2,155,30,150,2026-06-07,In Stock
W003,Dallas,P04041,191,13,157,20,100,2026-03-16,In Stock
W007,Milan,P04042,1159,32,1129,20,100,2026-03-07,In Stock
W002,Chicago,P04043,798,9,787,75,375,2026-06-13,In Stock
W001,New York,P04044,519,17,493,50,250,2026-03-19,In Stock
W002,Chicago,P04045,1015,36,1005,20,100,2026-04-19,In Stock
W002,Chicago,P04046,970,29,954,20,100,2026-05-20,In Stock
W004,Los Angeles,P04047,833,9,819,20,100,2026-03-23,In Stock
W005,London,P04048,600,11,577,30,150,2026-06-10,In Stock
W002,Chicago,P04049,813,9,792,20,100,2026-06-05,In Stock
W004,Los Angeles,P04050,552,9,551,20,100,2026-04-15,In Stock
W005,London,P04051,624,30,613,75,375,2026-05-11,In Stock
W001,New York,P04052,426,26,386,30,150,2026-05-14,In Stock
W006,Berlin,P04053,193,8,163,30,150,2026-05-07,In Stock
W002,Chicago,P04054,953,19,918,100,500,2026-06-25,In Stock
W003,Dallas,P04055,553,22,516,50,250,2026-04-20,In Stock
W006,Berlin,P04056,229,2,221,75,375,2026-06-15,In Stock
W002,Chicago,P04057,1177,20,1143,20,100,2026-04-15,In Stock
W002,Chicago,P04058,349,34,324,75,375,2026-03-24,In Stock
W005,London,P04059,1097,16,1067,75,375,2026-04-18,In Stock
W007,Milan,P04060,1052,8,1039,75,375,2026-04-30,In Stock
W007,Milan,P04061,120,32,87,20,100,2026-05-25,In Stock
W005,London,P04062,934,1,902,50,250,2026-03-25,In Stock
W004,Los Angeles,P04063,897,5,861,100,500,2026-06-14,In Stock
W001,New York,P04064,1004,39,968,50,250,2026-06-12,In Stock
W002,Chicago,P04065,895,2,892,50,250,2026-05-08,In Stock
W004,Los Angeles,P04066,804,40,796,100,500,2026-03-14,In Stock
W004,Los Angeles,P04067,667,17,633,30,150,2026-05-25,In Stock
W007,Milan,P04068,553,2,521,75,375,2026-06-08,In Stock
W002,Chicago,P04069,458,33,432,100,500,2026-05-19,In Stock
W005,London,P04070,884,9,884,30,150,2026-06-07,In Stock
W002,Chicago,P04071,340,31,331,30,150,2026-03-10,In Stock
W001,New York,P04072,735,0,722,50,250,2026-03-23,In Stock
W004,Los Angeles,P04073,4,0,3,20,100,2026-04-19,Low Stock
W007,Milan,P04074,509,25,480,50,250,2026-05-29,In Stock
W002,Chicago,P04075,9,8,0,20,100,2026-04-16,Low Stock
W002,Chicago,P04076,248,7,223,50,250,2026-03-18,In Stock
W001,New York,P04077,47,5,23,100,500,2026-04-17,Low Stock
W003,Dallas,P04078,481,31,469,30,150,2026-03-01,In Stock
W008,Sydney,P04079,1191,36,1162,100,500,2026-03-26,In Stock
W001,New York,P04080,795,34,774,20,100,2026-05-21,In Stock
W002,Chicago,P04081,1121,30,1105,75,375,2026-05-10,In Stock
W004,Los Angeles,P04082,83,1,45,20,100,2026-03-16,In Stock
W005,London,P04083,448,27,441,30,150,2026-03-07,In Stock
W002,Chicago,P04084,500,5,494,75,375,2026-04-23,In Stock
W002,Chicago,P04085,651,38,616,20,100,2026-04-07,In Stock
W006,Berlin,P04086,530,32,521,50,250,2026-03-23,In Stock
W005,London,P04087,307,12,267,20,100,2026-05-26,In Stock
W001,New York,P04088,140,13,120,50,250,2026-03-23,In Stock
W004,Los Angeles,P04089,568,26,567,75,375,2026-05-02,In Stock
W006,Berlin,P04090,768,38,730,100,500,2026-05-27,In Stock
W005,London,P04091,1191,25,1164,50,250,2026-05-03,In Stock
W003,Dallas,P04092,109,3,74,20,100,2026-06-11,In Stock
W005,London,P04093,32,5,0,30,150,2026-06-09,In Stock
W003,Dallas,P04094,455,28,417,100,500,2026-03-02,In Stock
W005,London,P04095,2,1,0,30,150,2026-06-24,Low Stock
W006,Berlin,P04096,1025,31,1009,20,100,2026-04-01,In Stock
W006,Berlin,P04097,278,14,256,75,375,2026-04-08,In Stock
W004,Los Angeles,P04098,842,10,828,50,250,2026-05-15,In Stock
W008,Sydney,P04099,35,18,30,20,100,2026-06-08,In Stock
W002,Chicago,P04100,1146,35,1125,30,150,2026-06-15,In Stock
W002,Chicago,P04101,857,40,846,20,100,2026-03-20,In Stock
W006,Berlin,P04102,708,1,690,100,500,2026-04-04,In Stock
W007,Milan,P04103,234,3,205,20,100,2026-04-12,In Stock
W003,Dallas,P04104,448,16,421,20,100,2026-05-07,In Stock
W001,New York,P04105,110,8,75,20,100,2026-05-28,In Stock
W003,Dallas,P04106,938,1,933,20,100,2026-03-28,In Stock
W003,Dallas,P04107,410,36,370,30,150,2026-05-05,In Stock
W002,Chicago,P04108,718,8,717,20,100,2026-04-06,In Stock
W005,London,P04109,1090,0,1059,50,250,2026-03-26,In Stock
W007,Milan,P04110,891,14,875,50,250,2026-05-20,In Stock
W007,Milan,P04111,94,11,85,50,250,2026-05-03,In Stock
W007,Milan,P04112,448,24,447,50,250,2026-06-15,In Stock
W002,Chicago,P04113,681,0,658,30,150,2026-04-26,In Stock
W004,Los Angeles,P04114,633,9,617,75,375,2026-05-29,In Stock
W006,Berlin,P04115,1143,5,1112,75,375,2026-05-07,In Stock
W003,Dallas,P04116,334,6,326,50,250,2026-03-15,In Stock
W008,Sydney,P04117,375,28,375,75,375,2026-04-24,In Stock
W007,Milan,P04118,856,22,831,75,375,2026-06-09,In Stock
W003,Dallas,P04119,565,39,537,20,100,2026-03-07,In Stock
W007,Milan,P04120,1117,32,1100,75,375,2026-03-19,In Stock
W005,London,P04121,969,5,959,75,375,2026-04-15,In Stock
W001,New York,P04122,425,0,423,50,250,2026-05-07,In Stock
W002,Chicago,P04123,1045,32,1009,50,250,2026-04-28,In Stock
W005,London,P04124,298,15,278,30,150,2026-03-10,In Stock
W005,London,P04125,429,3,410,50,250,2026-03-28,In Stock
W007,Milan,P04126,774,9,767,100,500,2026-06-09,In Stock
W002,Chicago,P04127,688,16,650,75,375,2026-03-26,In Stock
W006,Berlin,P04128,335,16,299,50,250,2026-03-20,In Stock
W003,Dallas,P04129,35,17,17,75,375,2026-04-07,Low Stock
W002,Chicago,P04130,253,39,222,20,100,2026-03-21,In Stock
W004,Los Angeles,P04131,1119,5,1086,100,500,2026-06-10,In Stock
W008,Sydney,P04132,510,27,496,20,100,2026-05-20,In Stock
W004,Los Angeles,P04133,690,18,658,100,500,2026-03-09,In Stock
W003,Dallas,P04134,132,33,115,100,500,2026-04-14,In Stock
W007,Milan,P04135,1099,25,1074,20,100,2026-05-26,In Stock
W001,New York,P04136,711,6,709,20,100,2026-06-05,In Stock
W002,Chicago,P04137,329,19,317,50,250,2026-04-05,In Stock
W005,London,P04138,168,15,167,30,150,2026-06-13,In Stock
W007,Milan,P04139,104,39,71,50,250,2026-05-05,In Stock
W001,New York,P04140,490,9,484,75,375,2026-03-29,In Stock
W007,Milan,P04141,108,12,98,20,100,2026-06-21,In Stock
W004,Los Angeles,P04142,215,28,180,100,500,2026-03-15,In Stock
W001,New York,P04143,164,17,162,20,100,2026-02-28,In Stock
W001,New York,P04144,429,30,422,50,250,2026-05-29,In Stock
W002,Chicago,P04145,1016,37,987,20,100,2026-03-23,In Stock
W007,Milan,P04146,93,40,69,20,100,2026-03-07,In Stock
W003,Dallas,P04147,726,3,694,100,500,2026-05-26,In Stock
W002,Chicago,P04148,1191,40,1162,50,250,2026-03-15,In Stock
W006,Berlin,P04149,746,40,739,20,100,2026-06-19,In Stock
W004,Los Angeles,P04150,896,14,875,50,250,2026-04-22,In Stock
W003,Dallas,P04151,244,30,234,20,100,2026-04-18,In Stock
W008,Sydney,P04152,1070,30,1062,20,100,2026-03-21,In Stock
W008,Sydney,P04153,115,29,108,30,150,2026-05-06,In Stock
W002,Chicago,P04154,873,35,841,20,100,2026-06-14,In Stock
W008,Sydney,P04155,316,12,278,30,150,2026-03-08,In Stock
W007,Milan,P04156,514,31,507,75,375,2026-04-21,In Stock
W004,Los Angeles,P04157,993,14,991,50,250,2026-05-02,In Stock
W007,Milan,P04158,1146,0,1135,20,100,2026-03-18,In Stock
W005,London,P04159,1120,35,1097,20,100,2026-03-20,In Stock
W006,Berlin,P04160,953,2,953,100,500,2026-06-07,In Stock
W005,London,P04161,600,8,587,30,150,2026-03-08,In Stock
W007,Milan,P04162,381,7,356,30,150,2026-04-15,In Stock
W001,New York,P04163,787,24,752,100,500,2026-05-14,In Stock
W008,Sydney,P04164,531,30,530,75,375,2026-05-10,In Stock
W008,Sydney,P04165,730,27,691,20,100,2026-04-01,In Stock
W002,Chicago,P04166,503,23,494,100,500,2026-06-17,In Stock
W006,Berlin,P04167,112,26,93,20,100,2026-03-15,In Stock
W003,Dallas,P04168,795,0,765,20,100,2026-03-02,In Stock
W001,New York,P04169,445,23,443,30,150,2026-02-28,In Stock
W005,London,P04170,320,13,313,50,250,2026-04-10,In Stock
W004,Los Angeles,P04171,1183,18,1149,30,150,2026-03-11,In Stock
W005,London,P04172,1030,14,1029,20,100,2026-06-27,In Stock
W005,London,P04173,219,38,215,75,375,2026-03-16,In Stock
W001,New York,P04174,647,2,638,30,150,2026-06-16,In Stock
W006,Berlin,P04175,145,30,122,75,375,2026-03-23,In Stock
W007,Milan,P04176,595,15,581,75,375,2026-04-04,In Stock
W006,Berlin,P04177,476,35,471,50,250,2026-06-17,In Stock
W001,New York,P04178,667,7,650,20,100,2026-03-04,In Stock
W008,Sydney,P04179,861,9,830,50,250,2026-04-25,In Stock
W007,Milan,P04180,250,30,235,50,250,2026-04-19,In Stock
W006,Berlin,P04181,657,8,623,20,100,2026-03-22,In Stock
W002,Chicago,P04182,919,21,913,75,375,2026-06-11,In Stock
W004,Los Angeles,P04183,762,31,730,100,500,2026-06-16,In Stock
W006,Berlin,P04184,741,9,717,50,250,2026-03-11,In Stock
W001,New York,P04185,945,14,921,30,150,2026-06-26,In Stock
W003,Dallas,P04186,605,27,582,50,250,2026-03-22,In Stock
W005,London,P04187,865,29,856,75,375,2026-06-24,In Stock
W006,Berlin,P04188,132,6,131,75,375,2026-05-01,In Stock
W004,Los Angeles,P04189,125,29,118,100,500,2026-05-13,In Stock
W007,Milan,P04190,539,34,525,75,375,2026-04-28,In Stock
W001,New York,P04191,443,31,423,20,100,2026-05-20,In Stock
W004,Los Angeles,P04192,1085,11,1057,20,100,2026-05-22,In Stock
W002,Chicago,P04193,617,20,588,100,500,2026-04-04,In Stock
W003,Dallas,P04194,785,10,749,20,100,2026-06-06,In Stock
W006,Berlin,P04195,531,33,506,75,375,2026-06-10,In Stock
W008,Sydney,P04196,380,33,361,100,500,2026-06-23,In Stock
W008,Sydney,P04197,853,16,845,75,375,2026-06-27,In Stock
W008,Sydney,P04198,772,9,742,30,150,2026-06-20,In Stock
W004,Los Angeles,P04199,692,35,667,30,150,2026-04-29,In Stock
W007,Milan,P04200,283,38,275,50,250,2026-06-01,In Stock
W007,Milan,P04201,1032,38,1029,75,375,2026-05-07,In Stock
W001,New York,P04202,539,33,514,100,500,2026-04-14,In Stock
W004,Los Angeles,P04203,361,21,338,20,100,2026-03-21,In Stock
W004,Los Angeles,P04204,531,22,530,20,100,2026-04-02,In Stock
W003,Dallas,P04205,971,36,945,30,150,2026-03-25,In Stock
W002,Chicago,P04206,670,28,643,100,500,2026-05-27,In Stock
W001,New York,P04207,643,20,617,30,150,2026-05-02,In Stock
W001,New York,P04208,970,38,941,100,500,2026-04-26,In Stock
W006,Berlin,P04209,705,10,678,50,250,2026-03-12,In Stock
W002,Chicago,P04210,56,33,40,30,150,2026-06-10,In Stock
W003,Dallas,P04211,976,25,968,30,150,2026-05-01,In Stock
W004,Los Angeles,P04212,369,11,358,20,100,2026-02-28,In Stock
W003,Dallas,P04213,987,6,983,20,100,2026-03-14,In Stock
W008,Sydney,P04214,759,27,721,75,375,2026-06-13,In Stock
W008,Sydney,P04215,218,10,215,75,375,2026-03-21,In Stock
W005,London,P04216,322,34,299,100,500,2026-06-14,In Stock
W005,London,P04217,549,25,513,100,500,2026-04-19,In Stock
W004,Los Angeles,P04218,66,11,60,50,250,2026-03-14,In Stock
W007,Milan,P04219,1184,13,1147,20,100,2026-03-11,In Stock
W003,Dallas,P04220,383,11,357,20,100,2026-04-17,In Stock
W001,New York,P04221,195,11,170,50,250,2026-05-25,In Stock
W008,Sydney,P04222,158,27,124,20,100,2026-06-25,In Stock
W002,Chicago,P04223,922,1,909,75,375,2026-03-17,In Stock
W002,Chicago,P04224,819,28,817,30,150,2026-03-07,In Stock
W006,Berlin,P04225,22,9,0,20,100,2026-06-03,In Stock
W004,Los Angeles,P04226,378,29,367,75,375,2026-05-27,In Stock
W005,London,P04227,771,14,764,100,500,2026-03-10,In Stock
W008,Sydney,P04228,327,17,299,100,500,2026-05-04,In Stock
W004,Los Angeles,P04229,1137,34,1123,20,100,2026-04-17,In Stock
W001,New York,P04230,814,16,811,50,250,2026-06-08,In Stock
W006,Berlin,P04231,1126,6,1088,50,250,2026-05-31,In Stock
W004,Los Angeles,P04232,260,10,229,75,375,2026-06-05,In Stock
W002,Chicago,P04233,327,7,303,100,500,2026-05-31,In Stock
W006,Berlin,P04234,97,36,70,50,250,2026-06-21,In Stock
W003,Dallas,P04235,881,28,856,75,375,2026-04-07,In Stock
W006,Berlin,P04236,351,10,316,75,375,2026-04-07,In Stock
W005,London,P04237,728,37,697,30,150,2026-05-26,In Stock
W006,Berlin,P04238,47,0,15,75,375,2026-03-11,Low Stock
W007,Milan,P04239,617,26,586,20,100,2026-05-13,In Stock
W007,Milan,P04240,44,2,10,30,150,2026-06-27,In Stock
W002,Chicago,P04241,1157,38,1155,30,150,2026-06-07,In Stock
W003,Dallas,P04242,159,19,144,50,250,2026-04-10,In Stock
W001,New York,P04243,572,34,536,50,250,2026-03-04,In Stock
W001,New York,P04244,1197,11,1187,30,150,2026-05-15,In Stock
W004,Los Angeles,P04245,506,11,506,30,150,2026-06-07,In Stock
W004,Los Angeles,P04246,732,2,723,20,100,2026-03-17,In Stock
W006,Berlin,P04247,678,3,671,50,250,2026-04-10,In Stock
W004,Los Angeles,P04248,691,21,689,50,250,2026-05-31,In Stock
W007,Milan,P04249,1189,35,1154,100,500,2026-05-23,In Stock
W004,Los Angeles,P04250,396,12,386,30,150,2026-05-22,In Stock
W004,Los Angeles,P04251,807,37,780,30,150,2026-06-12,In Stock
W001,New York,P04252,1100,22,1064,20,100,2026-03-25,In Stock
W004,Los Angeles,P04253,250,17,233,30,150,2026-06-17,In Stock
W003,Dallas,P04254,1187,28,1166,20,100,2026-03-24,In Stock
W007,Milan,P04255,641,38,602,100,500,2026-06-11,In Stock
W001,New York,P04256,241,15,210,30,150,2026-05-08,In Stock
W004,Los Angeles,P04257,154,29,135,75,375,2026-04-14,In Stock
W006,Berlin,P04258,569,4,569,30,150,2026-05-10,In Stock
W003,Dallas,P04259,549,36,536,20,100,2026-03-05,In Stock
W008,Sydney,P04260,700,6,663,100,500,2026-06-12,In Stock
W003,Dallas,P04261,810,4,796,75,375,2026-06-16,In Stock
W008,Sydney,P04262,762,25,754,30,150,2026-02-28,In Stock
W007,Milan,P04263,561,20,552,75,375,2026-04-04,In Stock
W007,Milan,P04264,515,6,506,75,375,2026-03-31,In Stock
W001,New York,P04265,871,28,857,20,100,2026-06-25,In Stock
W001,New York,P04266,1169,10,1135,100,500,2026-03-05,In Stock
W005,London,P04267,645,17,642,30,150,2026-06-04,In Stock
W003,Dallas,P04268,216,22,202,20,100,2026-03-10,In Stock
W006,Berlin,P04269,726,20,720,20,100,2026-05-25,In Stock
W004,Los Angeles,P04270,285,37,245,20,100,2026-06-15,In Stock
W005,London,P04271,486,33,458,20,100,2026-04-27,In Stock
W008,Sydney,P04272,286,29,248,50,250,2026-06-12,In Stock
W006,Berlin,P04273,514,9,509,30,150,2026-04-25,In Stock
W004,Los Angeles,P04274,520,34,513,50,250,2026-04-14,In Stock
W003,Dallas,P04275,15,15,0,50,250,2026-06-23,Low Stock
W007,Milan,P04276,1009,36,997,75,375,2026-06-02,In Stock
W004,Los Angeles,P04277,348,37,313,100,500,2026-05-04,In Stock
W006,Berlin,P04278,195,39,192,50,250,2026-06-07,In Stock
W006,Berlin,P04279,956,18,929,100,500,2026-05-24,In Stock
W001,New York,P04280,1064,40,1032,50,250,2026-03-20,In Stock
W006,Berlin,P04281,1079,12,1045,100,500,2026-06-07,In Stock
W006,Berlin,P04282,895,8,870,75,375,2026-03-20,In Stock
W003,Dallas,P04283,36,17,11,100,500,2026-04-28,Low Stock
W003,Dallas,P04284,1197,23,1178,30,150,2026-03-02,In Stock
W004,Los Angeles,P04285,653,5,616,50,250,2026-05-09,In Stock
W003,Dallas,P04286,1137,11,1126,30,150,2026-03-09,In Stock
W006,Berlin,P04287,17,17,6,20,100,2026-05-14,Low Stock
W007,Milan,P04288,344,28,333,50,250,2026-04-19,In Stock
W007,Milan,P04289,386,16,375,100,500,2026-04-07,In Stock
W001,New York,P04290,185,10,170,30,150,2026-03-02,In Stock
W005,London,P04291,178,36,142,50,250,2026-06-06,In Stock
W001,New York,P04292,27,22,1,100,500,2026-05-09,Low Stock
W003,Dallas,P04293,908,8,882,20,100,2026-05-08,In Stock
W001,New York,P04294,537,3,500,50,250,2026-05-13,In Stock
W007,Milan,P04295,397,4,367,30,150,2026-03-13,In Stock
W005,London,P04296,80,14,41,20,100,2026-06-19,In Stock
W001,New York,P04297,172,14,157,100,500,2026-05-12,In Stock
W004,Los Angeles,P04298,1103,11,1095,100,500,2026-06-08,In Stock
W005,London,P04299,949,5,912,20,100,2026-05-31,In Stock
W007,Milan,P04300,11,6,10,20,100,2026-03-01,Low Stock
W003,Dallas,P04301,944,2,924,75,375,2026-05-08,In Stock
W005,London,P04302,819,26,816,20,100,2026-04-29,In Stock
W007,Milan,P04303,265,18,252,75,375,2026-03-30,In Stock
W006,Berlin,P04304,21,18,1,20,100,2026-05-30,In Stock
W008,Sydney,P04305,355,17,328,30,150,2026-06-17,In Stock
W008,Sydney,P04306,871,14,864,30,150,2026-06-02,In Stock
W004,Los Angeles,P04307,840,0,801,20,100,2026-05-26,In Stock
W005,London,P04308,190,19,182,75,375,2026-02-28,In Stock
W004,Los Angeles,P04309,203,22,186,75,375,2026-03-05,In Stock
W005,London,P04310,238,29,227,30,150,2026-04-30,In Stock
W008,Sydney,P04311,795,23,765,100,500,2026-05-06,In Stock
W001,New York,P04312,864,16,826,30,150,2026-05-22,In Stock
W003,Dallas,P04313,92,27,88,50,250,2026-04-29,In Stock
W006,Berlin,P04314,696,32,661,20,100,2026-05-03,In Stock
W001,New York,P04315,177,39,138,75,375,2026-04-17,In Stock
W004,Los Angeles,P04316,353,11,351,50,250,2026-03-08,In Stock
W003,Dallas,P04317,587,14,559,100,500,2026-05-20,In Stock
W005,London,P04318,547,31,537,20,100,2026-05-31,In Stock
W005,London,P04319,707,21,695,75,375,2026-04-25,In Stock
W007,Milan,P04320,1172,28,1136,50,250,2026-03-23,In Stock
W001,New York,P04321,338,18,304,50,250,2026-05-12,In Stock
W004,Los Angeles,P04322,775,26,740,30,150,2026-04-17,In Stock
W001,New York,P04323,575,11,563,75,375,2026-04-23,In Stock
W007,Milan,P04324,545,0,545,20,100,2026-04-13,In Stock
W006,Berlin,P04325,465,21,425,100,500,2026-03-07,In Stock
W006,Berlin,P04326,986,11,981,50,250,2026-05-09,In Stock
W005,London,P04327,480,37,442,50,250,2026-06-26,In Stock
W001,New York,P04328,1191,30,1157,30,150,2026-06-19,In Stock
W005,London,P04329,875,19,844,20,100,2026-03-12,In Stock
W007,Milan,P04330,192,14,163,50,250,2026-04-25,In Stock
W005,London,P04331,564,29,561,30,150,2026-05-09,In Stock
W007,Milan,P04332,168,28,146,100,500,2026-03-08,In Stock
W007,Milan,P04333,525,29,517,75,375,2026-04-03,In Stock
W007,Milan,P04334,478,35,474,75,375,2026-05-12,In Stock
W005,London,P04335,178,23,145,100,500,2026-03-25,In Stock
W001,New York,P04336,122,28,92,30,150,2026-03-02,In Stock
W003,Dallas,P04337,1181,0,1148,20,100,2026-05-20,In Stock
W006,Berlin,P04338,83,35,59,75,375,2026-06-26,In Stock
W005,London,P04339,483,26,456,50,250,2026-06-24,In Stock
W006,Berlin,P04340,74,15,46,30,150,2026-05-25,In Stock
W007,Milan,P04341,1042,13,1041,30,150,2026-05-09,In Stock
W008,Sydney,P04342,901,1,876,30,150,2026-04-29,In Stock
W002,Chicago,P04343,1122,11,1111,30,150,2026-05-06,In Stock
W007,Milan,P04344,973,17,968,100,500,2026-04-11,In Stock
W001,New York,P04345,1048,32,1016,75,375,2026-05-04,In Stock
W006,Berlin,P04346,446,21,408,100,500,2026-03-17,In Stock
W001,New York,P04347,793,13,757,75,375,2026-05-06,In Stock
W004,Los Angeles,P04348,623,32,584,30,150,2026-03-09,In Stock
W008,Sydney,P04349,818,20,778,20,100,2026-05-18,In Stock
W001,New York,P04350,619,8,611,100,500,2026-03-14,In Stock
W002,Chicago,P04351,932,16,897,20,100,2026-05-05,In Stock
W002,Chicago,P04352,1116,28,1115,75,375,2026-05-07,In Stock
W007,Milan,P04353,421,3,417,30,150,2026-05-08,In Stock
W003,Dallas,P04354,1183,30,1171,20,100,2026-02-28,In Stock
W003,Dallas,P04355,1042,5,1006,100,500,2026-03-16,In Stock
W003,Dallas,P04356,1004,35,995,20,100,2026-05-06,In Stock
W006,Berlin,P04357,417,29,412,30,150,2026-05-01,In Stock
W001,New York,P04358,1093,19,1054,75,375,2026-05-26,In Stock
W003,Dallas,P04359,829,18,819,100,500,2026-06-25,In Stock
W004,Los Angeles,P04360,1096,5,1081,30,150,2026-05-18,In Stock
W005,London,P04361,39,18,17,20,100,2026-03-21,In Stock
W007,Milan,P04362,920,24,882,20,100,2026-06-06,In Stock
W002,Chicago,P04363,696,28,684,100,500,2026-06-28,In Stock
W006,Berlin,P04364,529,33,519,100,500,2026-05-25,In Stock
W004,Los Angeles,P04365,1149,17,1134,100,500,2026-03-17,In Stock
W001,New York,P04366,300,29,266,20,100,2026-06-14,In Stock
W007,Milan,P04367,965,0,941,100,500,2026-04-08,In Stock
W007,Milan,P04368,555,7,534,30,150,2026-03-07,In Stock
W001,New York,P04369,210,16,173,75,375,2026-03-03,In Stock
W003,Dallas,P04370,1046,21,1046,20,100,2026-06-03,In Stock
W008,Sydney,P04371,94,30,91,20,100,2026-03-01,In Stock
W003,Dallas,P04372,844,2,816,50,250,2026-03-08,In Stock
W001,New York,P04373,416,32,376,20,100,2026-04-20,In Stock
W001,New York,P04374,1060,29,1050,20,100,2026-05-08,In Stock
W003,Dallas,P04375,1082,38,1056,30,150,2026-04-19,In Stock
W003,Dallas,P04376,606,33,586,50,250,2026-03-24,In Stock
W001,New York,P04377,39,9,6,75,375,2026-04-25,Low Stock
W006,Berlin,P04378,1157,29,1117,30,150,2026-05-24,In Stock
W002,Chicago,P04379,154,34,154,75,375,2026-05-05,In Stock
W002,Chicago,P04380,788,10,758,20,100,2026-05-08,In Stock
W007,Milan,P04381,271,35,269,20,100,2026-04-22,In Stock
W003,Dallas,P04382,34,7,5,30,150,2026-06-21,In Stock
W003,Dallas,P04383,862,16,845,30,150,2026-05-25,In Stock
W004,Los Angeles,P04384,667,24,627,100,500,2026-04-06,In Stock
W003,Dallas,P04385,518,33,487,50,250,2026-03-05,In Stock
W001,New York,P04386,166,0,148,30,150,2026-03-17,In Stock
W003,Dallas,P04387,610,23,597,30,150,2026-05-07,In Stock
W001,New York,P04388,1199,9,1185,20,100,2026-05-01,In Stock
W006,Berlin,P04389,509,11,474,20,100,2026-03-04,In Stock
W005,London,P04390,1167,25,1164,75,375,2026-05-28,In Stock
W007,Milan,P04391,919,8,901,20,100,2026-05-28,In Stock
W007,Milan,P04392,651,19,649,30,150,2026-05-14,In Stock
W006,Berlin,P04393,455,16,423,75,375,2026-03-24,In Stock
W002,Chicago,P04394,1091,23,1074,75,375,2026-04-03,In Stock
W001,New York,P04395,497,17,465,75,375,2026-04-20,In Stock
W003,Dallas,P04396,243,36,215,50,250,2026-04-26,In Stock
W004,Los Angeles,P04397,1060,17,1035,50,250,2026-05-07,In Stock
W003,Dallas,P04398,404,14,377,30,150,2026-06-24,In Stock
W007,Milan,P04399,825,38,786,75,375,2026-04-22,In Stock
W007,Milan,P04400,581,4,573,100,500,2026-05-12,In Stock
W005,London,P04401,1161,11,1153,75,375,2026-03-25,In Stock
W001,New York,P04402,525,38,492,30,150,2026-05-10,In Stock
W003,Dallas,P04403,339,36,300,75,375,2026-06-12,In Stock
W001,New York,P04404,786,25,782,75,375,2026-05-01,In Stock
W007,Milan,P04405,362,22,338,30,150,2026-04-11,In Stock
W003,Dallas,P04406,1122,13,1102,30,150,2026-03-24,In Stock
W008,Sydney,P04407,818,32,789,100,500,2026-03-30,In Stock
W008,Sydney,P04408,923,11,900,100,500,2026-03-03,In Stock
W007,Milan,P04409,25,3,10,50,250,2026-05-27,Low Stock
W003,Dallas,P04410,100,16,62,100,500,2026-03-16,In Stock
W004,Los Angeles,P04411,195,12,157,50,250,2026-04-22,In Stock
W004,Los Angeles,P04412,173,8,148,30,150,2026-06-27,In Stock
W001,New York,P04413,9,4,0,20,100,2026-06-22,Low Stock
W008,Sydney,P04414,816,39,812,30,150,2026-03-19,In Stock
W005,London,P04415,464,18,428,20,100,2026-06-19,In Stock
W004,Los Angeles,P04416,615,1,602,20,100,2026-04-23,In Stock
W008,Sydney,P04417,658,40,624,30,150,2026-04-29,In Stock
W003,Dallas,P04418,67,39,33,100,500,2026-05-04,Low Stock
W006,Berlin,P04419,785,10,777,50,250,2026-05-22,In Stock
W001,New York,P04420,674,9,671,100,500,2026-04-23,In Stock
W003,Dallas,P04421,478,14,477,50,250,2026-04-17,In Stock
W008,Sydney,P04422,873,38,867,75,375,2026-04-10,In Stock
W005,London,P04423,1144,25,1136,100,500,2026-03-03,In Stock
W001,New York,P04424,757,34,749,75,375,2026-03-08,In Stock
W001,New York,P04425,174,23,159,75,375,2026-04-09,In Stock
W001,New York,P04426,918,26,892,100,500,2026-06-16,In Stock
W007,Milan,P04427,1171,30,1162,50,250,2026-03-24,In Stock
W005,London,P04428,13,3,0,50,250,2026-04-27,Low Stock
W005,London,P04429,246,20,232,30,150,2026-06-19,In Stock
W004,Los Angeles,P04430,987,20,962,100,500,2026-06-16,In Stock
W001,New York,P04431,106,31,75,75,375,2026-06-03,In Stock
W003,Dallas,P04432,150,22,147,75,375,2026-05-31,In Stock
W007,Milan,P04433,176,11,174,100,500,2026-06-10,In Stock
W006,Berlin,P04434,1195,4,1158,100,500,2026-06-03,In Stock
W008,Sydney,P04435,396,29,394,30,150,2026-06-04,In Stock
W005,London,P04436,376,19,359,50,250,2026-03-12,In Stock
W008,Sydney,P04437,586,38,586,100,500,2026-03-21,In Stock
W005,London,P04438,1010,1,982,75,375,2026-03-25,In Stock
W007,Milan,P04439,263,20,259,30,150,2026-03-02,In Stock
W001,New York,P04440,963,20,959,75,375,2026-03-21,In Stock
W002,Chicago,P04441,965,35,943,20,100,2026-06-17,In Stock
W008,Sydney,P04442,489,34,452,30,150,2026-05-15,In Stock
W002,Chicago,P04443,548,24,536,50,250,2026-05-27,In Stock
W001,New York,P04444,150,22,118,100,500,2026-06-28,In Stock
W006,Berlin,P04445,709,5,703,100,500,2026-05-18,In Stock
W008,Sydney,P04446,533,39,508,50,250,2026-04-04,In Stock
W006,Berlin,P04447,509,7,484,100,500,2026-06-22,In Stock
W008,Sydney,P04448,968,3,950,20,100,2026-06-27,In Stock
W004,Los Angeles,P04449,25,10,6,50,250,2026-06-13,Low Stock
W005,London,P04450,37,34,28,30,150,2026-06-06,In Stock
W002,Chicago,P04451,1105,13,1068,20,100,2026-05-11,In Stock
W007,Milan,P04452,328,15,296,20,100,2026-05-12,In Stock
W007,Milan,P04453,570,28,536,20,100,2026-04-20,In Stock
W001,New York,P04454,310,20,300,75,375,2026-04-12,In Stock
W006,Berlin,P04455,185,18,158,75,375,2026-03-30,In Stock
W004,Los Angeles,P04456,417,21,391,30,150,2026-06-12,In Stock
W004,Los Angeles,P04457,113,38,84,30,150,2026-05-21,In Stock
W005,London,P04458,42,32,39,100,500,2026-03-23,Low Stock
W007,Milan,P04459,998,32,960,20,100,2026-04-18,In Stock
W008,Sydney,P04460,87,10,85,100,500,2026-04-03,Low Stock
W002,Chicago,P04461,189,40,171,100,500,2026-03-10,In Stock
W004,Los Angeles,P04462,161,12,152,20,100,2026-03-17,In Stock
W007,Milan,P04463,775,6,754,20,100,2026-04-21,In Stock
W005,London,P04464,1133,35,1130,50,250,2026-05-16,In Stock
W003,Dallas,P04465,817,11,810,30,150,2026-06-14,In Stock
W007,Milan,P04466,66,29,56,50,250,2026-06-10,In Stock
W001,New York,P04467,642,38,612,30,150,2026-04-03,In Stock
W001,New York,P04468,974,17,951,75,375,2026-03-29,In Stock
W005,London,P04469,606,3,572,75,375,2026-04-03,In Stock
W003,Dallas,P04470,402,28,398,20,100,2026-05-22,In Stock
W007,Milan,P04471,150,36,129,100,500,2026-03-27,In Stock
W004,Los Angeles,P04472,1180,26,1149,50,250,2026-03-18,In Stock
W007,Milan,P04473,835,26,824,30,150,2026-05-28,In Stock
W006,Berlin,P04474,1180,0,1157,75,375,2026-05-30,In Stock
W001,New York,P04475,282,4,248,75,375,2026-05-21,In Stock
W001,New York,P04476,265,31,230,50,250,2026-03-04,In Stock
W008,Sydney,P04477,12,6,0,30,150,2026-05-08,Low Stock
W001,New York,P04478,677,25,662,20,100,2026-06-23,In Stock
W007,Milan,P04479,810,27,810,30,150,2026-05-12,In Stock
W001,New York,P04480,264,5,224,100,500,2026-05-05,In Stock
W005,London,P04481,16,3,16,100,500,2026-03-10,Low Stock
W004,Los Angeles,P04482,89,7,79,100,500,2026-06-21,Low Stock
W004,Los Angeles,P04483,59,23,51,30,150,2026-06-26,In Stock
W005,London,P04484,694,12,665,30,150,2026-03-24,In Stock
W006,Berlin,P04485,1164,38,1141,75,375,2026-05-30,In Stock
W002,Chicago,P04486,1176,25,1174,30,150,2026-06-22,In Stock
W007,Milan,P04487,88,29,66,30,150,2026-03-03,In Stock
W008,Sydney,P04488,604,16,587,50,250,2026-04-09,In Stock
W003,Dallas,P04489,89,18,54,50,250,2026-04-12,In Stock
W005,London,P04490,584,14,552,50,250,2026-06-17,In Stock
W002,Chicago,P04491,1141,40,1106,20,100,2026-06-13,In Stock
W007,Milan,P04492,712,33,699,50,250,2026-05-23,In Stock
W005,London,P04493,676,25,666,75,375,2026-03-10,In Stock
W003,Dallas,P04494,759,7,728,30,150,2026-04-11,In Stock
W008,Sydney,P04495,107,26,83,50,250,2026-06-27,In Stock
W004,Los Angeles,P04496,836,26,828,20,100,2026-05-20,In Stock
W007,Milan,P04497,62,0,44,75,375,2026-05-02,Low Stock
W003,Dallas,P04498,863,1,855,75,375,2026-06-03,In Stock
W006,Berlin,P04499,128,32,105,50,250,2026-06-25,In Stock
W002,Chicago,P04500,766,0,762,30,150,2026-05-03,In Stock
W004,Los Angeles,P04501,184,31,178,75,375,2026-05-19,In Stock
W007,Milan,P04502,110,33,82,50,250,2026-04-16,In Stock
W001,New York,P04503,764,11,748,30,150,2026-05-21,In Stock
W002,Chicago,P04504,428,37,408,30,150,2026-05-20,In Stock
W008,Sydney,P04505,1161,3,1137,50,250,2026-05-26,In Stock
W006,Berlin,P04506,437,20,408,20,100,2026-04-15,In Stock
W001,New York,P04507,653,7,617,75,375,2026-03-01,In Stock
W002,Chicago,P04508,1074,34,1049,100,500,2026-05-04,In Stock
W005,London,P04509,828,13,801,100,500,2026-05-17,In Stock
W007,Milan,P04510,252,15,240,100,500,2026-03-08,In Stock
W006,Berlin,P04511,1013,40,978,50,250,2026-05-01,In Stock
W007,Milan,P04512,1120,23,1091,20,100,2026-06-22,In Stock
W003,Dallas,P04513,497,30,492,75,375,2026-04-20,In Stock
W005,London,P04514,500,6,464,20,100,2026-06-05,In Stock
W003,Dallas,P04515,52,23,25,100,500,2026-04-27,Low Stock
W004,Los Angeles,P04516,444,9,406,30,150,2026-03-31,In Stock
W008,Sydney,P04517,435,13,399,30,150,2026-03-10,In Stock
W007,Milan,P04518,592,2,581,50,250,2026-03-09,In Stock
W003,Dallas,P04519,659,10,634,30,150,2026-03-01,In Stock
W008,Sydney,P04520,770,37,759,100,500,2026-05-26,In Stock
W003,Dallas,P04521,899,15,860,75,375,2026-03-01,In Stock
W003,Dallas,P04522,458,21,449,100,500,2026-06-23,In Stock
W003,Dallas,P04523,488,1,452,30,150,2026-06-16,In Stock
W005,London,P04524,0,0,0,20,100,2026-06-04,Low Stock
W004,Los Angeles,P04525,358,17,340,100,500,2026-06-11,In Stock
W004,Los Angeles,P04526,608,4,570,75,375,2026-04-14,In Stock
W003,Dallas,P04527,18,10,0,75,375,2026-03-10,Low Stock
W002,Chicago,P04528,672,21,664,50,250,2026-03-06,In Stock
W007,Milan,P04529,117,20,90,75,375,2026-04-17,In Stock
W002,Chicago,P04530,413,14,406,100,500,2026-06-25,In Stock
W001,New York,P04531,805,15,792,50,250,2026-04-03,In Stock
W003,Dallas,P04532,377,40,368,75,375,2026-03-04,In Stock
W003,Dallas,P04533,1009,29,980,75,375,2026-06-01,In Stock
W004,Los Angeles,P04534,154,32,152,75,375,2026-05-09,In Stock
W007,Milan,P04535,611,1,583,75,375,2026-06-28,In Stock
W004,Los Angeles,P04536,1143,3,1128,50,250,2026-05-11,In Stock
W001,New York,P04537,686,20,676,100,500,2026-04-10,In Stock
W005,London,P04538,277,5,275,50,250,2026-04-08,In Stock
W008,Sydney,P04539,609,8,578,20,100,2026-05-25,In Stock
W001,New York,P04540,889,23,857,75,375,2026-06-07,In Stock
W007,Milan,P04541,928,8,905,75,375,2026-04-17,In Stock
W001,New York,P04542,880,0,878,30,150,2026-05-28,In Stock
W007,Milan,P04543,390,22,350,100,500,2026-03-12,In Stock
W007,Milan,P04544,537,4,519,75,375,2026-04-16,In Stock
W008,Sydney,P04545,547,38,516,50,250,2026-04-07,In Stock
W004,Los Angeles,P04546,213,13,176,100,500,2026-03-31,In Stock
W008,Sydney,P04547,1176,17,1138,100,500,2026-03-19,In Stock
W002,Chicago,P04548,527,32,500,100,500,2026-06-24,In Stock
W006,Berlin,P04549,642,18,604,20,100,2026-03-31,In Stock
W004,Los Angeles,P04550,292,27,274,75,375,2026-06-01,In Stock
W003,Dallas,P04551,269,37,253,30,150,2026-03-06,In Stock
W007,Milan,P04552,207,6,197,30,150,2026-03-29,In Stock
W002,Chicago,P04553,213,39,195,50,250,2026-04-18,In Stock
W006,Berlin,P04554,466,1,466,50,250,2026-03-31,In Stock
W002,Chicago,P04555,373,27,363,75,375,2026-06-11,In Stock
W004,Los Angeles,P04556,1087,31,1068,50,250,2026-06-06,In Stock
W003,Dallas,P04557,698,29,666,75,375,2026-03-31,In Stock
W008,Sydney,P04558,131,32,98,100,500,2026-06-10,In Stock
W003,Dallas,P04559,419,33,385,75,375,2026-04-06,In Stock
W008,Sydney,P04560,118,34,100,50,250,2026-06-20,In Stock
W007,Milan,P04561,1069,24,1065,20,100,2026-03-27,In Stock
W004,Los Angeles,P04562,523,23,498,100,500,2026-05-20,In Stock
W008,Sydney,P04563,1177,34,1160,100,500,2026-05-09,In Stock
W001,New York,P04564,664,27,636,100,500,2026-04-10,In Stock
W005,London,P04565,1161,12,1127,75,375,2026-05-29,In Stock
W001,New York,P04566,910,12,885,30,150,2026-03-18,In Stock
W002,Chicago,P04567,103,3,67,100,500,2026-03-08,In Stock
W003,Dallas,P04568,854,24,829,20,100,2026-06-12,In Stock
W001,New York,P04569,202,20,180,75,375,2026-03-05,In Stock
W006,Berlin,P04570,920,26,903,100,500,2026-05-17,In Stock
W008,Sydney,P04571,1070,20,1050,75,375,2026-03-24,In Stock
W006,Berlin,P04572,1010,6,999,50,250,2026-05-27,In Stock
W008,Sydney,P04573,882,0,882,50,250,2026-06-22,In Stock
W007,Milan,P04574,1072,21,1039,75,375,2026-03-20,In Stock
W007,Milan,P04575,1087,18,1084,30,150,2026-05-14,In Stock
W002,Chicago,P04576,849,22,833,75,375,2026-05-18,In Stock
W002,Chicago,P04577,315,16,296,30,150,2026-05-26,In Stock
W002,Chicago,P04578,1049,39,1019,100,500,2026-03-01,In Stock
W005,London,P04579,10,3,0,30,150,2026-04-22,Low Stock
W007,Milan,P04580,1094,1,1062,75,375,2026-03-21,In Stock
W004,Los Angeles,P04581,651,2,647,75,375,2026-05-02,In Stock
W001,New York,P04582,502,12,500,75,375,2026-03-08,In Stock
W005,London,P04583,548,13,516,30,150,2026-04-07,In Stock
W007,Milan,P04584,124,2,103,30,150,2026-03-27,In Stock
W001,New York,P04585,1107,34,1093,100,500,2026-06-25,In Stock
W005,London,P04586,141,17,104,30,150,2026-06-27,In Stock
W007,Milan,P04587,135,30,97,100,500,2026-04-27,In Stock
W008,Sydney,P04588,276,21,267,50,250,2026-04-18,In Stock
W005,London,P04589,224,23,200,30,150,2026-04-11,In Stock
W005,London,P04590,1078,19,1058,20,100,2026-03-03,In Stock
W001,New York,P04591,950,22,926,30,150,2026-03-24,In Stock
W008,Sydney,P04592,612,0,576,100,500,2026-05-18,In Stock
W008,Sydney,P04593,456,16,455,100,500,2026-03-07,In Stock
W006,Berlin,P04594,1197,2,1189,100,500,2026-04-05,In Stock
W007,Milan,P04595,2,2,0,30,150,2026-05-27,Low Stock
W005,London,P04596,301,14,296,20,100,2026-05-14,In Stock
W003,Dallas,P04597,680,17,641,100,500,2026-03-13,In Stock
W001,New York,P04598,959,19,950,30,150,2026-06-23,In Stock
W004,Los Angeles,P04599,197,28,168,100,500,2026-04-29,In Stock
W005,London,P04600,1090,29,1067,75,375,2026-04-11,In Stock
W006,Berlin,P04601,232,4,200,50,250,2026-03-05,In Stock
W007,Milan,P04602,547,10,535,100,500,2026-06-28,In Stock
W003,Dallas,P04603,655,25,623,100,500,2026-03-17,In Stock
W005,London,P04604,217,26,207,100,500,2026-05-28,In Stock
W004,Los Angeles,P04605,344,1,321,75,375,2026-03-28,In Stock
W007,Milan,P04606,573,29,547,30,150,2026-03-13,In Stock
W008,Sydney,P04607,599,13,593,100,500,2026-03-12,In Stock
W008,Sydney,P04608,394,24,369,20,100,2026-06-05,In Stock
W004,Los Angeles,P04609,177,5,144,50,250,2026-03-02,In Stock
W002,Chicago,P04610,959,32,950,100,500,2026-05-22,In Stock
W003,Dallas,P04611,781,21,745,50,250,2026-05-20,In Stock
W007,Milan,P04612,1123,1,1097,100,500,2026-03-02,In Stock
W003,Dallas,P04613,482,29,473,30,150,2026-05-31,In Stock
W008,Sydney,P04614,243,39,211,75,375,2026-04-15,In Stock
W001,New York,P04615,310,14,280,30,150,2026-04-03,In Stock
W001,New York,P04616,73,20,56,75,375,2026-03-09,Low Stock
W008,Sydney,P04617,113,17,84,100,500,2026-05-02,In Stock
W006,Berlin,P04618,531,40,503,20,100,2026-05-06,In Stock
W008,Sydney,P04619,642,12,605,50,250,2026-04-22,In Stock
W002,Chicago,P04620,1115,39,1113,100,500,2026-03-13,In Stock
W008,Sydney,P04621,430,32,426,75,375,2026-05-14,In Stock
W002,Chicago,P04622,656,38,653,75,375,2026-04-18,In Stock
W005,London,P04623,756,38,716,100,500,2026-05-10,In Stock
W003,Dallas,P04624,829,13,797,100,500,2026-05-26,In Stock
W008,Sydney,P04625,841,33,840,30,150,2026-03-10,In Stock
W003,Dallas,P04626,34,25,29,75,375,2026-06-09,Low Stock
W004,Los Angeles,P04627,817,11,810,20,100,2026-03-01,In Stock
W001,New York,P04628,683,35,649,20,100,2026-06-16,In Stock
W003,Dallas,P04629,1161,33,1137,100,500,2026-03-12,In Stock
W002,Chicago,P04630,1046,1,1015,30,150,2026-06-28,In Stock
W007,Milan,P04631,794,2,787,100,500,2026-06-22,In Stock
W008,Sydney,P04632,1200,14,1170,30,150,2026-03-21,In Stock
W003,Dallas,P04633,1136,24,1101,30,150,2026-04-12,In Stock
W004,Los Angeles,P04634,458,32,431,50,250,2026-04-05,In Stock
W005,London,P04635,930,15,910,20,100,2026-06-23,In Stock
W007,Milan,P04636,1005,29,973,50,250,2026-04-11,In Stock
W007,Milan,P04637,1062,12,1041,30,150,2026-05-14,In Stock
W008,Sydney,P04638,27,14,12,75,375,2026-03-26,Low Stock
W002,Chicago,P04639,349,6,329,30,150,2026-05-17,In Stock
W006,Berlin,P04640,87,28,85,50,250,2026-05-14,In Stock
W003,Dallas,P04641,191,30,152,100,500,2026-04-12,In Stock
W004,Los Angeles,P04642,1057,17,1041,50,250,2026-06-23,In Stock
W005,London,P04643,752,34,739,100,500,2026-06-15,In Stock
W002,Chicago,P04644,637,19,607,20,100,2026-06-22,In Stock
W002,Chicago,P04645,312,20,309,30,150,2026-06-03,In Stock
W007,Milan,P04646,1097,7,1077,75,375,2026-04-09,In Stock
W007,Milan,P04647,1093,4,1091,100,500,2026-04-15,In Stock
W008,Sydney,P04648,922,28,888,100,500,2026-06-22,In Stock
W003,Dallas,P04649,475,40,458,50,250,2026-05-14,In Stock
W007,Milan,P04650,1049,16,1023,50,250,2026-04-29,In Stock
W005,London,P04651,50,27,23,30,150,2026-05-21,In Stock
W001,New York,P04652,135,13,127,75,375,2026-04-11,In Stock
W006,Berlin,P04653,982,31,950,30,150,2026-04-05,In Stock
W004,Los Angeles,P04654,243,37,212,50,250,2026-05-13,In Stock
W008,Sydney,P04655,328,9,300,100,500,2026-05-30,In Stock
W002,Chicago,P04656,1042,35,1029,75,375,2026-03-30,In Stock
W001,New York,P04657,279,5,258,100,500,2026-04-18,In Stock
W006,Berlin,P04658,623,14,609,30,150,2026-06-06,In Stock
W005,London,P04659,185,23,181,75,375,2026-04-19,In Stock
W006,Berlin,P04660,520,15,483,100,500,2026-05-04,In Stock
W007,Milan,P04661,49,13,30,75,375,2026-05-22,Low Stock
W007,Milan,P04662,964,24,953,50,250,2026-03-27,In Stock
W002,Chicago,P04663,707,22,673,100,500,2026-05-23,In Stock
W002,Chicago,P04664,997,39,990,50,250,2026-05-05,In Stock
W002,Chicago,P04665,905,21,905,20,100,2026-06-08,In Stock
W003,Dallas,P04666,157,6,132,100,500,2026-04-17,In Stock
W002,Chicago,P04667,587,14,568,20,100,2026-03-13,In Stock
W005,London,P04668,982,3,945,75,375,2026-05-27,In Stock
W004,Los Angeles,P04669,997,18,996,75,375,2026-03-26,In Stock
W003,Dallas,P04670,256,25,238,100,500,2026-04-04,In Stock
W004,Los Angeles,P04671,412,9,385,20,100,2026-03-11,In Stock
W006,Berlin,P04672,60,37,36,100,500,2026-03-30,Low Stock
W003,Dallas,P04673,238,12,212,100,500,2026-05-11,In Stock
W008,Sydney,P04674,941,38,917,20,100,2026-05-06,In Stock
W007,Milan,P04675,891,0,883,20,100,2026-05-19,In Stock
W007,Milan,P04676,492,11,490,50,250,2026-06-11,In Stock
W003,Dallas,P04677,273,17,234,30,150,2026-04-14,In Stock
W001,New York,P04678,148,28,121,30,150,2026-04-19,In Stock
W004,Los Angeles,P04679,862,22,823,75,375,2026-03-26,In Stock
W001,New York,P04680,192,28,153,75,375,2026-06-19,In Stock
W006,Berlin,P04681,306,17,281,50,250,2026-06-13,In Stock
W005,London,P04682,601,39,591,20,100,2026-06-01,In Stock
W004,Los Angeles,P04683,717,29,698,20,100,2026-03-12,In Stock
W007,Milan,P04684,738,19,730,75,375,2026-03-09,In Stock
W007,Milan,P04685,107,35,83,20,100,2026-05-28,In Stock
W008,Sydney,P04686,262,13,258,75,375,2026-04-17,In Stock
W006,Berlin,P04687,781,40,760,100,500,2026-05-14,In Stock
W003,Dallas,P04688,374,28,350,75,375,2026-03-12,In Stock
W005,London,P04689,189,38,187,50,250,2026-06-25,In Stock
W004,Los Angeles,P04690,1121,0,1110,50,250,2026-03-25,In Stock
W006,Berlin,P04691,703,13,686,20,100,2026-03-21,In Stock
W005,London,P04692,523,25,493,100,500,2026-06-10,In Stock
W003,Dallas,P04693,1092,14,1056,100,500,2026-06-28,In Stock
W005,London,P04694,960,14,956,30,150,2026-05-27,In Stock
W006,Berlin,P04695,565,5,542,75,375,2026-04-02,In Stock
W008,Sydney,P04696,598,12,589,100,500,2026-05-14,In Stock
W002,Chicago,P04697,234,37,205,50,250,2026-04-22,In Stock
W008,Sydney,P04698,648,4,640,30,150,2026-03-09,In Stock
W001,New York,P04699,592,37,572,20,100,2026-05-23,In Stock
W004,Los Angeles,P04700,902,27,875,75,375,2026-06-16,In Stock
W004,Los Angeles,P04701,106,23,74,100,500,2026-06-22,In Stock
W001,New York,P04702,204,30,189,100,500,2026-06-18,In Stock
W005,London,P04703,422,5,402,100,500,2026-06-17,In Stock
W002,Chicago,P04704,512,27,482,30,150,2026-04-21,In Stock
W007,Milan,P04705,349,0,318,20,100,2026-03-18,In Stock
W002,Chicago,P04706,1123,6,1121,75,375,2026-04-11,In Stock
W007,Milan,P04707,1074,27,1055,50,250,2026-06-12,In Stock
W006,Berlin,P04708,930,26,895,20,100,2026-04-06,In Stock
W001,New York,P04709,292,37,280,75,375,2026-05-28,In Stock
W002,Chicago,P04710,762,11,750,50,250,2026-06-27,In Stock
W007,Milan,P04711,68,11,56,20,100,2026-06-22,In Stock
W003,Dallas,P04712,1028,21,1007,75,375,2026-03-04,In Stock
W001,New York,P04713,668,10,650,30,150,2026-03-26,In Stock
W002,Chicago,P04714,196,9,195,50,250,2026-05-08,In Stock
W007,Milan,P04715,983,6,963,20,100,2026-06-19,In Stock
W005,London,P04716,654,36,645,100,500,2026-06-26,In Stock
W002,Chicago,P04717,822,15,809,75,375,2026-03-12,In Stock
W003,Dallas,P04718,263,8,246,30,150,2026-06-24,In Stock
W001,New York,P04719,654,37,646,30,150,2026-06-05,In Stock
W003,Dallas,P04720,96,24,88,50,250,2026-04-06,In Stock
W001,New York,P04721,195,2,191,100,500,2026-06-14,In Stock
W004,Los Angeles,P04722,524,19,511,100,500,2026-05-31,In Stock
W002,Chicago,P04723,394,11,371,30,150,2026-06-05,In Stock
W007,Milan,P04724,239,10,224,30,150,2026-03-27,In Stock
W005,London,P04725,687,18,666,75,375,2026-06-12,In Stock
W004,Los Angeles,P04726,623,32,598,30,150,2026-05-21,In Stock
W005,London,P04727,906,0,895,75,375,2026-05-26,In Stock
W007,Milan,P04728,879,17,868,30,150,2026-03-25,In Stock
W001,New York,P04729,1194,15,1167,50,250,2026-03-24,In Stock
W008,Sydney,P04730,969,17,933,30,150,2026-04-19,In Stock
W006,Berlin,P04731,363,30,349,100,500,2026-05-14,In Stock
W007,Milan,P04732,188,11,164,50,250,2026-05-08,In Stock
W006,Berlin,P04733,680,4,663,100,500,2026-04-27,In Stock
W007,Milan,P04734,322,15,282,50,250,2026-04-24,In Stock
W001,New York,P04735,853,19,847,75,375,2026-05-25,In Stock
W008,Sydney,P04736,756,15,731,30,150,2026-03-12,In Stock
W006,Berlin,P04737,326,28,309,50,250,2026-03-02,In Stock
W007,Milan,P04738,889,14,868,50,250,2026-06-02,In Stock
W007,Milan,P04739,260,35,239,100,500,2026-03-25,In Stock
W004,Los Angeles,P04740,315,12,291,50,250,2026-04-26,In Stock
W003,Dallas,P04741,609,21,579,20,100,2026-06-18,In Stock
W003,Dallas,P04742,937,12,897,75,375,2026-04-19,In Stock
W004,Los Angeles,P04743,663,13,645,50,250,2026-05-07,In Stock
W006,Berlin,P04744,1024,15,988,75,375,2026-06-25,In Stock
W007,Milan,P04745,207,34,198,75,375,2026-05-22,In Stock
W008,Sydney,P04746,484,38,450,100,500,2026-03-20,In Stock
W002,Chicago,P04747,850,22,836,20,100,2026-04-03,In Stock
W002,Chicago,P04748,207,32,195,75,375,2026-04-01,In Stock
W008,Sydney,P04749,181,15,180,20,100,2026-04-26,In Stock
W004,Los Angeles,P04750,970,24,967,30,150,2026-04-29,In Stock
W003,Dallas,P04751,8,4,0,20,100,2026-04-11,Low Stock
W007,Milan,P04752,987,1,952,100,500,2026-03-06,In Stock
W003,Dallas,P04753,791,36,778,50,250,2026-06-13,In Stock
W003,Dallas,P04754,250,25,238,50,250,2026-04-14,In Stock
W005,London,P04755,905,11,885,75,375,2026-04-07,In Stock
W005,London,P04756,295,40,285,100,500,2026-05-10,In Stock
W005,London,P04757,705,13,693,75,375,2026-04-13,In Stock
W002,Chicago,P04758,942,37,905,30,150,2026-04-09,In Stock
W005,London,P04759,23,12,0,30,150,2026-05-26,Low Stock
W002,Chicago,P04760,224,26,200,30,150,2026-03-29,In Stock
W005,London,P04761,1161,5,1122,75,375,2026-05-07,In Stock
W008,Sydney,P04762,52,35,38,75,375,2026-06-01,Low Stock
W006,Berlin,P04763,451,7,449,100,500,2026-06-15,In Stock
W007,Milan,P04764,220,22,184,30,150,2026-06-25,In Stock
W002,Chicago,P04765,821,36,783,30,150,2026-05-25,In Stock
W001,New York,P04766,166,14,152,30,150,2026-05-25,In Stock
W005,London,P04767,441,26,411,75,375,2026-04-05,In Stock
W004,Los Angeles,P04768,560,6,542,100,500,2026-06-23,In Stock
W005,London,P04769,181,4,154,20,100,2026-04-26,In Stock
W004,Los Angeles,P04770,77,16,43,20,100,2026-06-17,In Stock
W002,Chicago,P04771,820,18,783,20,100,2026-04-06,In Stock
W002,Chicago,P04772,51,19,41,20,100,2026-03-06,In Stock
W001,New York,P04773,308,35,282,100,500,2026-03-11,In Stock
W007,Milan,P04774,243,34,241,75,375,2026-03-25,In Stock
W002,Chicago,P04775,81,18,72,30,150,2026-06-13,In Stock
W004,Los Angeles,P04776,528,21,509,100,500,2026-04-19,In Stock
W005,London,P04777,319,13,299,20,100,2026-06-03,In Stock
W002,Chicago,P04778,871,30,835,20,100,2026-04-04,In Stock
W002,Chicago,P04779,994,6,981,100,500,2026-03-03,In Stock
W007,Milan,P04780,120,20,90,20,100,2026-06-16,In Stock
W002,Chicago,P04781,1014,13,1006,20,100,2026-03-20,In Stock
W002,Chicago,P04782,1193,1,1185,50,250,2026-05-21,In Stock
W008,Sydney,P04783,8,8,0,30,150,2026-03-18,Low Stock
W002,Chicago,P04784,592,7,584,20,100,2026-03-13,In Stock
W008,Sydney,P04785,612,8,581,50,250,2026-03-01,In Stock
W002,Chicago,P04786,436,30,404,75,375,2026-05-12,In Stock
W008,Sydney,P04787,779,27,767,50,250,2026-04-12,In Stock
W002,Chicago,P04788,489,5,487,100,500,2026-03-03,In Stock
W008,Sydney,P04789,617,7,593,100,500,2026-06-13,In Stock
W005,London,P04790,346,9,339,30,150,2026-05-15,In Stock
W005,London,P04791,98,15,93,20,100,2026-03-03,In Stock
W006,Berlin,P04792,446,3,420,50,250,2026-04-13,In Stock
W007,Milan,P04793,379,4,353,75,375,2026-04-19,In Stock
W005,London,P04794,705,10,685,50,250,2026-06-06,In Stock
W008,Sydney,P04795,638,0,630,20,100,2026-04-08,In Stock
W006,Berlin,P04796,579,4,550,75,375,2026-04-15,In Stock
W005,London,P04797,1066,22,1039,100,500,2026-05-10,In Stock
W005,London,P04798,1037,38,1023,100,500,2026-06-21,In Stock
W001,New York,P04799,756,37,716,20,100,2026-03-31,In Stock
W006,Berlin,P04800,886,22,861,75,375,2026-06-02,In Stock
W006,Berlin,P04801,745,18,736,100,500,2026-03-11,In Stock
W003,Dallas,P04802,918,29,909,20,100,2026-05-10,In Stock
W007,Milan,P04803,272,25,249,50,250,2026-06-25,In Stock
W005,London,P04804,783,30,782,20,100,2026-04-05,In Stock
W001,New York,P04805,169,17,162,50,250,2026-03-13,In Stock
W004,Los Angeles,P04806,10,8,0,75,375,2026-03-10,Low Stock
W003,Dallas,P04807,533,32,505,20,100,2026-03-21,In Stock
W002,Chicago,P04808,10,10,0,20,100,2026-05-07,Low Stock
W001,New York,P04809,556,31,548,20,100,2026-04-21,In Stock
W003,Dallas,P04810,15,13,5,75,375,2026-06-04,Low Stock
W002,Chicago,P04811,249,10,241,50,250,2026-05-30,In Stock
W003,Dallas,P04812,1130,11,1119,30,150,2026-04-18,In Stock
W003,Dallas,P04813,581,34,564,20,100,2026-04-29,In Stock
W006,Berlin,P04814,318,12,296,100,500,2026-04-12,In Stock
W005,London,P04815,65,17,60,20,100,2026-06-24,In Stock
W005,London,P04816,926,7,912,100,500,2026-05-12,In Stock
W002,Chicago,P04817,236,22,235,30,150,2026-03-15,In Stock
W006,Berlin,P04818,397,28,388,50,250,2026-06-07,In Stock
W003,Dallas,P04819,15,9,8,75,375,2026-04-08,Low Stock
W006,Berlin,P04820,1002,2,964,100,500,2026-03-23,In Stock
W008,Sydney,P04821,1073,1,1065,30,150,2026-03-02,In Stock
W001,New York,P04822,149,19,143,20,100,2026-04-10,In Stock
W005,London,P04823,674,19,670,30,150,2026-04-11,In Stock
W006,Berlin,P04824,258,6,242,100,500,2026-05-23,In Stock
W008,Sydney,P04825,1138,29,1120,75,375,2026-03-27,In Stock
W003,Dallas,P04826,1127,11,1122,20,100,2026-04-07,In Stock
W004,Los Angeles,P04827,46,14,24,75,375,2026-04-26,Low Stock
W001,New York,P04828,465,35,428,75,375,2026-03-22,In Stock
W002,Chicago,P04829,298,14,259,20,100,2026-03-28,In Stock
W008,Sydney,P04830,513,25,475,30,150,2026-04-16,In Stock
W001,New York,P04831,653,35,633,50,250,2026-05-15,In Stock
W008,Sydney,P04832,762,36,743,100,500,2026-03-31,In Stock
W001,New York,P04833,1115,11,1079,50,250,2026-03-06,In Stock
W001,New York,P04834,858,27,822,100,500,2026-04-08,In Stock
W001,New York,P04835,610,9,577,50,250,2026-04-12,In Stock
W007,Milan,P04836,30,2,27,75,375,2026-05-10,Low Stock
W006,Berlin,P04837,860,15,846,75,375,2026-05-02,In Stock
W005,London,P04838,760,2,755,75,375,2026-05-08,In Stock
W006,Berlin,P04839,294,26,289,75,375,2026-03-02,In Stock
W004,Los Angeles,P04840,856,4,837,100,500,2026-04-14,In Stock
W001,New York,P04841,286,14,246,50,250,2026-06-26,In Stock
W005,London,P04842,398,25,359,75,375,2026-04-11,In Stock
W003,Dallas,P04843,814,17,795,50,250,2026-05-01,In Stock
W008,Sydney,P04844,369,0,335,50,250,2026-05-23,In Stock
W003,Dallas,P04845,492,16,481,30,150,2026-06-01,In Stock
W005,London,P04846,1049,2,1032,20,100,2026-06-18,In Stock
W008,Sydney,P04847,258,7,237,50,250,2026-05-16,In Stock
W004,Los Angeles,P04848,815,6,795,100,500,2026-04-21,In Stock
W006,Berlin,P04849,645,18,608,75,375,2026-03-02,In Stock
W001,New York,P04850,786,31,750,30,150,2026-03-17,In Stock
W007,Milan,P04851,30,8,20,30,150,2026-05-12,In Stock
W008,Sydney,P04852,125,13,111,30,150,2026-04-05,In Stock
W003,Dallas,P04853,692,18,670,100,500,2026-06-05,In Stock
W004,Los Angeles,P04854,169,40,135,50,250,2026-03-03,In Stock
W003,Dallas,P04855,1075,14,1073,75,375,2026-05-24,In Stock
W001,New York,P04856,286,27,261,100,500,2026-06-05,In Stock
W002,Chicago,P04857,906,6,875,30,150,2026-05-22,In Stock
W003,Dallas,P04858,284,1,265,30,150,2026-06-17,In Stock
W007,Milan,P04859,950,11,943,100,500,2026-05-14,In Stock
W004,Los Angeles,P04860,360,24,322,75,375,2026-06-02,In Stock
W008,Sydney,P04861,10,3,2,75,375,2026-03-16,Low Stock
W006,Berlin,P04862,67,7,53,30,150,2026-04-14,In Stock
W003,Dallas,P04863,1024,19,990,20,100,2026-03-21,In Stock
W006,Berlin,P04864,15,4,13,30,150,2026-05-06,Low Stock
W002,Chicago,P04865,1198,6,1162,20,100,2026-05-29,In Stock
W004,Los Angeles,P04866,433,39,419,50,250,2026-04-27,In Stock
W008,Sydney,P04867,173,3,173,100,500,2026-06-21,In Stock
W001,New York,P04868,376,21,349,100,500,2026-06-16,In Stock
W007,Milan,P04869,299,21,275,30,150,2026-03-29,In Stock
W005,London,P04870,1008,32,985,20,100,2026-05-14,In Stock
W005,London,P04871,5,4,0,75,375,2026-03-17,Low Stock
W003,Dallas,P04872,464,18,442,20,100,2026-03-27,In Stock
W004,Los Angeles,P04873,279,5,255,30,150,2026-04-06,In Stock
W008,Sydney,P04874,953,4,935,100,500,2026-05-17,In Stock
W007,Milan,P04875,593,18,578,75,375,2026-05-03,In Stock
W001,New York,P04876,242,18,220,100,500,2026-06-03,In Stock
W002,Chicago,P04877,164,31,137,75,375,2026-05-06,In Stock
W007,Milan,P04878,696,22,685,20,100,2026-04-05,In Stock
W008,Sydney,P04879,856,8,855,20,100,2026-03-20,In Stock
W003,Dallas,P04880,1134,20,1104,20,100,2026-04-19,In Stock
W001,New York,P04881,833,39,830,20,100,2026-06-09,In Stock
W003,Dallas,P04882,503,7,478,20,100,2026-04-28,In Stock
W008,Sydney,P04883,49,40,19,75,375,2026-04-09,Low Stock
W007,Milan,P04884,418,15,410,50,250,2026-06-09,In Stock
W004,Los Angeles,P04885,995,34,973,20,100,2026-04-15,In Stock
W003,Dallas,P04886,146,24,106,30,150,2026-04-23,In Stock
W005,London,P04887,1049,26,1035,50,250,2026-03-04,In Stock
W008,Sydney,P04888,171,18,162,20,100,2026-04-12,In Stock
W005,London,P04889,394,2,393,20,100,2026-02-28,In Stock
W004,Los Angeles,P04890,928,15,892,50,250,2026-03-24,In Stock
W003,Dallas,P04891,498,13,489,20,100,2026-05-26,In Stock
W007,Milan,P04892,705,40,673,100,500,2026-03-12,In Stock
W007,Milan,P04893,778,13,770,100,500,2026-04-28,In Stock
W005,London,P04894,211,35,199,75,375,2026-03-18,In Stock
W008,Sydney,P04895,845,36,841,50,250,2026-03-08,In Stock
W006,Berlin,P04896,430,8,428,100,500,2026-06-16,In Stock
W002,Chicago,P04897,562,24,540,20,100,2026-06-08,In Stock
W007,Milan,P04898,804,11,777,50,250,2026-05-03,In Stock
W004,Los Angeles,P04899,755,9,724,20,100,2026-06-05,In Stock
W005,London,P04900,647,14,632,50,250,2026-04-27,In Stock
W006,Berlin,P04901,803,24,764,50,250,2026-04-29,In Stock
W007,Milan,P04902,532,28,500,100,500,2026-05-22,In Stock
W007,Milan,P04903,327,17,291,30,150,2026-05-23,In Stock
W006,Berlin,P04904,246,19,220,20,100,2026-04-09,In Stock
W003,Dallas,P04905,644,26,607,20,100,2026-06-12,In Stock
W007,Milan,P04906,669,34,648,75,375,2026-03-11,In Stock
W002,Chicago,P04907,292,26,284,20,100,2026-03-24,In Stock
W008,Sydney,P04908,855,11,817,75,375,2026-02-28,In Stock
W004,Los Angeles,P04909,654,39,626,20,100,2026-04-15,In Stock
W004,Los Angeles,P04910,527,8,523,50,250,2026-06-12,In Stock
W002,Chicago,P04911,616,23,616,75,375,2026-06-05,In Stock
W003,Dallas,P04912,401,31,372,50,250,2026-04-19,In Stock
W001,New York,P04913,587,31,551,50,250,2026-04-30,In Stock
W003,Dallas,P04914,765,33,747,20,100,2026-03-31,In Stock
W001,New York,P04915,939,13,925,20,100,2026-04-06,In Stock
W003,Dallas,P04916,191,28,156,50,250,2026-04-02,In Stock
W003,Dallas,P04917,497,28,488,30,150,2026-04-01,In Stock
W001,New York,P04918,1162,20,1158,50,250,2026-03-29,In Stock
W007,Milan,P04919,999,28,999,75,375,2026-05-09,In Stock
W004,Los Angeles,P04920,833,8,800,30,150,2026-05-05,In Stock
W004,Los Angeles,P04921,8,1,0,20,100,2026-03-07,Low Stock
W003,Dallas,P04922,55,33,37,20,100,2026-04-25,In Stock
W005,London,P04923,259,16,225,75,375,2026-06-02,In Stock
W004,Los Angeles,P04924,435,28,399,75,375,2026-05-11,In Stock
W001,New York,P04925,1043,34,1005,30,150,2026-05-08,In Stock
W008,Sydney,P04926,175,24,175,30,150,2026-03-11,In Stock
W006,Berlin,P04927,518,18,491,100,500,2026-03-08,In Stock
W003,Dallas,P04928,49,23,23,100,500,2026-05-24,Low Stock
W001,New York,P04929,232,9,216,30,150,2026-04-10,In Stock
W006,Berlin,P04930,191,13,168,100,500,2026-06-22,In Stock
W001,New York,P04931,158,21,140,20,100,2026-05-09,In Stock
W002,Chicago,P04932,973,33,970,50,250,2026-04-20,In Stock
W001,New York,P04933,443,32,407,100,500,2026-04-08,In Stock
W001,New York,P04934,585,40,581,50,250,2026-06-21,In Stock
W005,London,P04935,125,15,121,50,250,2026-05-15,In Stock
W007,Milan,P04936,788,21,784,100,500,2026-04-02,In Stock
W004,Los Angeles,P04937,676,33,636,30,150,2026-04-06,In Stock
W002,Chicago,P04938,562,13,532,100,500,2026-05-20,In Stock
W008,Sydney,P04939,654,32,651,50,250,2026-06-03,In Stock
W001,New York,P04940,24,12,0,20,100,2026-03-01,In Stock
W006,Berlin,P04941,781,28,774,50,250,2026-04-27,In Stock
W008,Sydney,P04942,1124,2,1119,50,250,2026-03-02,In Stock
W001,New York,P04943,316,6,291,75,375,2026-03-06,In Stock
W004,Los Angeles,P04944,990,27,985,20,100,2026-06-15,In Stock
W006,Berlin,P04945,1056,27,1023,75,375,2026-05-05,In Stock
W002,Chicago,P04946,174,36,144,100,500,2026-03-15,In Stock
W007,Milan,P04947,898,37,865,50,250,2026-06-03,In Stock
W004,Los Angeles,P04948,327,4,297,75,375,2026-03-09,In Stock
W001,New York,P04949,657,21,623,20,100,2026-06-02,In Stock
W006,Berlin,P04950,388,22,354,50,250,2026-06-20,In Stock
W006,Berlin,P04951,864,28,855,50,250,2026-04-20,In Stock
W006,Berlin,P04952,505,15,490,50,250,2026-04-15,In Stock
W003,Dallas,P04953,578,24,553,30,150,2026-04-05,In Stock
W003,Dallas,P04954,193,30,172,75,375,2026-04-18,In Stock
W001,New York,P04955,136,34,119,50,250,2026-03-02,In Stock
W007,Milan,P04956,876,31,838,100,500,2026-03-09,In Stock
W004,Los Angeles,P04957,8,0,0,30,150,2026-03-20,Low Stock
W006,Berlin,P04958,418,29,407,30,150,2026-04-28,In Stock
W007,Milan,P04959,880,35,866,100,500,2026-05-27,In Stock
W006,Berlin,P04960,142,3,132,50,250,2026-05-19,In Stock
W003,Dallas,P04961,1060,19,1033,50,250,2026-06-15,In Stock
W004,Los Angeles,P04962,9,7,0,100,500,2026-02-28,Low Stock
W001,New York,P04963,1096,30,1088,100,500,2026-03-07,In Stock
W001,New York,P04964,935,35,925,30,150,2026-04-28,In Stock
W008,Sydney,P04965,960,7,953,75,375,2026-03-08,In Stock
W005,London,P04966,287,8,257,50,250,2026-04-06,In Stock
W007,Milan,P04967,406,38,403,20,100,2026-06-27,In Stock
W008,Sydney,P04968,169,4,166,30,150,2026-03-15,In Stock
W003,Dallas,P04969,570,12,552,30,150,2026-04-03,In Stock
W005,London,P04970,1001,3,979,30,150,2026-03-26,In Stock
W008,Sydney,P04971,915,6,876,75,375,2026-03-14,In Stock
W007,Milan,P04972,246,37,206,100,500,2026-04-29,In Stock
W002,Chicago,P04973,770,39,743,50,250,2026-05-15,In Stock
W007,Milan,P04974,824,26,806,75,375,2026-06-23,In Stock
W007,Milan,P04975,1073,12,1055,30,150,2026-03-21,In Stock
W005,London,P04976,32,23,23,20,100,2026-06-08,In Stock
W005,London,P04977,283,23,271,75,375,2026-03-21,In Stock
W008,Sydney,P04978,410,8,405,30,150,2026-04-15,In Stock
W002,Chicago,P04979,529,39,529,30,150,2026-05-01,In Stock
W001,New York,P04980,741,30,726,50,250,2026-05-06,In Stock
W001,New York,P04981,233,31,193,50,250,2026-04-14,In Stock
W002,Chicago,P04982,169,2,163,50,250,2026-06-23,In Stock
W002,Chicago,P04983,812,26,812,30,150,2026-06-25,In Stock
W001,New York,P04984,275,22,240,75,375,2026-04-16,In Stock
W004,Los Angeles,P04985,535,21,497,75,375,2026-05-01,In Stock
W004,Los Angeles,P04986,451,18,419,50,250,2026-04-25,In Stock
W004,Los Angeles,P04987,733,5,695,75,375,2026-06-05,In Stock
W002,Chicago,P04988,580,25,550,100,500,2026-04-17,In Stock
W002,Chicago,P04989,516,15,484,75,375,2026-03-02,In Stock
W007,Milan,P04990,793,15,784,50,250,2026-06-26,In Stock
W004,Los Angeles,P04991,187,8,161,75,375,2026-05-05,In Stock
W006,Berlin,P04992,299,9,280,100,500,2026-05-09,In Stock
W006,Berlin,P04993,540,10,509,100,500,2026-04-04,In Stock
W003,Dallas,P04994,594,2,592,20,100,2026-04-01,In Stock
W003,Dallas,P04995,42,25,39,100,500,2026-06-17,Low Stock
W005,London,P04996,772,20,767,20,100,2026-04-14,In Stock
W001,New York,P04997,1145,17,1132,50,250,2026-03-15,In Stock
W003,Dallas,P04998,1014,25,1002,20,100,2026-03-27,In Stock
W001,New York,P04999,405,20,379,30,150,2026-03-12,In Stock
W004,Los Angeles,P05000,781,12,781,100,500,2026-06-17,In Stock
W001,New York,P05001,116,37,113,20,100,2026-04-22,In Stock
W004,Los Angeles,P05002,135,28,102,100,500,2026-06-14,In Stock
W001,New York,P05003,634,2,623,100,500,2026-04-22,In Stock
W004,Los Angeles,P05004,687,4,666,50,250,2026-04-20,In Stock
W003,Dallas,P05005,103,14,100,100,500,2026-03-02,In Stock
W005,London,P05006,451,26,424,75,375,2026-06-17,In Stock
W004,Los Angeles,P05007,855,10,821,75,375,2026-03-03,In Stock
W001,New York,P05008,1048,8,1040,20,100,2026-04-03,In Stock
W007,Milan,P05009,1064,22,1028,20,100,2026-05-21,In Stock
W008,Sydney,P05010,525,0,503,75,375,2026-03-04,In Stock
W004,Los Angeles,P05011,150,2,128,20,100,2026-04-02,In Stock
W004,Los Angeles,P05012,500,39,473,20,100,2026-04-26,In Stock
W004,Los Angeles,P05013,917,32,899,100,500,2026-06-11,In Stock
W002,Chicago,P05014,1142,7,1123,100,500,2026-06-11,In Stock
W007,Milan,P05015,476,26,454,75,375,2026-04-07,In Stock
W001,New York,P05016,212,31,185,75,375,2026-04-28,In Stock
W002,Chicago,P05017,1042,30,1017,75,375,2026-03-09,In Stock
W003,Dallas,P05018,1087,13,1061,100,500,2026-03-02,In Stock
W004,Los Angeles,P05019,885,33,863,100,500,2026-06-25,In Stock
W002,Chicago,P05020,812,29,787,30,150,2026-06-06,In Stock
W003,Dallas,P05021,376,27,349,75,375,2026-05-03,In Stock
W001,New York,P05022,1167,28,1142,30,150,2026-06-18,In Stock
W007,Milan,P05023,665,11,630,30,150,2026-03-03,In Stock
W001,New York,P05024,949,37,912,50,250,2026-05-29,In Stock
W006,Berlin,P05025,1158,6,1150,100,500,2026-05-18,In Stock
W006,Berlin,P05026,976,29,967,75,375,2026-05-04,In Stock
W006,Berlin,P05027,1015,18,1014,75,375,2026-04-19,In Stock
W004,Los Angeles,P05028,1140,34,1139,50,250,2026-05-19,In Stock
W001,New York,P05029,148,7,120,50,250,2026-06-15,In Stock
W007,Milan,P05030,675,35,638,75,375,2026-06-04,In Stock
W002,Chicago,P05031,284,22,259,100,500,2026-05-15,In Stock
W002,Chicago,P05032,1094,28,1089,100,500,2026-04-07,In Stock
W002,Chicago,P05033,631,27,629,100,500,2026-06-21,In Stock
W006,Berlin,P05034,89,38,78,20,100,2026-05-26,In Stock
W005,London,P05035,370,28,335,100,500,2026-03-14,In Stock
W008,Sydney,P05036,715,3,675,75,375,2026-05-30,In Stock
W001,New York,P05037,289,12,288,100,500,2026-06-13,In Stock
W002,Chicago,P05038,307,40,307,50,250,2026-06-20,In Stock
W007,Milan,P05039,73,17,63,75,375,2026-04-16,Low Stock
W001,New York,P05040,822,22,813,100,500,2026-06-05,In Stock
W003,Dallas,P05041,465,26,427,30,150,2026-06-02,In Stock
W002,Chicago,P05042,1148,24,1138,20,100,2026-03-07,In Stock
W001,New York,P05043,27,20,15,75,375,2026-06-26,Low Stock
W003,Dallas,P05044,535,24,508,30,150,2026-06-11,In Stock
W005,London,P05045,1175,23,1160,75,375,2026-04-29,In Stock
W005,London,P05046,50,31,45,50,250,2026-03-17,In Stock
W005,London,P05047,624,38,601,75,375,2026-03-05,In Stock
W007,Milan,P05048,1015,3,991,50,250,2026-04-20,In Stock
W008,Sydney,P05049,426,19,410,50,250,2026-02-28,In Stock
W006,Berlin,P05050,448,21,444,50,250,2026-05-24,In Stock
W007,Milan,P05051,878,34,852,100,500,2026-05-14,In Stock
W004,Los Angeles,P05052,548,12,530,100,500,2026-04-18,In Stock
W004,Los Angeles,P05053,723,27,683,100,500,2026-06-08,In Stock
W007,Milan,P05054,1012,27,987,30,150,2026-03-14,In Stock
W005,London,P05055,1060,15,1051,50,250,2026-06-25,In Stock
W008,Sydney,P05056,968,33,938,50,250,2026-06-28,In Stock
W005,London,P05057,499,26,460,30,150,2026-04-18,In Stock
W004,Los Angeles,P05058,515,15,488,50,250,2026-04-13,In Stock
W006,Berlin,P05059,1096,22,1095,20,100,2026-03-23,In Stock
W005,London,P05060,653,23,651,20,100,2026-04-13,In Stock
W003,Dallas,P05061,1089,25,1060,50,250,2026-06-07,In Stock
W001,New York,P05062,104,12,87,75,375,2026-06-06,In Stock
W004,Los Angeles,P05063,1161,29,1133,20,100,2026-05-30,In Stock
W008,Sydney,P05064,290,20,273,100,500,2026-04-08,In Stock
W006,Berlin,P05065,9,8,8,30,150,2026-06-20,Low Stock
W007,Milan,P05066,282,35,260,50,250,2026-06-14,In Stock
W006,Berlin,P05067,78,40,78,30,150,2026-05-21,In Stock
W006,Berlin,P05068,47,35,41,30,150,2026-05-20,In Stock
W004,Los Angeles,P05069,703,4,695,30,150,2026-03-04,In Stock
W008,Sydney,P05070,542,14,511,30,150,2026-04-10,In Stock
W006,Berlin,P05071,385,6,378,20,100,2026-06-10,In Stock
W004,Los Angeles,P05072,722,1,705,100,500,2026-03-09,In Stock
W003,Dallas,P05073,821,11,792,50,250,2026-03-16,In Stock
W005,London,P05074,305,27,281,100,500,2026-03-05,In Stock
W003,Dallas,P05075,704,3,671,20,100,2026-05-13,In Stock
W008,Sydney,P05076,457,12,422,100,500,2026-03-29,In Stock
W006,Berlin,P05077,713,21,708,50,250,2026-05-26,In Stock
W007,Milan,P05078,83,40,78,100,500,2026-04-15,Low Stock
W004,Los Angeles,P05079,663,5,633,20,100,2026-04-04,In Stock
W005,London,P05080,704,20,690,50,250,2026-04-01,In Stock
W008,Sydney,P05081,64,8,34,75,375,2026-06-05,Low Stock
W002,Chicago,P05082,851,12,836,75,375,2026-05-03,In Stock
W005,London,P05083,789,8,784,20,100,2026-04-04,In Stock
W006,Berlin,P05084,974,27,964,50,250,2026-03-23,In Stock
W007,Milan,P05085,527,11,500,20,100,2026-06-25,In Stock
W005,London,P05086,1076,32,1048,20,100,2026-05-09,In Stock
W003,Dallas,P05087,28,19,25,100,500,2026-05-05,Low Stock
W004,Los Angeles,P05088,171,27,156,100,500,2026-06-26,In Stock
W004,Los Angeles,P05089,688,27,657,20,100,2026-02-28,In Stock
W001,New York,P05090,636,2,615,50,250,2026-03-28,In Stock
W003,Dallas,P05091,256,28,242,75,375,2026-04-03,In Stock
W002,Chicago,P05092,354,17,340,30,150,2026-03-15,In Stock
W001,New York,P05093,631,22,626,100,500,2026-04-05,In Stock
W005,London,P05094,311,9,288,20,100,2026-04-12,In Stock
W004,Los Angeles,P05095,820,23,818,50,250,2026-03-11,In Stock
W003,Dallas,P05096,1132,15,1126,30,150,2026-05-28,In Stock
W005,London,P05097,271,23,248,75,375,2026-05-03,In Stock
W007,Milan,P05098,955,38,916,30,150,2026-06-20,In Stock
W002,Chicago,P05099,678,37,677,50,250,2026-03-25,In Stock
W005,London,P05100,529,5,496,30,150,2026-03-12,In Stock
W004,Los Angeles,P05101,612,27,573,30,150,2026-05-12,In Stock
W004,Los Angeles,P05102,173,10,136,20,100,2026-04-28,In Stock
W008,Sydney,P05103,243,20,242,20,100,2026-05-07,In Stock
W003,Dallas,P05104,1197,29,1159,20,100,2026-06-12,In Stock
W007,Milan,P05105,695,28,682,20,100,2026-03-11,In Stock
W003,Dallas,P05106,1042,27,1033,20,100,2026-04-02,In Stock
W002,Chicago,P05107,109,31,95,100,500,2026-03-16,In Stock
W003,Dallas,P05108,320,37,285,20,100,2026-05-28,In Stock
W007,Milan,P05109,1161,20,1133,20,100,2026-06-01,In Stock
W008,Sydney,P05110,891,7,890,75,375,2026-05-14,In Stock
W003,Dallas,P05111,1156,28,1125,100,500,2026-06-28,In Stock
W008,Sydney,P05112,598,38,559,50,250,2026-03-13,In Stock
W002,Chicago,P05113,764,3,748,30,150,2026-05-24,In Stock
W006,Berlin,P05114,104,11,104,20,100,2026-06-12,In Stock
W007,Milan,P05115,1066,35,1035,30,150,2026-04-18,In Stock
W001,New York,P05116,436,40,414,50,250,2026-03-08,In Stock
W001,New York,P05117,348,20,316,100,500,2026-05-08,In Stock
W008,Sydney,P05118,812,15,809,20,100,2026-05-25,In Stock
W001,New York,P05119,421,26,392,50,250,2026-04-03,In Stock
W006,Berlin,P05120,609,34,600,20,100,2026-05-29,In Stock
W007,Milan,P05121,1109,6,1107,100,500,2026-06-19,In Stock
W004,Los Angeles,P05122,1125,28,1114,30,150,2026-06-19,In Stock
W001,New York,P05123,642,15,627,20,100,2026-05-24,In Stock
W007,Milan,P05124,123,34,104,20,100,2026-06-08,In Stock
W003,Dallas,P05125,5,1,0,20,100,2026-04-05,Low Stock
W003,Dallas,P05126,740,11,738,30,150,2026-03-22,In Stock
W004,Los Angeles,P05127,157,33,150,75,375,2026-03-28,In Stock
W007,Milan,P05128,455,0,440,75,375,2026-04-21,In Stock
W002,Chicago,P05129,980,24,942,30,150,2026-06-27,In Stock
W008,Sydney,P05130,1045,19,1014,100,500,2026-05-05,In Stock
W008,Sydney,P05131,377,2,376,20,100,2026-05-14,In Stock
W003,Dallas,P05132,165,6,162,50,250,2026-04-29,In Stock
W001,New York,P05133,935,27,920,20,100,2026-05-25,In Stock
W006,Berlin,P05134,56,38,36,100,500,2026-06-15,Low Stock
W003,Dallas,P05135,443,0,410,75,375,2026-05-12,In Stock
W002,Chicago,P05136,225,5,186,100,500,2026-05-26,In Stock
W005,London,P05137,740,23,714,50,250,2026-04-12,In Stock
W008,Sydney,P05138,290,25,268,100,500,2026-05-16,In Stock
W007,Milan,P05139,235,11,206,100,500,2026-05-05,In Stock
W008,Sydney,P05140,160,28,132,30,150,2026-03-27,In Stock
W002,Chicago,P05141,1026,26,1017,100,500,2026-03-12,In Stock
W007,Milan,P05142,492,22,467,100,500,2026-06-15,In Stock
W003,Dallas,P05143,822,28,788,75,375,2026-05-31,In Stock
W001,New York,P05144,762,31,749,50,250,2026-05-01,In Stock
W002,Chicago,P05145,400,33,370,100,500,2026-03-25,In Stock
W005,London,P05146,95,8,82,30,150,2026-04-02,In Stock
W005,London,P05147,779,19,760,20,100,2026-03-20,In Stock
W007,Milan,P05148,780,31,753,30,150,2026-06-02,In Stock
W004,Los Angeles,P05149,1,0,0,50,250,2026-03-17,Low Stock
W008,Sydney,P05150,852,19,841,20,100,2026-04-09,In Stock
W002,Chicago,P05151,767,18,735,30,150,2026-05-30,In Stock
W002,Chicago,P05152,812,26,799,100,500,2026-03-07,In Stock
W007,Milan,P05153,536,1,520,75,375,2026-05-10,In Stock
W006,Berlin,P05154,772,36,748,100,500,2026-04-14,In Stock
W008,Sydney,P05155,44,24,9,30,150,2026-04-18,In Stock
W004,Los Angeles,P05156,6,2,0,20,100,2026-05-31,Low Stock
W008,Sydney,P05157,466,14,461,75,375,2026-03-23,In Stock
W006,Berlin,P05158,1180,9,1142,30,150,2026-06-14,In Stock
W003,Dallas,P05159,988,24,967,20,100,2026-04-13,In Stock
W004,Los Angeles,P05160,573,2,557,20,100,2026-06-22,In Stock
W007,Milan,P05161,297,6,292,100,500,2026-04-20,In Stock
W008,Sydney,P05162,348,32,338,30,150,2026-05-24,In Stock
W008,Sydney,P05163,254,12,253,100,500,2026-06-17,In Stock
W002,Chicago,P05164,914,25,911,100,500,2026-03-12,In Stock
W008,Sydney,P05165,685,33,646,75,375,2026-03-27,In Stock
W005,London,P05166,1180,18,1143,75,375,2026-04-11,In Stock
W008,Sydney,P05167,116,10,108,50,250,2026-06-15,In Stock
W008,Sydney,P05168,254,17,220,20,100,2026-03-11,In Stock
W007,Milan,P05169,687,22,654,75,375,2026-03-26,In Stock
W002,Chicago,P05170,1132,34,1126,100,500,2026-02-28,In Stock
W001,New York,P05171,886,31,873,20,100,2026-04-09,In Stock
W006,Berlin,P05172,832,6,806,30,150,2026-06-03,In Stock
W002,Chicago,P05173,344,29,321,100,500,2026-03-14,In Stock
W006,Berlin,P05174,918,26,912,30,150,2026-05-06,In Stock
W005,London,P05175,840,31,805,30,150,2026-04-25,In Stock
W002,Chicago,P05176,181,13,148,100,500,2026-03-11,In Stock
W001,New York,P05177,802,10,799,100,500,2026-06-14,In Stock
W004,Los Angeles,P05178,26,2,0,75,375,2026-04-26,Low Stock
W006,Berlin,P05179,386,7,362,30,150,2026-05-31,In Stock
W004,Los Angeles,P05180,863,15,859,20,100,2026-04-29,In Stock
W006,Berlin,P05181,548,2,546,100,500,2026-05-20,In Stock
W001,New York,P05182,496,10,458,75,375,2026-05-14,In Stock
W005,London,P05183,760,21,728,100,500,2026-05-31,In Stock
W006,Berlin,P05184,862,38,825,30,150,2026-04-19,In Stock
W002,Chicago,P05185,313,17,300,75,375,2026-04-12,In Stock
W003,Dallas,P05186,297,21,291,50,250,2026-05-03,In Stock
W005,London,P05187,142,11,122,100,500,2026-04-18,In Stock
W002,Chicago,P05188,520,26,509,75,375,2026-03-05,In Stock
W002,Chicago,P05189,373,25,371,30,150,2026-06-13,In Stock
W007,Milan,P05190,477,38,461,100,500,2026-05-14,In Stock
W005,London,P05191,200,35,184,30,150,2026-05-19,In Stock
W004,Los Angeles,P05192,192,24,179,50,250,2026-03-21,In Stock
W001,New York,P05193,496,30,458,20,100,2026-05-08,In Stock
W006,Berlin,P05194,94,27,75,100,500,2026-05-13,Low Stock
W008,Sydney,P05195,277,2,242,50,250,2026-03-25,In Stock
W003,Dallas,P05196,220,30,180,75,375,2026-03-21,In Stock
W004,Los Angeles,P05197,673,26,648,20,100,2026-04-24,In Stock
W002,Chicago,P05198,136,13,97,30,150,2026-04-29,In Stock
W004,Los Angeles,P05199,878,1,848,75,375,2026-04-01,In Stock
W003,Dallas,P05200,247,14,229,75,375,2026-06-27,In Stock
W003,Dallas,P05201,625,10,615,30,150,2026-03-26,In Stock
W005,London,P05202,192,33,178,100,500,2026-03-17,In Stock
W001,New York,P05203,843,11,828,30,150,2026-05-04,In Stock
W006,Berlin,P05204,631,6,597,20,100,2026-06-16,In Stock
W005,London,P05205,594,10,576,50,250,2026-03-23,In Stock
W005,London,P05206,318,10,301,20,100,2026-05-28,In Stock
W006,Berlin,P05207,14,4,0,100,500,2026-05-07,Low Stock
W006,Berlin,P05208,186,32,159,20,100,2026-04-05,In Stock
W002,Chicago,P05209,688,17,688,75,375,2026-04-11,In Stock
W005,London,P05210,211,31,189,50,250,2026-06-04,In Stock
W002,Chicago,P05211,394,2,374,75,375,2026-05-20,In Stock
W003,Dallas,P05212,614,5,574,50,250,2026-04-10,In Stock
W001,New York,P05213,1041,24,1037,30,150,2026-04-04,In Stock
W002,Chicago,P05214,55,20,31,30,150,2026-05-19,In Stock
W005,London,P05215,371,37,360,100,500,2026-06-24,In Stock
W003,Dallas,P05216,495,24,471,75,375,2026-05-04,In Stock
W007,Milan,P05217,354,36,332,30,150,2026-05-30,In Stock
W004,Los Angeles,P05218,1100,5,1064,75,375,2026-05-27,In Stock
W002,Chicago,P05219,133,12,95,100,500,2026-04-03,In Stock
W001,New York,P05220,472,8,455,50,250,2026-04-06,In Stock
W003,Dallas,P05221,602,24,575,20,100,2026-04-03,In Stock
W003,Dallas,P05222,1049,17,1023,30,150,2026-06-04,In Stock
W004,Los Angeles,P05223,614,34,576,100,500,2026-05-30,In Stock
W004,Los Angeles,P05224,527,30,504,30,150,2026-06-15,In Stock
W007,Milan,P05225,893,16,891,100,500,2026-04-25,In Stock
W007,Milan,P05226,741,11,723,50,250,2026-05-28,In Stock
W003,Dallas,P05227,785,8,750,100,500,2026-05-17,In Stock
W006,Berlin,P05228,42,17,29,75,375,2026-05-16,Low Stock
W001,New York,P05229,1182,10,1147,50,250,2026-04-08,In Stock
W006,Berlin,P05230,557,40,557,75,375,2026-05-28,In Stock
W007,Milan,P05231,864,20,851,50,250,2026-05-18,In Stock
W002,Chicago,P05232,963,21,961,75,375,2026-05-26,In Stock
W008,Sydney,P05233,255,33,243,100,500,2026-06-28,In Stock
W001,New York,P05234,696,8,661,50,250,2026-04-24,In Stock
W008,Sydney,P05235,434,18,395,50,250,2026-04-07,In Stock
W007,Milan,P05236,772,27,745,100,500,2026-05-02,In Stock
W005,London,P05237,935,26,929,20,100,2026-05-01,In Stock
W001,New York,P05238,887,3,882,100,500,2026-03-12,In Stock
W005,London,P05239,901,5,900,20,100,2026-03-23,In Stock
W004,Los Angeles,P05240,1072,28,1066,50,250,2026-05-16,In Stock
W007,Milan,P05241,983,26,956,50,250,2026-03-27,In Stock
W006,Berlin,P05242,0,0,0,50,250,2026-03-27,Low Stock
W007,Milan,P05243,40,24,9,20,100,2026-04-05,In Stock
W005,London,P05244,534,11,521,100,500,2026-05-23,In Stock
W004,Los Angeles,P05245,753,40,726,100,500,2026-04-16,In Stock
W006,Berlin,P05246,38,20,37,50,250,2026-04-07,Low Stock
W006,Berlin,P05247,837,36,823,75,375,2026-04-27,In Stock
W006,Berlin,P05248,636,8,620,20,100,2026-03-05,In Stock
W003,Dallas,P05249,1148,4,1118,75,375,2026-03-14,In Stock
W003,Dallas,P05250,678,7,659,75,375,2026-06-24,In Stock
W003,Dallas,P05251,676,15,642,20,100,2026-05-18,In Stock
W008,Sydney,P05252,876,24,857,30,150,2026-04-24,In Stock
W002,Chicago,P05253,842,33,824,30,150,2026-04-16,In Stock
W004,Los Angeles,P05254,833,3,809,100,500,2026-06-03,In Stock
W006,Berlin,P05255,1048,14,1047,50,250,2026-03-28,In Stock
W002,Chicago,P05256,44,9,16,20,100,2026-04-19,In Stock
W007,Milan,P05257,682,39,669,20,100,2026-06-28,In Stock
W005,London,P05258,1031,9,1000,50,250,2026-05-01,In Stock
W006,Berlin,P05259,1073,30,1070,75,375,2026-03-06,In Stock
W004,Los Angeles,P05260,793,26,784,50,250,2026-06-22,In Stock
W004,Los Angeles,P05261,865,16,846,30,150,2026-04-02,In Stock
W005,London,P05262,432,16,407,100,500,2026-04-24,In Stock
W007,Milan,P05263,500,6,466,30,150,2026-06-19,In Stock
W003,Dallas,P05264,401,23,373,30,150,2026-04-03,In Stock
W007,Milan,P05265,181,3,153,75,375,2026-03-08,In Stock
W004,Los Angeles,P05266,254,19,237,75,375,2026-03-10,In Stock
W006,Berlin,P05267,944,27,933,75,375,2026-04-03,In Stock
W007,Milan,P05268,278,15,253,75,375,2026-05-03,In Stock
W006,Berlin,P05269,84,39,49,100,500,2026-03-03,Low Stock
W008,Sydney,P05270,1015,31,992,50,250,2026-04-11,In Stock
W005,London,P05271,587,18,555,30,150,2026-03-29,In Stock
W006,Berlin,P05272,283,22,271,100,500,2026-05-02,In Stock
W008,Sydney,P05273,519,15,489,20,100,2026-05-10,In Stock
W008,Sydney,P05274,859,30,841,100,500,2026-06-25,In Stock
W005,London,P05275,307,30,281,20,100,2026-04-30,In Stock
W006,Berlin,P05276,164,38,136,50,250,2026-05-15,In Stock
W004,Los Angeles,P05277,610,4,590,20,100,2026-03-24,In Stock
W008,Sydney,P05278,425,3,386,30,150,2026-04-14,In Stock
W001,New York,P05279,66,36,49,20,100,2026-03-26,In Stock
W001,New York,P05280,837,25,815,50,250,2026-03-28,In Stock
W003,Dallas,P05281,495,16,474,50,250,2026-05-28,In Stock
W006,Berlin,P05282,865,15,844,50,250,2026-06-05,In Stock
W004,Los Angeles,P05283,266,27,264,75,375,2026-04-09,In Stock
W001,New York,P05284,75,29,74,50,250,2026-03-11,In Stock
W002,Chicago,P05285,143,15,124,20,100,2026-04-15,In Stock
W006,Berlin,P05286,863,5,825,20,100,2026-04-01,In Stock
W007,Milan,P05287,643,5,608,20,100,2026-06-15,In Stock
W006,Berlin,P05288,1028,28,1011,30,150,2026-05-08,In Stock
W007,Milan,P05289,156,19,126,50,250,2026-05-02,In Stock
W007,Milan,P05290,190,26,158,100,500,2026-04-27,In Stock
W001,New York,P05291,574,37,548,75,375,2026-05-08,In Stock
W007,Milan,P05292,1121,39,1120,30,150,2026-03-26,In Stock
W006,Berlin,P05293,272,25,251,50,250,2026-04-13,In Stock
W006,Berlin,P05294,34,4,17,100,500,2026-03-29,Low Stock
W003,Dallas,P05295,476,0,465,30,150,2026-04-16,In Stock
W003,Dallas,P05296,1016,18,1015,75,375,2026-05-19,In Stock
W005,London,P05297,985,39,951,30,150,2026-05-05,In Stock
W003,Dallas,P05298,318,16,315,20,100,2026-05-14,In Stock
W002,Chicago,P05299,442,34,418,20,100,2026-05-11,In Stock
W001,New York,P05300,631,19,603,75,375,2026-03-09,In Stock
W004,Los Angeles,P05301,436,37,431,100,500,2026-05-27,In Stock
W008,Sydney,P05302,1024,10,1008,50,250,2026-05-01,In Stock
W005,London,P05303,619,0,607,30,150,2026-05-18,In Stock
W005,London,P05304,577,1,567,20,100,2026-03-03,In Stock
W004,Los Angeles,P05305,1033,14,1011,75,375,2026-06-18,In Stock
W007,Milan,P05306,847,31,817,50,250,2026-05-21,In Stock
W002,Chicago,P05307,417,13,394,20,100,2026-06-19,In Stock
W004,Los Angeles,P05308,17,11,0,30,150,2026-05-12,Low Stock
W004,Los Angeles,P05309,547,20,513,75,375,2026-03-16,In Stock
W002,Chicago,P05310,715,39,682,30,150,2026-03-21,In Stock
W006,Berlin,P05311,343,31,308,20,100,2026-04-12,In Stock
W006,Berlin,P05312,703,39,700,100,500,2026-03-17,In Stock
W005,London,P05313,155,35,131,30,150,2026-05-17,In Stock
W006,Berlin,P05314,1062,24,1033,20,100,2026-05-15,In Stock
W003,Dallas,P05315,440,13,434,100,500,2026-04-14,In Stock
W004,Los Angeles,P05316,637,36,632,100,500,2026-04-19,In Stock
W001,New York,P05317,113,34,109,30,150,2026-03-16,In Stock
W005,London,P05318,788,16,780,30,150,2026-03-30,In Stock
W003,Dallas,P05319,638,6,600,30,150,2026-03-08,In Stock
W006,Berlin,P05320,1176,15,1173,75,375,2026-03-13,In Stock
W002,Chicago,P05321,355,32,335,20,100,2026-06-09,In Stock
W008,Sydney,P05322,395,5,390,50,250,2026-05-22,In Stock
W007,Milan,P05323,180,15,175,30,150,2026-05-17,In Stock
W006,Berlin,P05324,742,3,738,30,150,2026-05-18,In Stock
W004,Los Angeles,P05325,79,3,60,30,150,2026-05-22,In Stock
W001,New York,P05326,921,34,916,75,375,2026-04-04,In Stock
W002,Chicago,P05327,97,26,74,100,500,2026-04-11,Low Stock
W005,London,P05328,640,29,614,50,250,2026-03-26,In Stock
W007,Milan,P05329,486,20,467,50,250,2026-06-13,In Stock
W003,Dallas,P05330,201,26,162,30,150,2026-03-11,In Stock
W005,London,P05331,698,3,672,30,150,2026-05-20,In Stock
W002,Chicago,P05332,210,26,204,20,100,2026-03-03,In Stock
W007,Milan,P05333,779,5,778,100,500,2026-06-21,In Stock
W003,Dallas,P05334,327,8,320,50,250,2026-05-08,In Stock
W003,Dallas,P05335,854,8,845,100,500,2026-04-02,In Stock
W002,Chicago,P05336,1022,40,997,50,250,2026-06-07,In Stock
W007,Milan,P05337,1164,9,1163,75,375,2026-04-22,In Stock
W004,Los Angeles,P05338,554,36,549,75,375,2026-03-25,In Stock
W001,New York,P05339,22,18,8,50,250,2026-06-11,Low Stock
W006,Berlin,P05340,1008,8,973,30,150,2026-04-09,In Stock
W008,Sydney,P05341,100,10,91,30,150,2026-06-25,In Stock
W001,New York,P05342,948,35,927,50,250,2026-04-11,In Stock
W008,Sydney,P05343,263,12,228,50,250,2026-04-30,In Stock
W002,Chicago,P05344,296,22,291,100,500,2026-05-22,In Stock
W006,Berlin,P05345,381,21,349,20,100,2026-03-07,In Stock
W001,New York,P05346,301,25,300,100,500,2026-03-17,In Stock
W007,Milan,P05347,89,35,88,50,250,2026-06-06,In Stock
W003,Dallas,P05348,536,26,514,20,100,2026-03-12,In Stock
W005,London,P05349,977,28,952,50,250,2026-04-01,In Stock
W006,Berlin,P05350,85,1,69,100,500,2026-03-09,Low Stock
W002,Chicago,P05351,1029,32,1008,100,500,2026-05-04,In Stock
W007,Milan,P05352,531,2,525,30,150,2026-03-05,In Stock
W007,Milan,P05353,674,27,666,50,250,2026-05-31,In Stock
W008,Sydney,P05354,1087,32,1059,100,500,2026-03-27,In Stock
W007,Milan,P05355,711,39,672,75,375,2026-03-14,In Stock
W004,Los Angeles,P05356,151,24,148,30,150,2026-05-06,In Stock
W003,Dallas,P05357,282,1,277,100,500,2026-06-16,In Stock
W004,Los Angeles,P05358,1138,0,1121,75,375,2026-04-28,In Stock
W005,London,P05359,915,36,876,20,100,2026-06-27,In Stock
W004,Los Angeles,P05360,1042,13,1021,20,100,2026-06-13,In Stock
W005,London,P05361,1067,20,1052,100,500,2026-04-18,In Stock
W003,Dallas,P05362,1166,19,1162,50,250,2026-04-14,In Stock
W002,Chicago,P05363,531,36,528,75,375,2026-05-13,In Stock
W004,Los Angeles,P05364,630,8,595,75,375,2026-05-29,In Stock
W006,Berlin,P05365,190,30,177,75,375,2026-04-08,In Stock
W001,New York,P05366,1155,14,1147,50,250,2026-04-05,In Stock
W007,Milan,P05367,1010,35,994,20,100,2026-03-10,In Stock
W007,Milan,P05368,1082,21,1058,75,375,2026-04-01,In Stock
W003,Dallas,P05369,341,34,330,50,250,2026-03-09,In Stock
W003,Dallas,P05370,1076,34,1076,30,150,2026-03-23,In Stock
W002,Chicago,P05371,1079,9,1064,30,150,2026-05-12,In Stock
W004,Los Angeles,P05372,85,32,53,75,375,2026-05-16,In Stock
W007,Milan,P05373,1096,27,1065,50,250,2026-03-04,In Stock
W007,Milan,P05374,1014,1,975,100,500,2026-05-08,In Stock
W005,London,P05375,663,14,633,100,500,2026-05-25,In Stock
W005,London,P05376,1176,36,1146,50,250,2026-05-17,In Stock
W003,Dallas,P05377,162,22,122,30,150,2026-06-03,In Stock
W002,Chicago,P05378,978,22,957,50,250,2026-04-13,In Stock
W003,Dallas,P05379,1030,31,1013,100,500,2026-04-21,In Stock
W008,Sydney,P05380,566,4,526,20,100,2026-05-22,In Stock
W007,Milan,P05381,320,28,300,75,375,2026-03-23,In Stock
W002,Chicago,P05382,241,39,210,100,500,2026-05-05,In Stock
W005,London,P05383,685,17,646,30,150,2026-05-07,In Stock
W006,Berlin,P05384,651,22,624,20,100,2026-05-20,In Stock
W002,Chicago,P05385,825,33,787,75,375,2026-05-05,In Stock
W004,Los Angeles,P05386,16,6,0,20,100,2026-03-26,Low Stock
W003,Dallas,P05387,124,25,112,20,100,2026-03-13,In Stock
W001,New York,P05388,175,36,145,50,250,2026-04-06,In Stock
W003,Dallas,P05389,353,9,345,50,250,2026-04-22,In Stock
W005,London,P05390,1108,19,1070,30,150,2026-06-07,In Stock
W008,Sydney,P05391,781,35,778,75,375,2026-04-17,In Stock
W005,London,P05392,892,5,852,20,100,2026-03-09,In Stock
W001,New York,P05393,562,13,550,20,100,2026-03-04,In Stock
W005,London,P05394,1133,4,1112,20,100,2026-03-09,In Stock
W004,Los Angeles,P05395,898,23,865,30,150,2026-05-08,In Stock
W007,Milan,P05396,995,22,975,20,100,2026-05-26,In Stock
W005,London,P05397,853,22,838,20,100,2026-04-15,In Stock
W003,Dallas,P05398,804,39,777,20,100,2026-04-27,In Stock
W005,London,P05399,825,31,817,30,150,2026-06-22,In Stock
W006,Berlin,P05400,422,19,383,75,375,2026-04-16,In Stock
W002,Chicago,P05401,219,9,186,100,500,2026-03-15,In Stock
W006,Berlin,P05402,837,40,828,75,375,2026-03-18,In Stock
W006,Berlin,P05403,87,5,65,30,150,2026-05-18,In Stock
W004,Los Angeles,P05404,1140,1,1109,30,150,2026-05-01,In Stock
W006,Berlin,P05405,655,8,650,100,500,2026-03-03,In Stock
W003,Dallas,P05406,791,26,775,30,150,2026-06-01,In Stock
W006,Berlin,P05407,814,32,797,75,375,2026-05-23,In Stock
W007,Milan,P05408,5,4,0,75,375,2026-03-21,Low Stock
W001,New York,P05409,984,5,948,50,250,2026-03-31,In Stock
W002,Chicago,P05410,1033,29,1003,20,100,2026-05-12,In Stock
W006,Berlin,P05411,140,36,123,30,150,2026-05-21,In Stock
W002,Chicago,P05412,628,10,607,100,500,2026-06-02,In Stock
W002,Chicago,P05413,879,39,845,50,250,2026-06-06,In Stock
W004,Los Angeles,P05414,1059,36,1029,50,250,2026-05-25,In Stock
W008,Sydney,P05415,911,22,887,75,375,2026-03-21,In Stock
W006,Berlin,P05416,1192,30,1191,20,100,2026-05-13,In Stock
W006,Berlin,P05417,620,16,607,100,500,2026-04-08,In Stock
W005,London,P05418,455,34,425,75,375,2026-04-05,In Stock
W008,Sydney,P05419,208,26,172,50,250,2026-06-06,In Stock
W003,Dallas,P05420,5,2,0,100,500,2026-03-11,Low Stock
W001,New York,P05421,997,15,978,75,375,2026-03-10,In Stock
W002,Chicago,P05422,708,23,671,30,150,2026-04-30,In Stock
W008,Sydney,P05423,255,3,248,20,100,2026-06-13,In Stock
W006,Berlin,P05424,516,29,502,75,375,2026-03-22,In Stock
W005,London,P05425,538,4,522,30,150,2026-04-01,In Stock
W008,Sydney,P05426,273,22,250,30,150,2026-04-30,In Stock
W006,Berlin,P05427,821,6,807,50,250,2026-05-16,In Stock
W005,London,P05428,999,6,974,50,250,2026-04-21,In Stock
W006,Berlin,P05429,766,13,727,75,375,2026-04-04,In Stock
W006,Berlin,P05430,310,9,276,30,150,2026-05-13,In Stock
W006,Berlin,P05431,715,1,678,100,500,2026-03-20,In Stock
W006,Berlin,P05432,995,19,964,100,500,2026-05-13,In Stock
W002,Chicago,P05433,837,2,828,75,375,2026-03-20,In Stock
W005,London,P05434,240,26,230,30,150,2026-05-29,In Stock
W004,Los Angeles,P05435,618,0,599,75,375,2026-06-26,In Stock
W008,Sydney,P05436,208,25,171,50,250,2026-05-03,In Stock
W002,Chicago,P05437,521,37,490,75,375,2026-03-28,In Stock
W004,Los Angeles,P05438,595,35,573,20,100,2026-03-29,In Stock
W006,Berlin,P05439,1171,2,1138,50,250,2026-03-29,In Stock
W004,Los Angeles,P05440,1022,23,997,50,250,2026-06-24,In Stock
W002,Chicago,P05441,945,12,907,20,100,2026-03-15,In Stock
W007,Milan,P05442,206,4,177,20,100,2026-05-15,In Stock
W001,New York,P05443,80,28,78,20,100,2026-02-28,In Stock
W007,Milan,P05444,942,17,906,100,500,2026-06-24,In Stock
W008,Sydney,P05445,1112,38,1101,75,375,2026-02-28,In Stock
W006,Berlin,P05446,642,25,633,20,100,2026-06-14,In Stock
W006,Berlin,P05447,1184,35,1147,30,150,2026-05-05,In Stock
W008,Sydney,P05448,822,22,810,30,150,2026-03-19,In Stock
W007,Milan,P05449,996,23,974,30,150,2026-03-30,In Stock
W007,Milan,P05450,93,3,64,75,375,2026-06-12,In Stock
W003,Dallas,P05451,1093,13,1076,100,500,2026-03-21,In Stock
W002,Chicago,P05452,437,22,431,30,150,2026-03-24,In Stock
W004,Los Angeles,P05453,14,4,2,20,100,2026-06-22,Low Stock
W008,Sydney,P05454,634,31,594,30,150,2026-05-20,In Stock
W004,Los Angeles,P05455,885,14,865,75,375,2026-04-28,In Stock
W007,Milan,P05456,904,17,871,20,100,2026-06-26,In Stock
W004,Los Angeles,P05457,22,14,8,20,100,2026-03-18,In Stock
W006,Berlin,P05458,894,35,885,50,250,2026-05-10,In Stock
W001,New York,P05459,1051,21,1040,30,150,2026-04-04,In Stock
W007,Milan,P05460,485,37,469,75,375,2026-03-30,In Stock
W002,Chicago,P05461,289,33,265,100,500,2026-05-05,In Stock
W002,Chicago,P05462,181,8,169,30,150,2026-03-19,In Stock
W003,Dallas,P05463,154,40,144,50,250,2026-05-18,In Stock
W003,Dallas,P05464,773,6,736,20,100,2026-04-27,In Stock
W003,Dallas,P05465,682,19,657,100,500,2026-03-23,In Stock
W006,Berlin,P05466,924,40,884,50,250,2026-05-25,In Stock
W007,Milan,P05467,762,11,739,30,150,2026-04-02,In Stock
W006,Berlin,P05468,573,4,566,50,250,2026-04-23,In Stock
W002,Chicago,P05469,1090,5,1077,50,250,2026-05-11,In Stock
W008,Sydney,P05470,384,1,363,100,500,2026-06-10,In Stock
W001,New York,P05471,422,34,416,100,500,2026-04-01,In Stock
W004,Los Angeles,P05472,910,32,891,75,375,2026-03-21,In Stock
W002,Chicago,P05473,1099,31,1094,50,250,2026-05-26,In Stock
W007,Milan,P05474,275,1,271,30,150,2026-05-26,In Stock
W004,Los Angeles,P05475,406,20,389,30,150,2026-06-21,In Stock
W002,Chicago,P05476,227,28,217,30,150,2026-04-20,In Stock
W004,Los Angeles,P05477,797,12,797,20,100,2026-04-24,In Stock
W008,Sydney,P05478,808,29,778,50,250,2026-06-23,In Stock
W001,New York,P05479,863,27,857,75,375,2026-04-20,In Stock
W004,Los Angeles,P05480,952,9,914,75,375,2026-05-12,In Stock
W001,New York,P05481,989,30,985,75,375,2026-04-08,In Stock
W007,Milan,P05482,379,31,370,20,100,2026-06-23,In Stock
W005,London,P05483,1117,33,1092,100,500,2026-04-18,In Stock
W001,New York,P05484,613,32,589,20,100,2026-03-16,In Stock
W004,Los Angeles,P05485,91,10,67,30,150,2026-03-12,In Stock
W005,London,P05486,672,16,633,75,375,2026-05-05,In Stock
W008,Sydney,P05487,611,37,572,20,100,2026-06-18,In Stock
W007,Milan,P05488,75,14,37,50,250,2026-04-02,In Stock
W001,New York,P05489,792,36,790,50,250,2026-04-17,In Stock
W008,Sydney,P05490,31,19,23,30,150,2026-05-16,In Stock
W002,Chicago,P05491,922,7,887,20,100,2026-06-20,In Stock
W006,Berlin,P05492,1144,6,1132,100,500,2026-05-09,In Stock
W003,Dallas,P05493,1186,29,1186,75,375,2026-04-30,In Stock
W005,London,P05494,358,21,343,20,100,2026-06-20,In Stock
W004,Los Angeles,P05495,815,21,805,30,150,2026-05-08,In Stock
W001,New York,P05496,287,7,260,30,150,2026-04-16,In Stock
W001,New York,P05497,1127,29,1104,100,500,2026-03-19,In Stock
W005,London,P05498,1053,9,1015,20,100,2026-05-30,In Stock
W004,Los Angeles,P05499,753,14,721,100,500,2026-03-15,In Stock
W005,London,P05500,393,40,388,100,500,2026-06-28,In Stock
W007,Milan,P05501,741,15,721,75,375,2026-03-12,In Stock
W002,Chicago,P05502,983,21,967,50,250,2026-05-11,In Stock
W004,Los Angeles,P05503,706,1,696,20,100,2026-03-26,In Stock
W002,Chicago,P05504,623,5,614,20,100,2026-03-04,In Stock
W004,Los Angeles,P05505,387,36,366,20,100,2026-05-12,In Stock
W008,Sydney,P05506,1159,0,1145,100,500,2026-05-16,In Stock
W008,Sydney,P05507,204,31,199,75,375,2026-03-11,In Stock
W008,Sydney,P05508,54,2,32,30,150,2026-05-07,In Stock
W008,Sydney,P05509,116,19,112,100,500,2026-06-12,In Stock
W005,London,P05510,782,21,777,20,100,2026-05-09,In Stock
W005,London,P05511,1107,40,1067,30,150,2026-04-18,In Stock
W006,Berlin,P05512,427,28,403,30,150,2026-04-18,In Stock
W005,London,P05513,236,29,211,100,500,2026-05-01,In Stock
W008,Sydney,P05514,892,0,868,20,100,2026-05-24,In Stock
W004,Los Angeles,P05515,635,37,606,50,250,2026-04-03,In Stock
W004,Los Angeles,P05516,163,15,161,75,375,2026-05-30,In Stock
W004,Los Angeles,P05517,362,37,336,50,250,2026-03-25,In Stock
W008,Sydney,P05518,682,16,661,75,375,2026-06-14,In Stock
W001,New York,P05519,618,17,584,100,500,2026-03-11,In Stock
W001,New York,P05520,621,13,614,75,375,2026-04-20,In Stock
W002,Chicago,P05521,705,1,684,75,375,2026-03-12,In Stock
W005,London,P05522,332,3,303,75,375,2026-04-13,In Stock
W006,Berlin,P05523,1187,30,1161,50,250,2026-03-14,In Stock
W002,Chicago,P05524,215,3,185,20,100,2026-04-16,In Stock
W008,Sydney,P05525,803,28,780,50,250,2026-05-22,In Stock
W006,Berlin,P05526,856,29,847,50,250,2026-04-24,In Stock
W008,Sydney,P05527,310,24,274,30,150,2026-06-02,In Stock
W005,London,P05528,1038,17,1037,50,250,2026-03-23,In Stock
W004,Los Angeles,P05529,1187,38,1155,20,100,2026-05-26,In Stock
W007,Milan,P05530,1082,26,1082,50,250,2026-03-13,In Stock
W007,Milan,P05531,776,38,765,100,500,2026-03-02,In Stock
W007,Milan,P05532,138,33,130,30,150,2026-03-01,In Stock
W007,Milan,P05533,1122,2,1083,75,375,2026-03-22,In Stock
W008,Sydney,P05534,902,28,864,75,375,2026-05-12,In Stock
W008,Sydney,P05535,83,36,47,30,150,2026-03-06,In Stock
W007,Milan,P05536,295,14,264,75,375,2026-04-30,In Stock
W003,Dallas,P05537,909,5,906,20,100,2026-05-03,In Stock
W004,Los Angeles,P05538,732,8,697,20,100,2026-04-13,In Stock
W007,Milan,P05539,353,2,327,30,150,2026-04-20,In Stock
W003,Dallas,P05540,588,10,574,30,150,2026-06-04,In Stock
W004,Los Angeles,P05541,106,13,67,30,150,2026-04-14,In Stock
W004,Los Angeles,P05542,516,24,515,50,250,2026-03-20,In Stock
W007,Milan,P05543,56,36,40,75,375,2026-03-30,Low Stock
W004,Los Angeles,P05544,4,4,0,75,375,2026-04-06,Low Stock
W003,Dallas,P05545,390,28,356,50,250,2026-03-08,In Stock
W007,Milan,P05546,661,38,642,30,150,2026-06-17,In Stock
W003,Dallas,P05547,1035,15,1005,50,250,2026-03-29,In Stock
W001,New York,P05548,67,16,51,75,375,2026-04-22,Low Stock
W006,Berlin,P05549,588,30,567,100,500,2026-05-28,In Stock
W002,Chicago,P05550,238,40,205,100,500,2026-03-20,In Stock
W001,New York,P05551,524,23,502,30,150,2026-05-20,In Stock
W003,Dallas,P05552,1084,20,1069,20,100,2026-05-03,In Stock
W007,Milan,P05553,619,23,598,30,150,2026-03-18,In Stock
W001,New York,P05554,982,27,947,100,500,2026-04-22,In Stock
W008,Sydney,P05555,1114,1,1103,75,375,2026-06-23,In Stock
W004,Los Angeles,P05556,266,7,251,30,150,2026-03-07,In Stock
W002,Chicago,P05557,984,5,945,20,100,2026-03-29,In Stock
W006,Berlin,P05558,1147,26,1134,75,375,2026-04-14,In Stock
W003,Dallas,P05559,1105,36,1072,75,375,2026-03-21,In Stock
W008,Sydney,P05560,326,31,314,100,500,2026-03-15,In Stock
W002,Chicago,P05561,515,19,479,30,150,2026-05-13,In Stock
W007,Milan,P05562,355,7,325,100,500,2026-03-03,In Stock
W007,Milan,P05563,634,7,607,50,250,2026-06-27,In Stock
W004,Los Angeles,P05564,398,34,363,30,150,2026-04-25,In Stock
W001,New York,P05565,964,1,944,20,100,2026-06-18,In Stock
W001,New York,P05566,366,31,347,100,500,2026-05-16,In Stock
W002,Chicago,P05567,307,9,297,20,100,2026-03-27,In Stock
W001,New York,P05568,168,23,149,75,375,2026-05-13,In Stock
W005,London,P05569,136,17,103,75,375,2026-04-26,In Stock
W003,Dallas,P05570,139,17,114,20,100,2026-05-06,In Stock
W003,Dallas,P05571,955,1,949,50,250,2026-05-14,In Stock
W003,Dallas,P05572,830,28,814,100,500,2026-05-24,In Stock
W003,Dallas,P05573,104,25,101,30,150,2026-04-28,In Stock
W006,Berlin,P05574,598,12,586,100,500,2026-06-27,In Stock
W006,Berlin,P05575,1039,9,1024,75,375,2026-04-01,In Stock
W004,Los Angeles,P05576,814,0,787,100,500,2026-06-22,In Stock
W002,Chicago,P05577,531,28,493,50,250,2026-06-09,In Stock
W004,Los Angeles,P05578,275,31,271,75,375,2026-05-25,In Stock
W006,Berlin,P05579,1024,39,984,20,100,2026-05-01,In Stock
W001,New York,P05580,195,2,189,50,250,2026-04-17,In Stock
W007,Milan,P05581,1016,30,1008,100,500,2026-06-25,In Stock
W003,Dallas,P05582,717,36,709,20,100,2026-06-23,In Stock
W002,Chicago,P05583,1151,35,1129,30,150,2026-06-12,In Stock
W004,Los Angeles,P05584,464,36,436,30,150,2026-03-13,In Stock
W001,New York,P05585,550,12,520,100,500,2026-04-15,In Stock
W006,Berlin,P05586,1035,37,1029,30,150,2026-05-16,In Stock
W006,Berlin,P05587,660,4,633,20,100,2026-03-13,In Stock
W004,Los Angeles,P05588,908,18,870,20,100,2026-06-07,In Stock
W001,New York,P05589,955,29,936,50,250,2026-03-31,In Stock
W002,Chicago,P05590,634,19,599,30,150,2026-03-17,In Stock
W008,Sydney,P05591,487,26,477,100,500,2026-05-10,In Stock
W003,Dallas,P05592,708,5,675,100,500,2026-03-02,In Stock
W004,Los Angeles,P05593,143,19,107,30,150,2026-03-19,In Stock
W008,Sydney,P05594,920,27,891,30,150,2026-04-28,In Stock
W003,Dallas,P05595,528,12,488,50,250,2026-05-20,In Stock
W004,Los Angeles,P05596,701,39,672,50,250,2026-04-23,In Stock
W008,Sydney,P05597,337,24,314,100,500,2026-04-29,In Stock
W002,Chicago,P05598,691,19,677,75,375,2026-03-06,In Stock
W001,New York,P05599,320,36,317,100,500,2026-03-23,In Stock
W004,Los Angeles,P05600,553,1,535,100,500,2026-06-12,In Stock
W005,London,P05601,964,26,961,100,500,2026-04-09,In Stock
W001,New York,P05602,102,18,102,100,500,2026-04-13,In Stock
W002,Chicago,P05603,858,30,844,50,250,2026-04-28,In Stock
W007,Milan,P05604,261,10,236,50,250,2026-05-11,In Stock
W003,Dallas,P05605,257,16,219,50,250,2026-06-09,In Stock
W001,New York,P05606,452,38,438,75,375,2026-06-22,In Stock
W002,Chicago,P05607,549,6,528,20,100,2026-06-10,In Stock
W008,Sydney,P05608,495,7,466,20,100,2026-06-05,In Stock
W003,Dallas,P05609,811,4,795,50,250,2026-04-27,In Stock
W006,Berlin,P05610,862,0,862,100,500,2026-04-08,In Stock
W002,Chicago,P05611,1068,8,1029,50,250,2026-03-18,In Stock
W004,Los Angeles,P05612,445,39,412,50,250,2026-03-26,In Stock
W005,London,P05613,918,10,908,50,250,2026-04-16,In Stock
W004,Los Angeles,P05614,661,26,635,100,500,2026-03-04,In Stock
W008,Sydney,P05615,976,22,961,20,100,2026-03-10,In Stock
W001,New York,P05616,345,27,335,30,150,2026-03-26,In Stock
W005,London,P05617,952,25,932,30,150,2026-06-27,In Stock
W001,New York,P05618,415,38,379,30,150,2026-06-26,In Stock
W001,New York,P05619,113,19,84,75,375,2026-05-07,In Stock
W002,Chicago,P05620,638,9,610,50,250,2026-04-25,In Stock
W008,Sydney,P05621,510,20,494,50,250,2026-04-05,In Stock
W001,New York,P05622,581,15,574,30,150,2026-05-08,In Stock
W008,Sydney,P05623,294,27,266,20,100,2026-05-13,In Stock
W005,London,P05624,1169,39,1157,30,150,2026-05-20,In Stock
W004,Los Angeles,P05625,1176,37,1175,75,375,2026-05-24,In Stock
W006,Berlin,P05626,434,11,412,100,500,2026-06-06,In Stock
W008,Sydney,P05627,1142,21,1113,30,150,2026-06-03,In Stock
W004,Los Angeles,P05628,1046,14,1031,20,100,2026-06-26,In Stock
W008,Sydney,P05629,476,21,461,50,250,2026-04-09,In Stock
W004,Los Angeles,P05630,103,14,76,30,150,2026-05-20,In Stock
W002,Chicago,P05631,366,18,336,30,150,2026-03-01,In Stock
W005,London,P05632,44,34,21,100,500,2026-06-04,Low Stock
W008,Sydney,P05633,322,15,308,20,100,2026-05-15,In Stock
W001,New York,P05634,663,25,660,20,100,2026-06-12,In Stock
W004,Los Angeles,P05635,270,6,269,50,250,2026-04-27,In Stock
W002,Chicago,P05636,748,20,714,50,250,2026-03-11,In Stock
W008,Sydney,P05637,110,17,70,100,500,2026-03-31,In Stock
W001,New York,P05638,559,9,540,30,150,2026-05-16,In Stock
W007,Milan,P05639,625,5,588,20,100,2026-04-10,In Stock
W003,Dallas,P05640,760,5,752,50,250,2026-05-18,In Stock
W004,Los Angeles,P05641,1045,31,1012,20,100,2026-06-19,In Stock
W002,Chicago,P05642,510,1,488,50,250,2026-03-29,In Stock
W004,Los Angeles,P05643,635,16,631,100,500,2026-04-11,In Stock
W008,Sydney,P05644,225,31,205,50,250,2026-05-14,In Stock
W008,Sydney,P05645,248,27,234,75,375,2026-06-06,In Stock
W003,Dallas,P05646,568,15,567,75,375,2026-03-13,In Stock
W007,Milan,P05647,246,8,242,75,375,2026-04-04,In Stock
W006,Berlin,P05648,885,20,877,30,150,2026-06-27,In Stock
W001,New York,P05649,938,4,918,75,375,2026-06-23,In Stock
W005,London,P05650,315,20,277,20,100,2026-04-18,In Stock
W007,Milan,P05651,1025,26,987,50,250,2026-05-02,In Stock
W008,Sydney,P05652,158,12,145,50,250,2026-04-01,In Stock
W007,Milan,P05653,49,2,12,100,500,2026-06-24,Low Stock
W002,Chicago,P05654,90,18,64,20,100,2026-03-27,In Stock
W002,Chicago,P05655,102,38,93,30,150,2026-04-27,In Stock
W002,Chicago,P05656,1101,13,1099,100,500,2026-05-24,In Stock
W007,Milan,P05657,234,15,199,75,375,2026-04-23,In Stock
W002,Chicago,P05658,834,30,800,100,500,2026-03-27,In Stock
W006,Berlin,P05659,181,22,155,100,500,2026-03-01,In Stock
W001,New York,P05660,717,37,693,20,100,2026-05-17,In Stock
W007,Milan,P05661,1140,10,1116,100,500,2026-04-28,In Stock
W003,Dallas,P05662,1073,0,1043,20,100,2026-06-09,In Stock
W008,Sydney,P05663,320,40,285,20,100,2026-06-14,In Stock
W005,London,P05664,916,40,904,30,150,2026-05-01,In Stock
W004,Los Angeles,P05665,720,18,719,75,375,2026-04-30,In Stock
W004,Los Angeles,P05666,58,14,55,100,500,2026-03-22,Low Stock
W007,Milan,P05667,908,38,871,100,500,2026-04-09,In Stock
W006,Berlin,P05668,211,22,193,50,250,2026-04-12,In Stock
W004,Los Angeles,P05669,843,5,827,75,375,2026-05-10,In Stock
W008,Sydney,P05670,539,2,512,100,500,2026-05-11,In Stock
W007,Milan,P05671,920,4,885,50,250,2026-05-16,In Stock
W008,Sydney,P05672,206,27,187,20,100,2026-05-14,In Stock
W007,Milan,P05673,93,38,70,50,250,2026-03-15,In Stock
W007,Milan,P05674,424,15,419,50,250,2026-04-25,In Stock
W001,New York,P05675,898,37,889,30,150,2026-06-26,In Stock
W001,New York,P05676,275,33,253,50,250,2026-05-05,In Stock
W006,Berlin,P05677,438,30,408,30,150,2026-04-28,In Stock
W004,Los Angeles,P05678,37,6,13,30,150,2026-04-26,In Stock
W008,Sydney,P05679,221,10,195,100,500,2026-06-15,In Stock
W006,Berlin,P05680,579,30,570,100,500,2026-06-27,In Stock
W002,Chicago,P05681,294,3,286,50,250,2026-05-12,In Stock
W005,London,P05682,690,1,687,50,250,2026-05-16,In Stock
W005,London,P05683,64,2,28,100,500,2026-04-14,Low Stock
W004,Los Angeles,P05684,1163,25,1123,75,375,2026-05-01,In Stock
W004,Los Angeles,P05685,1065,30,1057,100,500,2026-05-20,In Stock
W007,Milan,P05686,199,13,199,75,375,2026-06-03,In Stock
W005,London,P05687,509,14,506,100,500,2026-06-25,In Stock
W001,New York,P05688,1188,18,1174,20,100,2026-05-19,In Stock
W003,Dallas,P05689,629,14,628,100,500,2026-04-27,In Stock
W005,London,P05690,217,36,181,75,375,2026-04-07,In Stock
W007,Milan,P05691,643,26,619,50,250,2026-06-09,In Stock
W008,Sydney,P05692,398,6,365,50,250,2026-04-12,In Stock
W007,Milan,P05693,321,21,312,30,150,2026-05-02,In Stock
W006,Berlin,P05694,827,0,817,20,100,2026-06-12,In Stock
W004,Los Angeles,P05695,76,14,58,30,150,2026-06-24,In Stock
W006,Berlin,P05696,782,28,776,75,375,2026-06-05,In Stock
W006,Berlin,P05697,161,33,125,50,250,2026-03-26,In Stock
W001,New York,P05698,537,33,497,20,100,2026-06-07,In Stock
W001,New York,P05699,689,26,664,20,100,2026-05-04,In Stock
W001,New York,P05700,1110,11,1097,20,100,2026-04-15,In Stock
W003,Dallas,P05701,999,35,981,100,500,2026-03-22,In Stock
W005,London,P05702,995,2,958,100,500,2026-04-18,In Stock
W007,Milan,P05703,396,5,376,75,375,2026-06-11,In Stock
W008,Sydney,P05704,800,20,765,100,500,2026-03-17,In Stock
W005,London,P05705,620,9,620,50,250,2026-06-10,In Stock
W003,Dallas,P05706,531,9,515,100,500,2026-04-21,In Stock
W007,Milan,P05707,391,15,362,20,100,2026-05-29,In Stock
W008,Sydney,P05708,157,23,155,50,250,2026-05-31,In Stock
W002,Chicago,P05709,225,2,216,100,500,2026-05-11,In Stock
W007,Milan,P05710,249,7,211,50,250,2026-03-23,In Stock
W004,Los Angeles,P05711,1175,0,1151,75,375,2026-06-18,In Stock
W001,New York,P05712,540,5,508,75,375,2026-04-17,In Stock
W002,Chicago,P05713,208,39,200,100,500,2026-03-27,In Stock
W006,Berlin,P05714,774,9,755,100,500,2026-03-28,In Stock
W008,Sydney,P05715,838,35,825,100,500,2026-05-22,In Stock
W002,Chicago,P05716,92,16,87,30,150,2026-05-24,In Stock
W002,Chicago,P05717,405,33,399,20,100,2026-06-14,In Stock
W002,Chicago,P05718,639,21,634,20,100,2026-03-31,In Stock
W004,Los Angeles,P05719,320,40,313,50,250,2026-05-03,In Stock
W001,New York,P05720,634,28,632,50,250,2026-04-25,In Stock
W006,Berlin,P05721,848,36,831,20,100,2026-03-19,In Stock
W001,New York,P05722,791,6,773,75,375,2026-04-05,In Stock
W008,Sydney,P05723,1078,4,1077,30,150,2026-06-03,In Stock
W002,Chicago,P05724,537,24,520,50,250,2026-05-19,In Stock
W008,Sydney,P05725,256,29,236,30,150,2026-04-05,In Stock
W008,Sydney,P05726,550,29,533,20,100,2026-06-25,In Stock
W004,Los Angeles,P05727,439,16,423,75,375,2026-04-10,In Stock
W008,Sydney,P05728,7,3,0,100,500,2026-04-12,Low Stock
W002,Chicago,P05729,468,39,450,75,375,2026-06-17,In Stock
W003,Dallas,P05730,828,4,828,50,250,2026-03-14,In Stock
W007,Milan,P05731,34,10,7,30,150,2026-03-23,In Stock
W008,Sydney,P05732,718,4,683,30,150,2026-06-23,In Stock
W006,Berlin,P05733,1001,15,996,75,375,2026-04-02,In Stock
W001,New York,P05734,166,34,128,20,100,2026-05-08,In Stock
W006,Berlin,P05735,604,6,594,75,375,2026-05-18,In Stock
W004,Los Angeles,P05736,811,24,793,20,100,2026-06-26,In Stock
W001,New York,P05737,575,18,542,75,375,2026-05-08,In Stock
W008,Sydney,P05738,615,24,575,100,500,2026-04-08,In Stock
W005,London,P05739,1041,33,1037,50,250,2026-04-30,In Stock
W001,New York,P05740,504,6,503,75,375,2026-06-22,In Stock
W008,Sydney,P05741,959,4,931,20,100,2026-04-27,In Stock
W004,Los Angeles,P05742,984,36,965,50,250,2026-04-13,In Stock
W004,Los Angeles,P05743,413,28,380,20,100,2026-06-15,In Stock
W002,Chicago,P05744,151,6,115,75,375,2026-03-30,In Stock
W007,Milan,P05745,106,17,67,20,100,2026-06-25,In Stock
W003,Dallas,P05746,190,18,172,50,250,2026-06-17,In Stock
W006,Berlin,P05747,684,27,656,100,500,2026-05-24,In Stock
W004,Los Angeles,P05748,475,33,456,30,150,2026-04-05,In Stock
W007,Milan,P05749,701,10,687,50,250,2026-04-17,In Stock
W002,Chicago,P05750,983,13,969,20,100,2026-05-13,In Stock
W004,Los Angeles,P05751,2,1,0,20,100,2026-04-01,Low Stock
W003,Dallas,P05752,787,22,774,75,375,2026-03-28,In Stock
W007,Milan,P05753,228,30,199,100,500,2026-05-29,In Stock
W002,Chicago,P05754,930,36,911,30,150,2026-03-23,In Stock
W007,Milan,P05755,316,32,285,50,250,2026-03-29,In Stock
W003,Dallas,P05756,401,22,368,100,500,2026-05-11,In Stock
W006,Berlin,P05757,498,9,468,100,500,2026-04-05,In Stock
W007,Milan,P05758,1133,5,1117,75,375,2026-03-31,In Stock
W002,Chicago,P05759,494,36,482,50,250,2026-03-19,In Stock
W002,Chicago,P05760,986,24,958,100,500,2026-03-01,In Stock
W001,New York,P05761,881,23,858,20,100,2026-04-18,In Stock
W002,Chicago,P05762,978,20,949,30,150,2026-04-12,In Stock
W003,Dallas,P05763,242,24,234,20,100,2026-05-16,In Stock
W001,New York,P05764,805,35,766,100,500,2026-06-04,In Stock
W006,Berlin,P05765,538,19,513,75,375,2026-06-02,In Stock
W008,Sydney,P05766,31,18,0,20,100,2026-04-07,In Stock
W006,Berlin,P05767,738,0,724,75,375,2026-04-13,In Stock
W004,Los Angeles,P05768,513,30,507,30,150,2026-03-28,In Stock
W007,Milan,P05769,814,9,791,100,500,2026-05-18,In Stock
W003,Dallas,P05770,112,1,73,50,250,2026-03-02,In Stock
W003,Dallas,P05771,797,0,794,20,100,2026-04-04,In Stock
W002,Chicago,P05772,227,5,207,20,100,2026-05-05,In Stock
W002,Chicago,P05773,850,37,821,20,100,2026-06-04,In Stock
W005,London,P05774,516,40,484,100,500,2026-06-18,In Stock
W003,Dallas,P05775,179,0,176,30,150,2026-04-03,In Stock
W003,Dallas,P05776,395,19,371,100,500,2026-03-14,In Stock
W001,New York,P05777,1148,30,1140,75,375,2026-06-03,In Stock
W004,Los Angeles,P05778,150,16,134,20,100,2026-04-22,In Stock
W002,Chicago,P05779,1011,40,996,75,375,2026-04-09,In Stock
W007,Milan,P05780,743,26,739,50,250,2026-04-12,In Stock
W003,Dallas,P05781,258,33,223,20,100,2026-06-11,In Stock
W003,Dallas,P05782,42,13,37,75,375,2026-04-22,Low Stock
W007,Milan,P05783,588,30,564,20,100,2026-06-20,In Stock
W004,Los Angeles,P05784,59,12,33,30,150,2026-05-26,In Stock
W002,Chicago,P05785,893,15,866,100,500,2026-04-25,In Stock
W004,Los Angeles,P05786,648,37,644,100,500,2026-05-07,In Stock
W008,Sydney,P05787,889,0,874,50,250,2026-06-10,In Stock
W004,Los Angeles,P05788,1182,36,1168,20,100,2026-04-05,In Stock
W003,Dallas,P05789,703,34,694,30,150,2026-03-07,In Stock
W007,Milan,P05790,930,11,906,20,100,2026-03-07,In Stock
W004,Los Angeles,P05791,944,16,906,100,500,2026-03-12,In Stock
W006,Berlin,P05792,338,20,327,30,150,2026-03-04,In Stock
W007,Milan,P05793,526,19,493,50,250,2026-05-24,In Stock
W004,Los Angeles,P05794,879,27,847,100,500,2026-06-14,In Stock
W002,Chicago,P05795,152,14,138,50,250,2026-06-23,In Stock
W007,Milan,P05796,527,38,494,20,100,2026-06-25,In Stock
W006,Berlin,P05797,1150,30,1145,75,375,2026-03-13,In Stock
W006,Berlin,P05798,649,38,646,50,250,2026-03-22,In Stock
W007,Milan,P05799,341,33,311,75,375,2026-03-02,In Stock
W001,New York,P05800,351,36,345,50,250,2026-04-01,In Stock
W003,Dallas,P05801,32,24,17,50,250,2026-04-30,Low Stock
W003,Dallas,P05802,238,11,213,75,375,2026-05-09,In Stock
W001,New York,P05803,443,12,423,30,150,2026-04-24,In Stock
W005,London,P05804,148,0,137,100,500,2026-04-10,In Stock
W006,Berlin,P05805,705,37,669,100,500,2026-04-27,In Stock
W008,Sydney,P05806,465,36,453,75,375,2026-04-12,In Stock
W006,Berlin,P05807,1001,20,979,100,500,2026-06-20,In Stock
W003,Dallas,P05808,521,17,516,75,375,2026-06-19,In Stock
W002,Chicago,P05809,981,25,952,30,150,2026-06-27,In Stock
W004,Los Angeles,P05810,1080,9,1058,75,375,2026-05-09,In Stock
W008,Sydney,P05811,882,6,872,20,100,2026-05-13,In Stock
W005,London,P05812,328,13,327,30,150,2026-03-19,In Stock
W001,New York,P05813,1112,23,1087,20,100,2026-05-28,In Stock
W001,New York,P05814,1040,36,1030,30,150,2026-04-09,In Stock
W005,London,P05815,1144,32,1115,30,150,2026-05-31,In Stock
W003,Dallas,P05816,226,30,193,20,100,2026-04-22,In Stock
W004,Los Angeles,P05817,170,40,142,30,150,2026-05-30,In Stock
W007,Milan,P05818,723,34,701,50,250,2026-06-09,In Stock
W003,Dallas,P05819,5,1,5,75,375,2026-06-20,Low Stock
W008,Sydney,P05820,46,18,38,100,500,2026-04-20,Low Stock
W008,Sydney,P05821,518,27,508,20,100,2026-04-27,In Stock
W007,Milan,P05822,428,20,424,75,375,2026-06-08,In Stock
W006,Berlin,P05823,723,5,722,50,250,2026-06-26,In Stock
W006,Berlin,P05824,165,32,158,20,100,2026-04-10,In Stock
W005,London,P05825,1101,8,1093,50,250,2026-05-05,In Stock
W003,Dallas,P05826,425,0,412,20,100,2026-05-06,In Stock
W001,New York,P05827,925,8,910,30,150,2026-05-18,In Stock
W001,New York,P05828,314,14,314,100,500,2026-03-30,In Stock
W004,Los Angeles,P05829,556,40,539,30,150,2026-06-03,In Stock
W008,Sydney,P05830,677,36,670,30,150,2026-05-04,In Stock
W003,Dallas,P05831,1147,38,1140,20,100,2026-03-09,In Stock
W007,Milan,P05832,811,7,784,30,150,2026-03-13,In Stock
W007,Milan,P05833,789,30,770,100,500,2026-06-27,In Stock
W004,Los Angeles,P05834,422,16,399,20,100,2026-05-24,In Stock
W005,London,P05835,131,24,125,20,100,2026-05-04,In Stock
W007,Milan,P05836,540,29,540,100,500,2026-06-25,In Stock
W005,London,P05837,594,35,593,50,250,2026-06-16,In Stock
W006,Berlin,P05838,194,26,175,75,375,2026-06-10,In Stock
W007,Milan,P05839,348,0,311,100,500,2026-06-12,In Stock
W005,London,P05840,196,22,196,20,100,2026-05-19,In Stock
W001,New York,P05841,835,36,809,100,500,2026-06-16,In Stock
W004,Los Angeles,P05842,250,10,229,50,250,2026-05-12,In Stock
W003,Dallas,P05843,500,8,465,30,150,2026-03-01,In Stock
W001,New York,P05844,664,35,652,100,500,2026-05-01,In Stock
W008,Sydney,P05845,622,22,605,30,150,2026-03-26,In Stock
W001,New York,P05846,626,25,615,75,375,2026-02-28,In Stock
W006,Berlin,P05847,406,23,404,100,500,2026-03-22,In Stock
W002,Chicago,P05848,178,21,168,20,100,2026-03-16,In Stock
W006,Berlin,P05849,654,27,643,100,500,2026-04-30,In Stock
W008,Sydney,P05850,1112,34,1101,100,500,2026-05-08,In Stock
W001,New York,P05851,452,28,435,20,100,2026-04-21,In Stock
W001,New York,P05852,487,16,465,20,100,2026-03-18,In Stock
W001,New York,P05853,964,34,937,20,100,2026-06-20,In Stock
W005,London,P05854,268,38,254,30,150,2026-05-12,In Stock
W006,Berlin,P05855,604,38,593,50,250,2026-06-23,In Stock
W006,Berlin,P05856,722,26,694,100,500,2026-05-18,In Stock
W008,Sydney,P05857,1015,38,1010,100,500,2026-06-15,In Stock
W004,Los Angeles,P05858,919,35,905,100,500,2026-06-26,In Stock
W005,London,P05859,678,26,669,75,375,2026-05-03,In Stock
W005,London,P05860,665,5,641,20,100,2026-06-28,In Stock
W006,Berlin,P05861,1086,29,1084,100,500,2026-03-18,In Stock
W002,Chicago,P05862,713,11,706,30,150,2026-03-21,In Stock
W004,Los Angeles,P05863,412,33,374,75,375,2026-03-21,In Stock
W007,Milan,P05864,124,32,112,20,100,2026-05-25,In Stock
W008,Sydney,P05865,886,8,854,20,100,2026-04-08,In Stock
W004,Los Angeles,P05866,14,4,0,75,375,2026-03-05,Low Stock
W002,Chicago,P05867,239,36,201,30,150,2026-03-24,In Stock
W008,Sydney,P05868,1182,8,1153,100,500,2026-06-15,In Stock
W006,Berlin,P05869,806,14,793,20,100,2026-04-23,In Stock
W008,Sydney,P05870,1107,22,1098,100,500,2026-04-24,In Stock
W006,Berlin,P05871,1148,32,1123,100,500,2026-04-24,In Stock
W002,Chicago,P05872,1118,15,1082,50,250,2026-04-30,In Stock
W007,Milan,P05873,497,36,497,20,100,2026-04-07,In Stock
W001,New York,P05874,963,31,926,30,150,2026-05-23,In Stock
W005,London,P05875,566,29,550,50,250,2026-03-09,In Stock
W005,London,P05876,567,2,539,20,100,2026-05-08,In Stock
W003,Dallas,P05877,872,24,832,30,150,2026-03-22,In Stock
W006,Berlin,P05878,583,19,555,30,150,2026-03-14,In Stock
W006,Berlin,P05879,1163,25,1162,20,100,2026-03-01,In Stock
W005,London,P05880,510,37,478,50,250,2026-06-02,In Stock
W006,Berlin,P05881,1162,29,1124,20,100,2026-03-30,In Stock
W007,Milan,P05882,745,20,717,100,500,2026-04-25,In Stock
W004,Los Angeles,P05883,1017,26,982,50,250,2026-06-19,In Stock
W007,Milan,P05884,976,19,963,100,500,2026-05-20,In Stock
W001,New York,P05885,1001,3,973,30,150,2026-04-06,In Stock
W002,Chicago,P05886,954,24,948,75,375,2026-03-08,In Stock
W004,Los Angeles,P05887,647,40,647,20,100,2026-04-27,In Stock
W004,Los Angeles,P05888,794,10,785,100,500,2026-06-04,In Stock
W004,Los Angeles,P05889,1026,18,1026,50,250,2026-05-29,In Stock
W004,Los Angeles,P05890,837,37,799,100,500,2026-05-16,In Stock
W003,Dallas,P05891,1135,2,1124,50,250,2026-05-31,In Stock
W002,Chicago,P05892,283,20,271,75,375,2026-06-08,In Stock
W008,Sydney,P05893,487,21,480,50,250,2026-05-23,In Stock
W008,Sydney,P05894,319,38,316,50,250,2026-06-04,In Stock
W003,Dallas,P05895,262,17,232,30,150,2026-04-27,In Stock
W002,Chicago,P05896,598,39,577,75,375,2026-03-07,In Stock
W001,New York,P05897,1198,22,1178,30,150,2026-05-12,In Stock
W006,Berlin,P05898,924,9,922,20,100,2026-06-23,In Stock
W007,Milan,P05899,232,16,228,75,375,2026-06-04,In Stock
W007,Milan,P05900,633,23,597,50,250,2026-05-24,In Stock
W008,Sydney,P05901,802,10,796,20,100,2026-04-19,In Stock
W004,Los Angeles,P05902,190,30,190,30,150,2026-03-13,In Stock
W007,Milan,P05903,665,28,640,20,100,2026-06-15,In Stock
W003,Dallas,P05904,345,34,330,30,150,2026-04-06,In Stock
W001,New York,P05905,746,18,728,75,375,2026-05-06,In Stock
W006,Berlin,P05906,508,16,485,20,100,2026-05-12,In Stock
W006,Berlin,P05907,696,21,693,100,500,2026-06-12,In Stock
W007,Milan,P05908,434,27,434,50,250,2026-04-26,In Stock
W008,Sydney,P05909,997,38,978,100,500,2026-03-02,In Stock
W004,Los Angeles,P05910,475,31,449,30,150,2026-03-11,In Stock
W004,Los Angeles,P05911,1180,3,1164,100,500,2026-04-03,In Stock
W007,Milan,P05912,72,33,61,20,100,2026-04-01,In Stock
W004,Los Angeles,P05913,819,24,810,100,500,2026-05-05,In Stock
W001,New York,P05914,376,9,373,30,150,2026-04-17,In Stock
W008,Sydney,P05915,767,1,742,50,250,2026-06-15,In Stock
W008,Sydney,P05916,76,29,75,75,375,2026-03-03,In Stock
W002,Chicago,P05917,697,11,695,20,100,2026-06-21,In Stock
W004,Los Angeles,P05918,1196,16,1177,30,150,2026-04-11,In Stock
W001,New York,P05919,936,38,906,75,375,2026-03-06,In Stock
W003,Dallas,P05920,234,11,230,75,375,2026-04-19,In Stock
W004,Los Angeles,P05921,486,37,446,30,150,2026-03-11,In Stock
W002,Chicago,P05922,322,24,283,100,500,2026-06-10,In Stock
W002,Chicago,P05923,5,1,4,50,250,2026-04-28,Low Stock
W002,Chicago,P05924,326,26,324,30,150,2026-03-10,In Stock
W001,New York,P05925,1145,9,1113,30,150,2026-05-30,In Stock
W008,Sydney,P05926,910,11,881,50,250,2026-03-21,In Stock
W001,New York,P05927,646,39,611,50,250,2026-05-18,In Stock
W008,Sydney,P05928,1108,28,1098,100,500,2026-03-06,In Stock
W003,Dallas,P05929,127,12,118,75,375,2026-06-08,In Stock
W001,New York,P05930,162,26,126,30,150,2026-04-19,In Stock
W001,New York,P05931,596,26,570,50,250,2026-05-13,In Stock
W006,Berlin,P05932,281,31,255,50,250,2026-06-27,In Stock
W007,Milan,P05933,39,16,11,75,375,2026-06-09,Low Stock
W005,London,P05934,701,23,672,30,150,2026-06-01,In Stock
W008,Sydney,P05935,1126,16,1096,75,375,2026-04-26,In Stock
W005,London,P05936,28,0,0,75,375,2026-05-25,Low Stock
W007,Milan,P05937,651,29,622,75,375,2026-03-21,In Stock
W001,New York,P05938,888,9,849,20,100,2026-04-24,In Stock
W008,Sydney,P05939,313,19,304,100,500,2026-05-08,In Stock
W001,New York,P05940,279,9,254,100,500,2026-04-02,In Stock
W002,Chicago,P05941,773,7,745,50,250,2026-06-25,In Stock
W001,New York,P05942,699,31,695,30,150,2026-04-07,In Stock
W007,Milan,P05943,68,24,43,50,250,2026-04-20,In Stock
W001,New York,P05944,412,25,388,20,100,2026-05-20,In Stock
W008,Sydney,P05945,1182,40,1178,50,250,2026-06-10,In Stock
W008,Sydney,P05946,1193,12,1186,100,500,2026-03-08,In Stock
W003,Dallas,P05947,537,35,514,30,150,2026-05-29,In Stock
W006,Berlin,P05948,553,25,552,20,100,2026-06-18,In Stock
W002,Chicago,P05949,1139,35,1138,50,250,2026-04-23,In Stock
W008,Sydney,P05950,5,3,5,20,100,2026-04-01,Low Stock
W007,Milan,P05951,995,23,985,20,100,2026-06-23,In Stock
W008,Sydney,P05952,957,3,927,20,100,2026-03-15,In Stock
W005,London,P05953,119,14,105,50,250,2026-05-05,In Stock
W006,Berlin,P05954,906,24,878,100,500,2026-03-31,In Stock
W003,Dallas,P05955,601,5,598,75,375,2026-05-18,In Stock
W002,Chicago,P05956,187,36,187,20,100,2026-06-22,In Stock
W008,Sydney,P05957,104,31,69,20,100,2026-03-26,In Stock
W006,Berlin,P05958,57,0,34,30,150,2026-06-22,In Stock
W003,Dallas,P05959,712,36,682,50,250,2026-06-08,In Stock
W004,Los Angeles,P05960,359,5,359,20,100,2026-04-03,In Stock
W003,Dallas,P05961,963,39,925,50,250,2026-04-29,In Stock
W005,London,P05962,943,40,929,50,250,2026-03-09,In Stock
W007,Milan,P05963,658,28,639,100,500,2026-05-27,In Stock
W003,Dallas,P05964,709,24,670,30,150,2026-03-23,In Stock
W005,London,P05965,339,18,334,20,100,2026-05-08,In Stock
W005,London,P05966,231,13,203,50,250,2026-05-22,In Stock
W001,New York,P05967,750,12,735,20,100,2026-05-01,In Stock
W004,Los Angeles,P05968,909,25,873,75,375,2026-03-22,In Stock
W008,Sydney,P05969,776,7,752,100,500,2026-03-22,In Stock
W001,New York,P05970,1085,21,1054,50,250,2026-03-22,In Stock
W002,Chicago,P05971,937,38,935,50,250,2026-03-18,In Stock
W006,Berlin,P05972,1066,39,1041,50,250,2026-04-23,In Stock
W002,Chicago,P05973,563,37,524,50,250,2026-06-24,In Stock
W001,New York,P05974,433,32,408,50,250,2026-06-07,In Stock
W005,London,P05975,92,28,76,50,250,2026-05-26,In Stock
W006,Berlin,P05976,54,39,18,100,500,2026-04-18,Low Stock
W007,Milan,P05977,428,16,405,30,150,2026-03-23,In Stock
W004,Los Angeles,P05978,649,28,612,30,150,2026-06-15,In Stock
W002,Chicago,P05979,238,3,205,20,100,2026-05-12,In Stock
W002,Chicago,P05980,1094,26,1067,50,250,2026-03-06,In Stock
W006,Berlin,P05981,455,4,440,30,150,2026-05-14,In Stock
W007,Milan,P05982,241,13,238,100,500,2026-03-16,In Stock
W008,Sydney,P05983,406,34,406,50,250,2026-03-08,In Stock
W001,New York,P05984,319,26,303,30,150,2026-06-09,In Stock
W006,Berlin,P05985,1014,0,993,30,150,2026-03-12,In Stock
W006,Berlin,P05986,607,10,571,100,500,2026-04-23,In Stock
W008,Sydney,P05987,1122,39,1113,20,100,2026-06-20,In Stock
W005,London,P05988,963,38,929,50,250,2026-05-24,In Stock
W008,Sydney,P05989,624,0,606,75,375,2026-06-06,In Stock
W004,Los Angeles,P05990,933,30,898,20,100,2026-03-03,In Stock
W005,London,P05991,971,5,955,30,150,2026-05-04,In Stock
W002,Chicago,P05992,938,31,917,30,150,2026-04-21,In Stock
W001,New York,P05993,555,9,516,50,250,2026-03-14,In Stock
W003,Dallas,P05994,867,27,828,75,375,2026-03-03,In Stock
W008,Sydney,P05995,1109,29,1079,100,500,2026-05-17,In Stock
W005,London,P05996,570,32,554,50,250,2026-03-07,In Stock
W008,Sydney,P05997,603,15,586,20,100,2026-06-28,In Stock
W002,Chicago,P05998,278,13,252,100,500,2026-03-07,In Stock
W001,New York,P05999,672,27,661,100,500,2026-03-31,In Stock
W008,Sydney,P06000,681,37,668,20,100,2026-05-27,In Stock
W007,Milan,P06001,510,38,509,100,500,2026-06-14,In Stock
W003,Dallas,P06002,570,18,552,100,500,2026-04-28,In Stock
W004,Los Angeles,P06003,864,26,857,50,250,2026-03-03,In Stock
W002,Chicago,P06004,737,35,712,75,375,2026-06-11,In Stock
W003,Dallas,P06005,491,29,490,20,100,2026-04-05,In Stock
W007,Milan,P06006,686,16,653,100,500,2026-06-25,In Stock
W006,Berlin,P06007,475,24,473,20,100,2026-06-12,In Stock
W003,Dallas,P06008,920,15,905,50,250,2026-06-22,In Stock
W004,Los Angeles,P06009,901,31,897,30,150,2026-04-21,In Stock
W007,Milan,P06010,331,19,302,50,250,2026-03-09,In Stock
W006,Berlin,P06011,856,4,850,30,150,2026-06-12,In Stock
W002,Chicago,P06012,429,0,398,100,500,2026-04-20,In Stock
W003,Dallas,P06013,1141,34,1138,75,375,2026-03-05,In Stock
W007,Milan,P06014,852,20,833,20,100,2026-05-15,In Stock
W006,Berlin,P06015,1051,24,1037,75,375,2026-05-14,In Stock
W007,Milan,P06016,667,5,634,50,250,2026-03-01,In Stock
W001,New York,P06017,338,33,327,100,500,2026-05-16,In Stock
W003,Dallas,P06018,155,33,121,30,150,2026-05-11,In Stock
W007,Milan,P06019,1196,20,1157,20,100,2026-05-25,In Stock
W007,Milan,P06020,1077,11,1043,50,250,2026-04-25,In Stock
W003,Dallas,P06021,1090,28,1088,50,250,2026-05-17,In Stock
W003,Dallas,P06022,91,5,77,30,150,2026-03-13,In Stock
W003,Dallas,P06023,1106,29,1101,100,500,2026-03-19,In Stock
W003,Dallas,P06024,429,1,416,30,150,2026-03-09,In Stock
W007,Milan,P06025,781,27,763,100,500,2026-06-12,In Stock
W008,Sydney,P06026,984,24,976,100,500,2026-05-05,In Stock
W006,Berlin,P06027,381,9,348,75,375,2026-04-30,In Stock
W007,Milan,P06028,59,9,59,30,150,2026-04-25,In Stock
W008,Sydney,P06029,919,14,902,100,500,2026-05-03,In Stock
W002,Chicago,P06030,14,2,0,75,375,2026-05-30,Low Stock
W004,Los Angeles,P06031,544,40,521,50,250,2026-04-28,In Stock
W004,Los Angeles,P06032,700,11,688,75,375,2026-04-06,In Stock
W003,Dallas,P06033,927,2,924,75,375,2026-05-27,In Stock
W006,Berlin,P06034,436,33,414,50,250,2026-03-30,In Stock
W008,Sydney,P06035,447,8,418,20,100,2026-05-31,In Stock
W003,Dallas,P06036,348,22,320,100,500,2026-03-02,In Stock
W001,New York,P06037,639,16,637,30,150,2026-03-23,In Stock
W003,Dallas,P06038,678,21,660,50,250,2026-03-04,In Stock
W007,Milan,P06039,1067,14,1030,100,500,2026-03-19,In Stock
W008,Sydney,P06040,938,18,932,20,100,2026-06-15,In Stock
W007,Milan,P06041,976,34,972,100,500,2026-05-13,In Stock
W007,Milan,P06042,584,29,570,75,375,2026-04-22,In Stock
W007,Milan,P06043,703,38,703,75,375,2026-05-21,In Stock
W005,London,P06044,1054,27,1023,50,250,2026-03-25,In Stock
W004,Los Angeles,P06045,424,11,385,30,150,2026-03-12,In Stock
W002,Chicago,P06046,333,34,295,50,250,2026-05-17,In Stock
W006,Berlin,P06047,1094,28,1093,75,375,2026-06-27,In Stock
W007,Milan,P06048,331,39,315,30,150,2026-02-28,In Stock
W006,Berlin,P06049,1193,17,1183,100,500,2026-05-06,In Stock
W005,London,P06050,65,26,64,75,375,2026-04-08,Low Stock
W006,Berlin,P06051,422,5,414,20,100,2026-02-28,In Stock
W001,New York,P06052,461,36,429,30,150,2026-06-25,In Stock
W002,Chicago,P06053,494,31,489,100,500,2026-03-10,In Stock
W007,Milan,P06054,294,14,279,100,500,2026-05-14,In Stock
W007,Milan,P06055,1125,3,1105,100,500,2026-03-06,In Stock
W002,Chicago,P06056,78,1,71,100,500,2026-05-13,Low Stock
W004,Los Angeles,P06057,423,17,411,75,375,2026-05-18,In Stock
W007,Milan,P06058,938,8,898,20,100,2026-04-06,In Stock
W008,Sydney,P06059,1005,32,976,30,150,2026-06-19,In Stock
W006,Berlin,P06060,780,38,753,50,250,2026-04-05,In Stock
W006,Berlin,P06061,947,18,925,100,500,2026-04-26,In Stock
W006,Berlin,P06062,1163,39,1127,50,250,2026-05-12,In Stock
W006,Berlin,P06063,52,20,37,50,250,2026-04-01,In Stock
W007,Milan,P06064,274,40,269,100,500,2026-05-03,In Stock
W002,Chicago,P06065,615,23,597,100,500,2026-03-06,In Stock
W002,Chicago,P06066,1145,39,1123,30,150,2026-02-28,In Stock
W003,Dallas,P06067,640,23,631,30,150,2026-03-17,In Stock
W001,New York,P06068,928,32,918,100,500,2026-03-21,In Stock
W002,Chicago,P06069,807,6,803,50,250,2026-04-11,In Stock
W003,Dallas,P06070,189,23,158,50,250,2026-05-22,In Stock
W005,London,P06071,654,3,641,30,150,2026-06-23,In Stock
W003,Dallas,P06072,969,39,953,75,375,2026-04-30,In Stock
W004,Los Angeles,P06073,52,35,43,100,500,2026-05-21,Low Stock
W001,New York,P06074,386,15,375,50,250,2026-03-28,In Stock
W002,Chicago,P06075,345,18,345,50,250,2026-03-26,In Stock
W003,Dallas,P06076,1193,27,1179,30,150,2026-05-22,In Stock
W001,New York,P06077,1179,5,1168,50,250,2026-03-18,In Stock
W002,Chicago,P06078,1129,23,1119,20,100,2026-05-14,In Stock
W008,Sydney,P06079,1170,37,1134,50,250,2026-06-21,In Stock
W001,New York,P06080,578,38,562,75,375,2026-06-17,In Stock
W003,Dallas,P06081,484,20,465,30,150,2026-05-07,In Stock
W001,New York,P06082,176,38,171,100,500,2026-03-20,In Stock
W002,Chicago,P06083,417,14,401,50,250,2026-03-18,In Stock
W006,Berlin,P06084,968,12,955,20,100,2026-04-13,In Stock
W007,Milan,P06085,360,27,326,75,375,2026-05-06,In Stock
W002,Chicago,P06086,380,15,362,75,375,2026-03-16,In Stock
W003,Dallas,P06087,237,9,236,20,100,2026-03-22,In Stock
W003,Dallas,P06088,176,32,171,30,150,2026-05-31,In Stock
W001,New York,P06089,188,37,169,50,250,2026-04-18,In Stock
W001,New York,P06090,333,33,295,100,500,2026-06-22,In Stock
W002,Chicago,P06091,1184,26,1165,75,375,2026-03-17,In Stock
W006,Berlin,P06092,323,7,287,30,150,2026-06-15,In Stock
W001,New York,P06093,1050,4,1037,30,150,2026-06-04,In Stock
W006,Berlin,P06094,803,13,797,100,500,2026-05-03,In Stock
W003,Dallas,P06095,478,40,453,75,375,2026-04-27,In Stock
W001,New York,P06096,615,30,610,20,100,2026-06-27,In Stock
W004,Los Angeles,P06097,1122,5,1083,100,500,2026-06-14,In Stock
W008,Sydney,P06098,595,20,594,20,100,2026-06-14,In Stock
W004,Los Angeles,P06099,421,1,406,30,150,2026-05-25,In Stock
W005,London,P06100,753,1,722,75,375,2026-06-19,In Stock
W005,London,P06101,1063,25,1041,75,375,2026-06-21,In Stock
W008,Sydney,P06102,929,9,907,50,250,2026-03-30,In Stock
W008,Sydney,P06103,311,4,287,30,150,2026-03-24,In Stock
W004,Los Angeles,P06104,240,1,228,75,375,2026-04-05,In Stock
W008,Sydney,P06105,1031,5,1028,20,100,2026-05-19,In Stock
W008,Sydney,P06106,63,36,24,30,150,2026-05-11,In Stock
W004,Los Angeles,P06107,123,25,94,75,375,2026-06-26,In Stock
W001,New York,P06108,707,38,690,100,500,2026-05-08,In Stock
W007,Milan,P06109,813,15,805,100,500,2026-03-22,In Stock
W004,Los Angeles,P06110,446,3,445,75,375,2026-04-26,In Stock
W002,Chicago,P06111,651,0,650,100,500,2026-04-15,In Stock
W008,Sydney,P06112,134,3,99,50,250,2026-05-06,In Stock
W004,Los Angeles,P06113,511,13,492,30,150,2026-06-01,In Stock
W001,New York,P06114,831,34,800,50,250,2026-05-22,In Stock
W005,London,P06115,1109,35,1097,100,500,2026-04-10,In Stock
W003,Dallas,P06116,498,21,460,75,375,2026-03-27,In Stock
W001,New York,P06117,1183,11,1174,75,375,2026-04-22,In Stock
W006,Berlin,P06118,1109,23,1074,30,150,2026-05-16,In Stock
W005,London,P06119,729,7,716,50,250,2026-04-10,In Stock
W002,Chicago,P06120,1179,1,1166,75,375,2026-03-03,In Stock
W005,London,P06121,1063,15,1036,30,150,2026-04-26,In Stock
W004,Los Angeles,P06122,1121,12,1096,75,375,2026-03-08,In Stock
W004,Los Angeles,P06123,297,34,296,30,150,2026-06-24,In Stock
W005,London,P06124,482,16,454,75,375,2026-05-13,In Stock
W005,London,P06125,846,17,813,75,375,2026-05-04,In Stock
W008,Sydney,P06126,544,25,530,20,100,2026-04-27,In Stock
W002,Chicago,P06127,266,25,252,20,100,2026-06-15,In Stock
W008,Sydney,P06128,681,10,645,50,250,2026-05-03,In Stock
W008,Sydney,P06129,818,7,802,20,100,2026-05-14,In Stock
W005,London,P06130,9,1,2,100,500,2026-03-25,Low Stock
W005,London,P06131,518,23,490,20,100,2026-06-06,In Stock
W002,Chicago,P06132,638,24,634,30,150,2026-06-19,In Stock
W007,Milan,P06133,1103,7,1097,75,375,2026-05-20,In Stock
W007,Milan,P06134,63,24,59,30,150,2026-06-17,In Stock
W003,Dallas,P06135,818,21,797,20,100,2026-05-16,In Stock
W005,London,P06136,776,16,765,50,250,2026-03-26,In Stock
W007,Milan,P06137,1025,24,993,30,150,2026-03-24,In Stock
W005,London,P06138,474,28,469,75,375,2026-05-25,In Stock
W001,New York,P06139,406,17,366,50,250,2026-04-02,In Stock
W006,Berlin,P06140,575,36,553,50,250,2026-04-03,In Stock
W007,Milan,P06141,868,0,854,20,100,2026-06-28,In Stock
W002,Chicago,P06142,189,26,181,100,500,2026-06-09,In Stock
W008,Sydney,P06143,306,33,282,30,150,2026-03-18,In Stock
W008,Sydney,P06144,546,6,518,30,150,2026-03-25,In Stock
W004,Los Angeles,P06145,799,14,765,100,500,2026-05-12,In Stock
W001,New York,P06146,1189,40,1161,50,250,2026-06-26,In Stock
W004,Los Angeles,P06147,529,38,493,20,100,2026-06-18,In Stock
W007,Milan,P06148,738,34,731,20,100,2026-06-20,In Stock
W004,Los Angeles,P06149,843,1,828,50,250,2026-05-24,In Stock
W005,London,P06150,1150,12,1120,50,250,2026-03-16,In Stock
W008,Sydney,P06151,69,26,58,20,100,2026-03-17,In Stock
W008,Sydney,P06152,1168,36,1147,50,250,2026-03-08,In Stock
W002,Chicago,P06153,624,38,602,30,150,2026-05-27,In Stock
W005,London,P06154,792,36,771,75,375,2026-05-22,In Stock
W003,Dallas,P06155,173,22,146,75,375,2026-06-12,In Stock
W008,Sydney,P06156,702,32,702,30,150,2026-06-27,In Stock
W002,Chicago,P06157,849,28,836,20,100,2026-05-25,In Stock
W005,London,P06158,944,18,924,100,500,2026-04-15,In Stock
W003,Dallas,P06159,479,7,453,50,250,2026-03-29,In Stock
W004,Los Angeles,P06160,1128,10,1101,30,150,2026-05-24,In Stock
W008,Sydney,P06161,186,3,181,20,100,2026-05-03,In Stock
W001,New York,P06162,952,6,944,100,500,2026-04-02,In Stock
W005,London,P06163,691,25,687,75,375,2026-03-26,In Stock
W004,Los Angeles,P06164,83,36,64,50,250,2026-04-18,In Stock
W005,London,P06165,184,11,144,50,250,2026-03-30,In Stock
W004,Los Angeles,P06166,641,9,607,50,250,2026-06-03,In Stock
W004,Los Angeles,P06167,989,34,959,30,150,2026-03-29,In Stock
W006,Berlin,P06168,830,36,795,75,375,2026-06-13,In Stock
W004,Los Angeles,P06169,98,26,78,30,150,2026-05-11,In Stock
W005,London,P06170,934,6,929,75,375,2026-05-16,In Stock
W003,Dallas,P06171,132,29,130,100,500,2026-04-03,In Stock
W005,London,P06172,149,31,113,20,100,2026-06-13,In Stock
W002,Chicago,P06173,853,4,834,20,100,2026-03-01,In Stock
W007,Milan,P06174,527,24,522,50,250,2026-06-15,In Stock
W004,Los Angeles,P06175,123,29,100,100,500,2026-03-18,In Stock
W005,London,P06176,353,31,340,50,250,2026-03-27,In Stock
W006,Berlin,P06177,378,31,348,30,150,2026-05-22,In Stock
W008,Sydney,P06178,938,3,908,20,100,2026-04-18,In Stock
W002,Chicago,P06179,301,15,290,50,250,2026-05-17,In Stock
W002,Chicago,P06180,321,35,320,20,100,2026-04-19,In Stock
W003,Dallas,P06181,339,30,303,75,375,2026-04-15,In Stock
W001,New York,P06182,837,26,836,75,375,2026-06-10,In Stock
W007,Milan,P06183,738,35,725,30,150,2026-03-14,In Stock
W006,Berlin,P06184,940,26,921,20,100,2026-05-08,In Stock
W003,Dallas,P06185,222,0,210,20,100,2026-04-02,In Stock
W008,Sydney,P06186,19,0,0,100,500,2026-06-23,Low Stock
W004,Los Angeles,P06187,998,3,965,100,500,2026-04-09,In Stock
W007,Milan,P06188,890,14,880,100,500,2026-06-24,In Stock
W008,Sydney,P06189,71,32,56,100,500,2026-05-25,Low Stock
W005,London,P06190,316,31,297,75,375,2026-04-20,In Stock
W008,Sydney,P06191,838,39,812,30,150,2026-05-15,In Stock
W001,New York,P06192,972,17,951,50,250,2026-05-09,In Stock
W006,Berlin,P06193,904,27,874,30,150,2026-05-09,In Stock
W006,Berlin,P06194,565,38,533,20,100,2026-06-08,In Stock
W002,Chicago,P06195,914,17,883,100,500,2026-04-28,In Stock
W006,Berlin,P06196,7,3,0,20,100,2026-05-17,Low Stock
W003,Dallas,P06197,305,11,278,20,100,2026-06-06,In Stock
W007,Milan,P06198,462,13,454,20,100,2026-03-12,In Stock
W007,Milan,P06199,523,10,500,50,250,2026-05-03,In Stock
W004,Los Angeles,P06200,494,39,492,20,100,2026-04-30,In Stock
W005,London,P06201,80,14,59,75,375,2026-06-17,In Stock
W007,Milan,P06202,1054,9,1045,50,250,2026-05-25,In Stock
W008,Sydney,P06203,818,23,811,75,375,2026-06-12,In Stock
W006,Berlin,P06204,1142,30,1102,30,150,2026-04-16,In Stock
W001,New York,P06205,126,13,101,50,250,2026-03-28,In Stock
W007,Milan,P06206,427,8,396,30,150,2026-05-04,In Stock
W004,Los Angeles,P06207,444,8,435,50,250,2026-04-21,In Stock
W006,Berlin,P06208,819,33,805,30,150,2026-04-30,In Stock
W003,Dallas,P06209,448,11,437,75,375,2026-05-16,In Stock
W004,Los Angeles,P06210,208,14,194,20,100,2026-03-29,In Stock
W008,Sydney,P06211,108,34,71,20,100,2026-05-20,In Stock
W003,Dallas,P06212,425,2,412,50,250,2026-03-25,In Stock
W008,Sydney,P06213,22,6,10,50,250,2026-05-30,Low Stock
W004,Los Angeles,P06214,253,32,240,100,500,2026-04-21,In Stock
W005,London,P06215,751,40,746,75,375,2026-06-12,In Stock
W006,Berlin,P06216,997,40,997,100,500,2026-05-25,In Stock
W008,Sydney,P06217,448,6,411,75,375,2026-04-22,In Stock
W006,Berlin,P06218,232,26,196,75,375,2026-04-05,In Stock
W007,Milan,P06219,1106,40,1082,20,100,2026-05-22,In Stock
W006,Berlin,P06220,730,19,721,50,250,2026-06-16,In Stock
W006,Berlin,P06221,1002,14,973,100,500,2026-04-10,In Stock
W003,Dallas,P06222,891,1,871,50,250,2026-06-02,In Stock
W003,Dallas,P06223,922,38,895,30,150,2026-04-23,In Stock
W006,Berlin,P06224,418,8,385,50,250,2026-04-18,In Stock
W004,Los Angeles,P06225,1171,14,1133,20,100,2026-05-01,In Stock
W008,Sydney,P06226,1060,13,1055,30,150,2026-04-01,In Stock
W006,Berlin,P06227,46,10,40,30,150,2026-04-13,In Stock
W006,Berlin,P06228,1191,22,1168,75,375,2026-03-21,In Stock
W002,Chicago,P06229,61,21,61,30,150,2026-05-09,In Stock
W007,Milan,P06230,889,25,849,100,500,2026-04-04,In Stock
W001,New York,P06231,825,14,806,75,375,2026-04-26,In Stock
W007,Milan,P06232,964,19,928,20,100,2026-04-16,In Stock
W007,Milan,P06233,505,35,468,30,150,2026-05-14,In Stock
W002,Chicago,P06234,1,1,0,30,150,2026-05-20,Low Stock
W003,Dallas,P06235,961,10,952,75,375,2026-06-15,In Stock
W006,Berlin,P06236,721,25,706,100,500,2026-03-04,In Stock
W008,Sydney,P06237,604,36,578,30,150,2026-05-30,In Stock
W005,London,P06238,689,18,689,100,500,2026-06-03,In Stock
W006,Berlin,P06239,656,26,633,50,250,2026-05-04,In Stock
W006,Berlin,P06240,406,30,403,20,100,2026-04-24,In Stock
W008,Sydney,P06241,444,3,435,20,100,2026-03-26,In Stock
W002,Chicago,P06242,32,29,19,30,150,2026-05-11,In Stock
W007,Milan,P06243,453,22,429,30,150,2026-04-05,In Stock
W008,Sydney,P06244,419,10,406,30,150,2026-05-23,In Stock
W008,Sydney,P06245,548,13,510,100,500,2026-06-20,In Stock
W007,Milan,P06246,801,6,764,20,100,2026-06-13,In Stock
W001,New York,P06247,21,17,0,50,250,2026-05-04,Low Stock
W007,Milan,P06248,46,13,37,75,375,2026-05-07,Low Stock
W005,London,P06249,623,35,587,75,375,2026-04-09,In Stock
W004,Los Angeles,P06250,960,22,921,100,500,2026-05-13,In Stock
W005,London,P06251,187,27,184,75,375,2026-03-20,In Stock
W001,New York,P06252,405,6,379,75,375,2026-05-22,In Stock
W006,Berlin,P06253,1145,0,1127,20,100,2026-05-15,In Stock
W008,Sydney,P06254,505,26,478,50,250,2026-04-16,In Stock
W005,London,P06255,522,13,508,75,375,2026-04-20,In Stock
W008,Sydney,P06256,1124,20,1116,20,100,2026-04-25,In Stock
W001,New York,P06257,679,27,657,75,375,2026-03-03,In Stock
W002,Chicago,P06258,1132,28,1098,30,150,2026-03-18,In Stock
W005,London,P06259,920,5,883,75,375,2026-04-22,In Stock
W004,Los Angeles,P06260,911,15,895,50,250,2026-05-14,In Stock
W001,New York,P06261,825,20,786,100,500,2026-06-01,In Stock
W001,New York,P06262,809,20,806,30,150,2026-06-09,In Stock
W004,Los Angeles,P06263,92,36,55,100,500,2026-03-14,Low Stock
W007,Milan,P06264,574,38,534,75,375,2026-06-07,In Stock
W005,London,P06265,455,14,433,50,250,2026-05-27,In Stock
W007,Milan,P06266,675,7,664,30,150,2026-03-16,In Stock
W002,Chicago,P06267,728,2,713,75,375,2026-04-25,In Stock
W008,Sydney,P06268,130,33,96,20,100,2026-06-23,In Stock
W004,Los Angeles,P06269,676,26,637,50,250,2026-05-22,In Stock
W007,Milan,P06270,874,19,837,20,100,2026-03-18,In Stock
W001,New York,P06271,434,25,418,75,375,2026-05-03,In Stock
W005,London,P06272,941,37,934,75,375,2026-04-05,In Stock
W002,Chicago,P06273,872,11,861,20,100,2026-06-14,In Stock
W006,Berlin,P06274,90,36,65,30,150,2026-03-31,In Stock
W006,Berlin,P06275,719,26,687,100,500,2026-03-29,In Stock
W002,Chicago,P06276,1153,2,1134,20,100,2026-06-13,In Stock
W006,Berlin,P06277,1067,14,1054,100,500,2026-06-01,In Stock
W006,Berlin,P06278,268,26,243,100,500,2026-06-28,In Stock
W002,Chicago,P06279,457,20,437,100,500,2026-03-25,In Stock
W001,New York,P06280,53,37,32,30,150,2026-03-20,In Stock
W008,Sydney,P06281,395,0,389,100,500,2026-03-08,In Stock
W001,New York,P06282,140,18,118,30,150,2026-03-11,In Stock
W008,Sydney,P06283,193,5,170,100,500,2026-04-18,In Stock
W001,New York,P06284,788,38,770,20,100,2026-04-12,In Stock
W002,Chicago,P06285,388,40,365,75,375,2026-06-24,In Stock
W006,Berlin,P06286,688,36,682,20,100,2026-04-04,In Stock
W004,Los Angeles,P06287,1180,34,1152,75,375,2026-06-18,In Stock
W007,Milan,P06288,1008,30,1008,20,100,2026-04-21,In Stock
W001,New York,P06289,637,9,599,100,500,2026-03-12,In Stock
W004,Los Angeles,P06290,333,23,332,100,500,2026-04-27,In Stock
W002,Chicago,P06291,865,9,828,20,100,2026-05-31,In Stock
W004,Los Angeles,P06292,287,12,270,20,100,2026-04-16,In Stock
W006,Berlin,P06293,334,2,298,30,150,2026-03-09,In Stock
W005,London,P06294,84,13,54,20,100,2026-03-09,In Stock
W002,Chicago,P06295,964,23,931,75,375,2026-04-18,In Stock
W006,Berlin,P06296,789,28,773,30,150,2026-04-20,In Stock
W001,New York,P06297,795,6,791,75,375,2026-04-01,In Stock
W003,Dallas,P06298,848,2,834,30,150,2026-03-03,In Stock
W001,New York,P06299,795,23,791,100,500,2026-05-05,In Stock
W006,Berlin,P06300,1004,10,997,20,100,2026-06-13,In Stock
W007,Milan,P06301,98,34,93,20,100,2026-03-05,In Stock
W002,Chicago,P06302,269,39,231,30,150,2026-03-02,In Stock
W004,Los Angeles,P06303,400,11,380,20,100,2026-05-14,In Stock
W008,Sydney,P06304,1189,3,1162,30,150,2026-03-20,In Stock
W003,Dallas,P06305,452,18,431,20,100,2026-04-13,In Stock
W007,Milan,P06306,1136,38,1130,100,500,2026-03-12,In Stock
W001,New York,P06307,1193,40,1187,75,375,2026-04-16,In Stock
W007,Milan,P06308,1121,18,1099,20,100,2026-06-25,In Stock
W006,Berlin,P06309,334,4,325,20,100,2026-03-24,In Stock
W001,New York,P06310,444,0,411,75,375,2026-06-13,In Stock
W007,Milan,P06311,561,35,561,20,100,2026-05-27,In Stock
W005,London,P06312,833,34,829,20,100,2026-04-01,In Stock
W008,Sydney,P06313,209,2,174,50,250,2026-03-13,In Stock
W004,Los Angeles,P06314,559,36,539,75,375,2026-05-26,In Stock
W005,London,P06315,1159,1,1134,50,250,2026-06-27,In Stock
W006,Berlin,P06316,1027,26,1019,20,100,2026-04-01,In Stock
W008,Sydney,P06317,537,25,510,50,250,2026-04-13,In Stock
W004,Los Angeles,P06318,1118,36,1116,50,250,2026-04-27,In Stock
W005,London,P06319,290,17,285,100,500,2026-05-20,In Stock
W003,Dallas,P06320,32,22,3,50,250,2026-03-01,Low Stock
W008,Sydney,P06321,882,20,870,30,150,2026-04-03,In Stock
W005,London,P06322,930,24,892,75,375,2026-06-18,In Stock
W006,Berlin,P06323,399,6,374,20,100,2026-02-28,In Stock
W005,London,P06324,1014,33,974,30,150,2026-05-08,In Stock
W002,Chicago,P06325,961,24,928,50,250,2026-05-19,In Stock
W001,New York,P06326,275,8,237,75,375,2026-03-17,In Stock
W008,Sydney,P06327,794,7,770,20,100,2026-05-10,In Stock
W003,Dallas,P06328,1106,27,1106,75,375,2026-03-22,In Stock
W004,Los Angeles,P06329,631,33,623,100,500,2026-05-25,In Stock
W007,Milan,P06330,1123,40,1097,100,500,2026-04-28,In Stock
W001,New York,P06331,255,23,231,75,375,2026-06-08,In Stock
W008,Sydney,P06332,1005,2,995,50,250,2026-06-20,In Stock
W006,Berlin,P06333,1018,13,1013,30,150,2026-03-29,In Stock
W003,Dallas,P06334,660,17,649,30,150,2026-06-03,In Stock
W006,Berlin,P06335,310,24,308,50,250,2026-06-28,In Stock
W006,Berlin,P06336,1070,19,1032,100,500,2026-05-10,In Stock
W002,Chicago,P06337,926,6,903,30,150,2026-03-12,In Stock
W001,New York,P06338,695,0,655,30,150,2026-05-13,In Stock
W004,Los Angeles,P06339,676,5,664,30,150,2026-03-28,In Stock
W002,Chicago,P06340,1054,23,1028,50,250,2026-06-26,In Stock
W006,Berlin,P06341,470,9,455,50,250,2026-06-09,In Stock
W003,Dallas,P06342,253,38,248,20,100,2026-03-07,In Stock
W003,Dallas,P06343,1185,16,1171,50,250,2026-03-28,In Stock
W002,Chicago,P06344,567,17,566,20,100,2026-03-17,In Stock
W008,Sydney,P06345,1048,16,1036,30,150,2026-04-02,In Stock
W008,Sydney,P06346,986,34,977,100,500,2026-04-01,In Stock
W005,London,P06347,92,6,85,30,150,2026-05-05,In Stock
W003,Dallas,P06348,467,13,436,20,100,2026-04-10,In Stock
W002,Chicago,P06349,1028,0,1026,20,100,2026-03-18,In Stock
W007,Milan,P06350,308,10,282,50,250,2026-05-15,In Stock
W008,Sydney,P06351,1063,27,1050,100,500,2026-04-03,In Stock
W006,Berlin,P06352,740,30,712,100,500,2026-05-23,In Stock
W006,Berlin,P06353,261,13,242,75,375,2026-04-25,In Stock
W003,Dallas,P06354,400,40,391,75,375,2026-05-19,In Stock
W005,London,P06355,605,8,565,30,150,2026-05-18,In Stock
W004,Los Angeles,P06356,669,4,640,20,100,2026-04-22,In Stock
W003,Dallas,P06357,1133,21,1131,20,100,2026-05-28,In Stock
W005,London,P06358,688,14,653,50,250,2026-03-26,In Stock
W003,Dallas,P06359,1046,10,1046,75,375,2026-05-26,In Stock
W008,Sydney,P06360,812,27,788,75,375,2026-03-03,In Stock
W007,Milan,P06361,90,8,56,100,500,2026-04-20,Low Stock
W008,Sydney,P06362,612,32,584,50,250,2026-06-18,In Stock
W003,Dallas,P06363,113,20,100,75,375,2026-06-19,In Stock
W004,Los Angeles,P06364,798,23,760,100,500,2026-06-04,In Stock
W002,Chicago,P06365,760,25,752,30,150,2026-06-16,In Stock
W001,New York,P06366,984,5,968,50,250,2026-03-19,In Stock
W005,London,P06367,450,40,443,20,100,2026-06-27,In Stock
W007,Milan,P06368,167,18,145,50,250,2026-06-10,In Stock
W007,Milan,P06369,626,29,607,50,250,2026-05-25,In Stock
W004,Los Angeles,P06370,437,38,398,20,100,2026-03-12,In Stock
W008,Sydney,P06371,198,23,184,20,100,2026-05-30,In Stock
W004,Los Angeles,P06372,566,28,556,100,500,2026-04-10,In Stock
W007,Milan,P06373,957,5,956,20,100,2026-03-24,In Stock
W001,New York,P06374,421,14,403,50,250,2026-05-21,In Stock
W008,Sydney,P06375,746,22,711,100,500,2026-03-29,In Stock
W007,Milan,P06376,140,33,108,100,500,2026-06-17,In Stock
W008,Sydney,P06377,1048,3,1040,75,375,2026-06-14,In Stock
W006,Berlin,P06378,1172,9,1141,100,500,2026-04-12,In Stock
W005,London,P06379,445,27,431,75,375,2026-04-24,In Stock
W003,Dallas,P06380,1005,37,1003,50,250,2026-03-03,In Stock
W004,Los Angeles,P06381,439,10,429,20,100,2026-06-05,In Stock
W004,Los Angeles,P06382,658,35,656,50,250,2026-03-02,In Stock
W008,Sydney,P06383,28,14,15,50,250,2026-04-02,Low Stock
W002,Chicago,P06384,639,13,614,100,500,2026-04-18,In Stock
W008,Sydney,P06385,634,30,603,75,375,2026-05-27,In Stock
W001,New York,P06386,940,14,915,20,100,2026-05-10,In Stock
W007,Milan,P06387,723,0,723,75,375,2026-04-03,In Stock
W008,Sydney,P06388,773,10,738,30,150,2026-03-11,In Stock
W003,Dallas,P06389,246,34,238,30,150,2026-06-13,In Stock
W004,Los Angeles,P06390,1031,34,1021,75,375,2026-04-28,In Stock
W005,London,P06391,901,27,885,30,150,2026-03-30,In Stock
W004,Los Angeles,P06392,421,0,402,30,150,2026-03-28,In Stock
W006,Berlin,P06393,1200,36,1190,75,375,2026-04-05,In Stock
W001,New York,P06394,823,25,821,75,375,2026-03-07,In Stock
W005,London,P06395,1112,14,1106,50,250,2026-06-05,In Stock
W004,Los Angeles,P06396,516,13,495,50,250,2026-04-23,In Stock
W005,London,P06397,1184,5,1177,100,500,2026-04-23,In Stock
W005,London,P06398,886,6,877,50,250,2026-05-26,In Stock
W003,Dallas,P06399,242,24,227,20,100,2026-04-30,In Stock
W002,Chicago,P06400,970,19,935,20,100,2026-03-30,In Stock
W004,Los Angeles,P06401,770,40,737,50,250,2026-06-16,In Stock
W002,Chicago,P06402,841,37,819,50,250,2026-03-02,In Stock
W006,Berlin,P06403,1131,36,1115,50,250,2026-06-07,In Stock
W002,Chicago,P06404,505,36,493,75,375,2026-03-03,In Stock
W002,Chicago,P06405,427,12,402,75,375,2026-05-16,In Stock
W008,Sydney,P06406,363,25,334,75,375,2026-05-05,In Stock
W008,Sydney,P06407,975,23,939,75,375,2026-06-02,In Stock
W006,Berlin,P06408,1144,4,1131,75,375,2026-03-14,In Stock
W005,London,P06409,182,16,144,75,375,2026-06-19,In Stock
W006,Berlin,P06410,450,1,415,100,500,2026-04-06,In Stock
W005,London,P06411,366,31,358,75,375,2026-06-04,In Stock
W004,Los Angeles,P06412,26,12,19,75,375,2026-05-13,Low Stock
W001,New York,P06413,67,4,62,20,100,2026-05-31,In Stock
W002,Chicago,P06414,684,33,684,50,250,2026-05-20,In Stock
W005,London,P06415,375,26,359,30,150,2026-04-26,In Stock
W003,Dallas,P06416,152,37,114,50,250,2026-06-27,In Stock
W002,Chicago,P06417,5,3,0,100,500,2026-03-18,Low Stock
W007,Milan,P06418,512,38,511,75,375,2026-05-20,In Stock
W002,Chicago,P06419,701,14,668,75,375,2026-04-05,In Stock
W001,New York,P06420,781,39,745,75,375,2026-05-11,In Stock
W008,Sydney,P06421,473,28,462,75,375,2026-06-24,In Stock
W007,Milan,P06422,242,11,230,20,100,2026-05-01,In Stock
W003,Dallas,P06423,885,14,874,50,250,2026-06-21,In Stock
W006,Berlin,P06424,1042,36,1006,75,375,2026-05-03,In Stock
W003,Dallas,P06425,546,39,516,50,250,2026-06-15,In Stock
W006,Berlin,P06426,741,39,729,75,375,2026-06-08,In Stock
W008,Sydney,P06427,956,7,949,20,100,2026-04-02,In Stock
W006,Berlin,P06428,631,6,602,100,500,2026-04-03,In Stock
W008,Sydney,P06429,421,26,421,30,150,2026-03-16,In Stock
W007,Milan,P06430,1040,26,1008,50,250,2026-04-19,In Stock
W007,Milan,P06431,128,33,107,20,100,2026-04-03,In Stock
W008,Sydney,P06432,410,32,386,50,250,2026-04-28,In Stock
W005,London,P06433,435,26,418,30,150,2026-05-25,In Stock
W008,Sydney,P06434,104,24,92,30,150,2026-06-09,In Stock
W008,Sydney,P06435,810,27,788,75,375,2026-04-13,In Stock
W007,Milan,P06436,540,33,512,50,250,2026-04-06,In Stock
W007,Milan,P06437,788,16,751,100,500,2026-04-08,In Stock
W005,London,P06438,906,22,884,20,100,2026-03-13,In Stock
W004,Los Angeles,P06439,563,16,543,75,375,2026-04-07,In Stock
W001,New York,P06440,265,1,242,50,250,2026-05-29,In Stock
W008,Sydney,P06441,1014,38,1014,30,150,2026-04-18,In Stock
W005,London,P06442,1073,25,1053,100,500,2026-03-08,In Stock
W004,Los Angeles,P06443,529,1,514,50,250,2026-05-03,In Stock
W006,Berlin,P06444,572,2,542,100,500,2026-04-22,In Stock
W001,New York,P06445,767,34,754,30,150,2026-06-03,In Stock
W006,Berlin,P06446,825,12,814,100,500,2026-03-28,In Stock
W002,Chicago,P06447,507,38,483,75,375,2026-05-21,In Stock
W001,New York,P06448,566,30,552,20,100,2026-05-01,In Stock
W004,Los Angeles,P06449,113,5,91,50,250,2026-06-28,In Stock
W007,Milan,P06450,447,16,446,30,150,2026-05-19,In Stock
W002,Chicago,P06451,93,26,70,30,150,2026-04-23,In Stock
W004,Los Angeles,P06452,1091,40,1054,75,375,2026-05-04,In Stock
W004,Los Angeles,P06453,413,25,384,50,250,2026-05-24,In Stock
W007,Milan,P06454,545,27,543,75,375,2026-05-28,In Stock
W004,Los Angeles,P06455,279,12,243,75,375,2026-04-10,In Stock
W008,Sydney,P06456,541,21,503,20,100,2026-06-10,In Stock
W001,New York,P06457,1178,4,1175,50,250,2026-03-08,In Stock
W002,Chicago,P06458,43,40,12,30,150,2026-05-04,In Stock
W001,New York,P06459,989,7,951,100,500,2026-05-18,In Stock
W002,Chicago,P06460,802,33,786,50,250,2026-04-14,In Stock
W008,Sydney,P06461,974,40,944,100,500,2026-06-03,In Stock
W004,Los Angeles,P06462,483,27,478,20,100,2026-05-26,In Stock
W005,London,P06463,440,28,417,50,250,2026-05-25,In Stock
W008,Sydney,P06464,1081,13,1060,100,500,2026-06-26,In Stock
W006,Berlin,P06465,375,2,364,75,375,2026-03-23,In Stock
W008,Sydney,P06466,59,33,29,75,375,2026-05-17,Low Stock
W007,Milan,P06467,963,30,958,20,100,2026-04-08,In Stock
W002,Chicago,P06468,327,11,312,100,500,2026-03-07,In Stock
W007,Milan,P06469,194,36,187,30,150,2026-06-12,In Stock
W004,Los Angeles,P06470,1007,16,984,75,375,2026-04-13,In Stock
W005,London,P06471,209,15,178,30,150,2026-05-07,In Stock
W008,Sydney,P06472,18,16,18,50,250,2026-04-27,Low Stock
W002,Chicago,P06473,91,23,84,75,375,2026-03-07,In Stock
W001,New York,P06474,875,2,844,50,250,2026-06-24,In Stock
W008,Sydney,P06475,1080,34,1061,30,150,2026-05-03,In Stock
W005,London,P06476,1049,0,1035,30,150,2026-05-27,In Stock
W006,Berlin,P06477,947,27,926,30,150,2026-04-05,In Stock
W005,London,P06478,14,14,0,50,250,2026-04-10,Low Stock
W003,Dallas,P06479,981,32,978,30,150,2026-04-11,In Stock
W001,New York,P06480,387,28,352,20,100,2026-03-09,In Stock
W004,Los Angeles,P06481,798,15,793,50,250,2026-05-05,In Stock
W008,Sydney,P06482,1063,39,1031,50,250,2026-03-14,In Stock
W005,London,P06483,534,2,499,50,250,2026-04-18,In Stock
W006,Berlin,P06484,441,12,430,20,100,2026-04-09,In Stock
W001,New York,P06485,944,27,944,50,250,2026-03-12,In Stock
W006,Berlin,P06486,316,39,277,75,375,2026-03-21,In Stock
W001,New York,P06487,254,10,241,50,250,2026-03-14,In Stock
W001,New York,P06488,266,38,227,100,500,2026-05-08,In Stock
W007,Milan,P06489,401,1,363,30,150,2026-03-15,In Stock
W003,Dallas,P06490,503,25,481,50,250,2026-05-26,In Stock
W001,New York,P06491,501,28,463,20,100,2026-04-07,In Stock
W002,Chicago,P06492,723,3,712,50,250,2026-04-02,In Stock
W008,Sydney,P06493,426,1,419,30,150,2026-06-10,In Stock
W006,Berlin,P06494,440,35,420,20,100,2026-06-28,In Stock
W001,New York,P06495,598,12,593,30,150,2026-04-04,In Stock
W003,Dallas,P06496,79,33,71,75,375,2026-03-17,In Stock
W001,New York,P06497,616,7,614,100,500,2026-04-17,In Stock
W004,Los Angeles,P06498,114,19,81,50,250,2026-05-23,In Stock
W008,Sydney,P06499,445,22,417,100,500,2026-03-24,In Stock
W008,Sydney,P06500,915,37,882,30,150,2026-02-28,In Stock
W003,Dallas,P06501,554,40,534,50,250,2026-05-29,In Stock
W002,Chicago,P06502,767,34,757,20,100,2026-04-27,In Stock
W003,Dallas,P06503,384,8,357,100,500,2026-03-01,In Stock
W005,London,P06504,269,22,263,100,500,2026-04-25,In Stock
W006,Berlin,P06505,378,23,349,50,250,2026-04-02,In Stock
W007,Milan,P06506,1081,5,1060,100,500,2026-03-05,In Stock
W006,Berlin,P06507,84,3,52,30,150,2026-06-13,In Stock
W007,Milan,P06508,672,16,640,50,250,2026-05-01,In Stock
W007,Milan,P06509,211,0,193,50,250,2026-04-24,In Stock
W005,London,P06510,1198,20,1197,20,100,2026-04-24,In Stock
W003,Dallas,P06511,522,26,504,50,250,2026-06-23,In Stock
W004,Los Angeles,P06512,680,28,654,20,100,2026-04-13,In Stock
W006,Berlin,P06513,709,38,696,50,250,2026-05-12,In Stock
W006,Berlin,P06514,1041,4,1038,100,500,2026-04-25,In Stock
W003,Dallas,P06515,312,28,291,75,375,2026-05-21,In Stock
W008,Sydney,P06516,925,31,908,75,375,2026-05-12,In Stock
W003,Dallas,P06517,757,7,749,50,250,2026-06-01,In Stock
W008,Sydney,P06518,303,37,288,50,250,2026-04-28,In Stock
W008,Sydney,P06519,78,31,75,20,100,2026-03-30,In Stock
W005,London,P06520,677,38,659,50,250,2026-04-19,In Stock
W005,London,P06521,1165,29,1149,75,375,2026-03-02,In Stock
W002,Chicago,P06522,893,8,881,75,375,2026-04-03,In Stock
W006,Berlin,P06523,863,7,854,75,375,2026-05-17,In Stock
W006,Berlin,P06524,1200,21,1199,30,150,2026-03-01,In Stock
W003,Dallas,P06525,922,28,906,75,375,2026-04-10,In Stock
W001,New York,P06526,769,7,760,50,250,2026-03-04,In Stock
W003,Dallas,P06527,1005,30,980,30,150,2026-05-13,In Stock
W004,Los Angeles,P06528,128,23,121,50,250,2026-04-01,In Stock
W004,Los Angeles,P06529,565,31,525,20,100,2026-03-16,In Stock
W001,New York,P06530,114,18,91,50,250,2026-05-16,In Stock
W004,Los Angeles,P06531,593,22,554,50,250,2026-05-16,In Stock
W006,Berlin,P06532,891,7,864,30,150,2026-04-18,In Stock
W004,Los Angeles,P06533,416,30,390,50,250,2026-05-06,In Stock
W001,New York,P06534,1147,22,1147,100,500,2026-05-21,In Stock
W002,Chicago,P06535,61,26,58,100,500,2026-05-22,Low Stock
W004,Los Angeles,P06536,162,5,139,75,375,2026-03-04,In Stock
W006,Berlin,P06537,965,20,955,100,500,2026-06-17,In Stock
W008,Sydney,P06538,1194,14,1169,30,150,2026-04-18,In Stock
W007,Milan,P06539,94,15,90,100,500,2026-04-04,Low Stock
W007,Milan,P06540,73,36,40,100,500,2026-04-25,Low Stock
W006,Berlin,P06541,50,2,27,20,100,2026-05-12,In Stock
W004,Los Angeles,P06542,160,6,137,20,100,2026-03-13,In Stock
W004,Los Angeles,P06543,354,10,329,20,100,2026-05-23,In Stock
W001,New York,P06544,67,12,52,100,500,2026-03-30,Low Stock
W004,Los Angeles,P06545,1168,15,1137,75,375,2026-04-14,In Stock
W001,New York,P06546,378,15,344,20,100,2026-04-18,In Stock
W008,Sydney,P06547,1062,4,1027,30,150,2026-04-21,In Stock
W004,Los Angeles,P06548,1081,18,1053,50,250,2026-04-23,In Stock
W002,Chicago,P06549,844,27,819,75,375,2026-05-28,In Stock
W005,London,P06550,276,34,262,20,100,2026-05-21,In Stock
W002,Chicago,P06551,380,11,355,50,250,2026-05-04,In Stock
W005,London,P06552,984,9,958,50,250,2026-05-20,In Stock
W005,London,P06553,61,29,26,50,250,2026-06-04,In Stock
W003,Dallas,P06554,1013,27,987,100,500,2026-05-29,In Stock
W008,Sydney,P06555,670,5,635,100,500,2026-04-29,In Stock
W008,Sydney,P06556,619,39,583,50,250,2026-06-07,In Stock
W005,London,P06557,794,28,789,100,500,2026-05-20,In Stock
W005,London,P06558,786,13,750,100,500,2026-04-11,In Stock
W006,Berlin,P06559,510,20,489,20,100,2026-03-17,In Stock
W007,Milan,P06560,826,9,814,50,250,2026-04-11,In Stock
W005,London,P06561,20,20,0,30,150,2026-03-19,Low Stock
W001,New York,P06562,1137,24,1120,100,500,2026-03-22,In Stock
W007,Milan,P06563,799,33,795,75,375,2026-03-06,In Stock
W002,Chicago,P06564,1101,8,1065,30,150,2026-03-20,In Stock
W003,Dallas,P06565,497,17,473,30,150,2026-04-18,In Stock
W008,Sydney,P06566,281,3,267,30,150,2026-04-30,In Stock
W004,Los Angeles,P06567,471,35,454,75,375,2026-06-22,In Stock
W007,Milan,P06568,131,32,105,30,150,2026-04-27,In Stock
W005,London,P06569,1066,31,1034,50,250,2026-05-28,In Stock
W001,New York,P06570,543,20,506,50,250,2026-05-10,In Stock
W006,Berlin,P06571,920,23,891,75,375,2026-04-25,In Stock
W007,Milan,P06572,1150,3,1128,20,100,2026-05-16,In Stock
W002,Chicago,P06573,269,40,239,75,375,2026-04-06,In Stock
W007,Milan,P06574,534,38,518,50,250,2026-06-01,In Stock
W007,Milan,P06575,459,29,457,30,150,2026-05-12,In Stock
W007,Milan,P06576,219,27,197,50,250,2026-06-04,In Stock
W005,London,P06577,518,2,515,30,150,2026-05-22,In Stock
W003,Dallas,P06578,179,27,151,100,500,2026-05-27,In Stock
W008,Sydney,P06579,204,8,201,50,250,2026-05-28,In Stock
W006,Berlin,P06580,169,5,133,100,500,2026-04-22,In Stock
W006,Berlin,P06581,44,26,21,50,250,2026-04-09,Low Stock
W002,Chicago,P06582,482,20,447,30,150,2026-05-19,In Stock
W001,New York,P06583,1112,40,1096,20,100,2026-06-04,In Stock
W003,Dallas,P06584,380,32,350,100,500,2026-03-05,In Stock
W007,Milan,P06585,841,11,810,30,150,2026-04-04,In Stock
W001,New York,P06586,571,13,558,30,150,2026-04-19,In Stock
W002,Chicago,P06587,3,0,0,75,375,2026-04-11,Low Stock
W002,Chicago,P06588,1005,2,982,20,100,2026-06-09,In Stock
W003,Dallas,P06589,166,17,144,100,500,2026-05-01,In Stock
W005,London,P06590,1188,23,1149,75,375,2026-04-13,In Stock
W001,New York,P06591,683,30,682,30,150,2026-03-30,In Stock
W003,Dallas,P06592,719,39,692,100,500,2026-06-16,In Stock
W002,Chicago,P06593,593,20,561,30,150,2026-03-15,In Stock
W004,Los Angeles,P06594,91,0,51,50,250,2026-04-28,In Stock
W008,Sydney,P06595,750,14,748,20,100,2026-05-05,In Stock
W002,Chicago,P06596,22,4,14,100,500,2026-06-15,Low Stock
W007,Milan,P06597,1125,29,1107,100,500,2026-05-16,In Stock
W004,Los Angeles,P06598,941,18,913,20,100,2026-05-29,In Stock
W003,Dallas,P06599,89,15,84,50,250,2026-04-11,In Stock
W003,Dallas,P06600,908,15,903,50,250,2026-06-06,In Stock
W007,Milan,P06601,870,22,845,75,375,2026-03-11,In Stock
W001,New York,P06602,359,12,334,30,150,2026-06-17,In Stock
W007,Milan,P06603,728,32,727,50,250,2026-05-06,In Stock
W003,Dallas,P06604,513,20,492,75,375,2026-05-16,In Stock
W003,Dallas,P06605,862,8,859,75,375,2026-04-03,In Stock
W004,Los Angeles,P06606,829,3,820,75,375,2026-05-01,In Stock
W006,Berlin,P06607,230,0,208,20,100,2026-03-05,In Stock
W007,Milan,P06608,1126,2,1099,75,375,2026-04-15,In Stock
W001,New York,P06609,653,4,649,75,375,2026-06-06,In Stock
W002,Chicago,P06610,1070,24,1041,20,100,2026-03-09,In Stock
W004,Los Angeles,P06611,369,23,357,30,150,2026-04-16,In Stock
W004,Los Angeles,P06612,473,40,450,20,100,2026-05-25,In Stock
W005,London,P06613,1193,5,1167,50,250,2026-05-17,In Stock
W008,Sydney,P06614,114,37,96,75,375,2026-06-04,In Stock
W003,Dallas,P06615,221,14,219,100,500,2026-06-10,In Stock
W005,London,P06616,361,16,335,75,375,2026-03-25,In Stock
W006,Berlin,P06617,677,36,676,20,100,2026-06-10,In Stock
W001,New York,P06618,623,4,603,20,100,2026-03-30,In Stock
W005,London,P06619,1114,2,1094,100,500,2026-06-16,In Stock
W001,New York,P06620,453,18,428,30,150,2026-03-21,In Stock
W006,Berlin,P06621,507,26,495,30,150,2026-03-23,In Stock
W004,Los Angeles,P06622,13,7,0,50,250,2026-03-31,Low Stock
W005,London,P06623,396,3,396,75,375,2026-04-16,In Stock
W005,London,P06624,244,16,230,75,375,2026-05-02,In Stock
W008,Sydney,P06625,67,6,38,30,150,2026-06-27,In Stock
W005,London,P06626,902,7,891,20,100,2026-05-16,In Stock
W003,Dallas,P06627,1130,13,1090,30,150,2026-03-16,In Stock
W008,Sydney,P06628,189,34,166,75,375,2026-05-11,In Stock
W002,Chicago,P06629,929,38,901,75,375,2026-05-12,In Stock
W001,New York,P06630,726,6,695,100,500,2026-03-26,In Stock
W004,Los Angeles,P06631,1152,1,1148,30,150,2026-06-21,In Stock
W006,Berlin,P06632,743,5,719,100,500,2026-04-12,In Stock
W004,Los Angeles,P06633,506,31,469,20,100,2026-06-01,In Stock
W007,Milan,P06634,588,1,555,75,375,2026-04-12,In Stock
W005,London,P06635,614,24,592,20,100,2026-03-30,In Stock
W005,London,P06636,726,21,690,30,150,2026-06-03,In Stock
W006,Berlin,P06637,956,31,932,20,100,2026-03-10,In Stock
W006,Berlin,P06638,13,4,0,100,500,2026-06-05,Low Stock
W001,New York,P06639,960,20,933,100,500,2026-06-10,In Stock
W003,Dallas,P06640,921,37,911,20,100,2026-05-07,In Stock
W001,New York,P06641,263,4,256,75,375,2026-04-18,In Stock
W007,Milan,P06642,1049,7,1048,20,100,2026-04-12,In Stock
W004,Los Angeles,P06643,892,37,888,20,100,2026-04-14,In Stock
W005,London,P06644,1170,35,1166,20,100,2026-04-06,In Stock
W008,Sydney,P06645,100,12,92,20,100,2026-04-26,In Stock
W007,Milan,P06646,344,1,322,100,500,2026-03-02,In Stock
W008,Sydney,P06647,952,31,949,75,375,2026-06-18,In Stock
W005,London,P06648,950,24,918,30,150,2026-06-12,In Stock
W002,Chicago,P06649,215,21,188,100,500,2026-04-07,In Stock
W007,Milan,P06650,626,1,595,75,375,2026-05-02,In Stock
W004,Los Angeles,P06651,651,23,627,100,500,2026-03-31,In Stock
W002,Chicago,P06652,342,2,320,30,150,2026-03-10,In Stock
W002,Chicago,P06653,419,25,404,50,250,2026-03-11,In Stock
W008,Sydney,P06654,578,39,567,100,500,2026-05-14,In Stock
W001,New York,P06655,99,22,93,75,375,2026-05-05,In Stock
W008,Sydney,P06656,544,26,504,100,500,2026-04-29,In Stock
W004,Los Angeles,P06657,743,7,708,100,500,2026-06-12,In Stock
W002,Chicago,P06658,1003,16,971,75,375,2026-05-02,In Stock
W005,London,P06659,1022,38,1007,75,375,2026-05-12,In Stock
W006,Berlin,P06660,1126,13,1092,50,250,2026-05-29,In Stock
W006,Berlin,P06661,791,37,754,100,500,2026-04-29,In Stock
W002,Chicago,P06662,363,9,361,50,250,2026-03-13,In Stock
W002,Chicago,P06663,409,24,393,20,100,2026-05-05,In Stock
W002,Chicago,P06664,304,31,297,75,375,2026-04-16,In Stock
W002,Chicago,P06665,1164,37,1128,75,375,2026-06-04,In Stock
W004,Los Angeles,P06666,756,2,743,30,150,2026-04-09,In Stock
W002,Chicago,P06667,502,30,467,100,500,2026-06-01,In Stock
W001,New York,P06668,657,33,649,75,375,2026-04-24,In Stock
W008,Sydney,P06669,765,15,744,30,150,2026-03-13,In Stock
W006,Berlin,P06670,364,10,361,75,375,2026-06-11,In Stock
W005,London,P06671,1124,16,1094,75,375,2026-04-25,In Stock
W002,Chicago,P06672,232,35,222,30,150,2026-05-08,In Stock
W004,Los Angeles,P06673,594,7,566,50,250,2026-05-30,In Stock
W003,Dallas,P06674,261,37,247,30,150,2026-06-18,In Stock
W008,Sydney,P06675,942,27,921,100,500,2026-03-05,In Stock
W001,New York,P06676,500,17,472,100,500,2026-05-12,In Stock
W001,New York,P06677,647,30,616,50,250,2026-03-28,In Stock
W008,Sydney,P06678,1152,29,1133,20,100,2026-06-02,In Stock
W002,Chicago,P06679,257,13,238,50,250,2026-04-07,In Stock
W006,Berlin,P06680,422,15,390,50,250,2026-03-02,In Stock
W002,Chicago,P06681,140,31,118,50,250,2026-06-24,In Stock
W003,Dallas,P06682,940,3,901,30,150,2026-05-25,In Stock
W001,New York,P06683,385,37,362,75,375,2026-05-02,In Stock
W006,Berlin,P06684,855,39,839,30,150,2026-06-03,In Stock
W004,Los Angeles,P06685,1180,26,1146,20,100,2026-05-11,In Stock
W008,Sydney,P06686,9,8,0,100,500,2026-05-18,Low Stock
W001,New York,P06687,818,17,804,100,500,2026-03-21,In Stock
W005,London,P06688,544,3,540,20,100,2026-06-26,In Stock
W005,London,P06689,298,37,268,75,375,2026-05-26,In Stock
W004,Los Angeles,P06690,714,37,705,50,250,2026-06-14,In Stock
W001,New York,P06691,218,4,186,100,500,2026-04-20,In Stock
W007,Milan,P06692,232,9,192,30,150,2026-04-14,In Stock
W004,Los Angeles,P06693,757,20,744,75,375,2026-04-22,In Stock
W005,London,P06694,1029,6,1024,20,100,2026-05-18,In Stock
W008,Sydney,P06695,76,19,47,30,150,2026-05-12,In Stock
W007,Milan,P06696,108,26,90,20,100,2026-03-13,In Stock
W003,Dallas,P06697,787,19,766,30,150,2026-03-04,In Stock
W006,Berlin,P06698,581,10,581,75,375,2026-03-04,In Stock
W003,Dallas,P06699,252,21,236,30,150,2026-03-19,In Stock
W007,Milan,P06700,347,15,311,30,150,2026-05-23,In Stock
W001,New York,P06701,1003,28,988,20,100,2026-04-04,In Stock
W005,London,P06702,469,24,445,50,250,2026-03-04,In Stock
W001,New York,P06703,697,30,694,50,250,2026-03-28,In Stock
W001,New York,P06704,854,15,818,20,100,2026-04-22,In Stock
W002,Chicago,P06705,105,36,83,75,375,2026-06-15,In Stock
W007,Milan,P06706,388,8,384,50,250,2026-05-26,In Stock
W002,Chicago,P06707,363,10,353,20,100,2026-05-22,In Stock
W002,Chicago,P06708,998,25,994,50,250,2026-05-10,In Stock
W001,New York,P06709,691,16,686,75,375,2026-04-22,In Stock
W006,Berlin,P06710,552,12,539,20,100,2026-04-03,In Stock
W004,Los Angeles,P06711,890,23,890,75,375,2026-06-11,In Stock
W006,Berlin,P06712,137,27,117,50,250,2026-04-19,In Stock
W002,Chicago,P06713,899,6,876,100,500,2026-03-27,In Stock
W008,Sydney,P06714,1123,36,1120,30,150,2026-03-30,In Stock
W006,Berlin,P06715,363,37,352,50,250,2026-06-07,In Stock
W002,Chicago,P06716,1197,6,1179,20,100,2026-06-08,In Stock
W005,London,P06717,1031,18,1024,20,100,2026-05-23,In Stock
W001,New York,P06718,172,32,149,30,150,2026-04-01,In Stock
W007,Milan,P06719,1182,12,1145,100,500,2026-06-13,In Stock
W005,London,P06720,344,20,335,75,375,2026-06-28,In Stock
W002,Chicago,P06721,332,6,304,20,100,2026-05-21,In Stock
W001,New York,P06722,311,39,279,20,100,2026-04-07,In Stock
W005,London,P06723,629,39,597,75,375,2026-04-24,In Stock
W007,Milan,P06724,825,39,806,50,250,2026-04-20,In Stock
W002,Chicago,P06725,1110,29,1099,30,150,2026-02-28,In Stock
W002,Chicago,P06726,506,29,486,75,375,2026-04-12,In Stock
W002,Chicago,P06727,852,17,812,50,250,2026-04-16,In Stock
W002,Chicago,P06728,641,9,634,30,150,2026-04-18,In Stock
W001,New York,P06729,194,12,191,20,100,2026-04-23,In Stock
W006,Berlin,P06730,281,6,259,30,150,2026-05-08,In Stock
W003,Dallas,P06731,482,11,448,50,250,2026-05-27,In Stock
W001,New York,P06732,256,16,231,30,150,2026-06-06,In Stock
W007,Milan,P06733,976,40,961,20,100,2026-03-21,In Stock
W003,Dallas,P06734,20,10,5,30,150,2026-03-01,Low Stock
W005,London,P06735,325,34,298,30,150,2026-05-03,In Stock
W001,New York,P06736,917,24,916,75,375,2026-05-20,In Stock
W003,Dallas,P06737,405,34,374,100,500,2026-04-08,In Stock
W007,Milan,P06738,809,19,806,75,375,2026-04-20,In Stock
W008,Sydney,P06739,996,4,994,30,150,2026-05-02,In Stock
W006,Berlin,P06740,365,3,364,50,250,2026-05-29,In Stock
W004,Los Angeles,P06741,73,4,72,50,250,2026-04-01,In Stock
W008,Sydney,P06742,296,29,288,50,250,2026-05-15,In Stock
W005,London,P06743,374,22,356,75,375,2026-03-07,In Stock
W002,Chicago,P06744,894,37,881,100,500,2026-04-14,In Stock
W003,Dallas,P06745,994,14,957,75,375,2026-04-19,In Stock
W006,Berlin,P06746,379,35,373,30,150,2026-03-17,In Stock
W003,Dallas,P06747,1047,12,1023,100,500,2026-04-07,In Stock
W004,Los Angeles,P06748,340,35,313,75,375,2026-04-23,In Stock
W001,New York,P06749,979,17,968,20,100,2026-04-06,In Stock
W004,Los Angeles,P06750,721,14,716,75,375,2026-04-23,In Stock
W006,Berlin,P06751,1185,4,1180,30,150,2026-03-28,In Stock
W007,Milan,P06752,1184,11,1179,100,500,2026-04-06,In Stock
W004,Los Angeles,P06753,652,19,623,30,150,2026-03-28,In Stock
W001,New York,P06754,708,30,708,20,100,2026-04-26,In Stock
W008,Sydney,P06755,767,35,732,20,100,2026-03-03,In Stock
W005,London,P06756,1159,36,1120,50,250,2026-04-11,In Stock
W007,Milan,P06757,405,29,381,50,250,2026-04-25,In Stock
W007,Milan,P06758,849,4,834,30,150,2026-04-20,In Stock
W001,New York,P06759,666,22,662,100,500,2026-04-11,In Stock
W005,London,P06760,1131,22,1114,50,250,2026-03-25,In Stock
W003,Dallas,P06761,333,37,312,50,250,2026-05-16,In Stock
W002,Chicago,P06762,401,2,381,30,150,2026-04-11,In Stock
W002,Chicago,P06763,718,6,681,50,250,2026-05-07,In Stock
W004,Los Angeles,P06764,725,6,724,20,100,2026-04-13,In Stock
W007,Milan,P06765,1019,21,1013,50,250,2026-04-03,In Stock
W004,Los Angeles,P06766,878,25,856,30,150,2026-03-27,In Stock
W001,New York,P06767,686,16,682,20,100,2026-04-27,In Stock
W004,Los Angeles,P06768,1017,9,1002,30,150,2026-05-26,In Stock
W003,Dallas,P06769,859,32,830,75,375,2026-03-09,In Stock
W001,New York,P06770,406,13,366,30,150,2026-03-15,In Stock
W002,Chicago,P06771,286,5,258,100,500,2026-06-20,In Stock
W004,Los Angeles,P06772,723,28,703,50,250,2026-03-08,In Stock
W003,Dallas,P06773,245,10,217,20,100,2026-03-25,In Stock
W006,Berlin,P06774,1190,15,1159,75,375,2026-03-06,In Stock
W004,Los Angeles,P06775,144,19,106,20,100,2026-03-13,In Stock
W004,Los Angeles,P06776,488,1,454,20,100,2026-04-25,In Stock
W007,Milan,P06777,331,3,304,30,150,2026-03-27,In Stock
W006,Berlin,P06778,1190,1,1189,50,250,2026-05-29,In Stock
W002,Chicago,P06779,1043,15,1017,20,100,2026-05-21,In Stock
W006,Berlin,P06780,189,2,181,20,100,2026-06-20,In Stock
W003,Dallas,P06781,623,16,622,20,100,2026-04-20,In Stock
W002,Chicago,P06782,916,8,883,20,100,2026-05-26,In Stock
W007,Milan,P06783,128,40,93,75,375,2026-04-29,In Stock
W008,Sydney,P06784,392,4,374,30,150,2026-04-17,In Stock
W008,Sydney,P06785,22,21,14,30,150,2026-06-26,Low Stock
W005,London,P06786,384,31,368,50,250,2026-06-01,In Stock
W004,Los Angeles,P06787,628,8,622,50,250,2026-06-23,In Stock
W007,Milan,P06788,739,2,738,20,100,2026-05-22,In Stock
W007,Milan,P06789,3,0,0,20,100,2026-05-22,Low Stock
W002,Chicago,P06790,408,15,387,20,100,2026-05-13,In Stock
W006,Berlin,P06791,932,19,924,100,500,2026-06-22,In Stock
W008,Sydney,P06792,300,14,262,30,150,2026-05-14,In Stock
W007,Milan,P06793,950,5,919,30,150,2026-05-11,In Stock
W002,Chicago,P06794,1070,35,1033,100,500,2026-04-19,In Stock
W008,Sydney,P06795,1134,31,1107,75,375,2026-04-29,In Stock
W008,Sydney,P06796,759,13,727,20,100,2026-04-28,In Stock
W008,Sydney,P06797,156,13,118,30,150,2026-04-21,In Stock
W002,Chicago,P06798,1091,14,1052,100,500,2026-05-01,In Stock
W003,Dallas,P06799,85,32,55,50,250,2026-05-31,In Stock
W001,New York,P06800,563,7,526,50,250,2026-05-27,In Stock
W006,Berlin,P06801,699,26,667,100,500,2026-03-17,In Stock
W002,Chicago,P06802,934,17,927,30,150,2026-04-21,In Stock
W001,New York,P06803,1021,25,1002,100,500,2026-03-27,In Stock
W001,New York,P06804,507,22,476,20,100,2026-03-17,In Stock
W006,Berlin,P06805,1044,39,1032,50,250,2026-03-04,In Stock
W002,Chicago,P06806,1104,15,1079,50,250,2026-03-28,In Stock
W003,Dallas,P06807,67,17,48,50,250,2026-04-13,In Stock
W004,Los Angeles,P06808,482,11,454,100,500,2026-06-18,In Stock
W006,Berlin,P06809,515,26,501,20,100,2026-04-23,In Stock
W006,Berlin,P06810,861,0,853,75,375,2026-06-22,In Stock
W008,Sydney,P06811,152,12,123,50,250,2026-04-18,In Stock
W005,London,P06812,380,22,358,20,100,2026-04-02,In Stock
W006,Berlin,P06813,689,20,672,30,150,2026-05-23,In Stock
W001,New York,P06814,921,37,895,100,500,2026-05-01,In Stock
W008,Sydney,P06815,1030,34,993,100,500,2026-03-02,In Stock
W003,Dallas,P06816,277,2,275,20,100,2026-05-01,In Stock
W003,Dallas,P06817,18,0,0,50,250,2026-05-20,Low Stock
W008,Sydney,P06818,139,11,121,20,100,2026-05-08,In Stock
W002,Chicago,P06819,908,31,874,50,250,2026-04-01,In Stock
W001,New York,P06820,572,1,553,20,100,2026-04-19,In Stock
W007,Milan,P06821,837,5,804,75,375,2026-05-06,In Stock
W005,London,P06822,559,27,551,30,150,2026-03-22,In Stock
W005,London,P06823,615,3,599,75,375,2026-04-17,In Stock
W007,Milan,P06824,962,7,961,20,100,2026-06-13,In Stock
W008,Sydney,P06825,954,14,939,20,100,2026-06-08,In Stock
W006,Berlin,P06826,948,18,930,20,100,2026-05-31,In Stock
W001,New York,P06827,949,8,930,30,150,2026-03-13,In Stock
W007,Milan,P06828,866,36,827,100,500,2026-03-09,In Stock
W008,Sydney,P06829,525,3,512,100,500,2026-04-08,In Stock
W001,New York,P06830,534,32,528,30,150,2026-03-18,In Stock
W008,Sydney,P06831,905,38,873,100,500,2026-03-01,In Stock
W003,Dallas,P06832,534,36,524,75,375,2026-05-23,In Stock
W008,Sydney,P06833,45,33,38,50,250,2026-06-15,Low Stock
W004,Los Angeles,P06834,121,32,94,20,100,2026-03-22,In Stock
W005,London,P06835,501,15,496,30,150,2026-03-16,In Stock
W005,London,P06836,731,23,725,75,375,2026-04-24,In Stock
W002,Chicago,P06837,340,23,302,75,375,2026-06-18,In Stock
W008,Sydney,P06838,116,15,99,20,100,2026-05-29,In Stock
W008,Sydney,P06839,554,9,532,30,150,2026-03-07,In Stock
W007,Milan,P06840,960,1,939,50,250,2026-06-02,In Stock
W007,Milan,P06841,282,5,273,50,250,2026-06-02,In Stock
W002,Chicago,P06842,149,16,143,50,250,2026-04-08,In Stock
W002,Chicago,P06843,232,1,192,100,500,2026-06-11,In Stock
W001,New York,P06844,776,31,770,20,100,2026-05-28,In Stock
W007,Milan,P06845,1194,3,1192,30,150,2026-05-13,In Stock
W003,Dallas,P06846,361,19,345,20,100,2026-06-08,In Stock
W007,Milan,P06847,896,23,884,30,150,2026-04-18,In Stock
W005,London,P06848,278,27,271,50,250,2026-06-13,In Stock
W007,Milan,P06849,222,39,186,50,250,2026-03-29,In Stock
W005,London,P06850,553,26,548,30,150,2026-04-21,In Stock
W005,London,P06851,674,13,646,50,250,2026-03-23,In Stock
W006,Berlin,P06852,1096,25,1063,30,150,2026-06-12,In Stock
W006,Berlin,P06853,122,6,105,100,500,2026-03-12,In Stock
W005,London,P06854,64,12,56,30,150,2026-06-04,In Stock
W006,Berlin,P06855,1136,37,1122,50,250,2026-03-15,In Stock
W006,Berlin,P06856,1046,13,1006,20,100,2026-05-17,In Stock
W003,Dallas,P06857,1040,1,1019,100,500,2026-06-25,In Stock
W008,Sydney,P06858,647,31,615,20,100,2026-06-17,In Stock
W008,Sydney,P06859,433,16,415,50,250,2026-03-04,In Stock
W003,Dallas,P06860,733,17,703,30,150,2026-04-26,In Stock
W008,Sydney,P06861,988,18,971,50,250,2026-04-17,In Stock
W007,Milan,P06862,541,15,539,100,500,2026-05-20,In Stock
W007,Milan,P06863,578,3,551,20,100,2026-06-27,In Stock
W007,Milan,P06864,1163,32,1155,100,500,2026-05-10,In Stock
W005,London,P06865,1118,8,1089,75,375,2026-05-13,In Stock
W006,Berlin,P06866,425,29,388,75,375,2026-05-30,In Stock
W006,Berlin,P06867,594,1,557,75,375,2026-06-16,In Stock
W003,Dallas,P06868,248,16,247,20,100,2026-04-30,In Stock
W003,Dallas,P06869,738,22,726,50,250,2026-04-12,In Stock
W007,Milan,P06870,89,27,86,20,100,2026-04-16,In Stock
W004,Los Angeles,P06871,289,29,288,50,250,2026-05-03,In Stock
W003,Dallas,P06872,813,23,807,30,150,2026-03-30,In Stock
W008,Sydney,P06873,607,7,582,30,150,2026-03-21,In Stock
W001,New York,P06874,445,23,442,30,150,2026-04-06,In Stock
W004,Los Angeles,P06875,1197,15,1157,50,250,2026-04-13,In Stock
W005,London,P06876,547,29,512,30,150,2026-04-16,In Stock
W006,Berlin,P06877,318,27,313,30,150,2026-03-20,In Stock
W008,Sydney,P06878,541,26,525,100,500,2026-05-16,In Stock
W005,London,P06879,725,22,696,100,500,2026-03-27,In Stock
W002,Chicago,P06880,354,12,348,75,375,2026-04-26,In Stock
W005,London,P06881,294,6,261,75,375,2026-05-30,In Stock
W003,Dallas,P06882,297,1,287,50,250,2026-06-01,In Stock
W004,Los Angeles,P06883,807,30,783,30,150,2026-06-15,In Stock
W008,Sydney,P06884,836,1,819,50,250,2026-06-23,In Stock
W005,London,P06885,797,23,791,50,250,2026-06-18,In Stock
W003,Dallas,P06886,1131,14,1099,75,375,2026-06-18,In Stock
W002,Chicago,P06887,32,0,24,50,250,2026-03-30,Low Stock
W003,Dallas,P06888,1089,10,1087,100,500,2026-04-28,In Stock
W005,London,P06889,693,22,683,100,500,2026-03-19,In Stock
W003,Dallas,P06890,905,31,875,75,375,2026-03-19,In Stock
W005,London,P06891,373,39,360,30,150,2026-05-19,In Stock
W005,London,P06892,444,40,415,30,150,2026-06-04,In Stock
W003,Dallas,P06893,902,13,864,100,500,2026-05-06,In Stock
W003,Dallas,P06894,163,7,161,50,250,2026-06-27,In Stock
W003,Dallas,P06895,776,31,748,20,100,2026-03-24,In Stock
W003,Dallas,P06896,138,12,98,50,250,2026-04-09,In Stock
W005,London,P06897,1068,36,1044,75,375,2026-03-19,In Stock
W006,Berlin,P06898,443,4,420,75,375,2026-03-05,In Stock
W006,Berlin,P06899,975,7,974,30,150,2026-05-14,In Stock
W003,Dallas,P06900,8,8,0,100,500,2026-06-20,Low Stock
W008,Sydney,P06901,454,36,431,20,100,2026-06-22,In Stock
W008,Sydney,P06902,429,29,401,30,150,2026-03-12,In Stock
W004,Los Angeles,P06903,215,39,185,30,150,2026-06-04,In Stock
W005,London,P06904,175,33,154,50,250,2026-06-22,In Stock
W003,Dallas,P06905,929,38,889,50,250,2026-03-14,In Stock
W001,New York,P06906,1076,26,1042,30,150,2026-03-29,In Stock
W001,New York,P06907,0,0,0,100,500,2026-06-09,Low Stock
W003,Dallas,P06908,56,40,26,100,500,2026-06-18,Low Stock
W003,Dallas,P06909,248,37,231,100,500,2026-05-15,In Stock
W003,Dallas,P06910,502,20,466,100,500,2026-05-07,In Stock
W001,New York,P06911,269,13,265,30,150,2026-03-16,In Stock
W006,Berlin,P06912,1056,22,1049,75,375,2026-05-01,In Stock
W006,Berlin,P06913,912,1,900,100,500,2026-06-07,In Stock
W004,Los Angeles,P06914,28,16,0,100,500,2026-06-21,Low Stock
W007,Milan,P06915,6,2,2,100,500,2026-04-30,Low Stock
W006,Berlin,P06916,24,23,7,30,150,2026-06-13,Low Stock
W004,Los Angeles,P06917,49,28,17,20,100,2026-04-09,In Stock
W007,Milan,P06918,1010,33,979,50,250,2026-05-18,In Stock
W006,Berlin,P06919,1108,0,1071,50,250,2026-05-16,In Stock
W002,Chicago,P06920,621,2,603,50,250,2026-04-10,In Stock
W008,Sydney,P06921,360,25,334,30,150,2026-04-10,In Stock
W005,London,P06922,805,28,794,30,150,2026-04-25,In Stock
W007,Milan,P06923,694,34,687,20,100,2026-05-23,In Stock
W003,Dallas,P06924,80,14,45,50,250,2026-05-25,In Stock
W006,Berlin,P06925,94,25,85,50,250,2026-06-15,In Stock
W008,Sydney,P06926,790,12,772,50,250,2026-04-12,In Stock
W004,Los Angeles,P06927,1175,6,1148,50,250,2026-03-20,In Stock
W007,Milan,P06928,919,2,891,50,250,2026-04-18,In Stock
W007,Milan,P06929,1154,23,1120,100,500,2026-05-19,In Stock
W008,Sydney,P06930,554,4,549,100,500,2026-06-22,In Stock
W007,Milan,P06931,894,9,867,75,375,2026-05-22,In Stock
W002,Chicago,P06932,1032,39,1017,75,375,2026-04-06,In Stock
W008,Sydney,P06933,1101,20,1088,100,500,2026-05-01,In Stock
W008,Sydney,P06934,107,10,90,20,100,2026-04-16,In Stock
W004,Los Angeles,P06935,224,17,202,75,375,2026-04-03,In Stock
W003,Dallas,P06936,529,28,495,30,150,2026-06-27,In Stock
W005,London,P06937,901,18,899,20,100,2026-04-28,In Stock
W004,Los Angeles,P06938,796,4,764,50,250,2026-03-13,In Stock
W008,Sydney,P06939,764,37,753,75,375,2026-05-04,In Stock
W003,Dallas,P06940,102,10,72,30,150,2026-06-02,In Stock
W006,Berlin,P06941,1016,9,993,20,100,2026-05-10,In Stock
W008,Sydney,P06942,378,9,363,20,100,2026-06-28,In Stock
W001,New York,P06943,1131,29,1099,50,250,2026-03-10,In Stock
W006,Berlin,P06944,235,14,226,50,250,2026-03-30,In Stock
W005,London,P06945,371,24,347,50,250,2026-06-26,In Stock
W001,New York,P06946,1188,0,1167,100,500,2026-03-03,In Stock
W008,Sydney,P06947,1101,26,1063,30,150,2026-06-23,In Stock
W004,Los Angeles,P06948,63,17,59,30,150,2026-03-15,In Stock
W004,Los Angeles,P06949,830,12,822,50,250,2026-04-14,In Stock
W006,Berlin,P06950,888,17,849,100,500,2026-03-07,In Stock
W008,Sydney,P06951,903,31,901,20,100,2026-05-05,In Stock
W001,New York,P06952,50,17,26,75,375,2026-06-16,Low Stock
W005,London,P06953,490,28,488,30,150,2026-06-22,In Stock
W005,London,P06954,162,19,144,75,375,2026-06-03,In Stock
W007,Milan,P06955,1146,5,1106,75,375,2026-03-15,In Stock
W007,Milan,P06956,488,29,461,100,500,2026-06-05,In Stock
W002,Chicago,P06957,732,31,713,75,375,2026-03-14,In Stock
W001,New York,P06958,665,23,633,50,250,2026-05-04,In Stock
W007,Milan,P06959,249,9,231,100,500,2026-03-23,In Stock
W008,Sydney,P06960,629,17,619,20,100,2026-04-27,In Stock
W006,Berlin,P06961,478,16,472,20,100,2026-03-28,In Stock
W008,Sydney,P06962,354,13,338,75,375,2026-04-02,In Stock
W003,Dallas,P06963,168,8,155,30,150,2026-03-29,In Stock
W004,Los Angeles,P06964,1180,33,1170,100,500,2026-06-13,In Stock
W006,Berlin,P06965,1153,0,1124,20,100,2026-03-31,In Stock
W002,Chicago,P06966,433,0,415,30,150,2026-03-29,In Stock
W005,London,P06967,1047,22,1021,50,250,2026-05-01,In Stock
W008,Sydney,P06968,145,17,138,50,250,2026-03-27,In Stock
W008,Sydney,P06969,777,0,759,75,375,2026-05-19,In Stock
W007,Milan,P06970,1122,14,1086,100,500,2026-06-18,In Stock
W002,Chicago,P06971,823,23,795,50,250,2026-04-06,In Stock
W007,Milan,P06972,1006,25,983,75,375,2026-03-16,In Stock
W008,Sydney,P06973,886,25,870,75,375,2026-04-28,In Stock
W007,Milan,P06974,95,22,87,100,500,2026-06-27,Low Stock
W006,Berlin,P06975,286,27,267,100,500,2026-05-17,In Stock
W006,Berlin,P06976,378,31,355,20,100,2026-06-21,In Stock
W005,London,P06977,1173,34,1140,100,500,2026-04-26,In Stock
W003,Dallas,P06978,1143,31,1134,100,500,2026-04-30,In Stock
W006,Berlin,P06979,612,9,602,50,250,2026-06-28,In Stock
W007,Milan,P06980,157,23,155,100,500,2026-05-06,In Stock
W003,Dallas,P06981,1098,14,1065,75,375,2026-05-04,In Stock
W005,London,P06982,71,24,41,20,100,2026-06-11,In Stock
W005,London,P06983,849,12,812,75,375,2026-06-24,In Stock
W004,Los Angeles,P06984,332,16,317,20,100,2026-06-21,In Stock
W004,Los Angeles,P06985,182,12,146,100,500,2026-03-15,In Stock
W004,Los Angeles,P06986,495,5,489,20,100,2026-03-03,In Stock
W002,Chicago,P06987,1041,1,1016,50,250,2026-05-14,In Stock
W005,London,P06988,1027,20,1006,100,500,2026-04-23,In Stock
W008,Sydney,P06989,654,8,636,50,250,2026-05-14,In Stock
W003,Dallas,P06990,1166,6,1145,75,375,2026-06-19,In Stock
W005,London,P06991,394,38,365,75,375,2026-03-01,In Stock
W005,London,P06992,709,33,696,75,375,2026-05-19,In Stock
W002,Chicago,P06993,927,34,915,100,500,2026-04-06,In Stock
W008,Sydney,P06994,182,21,160,30,150,2026-05-09,In Stock
W007,Milan,P06995,884,13,850,30,150,2026-03-29,In Stock
W006,Berlin,P06996,1100,16,1096,75,375,2026-04-30,In Stock
W003,Dallas,P06997,669,2,662,75,375,2026-04-13,In Stock
W002,Chicago,P06998,885,16,858,30,150,2026-03-01,In Stock
W005,London,P06999,963,10,926,75,375,2026-06-03,In Stock
W007,Milan,P07000,1099,8,1072,50,250,2026-04-22,In Stock
W006,Berlin,P07001,239,37,210,75,375,2026-06-04,In Stock
W007,Milan,P07002,985,38,982,100,500,2026-06-17,In Stock
W001,New York,P07003,268,4,230,75,375,2026-03-23,In Stock
W001,New York,P07004,640,0,628,30,150,2026-04-20,In Stock
W008,Sydney,P07005,325,8,318,20,100,2026-03-21,In Stock
W006,Berlin,P07006,154,2,114,100,500,2026-05-24,In Stock
W006,Berlin,P07007,783,19,766,30,150,2026-05-06,In Stock
W003,Dallas,P07008,308,6,283,20,100,2026-05-16,In Stock
W007,Milan,P07009,835,40,820,30,150,2026-04-12,In Stock
W004,Los Angeles,P07010,722,33,713,20,100,2026-05-23,In Stock
W004,Los Angeles,P07011,269,8,249,75,375,2026-05-29,In Stock
W002,Chicago,P07012,566,15,563,20,100,2026-04-07,In Stock
W008,Sydney,P07013,642,38,609,50,250,2026-03-13,In Stock
W005,London,P07014,134,10,131,50,250,2026-06-10,In Stock
W005,London,P07015,1083,12,1061,50,250,2026-06-22,In Stock
W008,Sydney,P07016,573,0,535,50,250,2026-06-01,In Stock
W004,Los Angeles,P07017,377,3,340,100,500,2026-04-08,In Stock
W008,Sydney,P07018,50,16,33,30,150,2026-06-28,In Stock
W005,London,P07019,414,1,375,20,100,2026-06-27,In Stock
W008,Sydney,P07020,991,35,980,20,100,2026-05-29,In Stock
W006,Berlin,P07021,494,31,464,30,150,2026-04-09,In Stock
W004,Los Angeles,P07022,1002,22,981,75,375,2026-05-27,In Stock
W008,Sydney,P07023,814,28,806,20,100,2026-05-03,In Stock
W006,Berlin,P07024,974,21,954,30,150,2026-05-20,In Stock
W002,Chicago,P07025,590,6,579,75,375,2026-03-04,In Stock
W007,Milan,P07026,832,6,811,75,375,2026-03-06,In Stock
W004,Los Angeles,P07027,1188,36,1180,30,150,2026-04-12,In Stock
W005,London,P07028,367,3,359,75,375,2026-06-20,In Stock
W006,Berlin,P07029,120,13,104,20,100,2026-03-14,In Stock
W004,Los Angeles,P07030,511,3,484,100,500,2026-06-08,In Stock
W008,Sydney,P07031,1105,21,1073,100,500,2026-06-05,In Stock
W005,London,P07032,914,12,901,75,375,2026-03-30,In Stock
W002,Chicago,P07033,269,38,267,100,500,2026-05-31,In Stock
W008,Sydney,P07034,229,7,220,100,500,2026-05-03,In Stock
W006,Berlin,P07035,496,23,476,100,500,2026-04-30,In Stock
W002,Chicago,P07036,589,5,584,30,150,2026-05-06,In Stock
W003,Dallas,P07037,363,25,343,20,100,2026-04-13,In Stock
W002,Chicago,P07038,93,17,77,20,100,2026-06-04,In Stock
W007,Milan,P07039,514,25,497,30,150,2026-05-22,In Stock
W005,London,P07040,430,36,404,30,150,2026-04-14,In Stock
W002,Chicago,P07041,517,10,517,30,150,2026-04-09,In Stock
W001,New York,P07042,949,10,921,30,150,2026-05-09,In Stock
W004,Los Angeles,P07043,653,29,621,30,150,2026-06-22,In Stock
W008,Sydney,P07044,1116,30,1110,50,250,2026-06-21,In Stock
W004,Los Angeles,P07045,385,23,372,100,500,2026-06-23,In Stock
W001,New York,P07046,89,2,86,100,500,2026-04-04,Low Stock
W007,Milan,P07047,433,21,401,30,150,2026-03-27,In Stock
W007,Milan,P07048,974,21,956,75,375,2026-05-08,In Stock
W006,Berlin,P07049,1129,7,1099,75,375,2026-06-07,In Stock
W005,London,P07050,947,15,929,20,100,2026-05-24,In Stock
W007,Milan,P07051,443,11,425,30,150,2026-03-16,In Stock
W007,Milan,P07052,724,33,706,75,375,2026-02-28,In Stock
W002,Chicago,P07053,684,26,672,50,250,2026-05-17,In Stock
W002,Chicago,P07054,953,31,940,50,250,2026-05-19,In Stock
W002,Chicago,P07055,1054,6,1023,50,250,2026-05-09,In Stock
W007,Milan,P07056,735,23,698,100,500,2026-05-07,In Stock
W006,Berlin,P07057,843,2,803,20,100,2026-03-03,In Stock
W004,Los Angeles,P07058,448,20,439,75,375,2026-06-05,In Stock
W007,Milan,P07059,557,16,517,100,500,2026-06-11,In Stock
W002,Chicago,P07060,17,5,6,100,500,2026-03-07,Low Stock
W003,Dallas,P07061,667,16,646,20,100,2026-05-14,In Stock
W008,Sydney,P07062,754,29,746,30,150,2026-05-30,In Stock
W008,Sydney,P07063,812,2,795,75,375,2026-06-20,In Stock
W005,London,P07064,294,19,281,75,375,2026-06-21,In Stock
W003,Dallas,P07065,966,34,962,20,100,2026-05-31,In Stock
W008,Sydney,P07066,317,37,282,30,150,2026-06-10,In Stock
W002,Chicago,P07067,33,12,10,100,500,2026-04-08,Low Stock
W003,Dallas,P07068,637,38,628,30,150,2026-06-07,In Stock
W006,Berlin,P07069,67,19,31,20,100,2026-05-09,In Stock
W003,Dallas,P07070,1140,1,1111,50,250,2026-03-17,In Stock
W007,Milan,P07071,672,38,669,30,150,2026-03-03,In Stock
W008,Sydney,P07072,1102,18,1071,30,150,2026-05-08,In Stock
W008,Sydney,P07073,49,28,17,20,100,2026-06-09,In Stock
W005,London,P07074,621,27,596,75,375,2026-05-11,In Stock
W005,London,P07075,1150,27,1150,30,150,2026-04-02,In Stock
W005,London,P07076,430,26,398,100,500,2026-06-08,In Stock
W006,Berlin,P07077,33,20,12,100,500,2026-04-15,Low Stock
W003,Dallas,P07078,684,10,648,75,375,2026-04-28,In Stock
W003,Dallas,P07079,772,36,763,75,375,2026-06-02,In Stock
W003,Dallas,P07080,670,10,639,75,375,2026-05-28,In Stock
W005,London,P07081,845,38,835,100,500,2026-04-29,In Stock
W001,New York,P07082,553,11,541,75,375,2026-03-21,In Stock
W004,Los Angeles,P07083,518,27,492,50,250,2026-05-09,In Stock
W002,Chicago,P07084,94,6,75,50,250,2026-04-13,In Stock
W007,Milan,P07085,178,3,154,100,500,2026-03-09,In Stock
W007,Milan,P07086,345,35,321,100,500,2026-03-24,In Stock
W008,Sydney,P07087,346,16,308,50,250,2026-03-06,In Stock
W005,London,P07088,38,23,33,30,150,2026-04-23,In Stock
W007,Milan,P07089,663,5,649,75,375,2026-04-04,In Stock
W005,London,P07090,559,35,525,20,100,2026-05-30,In Stock
W004,Los Angeles,P07091,207,15,173,100,500,2026-06-25,In Stock
W002,Chicago,P07092,809,12,792,100,500,2026-04-29,In Stock
W007,Milan,P07093,1199,8,1186,20,100,2026-04-26,In Stock
W008,Sydney,P07094,507,35,507,100,500,2026-06-17,In Stock
W003,Dallas,P07095,327,4,303,20,100,2026-06-01,In Stock
W002,Chicago,P07096,1026,11,1025,50,250,2026-06-28,In Stock
W003,Dallas,P07097,492,6,469,100,500,2026-06-09,In Stock
W004,Los Angeles,P07098,149,15,124,30,150,2026-04-08,In Stock
W004,Los Angeles,P07099,136,0,99,50,250,2026-04-19,In Stock
W003,Dallas,P07100,162,31,160,30,150,2026-06-05,In Stock
W004,Los Angeles,P07101,250,38,223,100,500,2026-04-28,In Stock
W003,Dallas,P07102,71,11,32,20,100,2026-05-15,In Stock
W001,New York,P07103,501,29,470,20,100,2026-04-08,In Stock
W006,Berlin,P07104,816,0,816,100,500,2026-03-31,In Stock
W001,New York,P07105,215,40,210,100,500,2026-04-30,In Stock
W007,Milan,P07106,701,11,683,30,150,2026-03-12,In Stock
W005,London,P07107,1084,16,1071,30,150,2026-03-20,In Stock
W008,Sydney,P07108,232,4,212,50,250,2026-05-23,In Stock
W008,Sydney,P07109,623,39,616,75,375,2026-06-14,In Stock
W008,Sydney,P07110,119,28,119,100,500,2026-06-11,In Stock
W008,Sydney,P07111,288,11,286,100,500,2026-03-12,In Stock
W005,London,P07112,109,39,94,20,100,2026-04-05,In Stock
W001,New York,P07113,1116,18,1076,30,150,2026-03-29,In Stock
W002,Chicago,P07114,366,10,359,30,150,2026-05-11,In Stock
W001,New York,P07115,51,38,38,50,250,2026-06-06,In Stock
W005,London,P07116,155,14,147,100,500,2026-04-02,In Stock
W006,Berlin,P07117,382,24,372,75,375,2026-05-13,In Stock
W003,Dallas,P07118,87,5,73,30,150,2026-06-14,In Stock
W002,Chicago,P07119,894,36,872,75,375,2026-03-28,In Stock
W005,London,P07120,339,13,329,100,500,2026-03-07,In Stock
W007,Milan,P07121,1011,6,1006,20,100,2026-05-08,In Stock
W008,Sydney,P07122,1035,7,1008,20,100,2026-03-02,In Stock
W008,Sydney,P07123,1099,8,1061,75,375,2026-06-28,In Stock
W003,Dallas,P07124,655,21,643,20,100,2026-04-25,In Stock
W007,Milan,P07125,525,27,497,30,150,2026-05-30,In Stock
W001,New York,P07126,349,2,310,30,150,2026-04-16,In Stock
W005,London,P07127,171,21,158,75,375,2026-04-07,In Stock
W001,New York,P07128,579,23,567,20,100,2026-06-19,In Stock
W005,London,P07129,152,21,151,20,100,2026-05-02,In Stock
W006,Berlin,P07130,654,33,638,20,100,2026-04-25,In Stock
W006,Berlin,P07131,335,18,309,100,500,2026-03-02,In Stock
W008,Sydney,P07132,914,14,883,20,100,2026-04-25,In Stock
W005,London,P07133,893,39,862,75,375,2026-06-22,In Stock
W001,New York,P07134,1145,1,1117,30,150,2026-05-09,In Stock
W005,London,P07135,602,21,570,20,100,2026-05-30,In Stock
W006,Berlin,P07136,671,5,640,20,100,2026-03-05,In Stock
W003,Dallas,P07137,904,29,866,30,150,2026-05-03,In Stock
W004,Los Angeles,P07138,281,11,245,100,500,2026-06-25,In Stock
W002,Chicago,P07139,1120,8,1120,30,150,2026-05-13,In Stock
W002,Chicago,P07140,184,4,172,30,150,2026-05-27,In Stock
W001,New York,P07141,874,24,840,30,150,2026-06-25,In Stock
W002,Chicago,P07142,80,1,69,50,250,2026-05-21,In Stock
W001,New York,P07143,821,4,817,50,250,2026-04-03,In Stock
W008,Sydney,P07144,559,4,554,75,375,2026-05-01,In Stock
W001,New York,P07145,804,34,782,50,250,2026-02-28,In Stock
W008,Sydney,P07146,1160,32,1125,75,375,2026-05-08,In Stock
W004,Los Angeles,P07147,183,16,180,30,150,2026-05-02,In Stock
W001,New York,P07148,630,34,625,50,250,2026-02-28,In Stock
W004,Los Angeles,P07149,1110,7,1074,100,500,2026-06-21,In Stock
W002,Chicago,P07150,204,21,178,50,250,2026-04-26,In Stock
W007,Milan,P07151,951,26,947,75,375,2026-04-15,In Stock
W006,Berlin,P07152,264,36,239,50,250,2026-03-26,In Stock
W001,New York,P07153,197,2,161,75,375,2026-06-09,In Stock
W002,Chicago,P07154,921,19,900,75,375,2026-06-19,In Stock
W008,Sydney,P07155,955,8,946,20,100,2026-04-04,In Stock
W004,Los Angeles,P07156,1136,16,1114,20,100,2026-05-30,In Stock
W005,London,P07157,925,10,897,100,500,2026-05-01,In Stock
W003,Dallas,P07158,660,9,657,30,150,2026-04-10,In Stock
W006,Berlin,P07159,373,17,340,100,500,2026-04-17,In Stock
W008,Sydney,P07160,482,32,451,50,250,2026-06-06,In Stock
W008,Sydney,P07161,351,38,339,100,500,2026-06-01,In Stock
W006,Berlin,P07162,967,10,951,20,100,2026-06-25,In Stock
W004,Los Angeles,P07163,1178,25,1151,100,500,2026-06-03,In Stock
W005,London,P07164,786,34,768,50,250,2026-05-25,In Stock
W003,Dallas,P07165,931,37,896,30,150,2026-05-30,In Stock
W006,Berlin,P07166,804,8,789,50,250,2026-04-12,In Stock
W002,Chicago,P07167,1132,26,1103,100,500,2026-05-08,In Stock
W003,Dallas,P07168,318,15,297,75,375,2026-03-10,In Stock
W004,Los Angeles,P07169,480,0,456,50,250,2026-04-09,In Stock
W003,Dallas,P07170,115,26,88,20,100,2026-06-04,In Stock
W004,Los Angeles,P07171,553,7,537,20,100,2026-04-01,In Stock
W003,Dallas,P07172,188,25,176,50,250,2026-05-27,In Stock
W006,Berlin,P07173,362,13,337,75,375,2026-06-07,In Stock
W007,Milan,P07174,372,12,349,30,150,2026-05-01,In Stock
W001,New York,P07175,580,17,557,50,250,2026-05-13,In Stock
W002,Chicago,P07176,627,17,609,30,150,2026-03-01,In Stock
W003,Dallas,P07177,172,6,143,20,100,2026-05-16,In Stock
W005,London,P07178,1179,18,1143,50,250,2026-05-17,In Stock
W008,Sydney,P07179,591,5,551,30,150,2026-04-19,In Stock
W005,London,P07180,367,24,352,50,250,2026-04-25,In Stock
W002,Chicago,P07181,751,10,712,20,100,2026-06-14,In Stock
W002,Chicago,P07182,835,31,796,50,250,2026-06-06,In Stock
W005,London,P07183,793,11,756,50,250,2026-04-13,In Stock
W008,Sydney,P07184,355,28,342,50,250,2026-05-18,In Stock
W004,Los Angeles,P07185,1081,23,1045,75,375,2026-03-17,In Stock
W002,Chicago,P07186,737,0,734,30,150,2026-04-30,In Stock
W006,Berlin,P07187,244,23,240,50,250,2026-03-18,In Stock
W004,Los Angeles,P07188,569,36,558,75,375,2026-03-03,In Stock
W004,Los Angeles,P07189,99,29,64,50,250,2026-06-07,In Stock
W005,London,P07190,664,4,663,30,150,2026-03-28,In Stock
W002,Chicago,P07191,287,25,268,50,250,2026-03-05,In Stock
W004,Los Angeles,P07192,979,40,955,100,500,2026-02-28,In Stock
W003,Dallas,P07193,631,3,591,30,150,2026-06-19,In Stock
W005,London,P07194,851,27,825,20,100,2026-03-26,In Stock
W007,Milan,P07195,233,24,195,20,100,2026-04-09,In Stock
W007,Milan,P07196,496,19,458,75,375,2026-06-15,In Stock
W003,Dallas,P07197,130,31,92,100,500,2026-03-31,In Stock
W001,New York,P07198,790,0,763,50,250,2026-06-19,In Stock
W005,London,P07199,896,22,859,20,100,2026-06-27,In Stock
W002,Chicago,P07200,220,20,220,30,150,2026-06-11,In Stock
W004,Los Angeles,P07201,166,2,166,75,375,2026-03-04,In Stock
W005,London,P07202,107,30,97,30,150,2026-04-18,In Stock
W007,Milan,P07203,1047,40,1039,30,150,2026-06-14,In Stock
W003,Dallas,P07204,123,25,118,100,500,2026-05-26,In Stock
W005,London,P07205,288,2,259,50,250,2026-04-10,In Stock
W007,Milan,P07206,779,38,739,100,500,2026-03-24,In Stock
W008,Sydney,P07207,1034,10,1032,50,250,2026-03-01,In Stock
W001,New York,P07208,138,5,121,50,250,2026-03-13,In Stock
W005,London,P07209,279,25,279,50,250,2026-04-07,In Stock
W008,Sydney,P07210,456,10,441,75,375,2026-03-30,In Stock
W007,Milan,P07211,138,37,115,50,250,2026-06-07,In Stock
W006,Berlin,P07212,559,20,529,75,375,2026-03-31,In Stock
W007,Milan,P07213,436,38,404,75,375,2026-06-07,In Stock
W004,Los Angeles,P07214,58,20,27,50,250,2026-04-28,In Stock
W008,Sydney,P07215,1094,24,1066,30,150,2026-05-04,In Stock
W001,New York,P07216,960,40,954,50,250,2026-06-23,In Stock
W006,Berlin,P07217,447,17,413,100,500,2026-06-15,In Stock
W006,Berlin,P07218,9,3,0,50,250,2026-06-21,Low Stock
W004,Los Angeles,P07219,698,1,690,75,375,2026-04-22,In Stock
W006,Berlin,P07220,1129,39,1089,75,375,2026-05-10,In Stock
W007,Milan,P07221,30,13,17,100,500,2026-05-14,Low Stock
W005,London,P07222,958,1,927,75,375,2026-05-18,In Stock
W002,Chicago,P07223,351,3,346,20,100,2026-04-25,In Stock
W005,London,P07224,265,10,257,75,375,2026-05-11,In Stock
W005,London,P07225,585,33,584,20,100,2026-03-08,In Stock
W003,Dallas,P07226,568,37,550,50,250,2026-06-21,In Stock
W006,Berlin,P07227,479,25,456,50,250,2026-05-29,In Stock
W006,Berlin,P07228,322,15,292,50,250,2026-03-22,In Stock
W008,Sydney,P07229,677,28,651,20,100,2026-03-03,In Stock
W006,Berlin,P07230,660,14,629,75,375,2026-03-08,In Stock
W005,London,P07231,1147,9,1126,50,250,2026-06-19,In Stock
W003,Dallas,P07232,349,35,331,50,250,2026-05-06,In Stock
W008,Sydney,P07233,105,31,85,20,100,2026-03-22,In Stock
W003,Dallas,P07234,323,37,283,75,375,2026-03-04,In Stock
W003,Dallas,P07235,560,27,540,100,500,2026-03-08,In Stock
W003,Dallas,P07236,428,25,397,100,500,2026-05-27,In Stock
W001,New York,P07237,291,14,258,20,100,2026-05-16,In Stock
W005,London,P07238,77,0,74,75,375,2026-04-18,In Stock
W005,London,P07239,183,36,178,50,250,2026-02-28,In Stock
W003,Dallas,P07240,579,26,543,30,150,2026-03-26,In Stock
W006,Berlin,P07241,962,14,928,50,250,2026-05-16,In Stock
W002,Chicago,P07242,413,30,389,100,500,2026-03-30,In Stock
W004,Los Angeles,P07243,683,39,665,30,150,2026-05-06,In Stock
W002,Chicago,P07244,639,27,629,30,150,2026-06-26,In Stock
W005,London,P07245,121,22,112,100,500,2026-06-26,In Stock
W007,Milan,P07246,503,16,477,30,150,2026-06-19,In Stock
W002,Chicago,P07247,1079,31,1046,100,500,2026-04-26,In Stock
W004,Los Angeles,P07248,919,33,908,30,150,2026-04-06,In Stock
W007,Milan,P07249,715,12,702,100,500,2026-04-01,In Stock
W001,New York,P07250,587,39,583,20,100,2026-04-28,In Stock
W002,Chicago,P07251,787,15,775,20,100,2026-03-14,In Stock
W004,Los Angeles,P07252,125,23,107,100,500,2026-05-23,In Stock
W002,Chicago,P07253,1083,15,1057,50,250,2026-04-06,In Stock
W007,Milan,P07254,111,1,71,30,150,2026-04-12,In Stock
W004,Los Angeles,P07255,178,30,143,30,150,2026-04-20,In Stock
W001,New York,P07256,324,2,287,20,100,2026-05-29,In Stock
W007,Milan,P07257,994,31,965,75,375,2026-03-20,In Stock
W008,Sydney,P07258,931,26,910,30,150,2026-03-23,In Stock
W008,Sydney,P07259,773,22,751,50,250,2026-05-21,In Stock
W006,Berlin,P07260,119,16,87,30,150,2026-06-14,In Stock
W006,Berlin,P07261,512,22,505,30,150,2026-06-15,In Stock
W001,New York,P07262,286,39,273,75,375,2026-04-16,In Stock
W006,Berlin,P07263,760,15,757,30,150,2026-04-21,In Stock
W003,Dallas,P07264,393,12,388,30,150,2026-06-02,In Stock
W006,Berlin,P07265,143,33,123,50,250,2026-05-16,In Stock
W001,New York,P07266,951,9,927,20,100,2026-05-27,In Stock
W001,New York,P07267,885,27,885,30,150,2026-05-10,In Stock
W008,Sydney,P07268,576,20,536,20,100,2026-06-13,In Stock
W005,London,P07269,626,30,599,100,500,2026-06-08,In Stock
W002,Chicago,P07270,860,35,845,50,250,2026-03-26,In Stock
W005,London,P07271,278,37,249,75,375,2026-05-28,In Stock
W001,New York,P07272,356,18,353,100,500,2026-05-04,In Stock
W006,Berlin,P07273,978,22,968,30,150,2026-04-04,In Stock
W001,New York,P07274,322,23,290,30,150,2026-04-10,In Stock
W004,Los Angeles,P07275,929,7,919,75,375,2026-05-12,In Stock
W003,Dallas,P07276,1099,33,1064,50,250,2026-04-12,In Stock
W002,Chicago,P07277,614,22,609,100,500,2026-05-10,In Stock
W006,Berlin,P07278,1192,37,1175,20,100,2026-05-19,In Stock
W007,Milan,P07279,600,27,584,50,250,2026-03-22,In Stock
W006,Berlin,P07280,295,37,295,30,150,2026-06-25,In Stock
W005,London,P07281,148,10,129,50,250,2026-03-09,In Stock
W003,Dallas,P07282,1077,31,1043,75,375,2026-05-13,In Stock
W006,Berlin,P07283,523,0,519,75,375,2026-04-25,In Stock
W008,Sydney,P07284,999,22,997,100,500,2026-06-13,In Stock
W005,London,P07285,769,2,730,75,375,2026-04-03,In Stock
W004,Los Angeles,P07286,867,9,846,75,375,2026-03-05,In Stock
W001,New York,P07287,262,1,259,100,500,2026-03-18,In Stock
W005,London,P07288,157,30,155,75,375,2026-03-14,In Stock
W008,Sydney,P07289,494,27,492,50,250,2026-04-03,In Stock
W004,Los Angeles,P07290,216,6,202,75,375,2026-04-05,In Stock
W005,London,P07291,25,18,0,75,375,2026-06-12,Low Stock
W002,Chicago,P07292,789,22,759,50,250,2026-05-18,In Stock
W003,Dallas,P07293,999,18,988,50,250,2026-03-29,In Stock
W004,Los Angeles,P07294,257,25,226,100,500,2026-04-02,In Stock
W006,Berlin,P07295,184,3,157,50,250,2026-03-04,In Stock
W007,Milan,P07296,1067,4,1045,100,500,2026-05-14,In Stock
W008,Sydney,P07297,224,23,198,50,250,2026-04-03,In Stock
W007,Milan,P07298,165,26,130,75,375,2026-04-15,In Stock
W005,London,P07299,88,15,62,100,500,2026-03-01,Low Stock
W004,Los Angeles,P07300,794,26,754,50,250,2026-06-27,In Stock
W006,Berlin,P07301,1164,20,1157,50,250,2026-03-31,In Stock
W007,Milan,P07302,238,14,225,20,100,2026-04-14,In Stock
W006,Berlin,P07303,850,11,842,30,150,2026-05-26,In Stock
W006,Berlin,P07304,152,9,129,100,500,2026-05-09,In Stock
W007,Milan,P07305,137,8,132,100,500,2026-06-10,In Stock
W007,Milan,P07306,1162,19,1127,75,375,2026-03-13,In Stock
W007,Milan,P07307,1187,35,1168,75,375,2026-04-22,In Stock
W008,Sydney,P07308,1169,40,1131,100,500,2026-05-07,In Stock
W004,Los Angeles,P07309,174,27,160,100,500,2026-06-21,In Stock
W006,Berlin,P07310,331,40,328,75,375,2026-05-26,In Stock
W004,Los Angeles,P07311,796,11,785,100,500,2026-03-23,In Stock
W006,Berlin,P07312,1153,27,1137,20,100,2026-06-11,In Stock
W004,Los Angeles,P07313,8,2,0,20,100,2026-05-23,Low Stock
W007,Milan,P07314,1200,7,1169,20,100,2026-05-10,In Stock
W004,Los Angeles,P07315,221,5,185,100,500,2026-03-15,In Stock
W007,Milan,P07316,499,1,466,75,375,2026-05-13,In Stock
W006,Berlin,P07317,463,0,437,75,375,2026-03-20,In Stock
W003,Dallas,P07318,355,0,329,30,150,2026-06-04,In Stock
W006,Berlin,P07319,854,13,832,75,375,2026-04-27,In Stock
W008,Sydney,P07320,765,39,747,75,375,2026-06-07,In Stock
W005,London,P07321,132,19,132,20,100,2026-03-13,In Stock
W001,New York,P07322,444,30,431,30,150,2026-06-26,In Stock
W004,Los Angeles,P07323,261,33,250,50,250,2026-03-30,In Stock
W008,Sydney,P07324,623,13,603,75,375,2026-06-12,In Stock
W004,Los Angeles,P07325,699,5,692,75,375,2026-04-18,In Stock
W003,Dallas,P07326,26,26,0,30,150,2026-06-28,Low Stock
W007,Milan,P07327,1193,32,1167,50,250,2026-06-11,In Stock
W002,Chicago,P07328,1151,12,1147,50,250,2026-03-30,In Stock
W002,Chicago,P07329,192,32,187,30,150,2026-04-30,In Stock
W008,Sydney,P07330,61,40,36,30,150,2026-05-05,In Stock
W007,Milan,P07331,805,25,766,30,150,2026-05-21,In Stock
W008,Sydney,P07332,358,4,343,100,500,2026-06-08,In Stock
W007,Milan,P07333,668,32,651,100,500,2026-05-16,In Stock
W001,New York,P07334,394,31,355,30,150,2026-06-22,In Stock
W003,Dallas,P07335,569,14,538,20,100,2026-05-13,In Stock
W004,Los Angeles,P07336,706,6,694,30,150,2026-06-09,In Stock
W005,London,P07337,702,28,681,30,150,2026-05-06,In Stock
W008,Sydney,P07338,200,40,179,100,500,2026-06-22,In Stock
W004,Los Angeles,P07339,111,25,79,50,250,2026-05-01,In Stock
W001,New York,P07340,934,8,909,20,100,2026-05-17,In Stock
W003,Dallas,P07341,581,18,547,100,500,2026-04-12,In Stock
W002,Chicago,P07342,1025,10,987,50,250,2026-04-25,In Stock
W004,Los Angeles,P07343,1039,10,1039,100,500,2026-03-04,In Stock
W002,Chicago,P07344,671,17,634,20,100,2026-04-30,In Stock
W008,Sydney,P07345,1017,17,981,75,375,2026-06-17,In Stock
W004,Los Angeles,P07346,819,26,797,20,100,2026-05-03,In Stock
W007,Milan,P07347,709,32,699,30,150,2026-06-11,In Stock
W007,Milan,P07348,222,20,205,100,500,2026-03-30,In Stock
W001,New York,P07349,268,19,233,100,500,2026-03-11,In Stock
W005,London,P07350,1188,12,1172,50,250,2026-03-26,In Stock
W006,Berlin,P07351,938,26,913,75,375,2026-06-19,In Stock
W004,Los Angeles,P07352,1110,27,1089,100,500,2026-04-09,In Stock
W006,Berlin,P07353,33,5,10,20,100,2026-04-13,In Stock
W006,Berlin,P07354,819,32,807,75,375,2026-06-10,In Stock
W004,Los Angeles,P07355,1155,37,1143,50,250,2026-05-10,In Stock
W001,New York,P07356,239,18,234,100,500,2026-06-09,In Stock
W008,Sydney,P07357,62,24,56,75,375,2026-04-18,Low Stock
W006,Berlin,P07358,470,2,437,75,375,2026-04-26,In Stock
W001,New York,P07359,897,0,889,30,150,2026-06-25,In Stock
W004,Los Angeles,P07360,439,35,433,100,500,2026-02-28,In Stock
W002,Chicago,P07361,323,36,284,20,100,2026-05-05,In Stock
W007,Milan,P07362,976,14,948,75,375,2026-06-08,In Stock
W001,New York,P07363,408,14,390,75,375,2026-03-21,In Stock
W005,London,P07364,1030,24,1007,30,150,2026-05-06,In Stock
W008,Sydney,P07365,1,0,0,75,375,2026-04-09,Low Stock
W001,New York,P07366,711,20,680,75,375,2026-03-17,In Stock
W005,London,P07367,396,26,365,100,500,2026-04-28,In Stock
W001,New York,P07368,650,25,622,50,250,2026-06-03,In Stock
W004,Los Angeles,P07369,155,16,117,75,375,2026-06-28,In Stock
W006,Berlin,P07370,554,35,520,75,375,2026-04-26,In Stock
W004,Los Angeles,P07371,102,33,70,50,250,2026-05-05,In Stock
W002,Chicago,P07372,119,21,106,30,150,2026-06-16,In Stock
W003,Dallas,P07373,360,26,352,75,375,2026-05-19,In Stock
W005,London,P07374,1014,3,1012,100,500,2026-04-17,In Stock
W006,Berlin,P07375,1056,19,1056,20,100,2026-03-12,In Stock
W002,Chicago,P07376,601,7,581,75,375,2026-04-12,In Stock
W008,Sydney,P07377,26,0,22,20,100,2026-03-03,In Stock
W001,New York,P07378,71,13,38,75,375,2026-04-25,Low Stock
W006,Berlin,P07379,527,28,513,75,375,2026-04-09,In Stock
W005,London,P07380,1016,15,991,50,250,2026-03-24,In Stock
W004,Los Angeles,P07381,1175,35,1137,20,100,2026-05-24,In Stock
W002,Chicago,P07382,431,36,398,20,100,2026-05-19,In Stock
W007,Milan,P07383,1019,33,1005,20,100,2026-06-10,In Stock
W002,Chicago,P07384,411,22,393,20,100,2026-06-12,In Stock
W005,London,P07385,358,40,354,50,250,2026-06-15,In Stock
W002,Chicago,P07386,1193,12,1171,20,100,2026-04-13,In Stock
W005,London,P07387,29,9,19,100,500,2026-04-05,Low Stock
W005,London,P07388,129,20,93,30,150,2026-05-02,In Stock
W001,New York,P07389,467,15,432,30,150,2026-04-20,In Stock
W008,Sydney,P07390,857,24,830,75,375,2026-06-24,In Stock
W007,Milan,P07391,338,36,318,100,500,2026-03-06,In Stock
W002,Chicago,P07392,413,1,400,50,250,2026-04-17,In Stock
W008,Sydney,P07393,1126,34,1097,30,150,2026-05-23,In Stock
W005,London,P07394,398,33,392,20,100,2026-04-24,In Stock
W004,Los Angeles,P07395,834,10,798,30,150,2026-04-04,In Stock
W004,Los Angeles,P07396,916,11,892,20,100,2026-03-24,In Stock
W007,Milan,P07397,496,10,496,100,500,2026-04-29,In Stock
W002,Chicago,P07398,713,35,708,50,250,2026-04-19,In Stock
W006,Berlin,P07399,240,14,234,30,150,2026-06-19,In Stock
W008,Sydney,P07400,1043,3,1022,75,375,2026-05-03,In Stock
W008,Sydney,P07401,831,31,827,75,375,2026-04-14,In Stock
W003,Dallas,P07402,1144,38,1136,100,500,2026-03-23,In Stock
W001,New York,P07403,466,9,433,20,100,2026-05-03,In Stock
W006,Berlin,P07404,896,2,874,50,250,2026-04-25,In Stock
W003,Dallas,P07405,487,13,461,20,100,2026-06-27,In Stock
W007,Milan,P07406,896,33,866,75,375,2026-06-14,In Stock
W003,Dallas,P07407,545,30,534,100,500,2026-05-11,In Stock
W006,Berlin,P07408,699,4,687,75,375,2026-03-02,In Stock
W007,Milan,P07409,577,26,547,100,500,2026-05-26,In Stock
W006,Berlin,P07410,194,20,180,50,250,2026-05-02,In Stock
W006,Berlin,P07411,363,28,344,50,250,2026-03-17,In Stock
W005,London,P07412,1061,9,1041,100,500,2026-06-11,In Stock
W007,Milan,P07413,1174,7,1141,20,100,2026-05-13,In Stock
W002,Chicago,P07414,210,20,183,20,100,2026-04-29,In Stock
W004,Los Angeles,P07415,475,22,471,100,500,2026-05-19,In Stock
W008,Sydney,P07416,876,26,845,50,250,2026-06-24,In Stock
W006,Berlin,P07417,123,34,123,75,375,2026-04-12,In Stock
W004,Los Angeles,P07418,1032,4,995,30,150,2026-05-31,In Stock
W005,London,P07419,888,3,877,50,250,2026-03-23,In Stock
W008,Sydney,P07420,655,27,652,100,500,2026-05-28,In Stock
W005,London,P07421,704,12,689,75,375,2026-03-11,In Stock
W004,Los Angeles,P07422,1106,9,1091,100,500,2026-05-21,In Stock
W006,Berlin,P07423,283,20,255,50,250,2026-06-22,In Stock
W006,Berlin,P07424,157,21,127,50,250,2026-03-11,In Stock
W003,Dallas,P07425,824,34,790,30,150,2026-06-28,In Stock
W004,Los Angeles,P07426,340,9,311,50,250,2026-06-17,In Stock
W007,Milan,P07427,225,24,215,100,500,2026-03-29,In Stock
W007,Milan,P07428,1187,16,1157,75,375,2026-05-06,In Stock
W003,Dallas,P07429,441,1,428,75,375,2026-04-02,In Stock
W006,Berlin,P07430,571,35,543,75,375,2026-03-24,In Stock
W003,Dallas,P07431,846,6,810,100,500,2026-03-09,In Stock
W004,Los Angeles,P07432,251,9,240,100,500,2026-03-28,In Stock
W005,London,P07433,184,14,176,30,150,2026-04-24,In Stock
W001,New York,P07434,802,22,787,30,150,2026-04-02,In Stock
W005,London,P07435,194,23,177,100,500,2026-05-16,In Stock
W006,Berlin,P07436,569,34,530,20,100,2026-06-07,In Stock
W006,Berlin,P07437,1103,15,1098,100,500,2026-05-26,In Stock
W001,New York,P07438,104,22,79,30,150,2026-05-31,In Stock
W001,New York,P07439,415,32,406,30,150,2026-05-04,In Stock
W008,Sydney,P07440,390,19,351,50,250,2026-06-27,In Stock
W005,London,P07441,914,34,890,100,500,2026-05-13,In Stock
W008,Sydney,P07442,205,32,168,75,375,2026-03-29,In Stock
W007,Milan,P07443,285,12,276,20,100,2026-03-21,In Stock
W006,Berlin,P07444,122,26,111,100,500,2026-03-12,In Stock
W007,Milan,P07445,1098,24,1080,50,250,2026-04-09,In Stock
W004,Los Angeles,P07446,610,24,607,75,375,2026-04-02,In Stock
W003,Dallas,P07447,431,36,421,20,100,2026-03-12,In Stock
W006,Berlin,P07448,1114,11,1081,75,375,2026-04-13,In Stock
W005,London,P07449,809,13,784,75,375,2026-06-02,In Stock
W002,Chicago,P07450,812,15,811,30,150,2026-03-11,In Stock
W005,London,P07451,793,6,763,20,100,2026-06-08,In Stock
W007,Milan,P07452,311,0,296,100,500,2026-02-28,In Stock
W004,Los Angeles,P07453,829,38,826,50,250,2026-04-24,In Stock
W005,London,P07454,1023,36,1018,50,250,2026-04-09,In Stock
W002,Chicago,P07455,887,16,873,30,150,2026-03-11,In Stock
W001,New York,P07456,468,3,462,20,100,2026-05-10,In Stock
W007,Milan,P07457,481,27,470,75,375,2026-03-24,In Stock
W003,Dallas,P07458,1073,23,1053,50,250,2026-05-20,In Stock
W002,Chicago,P07459,594,34,554,20,100,2026-05-17,In Stock
W008,Sydney,P07460,774,10,738,30,150,2026-05-14,In Stock
W002,Chicago,P07461,213,32,194,20,100,2026-04-22,In Stock
W007,Milan,P07462,163,24,137,20,100,2026-03-25,In Stock
W001,New York,P07463,123,24,123,30,150,2026-05-22,In Stock
W007,Milan,P07464,36,28,20,20,100,2026-04-11,In Stock
W006,Berlin,P07465,408,40,369,100,500,2026-06-15,In Stock
W007,Milan,P07466,274,17,270,50,250,2026-06-25,In Stock
W007,Milan,P07467,796,34,762,75,375,2026-05-23,In Stock
W006,Berlin,P07468,963,9,959,30,150,2026-05-04,In Stock
W006,Berlin,P07469,114,17,105,30,150,2026-03-06,In Stock
W004,Los Angeles,P07470,1074,12,1052,100,500,2026-05-25,In Stock
W005,London,P07471,28,2,24,75,375,2026-04-07,Low Stock
W001,New York,P07472,950,39,917,30,150,2026-05-12,In Stock
W001,New York,P07473,345,1,323,30,150,2026-04-08,In Stock
W001,New York,P07474,871,28,865,75,375,2026-05-27,In Stock
W006,Berlin,P07475,479,12,472,30,150,2026-04-26,In Stock
W002,Chicago,P07476,521,36,501,75,375,2026-05-14,In Stock
W005,London,P07477,135,36,100,30,150,2026-04-01,In Stock
W003,Dallas,P07478,599,11,589,100,500,2026-06-28,In Stock
W003,Dallas,P07479,1039,4,1017,100,500,2026-03-20,In Stock
W003,Dallas,P07480,97,37,75,100,500,2026-06-11,Low Stock
W002,Chicago,P07481,902,35,902,75,375,2026-06-13,In Stock
W003,Dallas,P07482,854,27,844,100,500,2026-05-17,In Stock
W001,New York,P07483,670,30,656,20,100,2026-03-29,In Stock
W003,Dallas,P07484,570,4,556,100,500,2026-03-07,In Stock
W005,London,P07485,488,15,478,20,100,2026-05-13,In Stock
W001,New York,P07486,344,16,306,75,375,2026-05-09,In Stock
W003,Dallas,P07487,490,14,458,100,500,2026-05-23,In Stock
W005,London,P07488,96,30,71,30,150,2026-05-14,In Stock
W005,London,P07489,431,37,394,100,500,2026-05-25,In Stock
W003,Dallas,P07490,1151,33,1150,50,250,2026-06-04,In Stock
W004,Los Angeles,P07491,53,26,13,100,500,2026-05-27,Low Stock
W002,Chicago,P07492,588,26,573,100,500,2026-03-14,In Stock
W003,Dallas,P07493,95,20,94,100,500,2026-05-17,Low Stock
W001,New York,P07494,557,31,551,100,500,2026-05-17,In Stock
W001,New York,P07495,645,35,637,20,100,2026-03-04,In Stock
W004,Los Angeles,P07496,955,10,949,75,375,2026-06-21,In Stock
W001,New York,P07497,989,18,973,50,250,2026-04-29,In Stock
W004,Los Angeles,P07498,1163,4,1133,20,100,2026-06-13,In Stock
W008,Sydney,P07499,514,1,502,20,100,2026-03-30,In Stock
W005,London,P07500,730,33,698,75,375,2026-04-01,In Stock
W005,London,P07501,1085,21,1054,75,375,2026-03-24,In Stock
W004,Los Angeles,P07502,980,17,942,50,250,2026-05-11,In Stock
W007,Milan,P07503,772,28,764,20,100,2026-05-31,In Stock
W007,Milan,P07504,775,18,745,20,100,2026-05-26,In Stock
W002,Chicago,P07505,303,35,297,20,100,2026-04-20,In Stock
W001,New York,P07506,395,33,357,75,375,2026-06-02,In Stock
W003,Dallas,P07507,728,34,691,30,150,2026-04-09,In Stock
W005,London,P07508,9,3,0,50,250,2026-05-28,Low Stock
W006,Berlin,P07509,239,1,231,75,375,2026-05-09,In Stock
W006,Berlin,P07510,989,23,981,75,375,2026-04-01,In Stock
W007,Milan,P07511,857,18,822,100,500,2026-03-01,In Stock
W001,New York,P07512,444,27,432,20,100,2026-05-08,In Stock
W008,Sydney,P07513,1071,29,1051,20,100,2026-06-09,In Stock
W005,London,P07514,1133,15,1112,20,100,2026-05-28,In Stock
W008,Sydney,P07515,789,10,750,50,250,2026-03-14,In Stock
W004,Los Angeles,P07516,450,13,411,20,100,2026-03-23,In Stock
W006,Berlin,P07517,492,23,484,100,500,2026-03-26,In Stock
W007,Milan,P07518,85,34,63,100,500,2026-06-04,Low Stock
W003,Dallas,P07519,1144,15,1126,75,375,2026-03-30,In Stock
W001,New York,P07520,190,16,151,20,100,2026-03-17,In Stock
W008,Sydney,P07521,623,21,606,75,375,2026-03-27,In Stock
W008,Sydney,P07522,413,29,411,75,375,2026-05-24,In Stock
W001,New York,P07523,1179,29,1145,75,375,2026-06-20,In Stock
W005,London,P07524,746,21,710,75,375,2026-04-28,In Stock
W008,Sydney,P07525,477,24,471,100,500,2026-03-21,In Stock
W001,New York,P07526,410,1,389,50,250,2026-04-29,In Stock
W004,Los Angeles,P07527,822,37,816,100,500,2026-03-02,In Stock
W001,New York,P07528,1062,18,1055,20,100,2026-03-30,In Stock
W008,Sydney,P07529,642,39,602,75,375,2026-05-24,In Stock
W004,Los Angeles,P07530,64,10,58,75,375,2026-03-06,Low Stock
W008,Sydney,P07531,929,27,893,20,100,2026-04-14,In Stock
W002,Chicago,P07532,792,32,763,50,250,2026-06-05,In Stock
W004,Los Angeles,P07533,840,19,836,30,150,2026-06-13,In Stock
W001,New York,P07534,540,21,512,100,500,2026-04-18,In Stock
W007,Milan,P07535,920,9,896,20,100,2026-05-18,In Stock
W008,Sydney,P07536,327,4,292,100,500,2026-06-10,In Stock
W002,Chicago,P07537,340,35,301,75,375,2026-04-07,In Stock
W006,Berlin,P07538,337,36,300,50,250,2026-06-20,In Stock
W007,Milan,P07539,52,18,46,100,500,2026-03-28,Low Stock
W006,Berlin,P07540,1147,23,1135,50,250,2026-04-30,In Stock
W004,Los Angeles,P07541,126,13,97,50,250,2026-03-05,In Stock
W007,Milan,P07542,416,33,396,20,100,2026-05-12,In Stock
W007,Milan,P07543,1011,31,1004,20,100,2026-05-04,In Stock
W005,London,P07544,522,6,505,100,500,2026-03-25,In Stock
W005,London,P07545,4,0,0,20,100,2026-06-24,Low Stock
W008,Sydney,P07546,756,2,747,75,375,2026-05-29,In Stock
W002,Chicago,P07547,104,19,102,75,375,2026-05-03,In Stock
W008,Sydney,P07548,325,26,292,100,500,2026-03-26,In Stock
W003,Dallas,P07549,361,32,340,100,500,2026-03-25,In Stock
W005,London,P07550,315,13,298,75,375,2026-05-26,In Stock
W008,Sydney,P07551,1179,9,1156,100,500,2026-06-14,In Stock
W008,Sydney,P07552,399,26,359,75,375,2026-03-15,In Stock
W006,Berlin,P07553,564,23,532,75,375,2026-03-05,In Stock
W008,Sydney,P07554,1147,30,1143,30,150,2026-03-04,In Stock
W001,New York,P07555,660,37,651,30,150,2026-05-14,In Stock
W001,New York,P07556,880,29,873,75,375,2026-04-18,In Stock
W006,Berlin,P07557,399,0,359,75,375,2026-06-15,In Stock
W008,Sydney,P07558,592,1,576,30,150,2026-06-21,In Stock
W003,Dallas,P07559,717,3,715,75,375,2026-05-22,In Stock
W002,Chicago,P07560,411,26,386,20,100,2026-03-12,In Stock
W008,Sydney,P07561,952,9,922,50,250,2026-03-21,In Stock
W001,New York,P07562,896,9,868,20,100,2026-04-16,In Stock
W008,Sydney,P07563,210,27,197,75,375,2026-03-26,In Stock
W006,Berlin,P07564,18,9,7,75,375,2026-03-31,Low Stock
W008,Sydney,P07565,322,38,321,100,500,2026-04-01,In Stock
W005,London,P07566,431,35,391,100,500,2026-06-16,In Stock
W008,Sydney,P07567,833,25,825,75,375,2026-03-01,In Stock
W003,Dallas,P07568,897,9,875,20,100,2026-05-20,In Stock
W004,Los Angeles,P07569,147,40,133,75,375,2026-04-16,In Stock
W002,Chicago,P07570,652,19,626,100,500,2026-05-25,In Stock
W008,Sydney,P07571,258,26,255,50,250,2026-03-15,In Stock
W005,London,P07572,786,32,776,75,375,2026-04-06,In Stock
W001,New York,P07573,418,39,417,75,375,2026-05-09,In Stock
W002,Chicago,P07574,655,2,644,50,250,2026-05-09,In Stock
W002,Chicago,P07575,486,1,447,50,250,2026-03-09,In Stock
W008,Sydney,P07576,463,8,454,20,100,2026-03-19,In Stock
W001,New York,P07577,884,28,857,75,375,2026-05-08,In Stock
W006,Berlin,P07578,586,20,572,20,100,2026-03-26,In Stock
W003,Dallas,P07579,568,40,561,30,150,2026-04-01,In Stock
W007,Milan,P07580,1157,14,1136,50,250,2026-05-31,In Stock
W003,Dallas,P07581,1025,4,996,75,375,2026-04-19,In Stock
W001,New York,P07582,748,4,733,100,500,2026-04-23,In Stock
W001,New York,P07583,681,14,670,75,375,2026-06-14,In Stock
W004,Los Angeles,P07584,774,35,739,75,375,2026-05-10,In Stock
W005,London,P07585,730,23,722,50,250,2026-05-07,In Stock
W002,Chicago,P07586,645,1,617,20,100,2026-06-27,In Stock
W006,Berlin,P07587,748,0,725,75,375,2026-06-08,In Stock
W006,Berlin,P07588,73,25,39,100,500,2026-04-26,Low Stock
W005,London,P07589,592,8,580,20,100,2026-05-16,In Stock
W007,Milan,P07590,354,35,329,50,250,2026-04-13,In Stock
W003,Dallas,P07591,817,20,790,30,150,2026-06-25,In Stock
W001,New York,P07592,784,21,762,30,150,2026-06-20,In Stock
W006,Berlin,P07593,178,37,150,75,375,2026-04-01,In Stock
W006,Berlin,P07594,154,12,124,100,500,2026-03-08,In Stock
W005,London,P07595,685,4,674,30,150,2026-05-01,In Stock
W004,Los Angeles,P07596,547,21,514,50,250,2026-04-07,In Stock
W001,New York,P07597,135,31,108,100,500,2026-04-01,In Stock
W003,Dallas,P07598,229,17,203,30,150,2026-03-23,In Stock
W002,Chicago,P07599,812,24,808,50,250,2026-05-19,In Stock
W003,Dallas,P07600,883,15,874,50,250,2026-03-17,In Stock
W003,Dallas,P07601,261,28,259,50,250,2026-03-26,In Stock
W002,Chicago,P07602,4,2,0,20,100,2026-04-01,Low Stock
W002,Chicago,P07603,343,28,339,100,500,2026-04-11,In Stock
W005,London,P07604,89,38,73,100,500,2026-05-28,Low Stock
W008,Sydney,P07605,618,7,610,100,500,2026-03-06,In Stock
W007,Milan,P07606,1055,31,1017,20,100,2026-05-28,In Stock
W001,New York,P07607,29,27,28,100,500,2026-05-18,Low Stock
W001,New York,P07608,675,2,641,100,500,2026-06-13,In Stock
W005,London,P07609,32,13,14,30,150,2026-03-29,In Stock
W001,New York,P07610,696,35,689,20,100,2026-04-01,In Stock
W001,New York,P07611,694,14,673,75,375,2026-04-07,In Stock
W007,Milan,P07612,77,6,62,30,150,2026-06-20,In Stock
W002,Chicago,P07613,841,36,822,75,375,2026-05-06,In Stock
W001,New York,P07614,280,10,262,20,100,2026-03-05,In Stock
W007,Milan,P07615,917,16,908,75,375,2026-04-25,In Stock
W002,Chicago,P07616,305,36,272,50,250,2026-03-10,In Stock
W004,Los Angeles,P07617,812,3,783,30,150,2026-03-16,In Stock
W005,London,P07618,1042,16,1005,100,500,2026-03-05,In Stock
W006,Berlin,P07619,153,24,153,30,150,2026-03-10,In Stock
W003,Dallas,P07620,0,0,0,30,150,2026-03-28,Low Stock
W005,London,P07621,886,26,864,50,250,2026-04-26,In Stock
W002,Chicago,P07622,859,22,828,75,375,2026-03-12,In Stock
W002,Chicago,P07623,432,18,396,20,100,2026-04-10,In Stock
W006,Berlin,P07624,117,15,85,50,250,2026-04-17,In Stock
W007,Milan,P07625,595,25,578,20,100,2026-05-14,In Stock
W001,New York,P07626,1082,9,1046,75,375,2026-03-08,In Stock
W006,Berlin,P07627,389,8,375,30,150,2026-06-26,In Stock
W008,Sydney,P07628,302,35,271,50,250,2026-05-10,In Stock
W005,London,P07629,192,26,186,30,150,2026-03-06,In Stock
W004,Los Angeles,P07630,1164,23,1133,50,250,2026-05-27,In Stock
W006,Berlin,P07631,1114,7,1082,75,375,2026-03-25,In Stock
W001,New York,P07632,661,12,625,100,500,2026-05-28,In Stock
W005,London,P07633,74,14,51,100,500,2026-05-25,Low Stock
W005,London,P07634,288,32,255,75,375,2026-05-14,In Stock
W002,Chicago,P07635,352,27,313,20,100,2026-05-10,In Stock
W006,Berlin,P07636,780,12,769,100,500,2026-05-12,In Stock
W007,Milan,P07637,290,27,280,75,375,2026-06-11,In Stock
W004,Los Angeles,P07638,848,15,843,100,500,2026-03-17,In Stock
W003,Dallas,P07639,962,14,946,50,250,2026-06-13,In Stock
W004,Los Angeles,P07640,705,40,675,50,250,2026-03-14,In Stock
W001,New York,P07641,329,32,328,30,150,2026-06-17,In Stock
W008,Sydney,P07642,1018,1,992,20,100,2026-06-12,In Stock
W005,London,P07643,743,8,719,20,100,2026-04-05,In Stock
W005,London,P07644,547,14,524,75,375,2026-04-04,In Stock
W004,Los Angeles,P07645,568,18,553,20,100,2026-04-10,In Stock
W002,Chicago,P07646,62,11,47,30,150,2026-03-26,In Stock
W002,Chicago,P07647,1082,27,1053,75,375,2026-03-11,In Stock
W001,New York,P07648,869,40,838,75,375,2026-03-25,In Stock
W005,London,P07649,963,40,955,75,375,2026-03-24,In Stock
W001,New York,P07650,199,3,181,20,100,2026-06-28,In Stock
W004,Los Angeles,P07651,1043,15,1014,50,250,2026-03-12,In Stock
W003,Dallas,P07652,807,5,773,20,100,2026-05-02,In Stock
W008,Sydney,P07653,974,22,960,100,500,2026-06-04,In Stock
W005,London,P07654,291,20,278,30,150,2026-04-14,In Stock
W004,Los Angeles,P07655,265,16,257,30,150,2026-05-13,In Stock
W008,Sydney,P07656,976,11,947,75,375,2026-05-01,In Stock
W005,London,P07657,741,21,738,75,375,2026-06-07,In Stock
W002,Chicago,P07658,1067,22,1056,100,500,2026-06-17,In Stock
W002,Chicago,P07659,577,19,550,100,500,2026-06-24,In Stock
W004,Los Angeles,P07660,775,33,761,30,150,2026-04-15,In Stock
W007,Milan,P07661,1094,34,1062,75,375,2026-03-09,In Stock
W005,London,P07662,361,18,332,20,100,2026-05-17,In Stock
W004,Los Angeles,P07663,754,38,735,100,500,2026-05-02,In Stock
W008,Sydney,P07664,114,36,99,75,375,2026-04-02,In Stock
W003,Dallas,P07665,1077,15,1069,50,250,2026-04-07,In Stock
W001,New York,P07666,307,19,281,50,250,2026-06-18,In Stock
W007,Milan,P07667,971,18,945,100,500,2026-03-25,In Stock
W008,Sydney,P07668,926,4,893,100,500,2026-03-23,In Stock
W007,Milan,P07669,440,5,426,75,375,2026-03-09,In Stock
W006,Berlin,P07670,595,37,587,50,250,2026-03-30,In Stock
W002,Chicago,P07671,235,21,207,100,500,2026-06-06,In Stock
W004,Los Angeles,P07672,680,5,641,20,100,2026-05-24,In Stock
W008,Sydney,P07673,437,31,401,75,375,2026-05-05,In Stock
W003,Dallas,P07674,821,32,784,30,150,2026-05-11,In Stock
W006,Berlin,P07675,598,39,567,100,500,2026-04-03,In Stock
W008,Sydney,P07676,1167,30,1132,20,100,2026-04-09,In Stock
W003,Dallas,P07677,276,2,241,20,100,2026-03-29,In Stock
W002,Chicago,P07678,47,6,31,20,100,2026-06-06,In Stock
W007,Milan,P07679,852,3,827,100,500,2026-06-05,In Stock
W006,Berlin,P07680,175,31,155,50,250,2026-04-14,In Stock
W006,Berlin,P07681,220,37,218,50,250,2026-04-17,In Stock
W007,Milan,P07682,911,40,911,20,100,2026-04-05,In Stock
W001,New York,P07683,3,2,0,50,250,2026-04-01,Low Stock
W008,Sydney,P07684,375,10,364,50,250,2026-04-28,In Stock
W005,London,P07685,807,22,799,75,375,2026-04-10,In Stock
W005,London,P07686,1057,2,1035,30,150,2026-06-14,In Stock
W008,Sydney,P07687,254,29,245,100,500,2026-03-25,In Stock
W006,Berlin,P07688,130,13,114,30,150,2026-06-02,In Stock
W004,Los Angeles,P07689,670,27,641,30,150,2026-05-12,In Stock
W008,Sydney,P07690,991,28,978,75,375,2026-05-27,In Stock
W003,Dallas,P07691,794,34,764,50,250,2026-05-18,In Stock
W001,New York,P07692,423,0,404,20,100,2026-03-30,In Stock
W008,Sydney,P07693,188,0,158,50,250,2026-03-04,In Stock
W008,Sydney,P07694,153,32,152,30,150,2026-03-20,In Stock
W007,Milan,P07695,174,38,172,100,500,2026-04-28,In Stock
W005,London,P07696,807,26,769,75,375,2026-03-23,In Stock
W008,Sydney,P07697,559,9,554,75,375,2026-05-01,In Stock
W002,Chicago,P07698,348,14,325,50,250,2026-05-10,In Stock
W007,Milan,P07699,1024,3,1011,30,150,2026-06-09,In Stock
W006,Berlin,P07700,403,36,380,75,375,2026-03-29,In Stock
W003,Dallas,P07701,742,34,714,50,250,2026-03-27,In Stock
W007,Milan,P07702,1002,20,1002,30,150,2026-04-29,In Stock
W002,Chicago,P07703,113,11,80,75,375,2026-04-01,In Stock
W004,Los Angeles,P07704,609,24,592,75,375,2026-03-28,In Stock
W007,Milan,P07705,147,24,142,30,150,2026-05-26,In Stock
W004,Los Angeles,P07706,829,6,793,30,150,2026-05-09,In Stock
W003,Dallas,P07707,903,25,884,50,250,2026-05-27,In Stock
W004,Los Angeles,P07708,1188,37,1168,20,100,2026-06-20,In Stock
W006,Berlin,P07709,805,13,804,75,375,2026-06-21,In Stock
W007,Milan,P07710,411,9,404,75,375,2026-03-19,In Stock
W001,New York,P07711,734,24,718,20,100,2026-06-21,In Stock
W008,Sydney,P07712,1045,3,1026,75,375,2026-03-13,In Stock
W002,Chicago,P07713,185,23,173,30,150,2026-03-09,In Stock
W008,Sydney,P07714,504,26,481,100,500,2026-03-01,In Stock
W003,Dallas,P07715,988,38,968,30,150,2026-04-15,In Stock
W007,Milan,P07716,902,30,899,75,375,2026-05-17,In Stock
W006,Berlin,P07717,610,37,573,100,500,2026-03-29,In Stock
W001,New York,P07718,971,11,934,20,100,2026-03-03,In Stock
W007,Milan,P07719,196,18,161,50,250,2026-06-05,In Stock
W008,Sydney,P07720,19,4,0,20,100,2026-05-28,Low Stock
W004,Los Angeles,P07721,214,8,189,30,150,2026-04-24,In Stock
W004,Los Angeles,P07722,964,26,963,50,250,2026-06-08,In Stock
W002,Chicago,P07723,511,34,477,75,375,2026-05-23,In Stock
W002,Chicago,P07724,736,30,731,75,375,2026-04-01,In Stock
W003,Dallas,P07725,138,17,127,100,500,2026-03-31,In Stock
W006,Berlin,P07726,129,22,103,100,500,2026-03-24,In Stock
W002,Chicago,P07727,968,23,947,75,375,2026-04-18,In Stock
W003,Dallas,P07728,317,23,294,30,150,2026-03-07,In Stock
W003,Dallas,P07729,1119,35,1088,50,250,2026-04-04,In Stock
W001,New York,P07730,895,0,886,30,150,2026-03-22,In Stock
W003,Dallas,P07731,1120,38,1106,30,150,2026-03-18,In Stock
W004,Los Angeles,P07732,730,34,702,30,150,2026-04-22,In Stock
W008,Sydney,P07733,212,12,190,50,250,2026-03-18,In Stock
W007,Milan,P07734,615,10,589,75,375,2026-04-22,In Stock
W005,London,P07735,1021,26,1004,50,250,2026-04-03,In Stock
W006,Berlin,P07736,657,29,648,20,100,2026-03-06,In Stock
W004,Los Angeles,P07737,210,7,175,20,100,2026-05-14,In Stock
W001,New York,P07738,1077,3,1043,100,500,2026-04-28,In Stock
W006,Berlin,P07739,825,22,824,50,250,2026-03-25,In Stock
W006,Berlin,P07740,1111,0,1091,20,100,2026-04-22,In Stock
W001,New York,P07741,222,35,187,20,100,2026-03-07,In Stock
W007,Milan,P07742,996,31,980,100,500,2026-05-27,In Stock
W008,Sydney,P07743,891,37,878,20,100,2026-05-02,In Stock
W007,Milan,P07744,771,24,731,30,150,2026-05-22,In Stock
W007,Milan,P07745,676,14,662,30,150,2026-05-21,In Stock
W008,Sydney,P07746,906,36,880,50,250,2026-05-30,In Stock
W004,Los Angeles,P07747,982,9,973,100,500,2026-03-19,In Stock
W007,Milan,P07748,348,7,309,100,500,2026-03-02,In Stock
W002,Chicago,P07749,706,11,693,20,100,2026-04-27,In Stock
W005,London,P07750,423,40,392,100,500,2026-05-28,In Stock
W005,London,P07751,641,20,631,20,100,2026-06-14,In Stock
W005,London,P07752,17,0,1,50,250,2026-04-29,Low Stock
W003,Dallas,P07753,853,39,823,20,100,2026-03-10,In Stock
W007,Milan,P07754,335,4,318,100,500,2026-05-14,In Stock
W008,Sydney,P07755,923,26,899,30,150,2026-06-26,In Stock
W006,Berlin,P07756,1189,38,1154,20,100,2026-06-17,In Stock
W008,Sydney,P07757,610,14,586,75,375,2026-05-04,In Stock
W006,Berlin,P07758,419,28,386,100,500,2026-04-22,In Stock
W006,Berlin,P07759,1073,19,1041,75,375,2026-03-25,In Stock
W006,Berlin,P07760,741,7,726,75,375,2026-06-14,In Stock
W005,London,P07761,537,38,513,50,250,2026-06-20,In Stock
W007,Milan,P07762,497,20,486,100,500,2026-05-16,In Stock
W008,Sydney,P07763,513,30,483,75,375,2026-05-24,In Stock
W004,Los Angeles,P07764,898,5,889,30,150,2026-05-31,In Stock
W005,London,P07765,1055,28,1032,75,375,2026-05-10,In Stock
W002,Chicago,P07766,166,36,133,100,500,2026-04-29,In Stock
W006,Berlin,P07767,764,37,730,75,375,2026-03-12,In Stock
W004,Los Angeles,P07768,259,38,257,30,150,2026-04-08,In Stock
W001,New York,P07769,122,37,122,50,250,2026-05-19,In Stock
W005,London,P07770,718,28,704,20,100,2026-05-11,In Stock
W006,Berlin,P07771,1127,18,1125,50,250,2026-05-18,In Stock
W002,Chicago,P07772,1170,17,1151,30,150,2026-03-02,In Stock
W003,Dallas,P07773,594,8,564,75,375,2026-06-15,In Stock
W003,Dallas,P07774,385,14,370,100,500,2026-02-28,In Stock
W001,New York,P07775,832,15,820,50,250,2026-05-12,In Stock
W004,Los Angeles,P07776,754,30,734,100,500,2026-03-01,In Stock
W001,New York,P07777,1168,10,1136,75,375,2026-06-05,In Stock
W002,Chicago,P07778,826,33,795,20,100,2026-04-18,In Stock
W008,Sydney,P07779,666,32,631,75,375,2026-06-10,In Stock
W008,Sydney,P07780,389,27,374,75,375,2026-06-22,In Stock
W008,Sydney,P07781,933,37,901,30,150,2026-03-28,In Stock
W004,Los Angeles,P07782,895,26,894,75,375,2026-04-17,In Stock
W008,Sydney,P07783,1166,32,1146,75,375,2026-03-01,In Stock
W006,Berlin,P07784,22,21,4,20,100,2026-05-24,In Stock
W006,Berlin,P07785,94,8,56,75,375,2026-05-08,In Stock
W003,Dallas,P07786,55,1,27,20,100,2026-04-11,In Stock
W004,Los Angeles,P07787,372,25,350,30,150,2026-06-10,In Stock
W008,Sydney,P07788,1058,22,1040,30,150,2026-05-10,In Stock
W004,Los Angeles,P07789,32,19,27,50,250,2026-03-26,Low Stock
W006,Berlin,P07790,871,7,867,75,375,2026-05-01,In Stock
W008,Sydney,P07791,654,37,619,30,150,2026-03-13,In Stock
W008,Sydney,P07792,337,40,317,50,250,2026-04-19,In Stock
W002,Chicago,P07793,1132,2,1100,75,375,2026-04-04,In Stock
W005,London,P07794,14,5,0,75,375,2026-03-23,Low Stock
W004,Los Angeles,P07795,1127,23,1115,20,100,2026-03-26,In Stock
W007,Milan,P07796,693,40,663,100,500,2026-06-10,In Stock
W007,Milan,P07797,1068,39,1045,30,150,2026-06-24,In Stock
W008,Sydney,P07798,49,5,37,50,250,2026-03-11,Low Stock
W001,New York,P07799,837,26,809,100,500,2026-06-05,In Stock
W002,Chicago,P07800,263,6,243,100,500,2026-05-10,In Stock
W004,Los Angeles,P07801,1132,1,1121,75,375,2026-04-28,In Stock
W006,Berlin,P07802,459,36,424,75,375,2026-03-22,In Stock
W003,Dallas,P07803,228,36,218,50,250,2026-05-20,In Stock
W002,Chicago,P07804,456,6,426,75,375,2026-05-29,In Stock
W001,New York,P07805,872,36,870,30,150,2026-03-14,In Stock
W006,Berlin,P07806,1086,2,1060,30,150,2026-04-18,In Stock
W005,London,P07807,1027,27,994,30,150,2026-03-02,In Stock
W002,Chicago,P07808,867,10,855,75,375,2026-04-21,In Stock
W007,Milan,P07809,871,26,869,50,250,2026-03-01,In Stock
W007,Milan,P07810,972,23,950,75,375,2026-04-17,In Stock
W006,Berlin,P07811,919,20,901,30,150,2026-06-16,In Stock
W001,New York,P07812,652,30,644,75,375,2026-05-14,In Stock
W001,New York,P07813,601,11,580,20,100,2026-04-01,In Stock
W002,Chicago,P07814,52,20,32,100,500,2026-04-22,Low Stock
W008,Sydney,P07815,309,21,278,30,150,2026-04-25,In Stock
W005,London,P07816,736,40,727,75,375,2026-06-23,In Stock
W001,New York,P07817,313,7,312,50,250,2026-03-19,In Stock
W005,London,P07818,175,3,146,50,250,2026-03-26,In Stock
W005,London,P07819,1187,7,1162,30,150,2026-05-11,In Stock
W001,New York,P07820,1071,27,1064,20,100,2026-06-17,In Stock
W006,Berlin,P07821,751,27,746,75,375,2026-05-30,In Stock
W005,London,P07822,34,28,12,50,250,2026-06-23,Low Stock
W001,New York,P07823,84,21,49,50,250,2026-05-21,In Stock
W001,New York,P07824,1134,8,1126,100,500,2026-04-09,In Stock
W008,Sydney,P07825,47,36,8,75,375,2026-04-02,Low Stock
W001,New York,P07826,787,38,768,50,250,2026-04-10,In Stock
W004,Los Angeles,P07827,680,22,648,75,375,2026-06-23,In Stock
W004,Los Angeles,P07828,806,35,793,30,150,2026-05-08,In Stock
W005,London,P07829,997,10,978,30,150,2026-05-13,In Stock
W006,Berlin,P07830,1044,31,1042,20,100,2026-04-22,In Stock
W004,Los Angeles,P07831,482,4,464,50,250,2026-03-09,In Stock
W003,Dallas,P07832,533,40,494,50,250,2026-04-09,In Stock
W007,Milan,P07833,822,38,820,30,150,2026-03-22,In Stock
W001,New York,P07834,71,22,58,50,250,2026-04-14,In Stock
W001,New York,P07835,559,34,533,100,500,2026-04-26,In Stock
W003,Dallas,P07836,647,19,647,20,100,2026-04-02,In Stock
W007,Milan,P07837,224,3,188,75,375,2026-04-15,In Stock
W008,Sydney,P07838,431,31,431,20,100,2026-04-14,In Stock
W002,Chicago,P07839,815,34,780,75,375,2026-06-15,In Stock
W004,Los Angeles,P07840,36,34,18,30,150,2026-05-11,In Stock
W002,Chicago,P07841,369,6,346,100,500,2026-06-22,In Stock
W002,Chicago,P07842,780,20,764,50,250,2026-03-02,In Stock
W007,Milan,P07843,788,23,760,30,150,2026-05-30,In Stock
W002,Chicago,P07844,317,14,291,50,250,2026-06-15,In Stock
W003,Dallas,P07845,903,37,871,75,375,2026-05-02,In Stock
W007,Milan,P07846,352,37,330,30,150,2026-03-02,In Stock
W008,Sydney,P07847,1196,31,1179,50,250,2026-05-13,In Stock
W001,New York,P07848,1137,40,1101,20,100,2026-04-07,In Stock
W008,Sydney,P07849,245,14,231,75,375,2026-06-17,In Stock
W006,Berlin,P07850,1015,27,1013,20,100,2026-03-06,In Stock
W005,London,P07851,353,5,337,75,375,2026-03-14,In Stock
W005,London,P07852,917,26,896,20,100,2026-06-24,In Stock
W005,London,P07853,537,23,526,20,100,2026-05-04,In Stock
W005,London,P07854,581,32,541,50,250,2026-06-10,In Stock
W007,Milan,P07855,585,16,580,50,250,2026-04-05,In Stock
W002,Chicago,P07856,448,35,446,75,375,2026-05-27,In Stock
W008,Sydney,P07857,877,1,839,30,150,2026-06-04,In Stock
W004,Los Angeles,P07858,909,38,884,30,150,2026-03-01,In Stock
W006,Berlin,P07859,337,11,307,50,250,2026-04-04,In Stock
W007,Milan,P07860,4,2,0,75,375,2026-05-20,Low Stock
W007,Milan,P07861,535,0,525,50,250,2026-05-04,In Stock
W002,Chicago,P07862,389,12,371,50,250,2026-06-09,In Stock
W006,Berlin,P07863,723,24,718,50,250,2026-04-18,In Stock
W004,Los Angeles,P07864,293,9,288,75,375,2026-06-02,In Stock
W005,London,P07865,251,22,247,50,250,2026-03-13,In Stock
W001,New York,P07866,1178,17,1170,50,250,2026-03-09,In Stock
W006,Berlin,P07867,289,21,289,75,375,2026-05-12,In Stock
W007,Milan,P07868,1108,40,1105,100,500,2026-04-24,In Stock
W005,London,P07869,1076,0,1048,30,150,2026-06-08,In Stock
W008,Sydney,P07870,147,25,135,30,150,2026-06-02,In Stock
W005,London,P07871,66,39,53,30,150,2026-04-27,In Stock
W002,Chicago,P07872,508,26,478,30,150,2026-06-08,In Stock
W008,Sydney,P07873,506,9,480,30,150,2026-06-12,In Stock
W008,Sydney,P07874,915,28,897,75,375,2026-05-04,In Stock
W006,Berlin,P07875,1037,7,1000,100,500,2026-04-08,In Stock
W005,London,P07876,788,28,748,100,500,2026-03-30,In Stock
W008,Sydney,P07877,602,9,566,100,500,2026-05-22,In Stock
W005,London,P07878,397,12,371,20,100,2026-04-27,In Stock
W006,Berlin,P07879,1013,25,987,30,150,2026-04-25,In Stock
W005,London,P07880,9,3,0,50,250,2026-04-06,Low Stock
W007,Milan,P07881,899,13,888,100,500,2026-06-24,In Stock
W004,Los Angeles,P07882,154,7,141,75,375,2026-03-09,In Stock
W002,Chicago,P07883,990,38,990,75,375,2026-05-16,In Stock
W004,Los Angeles,P07884,619,13,584,20,100,2026-04-02,In Stock
W004,Los Angeles,P07885,387,6,367,30,150,2026-03-19,In Stock
W002,Chicago,P07886,1048,6,1023,20,100,2026-05-08,In Stock
W005,London,P07887,1107,10,1092,20,100,2026-05-05,In Stock
W003,Dallas,P07888,1101,7,1063,20,100,2026-05-31,In Stock
W006,Berlin,P07889,397,7,375,20,100,2026-05-24,In Stock
W004,Los Angeles,P07890,1153,34,1147,75,375,2026-05-13,In Stock
W008,Sydney,P07891,503,5,483,50,250,2026-04-15,In Stock
W002,Chicago,P07892,44,27,44,75,375,2026-04-25,Low Stock
W007,Milan,P07893,375,24,353,30,150,2026-06-21,In Stock
W005,London,P07894,813,9,787,20,100,2026-03-04,In Stock
W003,Dallas,P07895,293,31,258,50,250,2026-04-08,In Stock
W003,Dallas,P07896,296,6,256,50,250,2026-03-20,In Stock
W003,Dallas,P07897,872,15,851,20,100,2026-06-23,In Stock
W007,Milan,P07898,256,3,223,20,100,2026-05-22,In Stock
W001,New York,P07899,158,30,119,50,250,2026-03-07,In Stock
W008,Sydney,P07900,36,8,0,75,375,2026-03-07,Low Stock
W002,Chicago,P07901,76,39,46,100,500,2026-04-07,Low Stock
W006,Berlin,P07902,376,33,351,75,375,2026-05-06,In Stock
W006,Berlin,P07903,101,13,75,100,500,2026-04-19,In Stock
W002,Chicago,P07904,801,10,794,100,500,2026-05-22,In Stock
W001,New York,P07905,906,30,894,30,150,2026-06-22,In Stock
W008,Sydney,P07906,169,12,132,50,250,2026-06-26,In Stock
W004,Los Angeles,P07907,20,4,19,100,500,2026-03-04,Low Stock
W001,New York,P07908,698,11,673,75,375,2026-03-19,In Stock
W001,New York,P07909,987,40,976,20,100,2026-04-06,In Stock
W005,London,P07910,1008,32,988,50,250,2026-03-06,In Stock
W008,Sydney,P07911,1071,33,1032,100,500,2026-06-07,In Stock
W002,Chicago,P07912,473,29,459,30,150,2026-04-21,In Stock
W002,Chicago,P07913,676,9,638,30,150,2026-03-20,In Stock
W004,Los Angeles,P07914,354,36,325,30,150,2026-04-04,In Stock
W003,Dallas,P07915,671,2,664,50,250,2026-05-22,In Stock
W004,Los Angeles,P07916,1127,31,1104,50,250,2026-05-22,In Stock
W004,Los Angeles,P07917,174,34,149,100,500,2026-03-20,In Stock
W005,London,P07918,739,17,710,100,500,2026-04-20,In Stock
W001,New York,P07919,117,40,81,75,375,2026-06-06,In Stock
W005,London,P07920,877,25,851,30,150,2026-04-13,In Stock
W004,Los Angeles,P07921,979,23,939,50,250,2026-04-06,In Stock
W006,Berlin,P07922,34,21,0,50,250,2026-05-28,Low Stock
W008,Sydney,P07923,739,0,708,20,100,2026-03-25,In Stock
W008,Sydney,P07924,64,37,61,100,500,2026-03-27,Low Stock
W004,Los Angeles,P07925,236,9,230,75,375,2026-04-09,In Stock
W002,Chicago,P07926,464,37,432,50,250,2026-06-28,In Stock
W005,London,P07927,395,15,388,30,150,2026-03-17,In Stock
W006,Berlin,P07928,861,26,845,100,500,2026-06-26,In Stock
W002,Chicago,P07929,99,19,74,20,100,2026-06-25,In Stock
W002,Chicago,P07930,409,20,398,30,150,2026-06-28,In Stock
W007,Milan,P07931,340,24,337,30,150,2026-04-02,In Stock
W004,Los Angeles,P07932,158,17,150,75,375,2026-03-23,In Stock
W007,Milan,P07933,816,14,809,30,150,2026-05-11,In Stock
W002,Chicago,P07934,599,35,590,20,100,2026-06-04,In Stock
W002,Chicago,P07935,15,15,10,20,100,2026-04-01,Low Stock
W008,Sydney,P07936,247,37,229,100,500,2026-05-19,In Stock
W008,Sydney,P07937,512,21,505,20,100,2026-04-12,In Stock
W006,Berlin,P07938,59,4,21,100,500,2026-03-06,Low Stock
W001,New York,P07939,11,6,0,50,250,2026-03-18,Low Stock
W004,Los Angeles,P07940,733,26,719,30,150,2026-05-13,In Stock
W006,Berlin,P07941,178,27,163,75,375,2026-05-13,In Stock
W003,Dallas,P07942,540,15,539,20,100,2026-06-09,In Stock
W003,Dallas,P07943,1079,30,1073,75,375,2026-06-22,In Stock
W007,Milan,P07944,848,27,847,50,250,2026-06-07,In Stock
W005,London,P07945,1190,12,1167,30,150,2026-03-07,In Stock
W008,Sydney,P07946,901,18,896,75,375,2026-04-04,In Stock
W005,London,P07947,1187,23,1157,20,100,2026-06-18,In Stock
W008,Sydney,P07948,690,9,682,30,150,2026-03-29,In Stock
W008,Sydney,P07949,1010,10,985,50,250,2026-06-13,In Stock
W006,Berlin,P07950,1079,33,1040,75,375,2026-03-30,In Stock
W002,Chicago,P07951,821,15,815,100,500,2026-04-28,In Stock
W002,Chicago,P07952,649,5,645,20,100,2026-05-26,In Stock
W003,Dallas,P07953,538,10,520,20,100,2026-03-31,In Stock
W005,London,P07954,746,26,718,50,250,2026-06-01,In Stock
W002,Chicago,P07955,417,4,387,75,375,2026-03-06,In Stock
W005,London,P07956,189,0,163,100,500,2026-05-08,In Stock
W006,Berlin,P07957,635,3,601,50,250,2026-05-14,In Stock
W008,Sydney,P07958,10,4,10,30,150,2026-03-06,Low Stock
W002,Chicago,P07959,185,25,180,75,375,2026-04-30,In Stock
W001,New York,P07960,792,13,790,20,100,2026-06-14,In Stock
W002,Chicago,P07961,257,13,223,75,375,2026-05-31,In Stock
W002,Chicago,P07962,1069,29,1059,20,100,2026-06-25,In Stock
W004,Los Angeles,P07963,651,37,627,75,375,2026-05-14,In Stock
W007,Milan,P07964,531,1,527,20,100,2026-04-17,In Stock
W002,Chicago,P07965,649,8,624,50,250,2026-03-28,In Stock
W001,New York,P07966,896,9,878,100,500,2026-06-19,In Stock
W002,Chicago,P07967,862,13,845,50,250,2026-03-23,In Stock
W003,Dallas,P07968,620,7,604,20,100,2026-03-08,In Stock
W008,Sydney,P07969,649,25,622,50,250,2026-06-10,In Stock
W005,London,P07970,1081,8,1067,30,150,2026-03-13,In Stock
W001,New York,P07971,871,8,867,50,250,2026-03-19,In Stock
W002,Chicago,P07972,865,16,840,100,500,2026-06-21,In Stock
W004,Los Angeles,P07973,1061,22,1055,100,500,2026-04-09,In Stock
W006,Berlin,P07974,304,17,277,30,150,2026-05-09,In Stock
W006,Berlin,P07975,300,31,282,20,100,2026-05-05,In Stock
W005,London,P07976,665,14,659,30,150,2026-05-04,In Stock
W005,London,P07977,1188,0,1161,50,250,2026-06-24,In Stock
W006,Berlin,P07978,589,6,576,20,100,2026-04-29,In Stock
W002,Chicago,P07979,458,27,443,50,250,2026-04-09,In Stock
W002,Chicago,P07980,24,17,0,75,375,2026-03-12,Low Stock
W001,New York,P07981,990,27,954,100,500,2026-03-14,In Stock
W006,Berlin,P07982,927,3,920,75,375,2026-04-18,In Stock
W004,Los Angeles,P07983,28,3,8,50,250,2026-04-08,Low Stock
W005,London,P07984,580,19,549,75,375,2026-05-29,In Stock
W004,Los Angeles,P07985,547,23,509,30,150,2026-04-29,In Stock
W004,Los Angeles,P07986,884,30,882,100,500,2026-06-16,In Stock
W007,Milan,P07987,1028,9,1005,50,250,2026-03-13,In Stock
W004,Los Angeles,P07988,156,20,153,75,375,2026-05-27,In Stock
W001,New York,P07989,1154,30,1153,30,150,2026-06-18,In Stock
W002,Chicago,P07990,1061,39,1036,50,250,2026-04-18,In Stock
W008,Sydney,P07991,550,39,528,20,100,2026-06-07,In Stock
W001,New York,P07992,670,2,632,50,250,2026-05-15,In Stock
W008,Sydney,P07993,1168,32,1164,30,150,2026-04-22,In Stock
W005,London,P07994,915,24,890,30,150,2026-04-25,In Stock
W001,New York,P07995,812,38,774,30,150,2026-04-08,In Stock
W003,Dallas,P07996,589,27,549,20,100,2026-06-16,In Stock
W002,Chicago,P07997,709,2,669,50,250,2026-03-14,In Stock
W007,Milan,P07998,363,32,324,75,375,2026-06-25,In Stock
W001,New York,P07999,806,12,801,100,500,2026-03-23,In Stock
W002,Chicago,P08000,307,29,270,20,100,2026-05-17,In Stock
W003,Dallas,P08001,1135,10,1122,30,150,2026-05-29,In Stock
W002,Chicago,P08002,379,24,348,50,250,2026-04-26,In Stock
W003,Dallas,P08003,709,13,676,20,100,2026-03-12,In Stock
W006,Berlin,P08004,878,27,867,20,100,2026-04-01,In Stock
W008,Sydney,P08005,237,5,225,50,250,2026-05-24,In Stock
W003,Dallas,P08006,1017,12,1008,75,375,2026-06-03,In Stock
W006,Berlin,P08007,1007,31,991,30,150,2026-06-05,In Stock
W002,Chicago,P08008,633,0,595,30,150,2026-05-27,In Stock
W003,Dallas,P08009,71,38,56,75,375,2026-03-06,Low Stock
W008,Sydney,P08010,534,23,502,20,100,2026-05-01,In Stock
W002,Chicago,P08011,588,21,585,30,150,2026-03-10,In Stock
W006,Berlin,P08012,1160,21,1146,30,150,2026-03-09,In Stock
W001,New York,P08013,1176,22,1141,50,250,2026-04-27,In Stock
W008,Sydney,P08014,458,18,447,75,375,2026-04-27,In Stock
W004,Los Angeles,P08015,942,22,913,100,500,2026-06-09,In Stock
W004,Los Angeles,P08016,1066,27,1062,20,100,2026-06-12,In Stock
W003,Dallas,P08017,174,20,168,30,150,2026-06-15,In Stock
W002,Chicago,P08018,490,3,484,30,150,2026-06-25,In Stock
W008,Sydney,P08019,672,23,670,30,150,2026-06-06,In Stock
W005,London,P08020,829,17,796,100,500,2026-03-14,In Stock
W005,London,P08021,212,13,204,30,150,2026-03-15,In Stock
W003,Dallas,P08022,371,10,369,30,150,2026-04-18,In Stock
W008,Sydney,P08023,510,20,480,100,500,2026-06-21,In Stock
W005,London,P08024,424,6,409,100,500,2026-04-28,In Stock
W001,New York,P08025,1078,35,1050,50,250,2026-04-23,In Stock
W004,Los Angeles,P08026,982,10,975,100,500,2026-05-31,In Stock
W002,Chicago,P08027,868,11,860,100,500,2026-05-11,In Stock
W001,New York,P08028,1056,39,1018,20,100,2026-06-02,In Stock
W008,Sydney,P08029,138,6,99,50,250,2026-05-30,In Stock
W002,Chicago,P08030,919,19,902,100,500,2026-03-29,In Stock
W004,Los Angeles,P08031,1106,12,1078,20,100,2026-04-08,In Stock
W005,London,P08032,896,34,889,30,150,2026-06-16,In Stock
W004,Los Angeles,P08033,427,3,411,75,375,2026-04-16,In Stock
W005,London,P08034,810,19,787,30,150,2026-05-19,In Stock
W005,London,P08035,63,31,63,75,375,2026-06-27,Low Stock
W006,Berlin,P08036,476,20,444,50,250,2026-04-23,In Stock
W003,Dallas,P08037,418,35,412,50,250,2026-04-04,In Stock
W002,Chicago,P08038,1046,35,1035,20,100,2026-04-17,In Stock
W004,Los Angeles,P08039,1059,3,1051,50,250,2026-03-27,In Stock
W005,London,P08040,1007,37,972,75,375,2026-03-23,In Stock
W003,Dallas,P08041,697,31,675,100,500,2026-05-31,In Stock
W008,Sydney,P08042,143,27,125,50,250,2026-06-16,In Stock
W006,Berlin,P08043,480,2,452,30,150,2026-03-22,In Stock
W001,New York,P08044,780,26,749,75,375,2026-06-21,In Stock
W007,Milan,P08045,436,5,430,30,150,2026-04-16,In Stock
W002,Chicago,P08046,882,6,845,20,100,2026-05-17,In Stock
W006,Berlin,P08047,451,38,436,20,100,2026-04-27,In Stock
W004,Los Angeles,P08048,233,16,230,30,150,2026-05-30,In Stock
W008,Sydney,P08049,1009,4,980,100,500,2026-06-27,In Stock
W004,Los Angeles,P08050,994,40,981,100,500,2026-06-25,In Stock
W007,Milan,P08051,199,37,191,100,500,2026-03-08,In Stock
W001,New York,P08052,29,29,6,50,250,2026-04-23,Low Stock
W003,Dallas,P08053,92,9,86,75,375,2026-05-09,In Stock
W003,Dallas,P08054,553,19,545,75,375,2026-05-21,In Stock
W007,Milan,P08055,1144,30,1129,50,250,2026-06-10,In Stock
W006,Berlin,P08056,657,27,636,20,100,2026-03-14,In Stock
W003,Dallas,P08057,1178,1,1157,100,500,2026-03-29,In Stock
W004,Los Angeles,P08058,787,39,747,75,375,2026-06-13,In Stock
W003,Dallas,P08059,49,10,47,75,375,2026-04-10,Low Stock
W006,Berlin,P08060,976,38,975,100,500,2026-03-12,In Stock
W004,Los Angeles,P08061,642,0,608,50,250,2026-06-16,In Stock
W007,Milan,P08062,1105,17,1085,50,250,2026-05-04,In Stock
W006,Berlin,P08063,914,5,886,100,500,2026-05-26,In Stock
W005,London,P08064,379,20,363,20,100,2026-06-21,In Stock
W006,Berlin,P08065,173,20,147,50,250,2026-04-28,In Stock
W005,London,P08066,19,5,16,100,500,2026-06-14,Low Stock
W007,Milan,P08067,1020,38,982,50,250,2026-04-03,In Stock
W004,Los Angeles,P08068,72,4,58,20,100,2026-03-07,In Stock
W005,London,P08069,160,2,138,50,250,2026-03-26,In Stock
W001,New York,P08070,793,1,757,75,375,2026-06-19,In Stock
W005,London,P08071,556,22,537,75,375,2026-04-23,In Stock
W005,London,P08072,11,0,9,20,100,2026-03-07,Low Stock
W005,London,P08073,76,18,50,20,100,2026-05-27,In Stock
W006,Berlin,P08074,515,29,491,100,500,2026-04-22,In Stock
W004,Los Angeles,P08075,605,28,583,100,500,2026-06-07,In Stock
W006,Berlin,P08076,832,18,797,20,100,2026-04-15,In Stock
W003,Dallas,P08077,577,27,569,75,375,2026-05-19,In Stock
W008,Sydney,P08078,864,5,852,20,100,2026-04-22,In Stock
W001,New York,P08079,963,21,958,100,500,2026-06-17,In Stock
W002,Chicago,P08080,349,24,327,20,100,2026-06-06,In Stock
W006,Berlin,P08081,122,7,99,100,500,2026-04-17,In Stock
W006,Berlin,P08082,46,15,40,50,250,2026-05-16,Low Stock
W001,New York,P08083,899,31,883,20,100,2026-06-19,In Stock
W007,Milan,P08084,562,30,538,75,375,2026-03-08,In Stock
W004,Los Angeles,P08085,207,14,197,20,100,2026-03-31,In Stock
W004,Los Angeles,P08086,249,29,224,100,500,2026-04-29,In Stock
W001,New York,P08087,332,19,308,50,250,2026-06-16,In Stock
W007,Milan,P08088,1044,18,1027,50,250,2026-05-11,In Stock
W007,Milan,P08089,579,32,541,50,250,2026-03-05,In Stock
W003,Dallas,P08090,514,5,480,50,250,2026-05-30,In Stock
W003,Dallas,P08091,1041,5,1026,20,100,2026-03-10,In Stock
W008,Sydney,P08092,260,17,229,50,250,2026-03-01,In Stock
W003,Dallas,P08093,1184,20,1148,75,375,2026-06-17,In Stock
W005,London,P08094,613,36,594,100,500,2026-06-26,In Stock
W001,New York,P08095,1176,24,1155,50,250,2026-03-12,In Stock
W005,London,P08096,829,37,820,30,150,2026-04-07,In Stock
W005,London,P08097,1147,31,1112,100,500,2026-06-26,In Stock
W008,Sydney,P08098,499,25,459,75,375,2026-04-03,In Stock
W008,Sydney,P08099,856,36,826,50,250,2026-03-02,In Stock
W004,Los Angeles,P08100,927,2,907,100,500,2026-05-28,In Stock
W005,London,P08101,303,7,267,50,250,2026-06-16,In Stock
W008,Sydney,P08102,251,8,217,75,375,2026-04-16,In Stock
W008,Sydney,P08103,627,27,598,75,375,2026-05-04,In Stock
W007,Milan,P08104,819,39,814,20,100,2026-04-14,In Stock
W002,Chicago,P08105,388,10,364,50,250,2026-03-13,In Stock
W005,London,P08106,258,36,219,50,250,2026-06-02,In Stock
W002,Chicago,P08107,918,37,887,75,375,2026-03-12,In Stock
W001,New York,P08108,1087,26,1059,50,250,2026-05-19,In Stock
W002,Chicago,P08109,53,27,40,50,250,2026-03-19,In Stock
W007,Milan,P08110,993,19,976,20,100,2026-03-20,In Stock
W008,Sydney,P08111,977,7,960,75,375,2026-06-24,In Stock
W006,Berlin,P08112,922,3,914,75,375,2026-05-13,In Stock
W001,New York,P08113,175,23,157,50,250,2026-05-27,In Stock
W005,London,P08114,73,39,39,100,500,2026-05-18,Low Stock
W008,Sydney,P08115,663,23,639,30,150,2026-04-09,In Stock
W004,Los Angeles,P08116,1004,17,969,50,250,2026-05-25,In Stock
W006,Berlin,P08117,689,30,665,50,250,2026-02-28,In Stock
W007,Milan,P08118,431,21,414,30,150,2026-06-05,In Stock
W001,New York,P08119,683,36,662,20,100,2026-06-01,In Stock
W001,New York,P08120,920,30,890,30,150,2026-06-12,In Stock
W003,Dallas,P08121,972,36,952,75,375,2026-04-03,In Stock
W008,Sydney,P08122,123,37,106,100,500,2026-03-13,In Stock
W003,Dallas,P08123,873,1,858,75,375,2026-05-07,In Stock
W007,Milan,P08124,1106,40,1095,20,100,2026-03-21,In Stock
W008,Sydney,P08125,891,16,857,50,250,2026-06-06,In Stock
W005,London,P08126,402,2,399,50,250,2026-04-28,In Stock
W007,Milan,P08127,210,22,196,75,375,2026-04-28,In Stock
W008,Sydney,P08128,956,16,948,100,500,2026-05-24,In Stock
W008,Sydney,P08129,217,18,181,75,375,2026-06-20,In Stock
W002,Chicago,P08130,797,27,760,30,150,2026-05-17,In Stock
W001,New York,P08131,964,21,926,30,150,2026-06-06,In Stock
W006,Berlin,P08132,73,24,35,20,100,2026-06-19,In Stock
W006,Berlin,P08133,874,30,841,100,500,2026-06-21,In Stock
W008,Sydney,P08134,1043,13,1040,30,150,2026-04-28,In Stock
W001,New York,P08135,43,4,31,100,500,2026-06-01,Low Stock
W005,London,P08136,1186,9,1173,20,100,2026-03-22,In Stock
W008,Sydney,P08137,613,11,586,30,150,2026-04-16,In Stock
W003,Dallas,P08138,570,18,564,100,500,2026-04-19,In Stock
W001,New York,P08139,184,36,144,75,375,2026-05-14,In Stock
W002,Chicago,P08140,241,36,222,30,150,2026-05-06,In Stock
W005,London,P08141,80,4,74,30,150,2026-04-20,In Stock
W003,Dallas,P08142,1133,38,1127,75,375,2026-05-26,In Stock
W007,Milan,P08143,731,22,725,100,500,2026-06-18,In Stock
W003,Dallas,P08144,56,14,20,30,150,2026-03-16,In Stock
W001,New York,P08145,752,24,725,100,500,2026-04-02,In Stock
W007,Milan,P08146,1187,9,1174,50,250,2026-04-16,In Stock
W005,London,P08147,386,13,356,100,500,2026-05-14,In Stock
W005,London,P08148,325,32,306,100,500,2026-05-10,In Stock
W004,Los Angeles,P08149,970,15,951,75,375,2026-04-09,In Stock
W006,Berlin,P08150,109,0,98,30,150,2026-03-09,In Stock
W008,Sydney,P08151,972,5,943,30,150,2026-04-16,In Stock
W004,Los Angeles,P08152,152,10,130,75,375,2026-06-23,In Stock
W006,Berlin,P08153,721,10,694,30,150,2026-05-03,In Stock
W003,Dallas,P08154,569,32,554,50,250,2026-04-01,In Stock
W008,Sydney,P08155,294,35,265,75,375,2026-03-23,In Stock
W008,Sydney,P08156,492,33,456,100,500,2026-03-14,In Stock
W005,London,P08157,162,33,135,30,150,2026-05-03,In Stock
W003,Dallas,P08158,1037,30,1021,75,375,2026-04-26,In Stock
W007,Milan,P08159,170,18,169,20,100,2026-05-03,In Stock
W007,Milan,P08160,338,24,299,100,500,2026-03-19,In Stock
W007,Milan,P08161,642,18,636,30,150,2026-03-25,In Stock
W006,Berlin,P08162,995,4,963,30,150,2026-06-22,In Stock
W003,Dallas,P08163,37,1,21,50,250,2026-06-19,Low Stock
W001,New York,P08164,942,36,938,20,100,2026-06-11,In Stock
W005,London,P08165,510,29,507,30,150,2026-03-02,In Stock
W003,Dallas,P08166,864,28,831,50,250,2026-03-02,In Stock
W002,Chicago,P08167,596,25,582,100,500,2026-03-18,In Stock
W006,Berlin,P08168,650,5,613,20,100,2026-06-02,In Stock
W006,Berlin,P08169,428,5,427,20,100,2026-03-08,In Stock
W002,Chicago,P08170,662,19,639,100,500,2026-05-09,In Stock
W008,Sydney,P08171,461,14,431,20,100,2026-06-21,In Stock
W001,New York,P08172,134,17,98,75,375,2026-06-04,In Stock
W002,Chicago,P08173,923,26,922,50,250,2026-03-18,In Stock
W008,Sydney,P08174,477,11,471,20,100,2026-03-30,In Stock
W008,Sydney,P08175,436,13,421,75,375,2026-03-14,In Stock
W008,Sydney,P08176,90,0,84,20,100,2026-04-05,In Stock
W005,London,P08177,1158,26,1148,30,150,2026-06-19,In Stock
W003,Dallas,P08178,326,0,326,50,250,2026-05-06,In Stock
W002,Chicago,P08179,427,24,406,100,500,2026-05-25,In Stock
W007,Milan,P08180,825,10,805,20,100,2026-03-11,In Stock
W002,Chicago,P08181,554,21,520,30,150,2026-03-28,In Stock
W001,New York,P08182,566,5,562,75,375,2026-03-14,In Stock
W001,New York,P08183,66,21,63,50,250,2026-06-18,In Stock
W006,Berlin,P08184,496,7,460,20,100,2026-02-28,In Stock
W006,Berlin,P08185,832,9,802,20,100,2026-05-08,In Stock
W004,Los Angeles,P08186,561,31,523,75,375,2026-05-04,In Stock
W007,Milan,P08187,101,16,69,50,250,2026-03-13,In Stock
W006,Berlin,P08188,770,20,740,30,150,2026-05-15,In Stock
W001,New York,P08189,559,11,540,30,150,2026-05-08,In Stock
W005,London,P08190,116,37,100,75,375,2026-04-05,In Stock
W007,Milan,P08191,224,21,208,75,375,2026-03-08,In Stock
W002,Chicago,P08192,1061,31,1030,30,150,2026-06-15,In Stock
W002,Chicago,P08193,614,35,608,100,500,2026-05-11,In Stock
W001,New York,P08194,755,1,751,100,500,2026-04-17,In Stock
W008,Sydney,P08195,676,31,674,50,250,2026-04-18,In Stock
W003,Dallas,P08196,822,35,798,75,375,2026-03-12,In Stock
W006,Berlin,P08197,95,17,77,50,250,2026-06-17,In Stock
W005,London,P08198,571,39,555,30,150,2026-03-22,In Stock
W003,Dallas,P08199,828,40,827,75,375,2026-04-22,In Stock
W001,New York,P08200,709,4,688,20,100,2026-03-16,In Stock
W002,Chicago,P08201,465,32,439,75,375,2026-03-22,In Stock
W003,Dallas,P08202,841,16,802,100,500,2026-05-03,In Stock
W001,New York,P08203,600,16,596,30,150,2026-05-07,In Stock
W002,Chicago,P08204,603,0,575,30,150,2026-05-11,In Stock
W002,Chicago,P08205,899,2,872,20,100,2026-04-21,In Stock
W002,Chicago,P08206,542,27,519,30,150,2026-04-16,In Stock
W008,Sydney,P08207,315,38,286,30,150,2026-05-09,In Stock
W007,Milan,P08208,214,20,198,20,100,2026-06-13,In Stock
W008,Sydney,P08209,171,2,170,50,250,2026-03-19,In Stock
W008,Sydney,P08210,885,5,856,20,100,2026-05-15,In Stock
W002,Chicago,P08211,1099,0,1071,20,100,2026-03-04,In Stock
W008,Sydney,P08212,1133,11,1101,50,250,2026-05-23,In Stock
W006,Berlin,P08213,742,27,736,75,375,2026-04-22,In Stock
W007,Milan,P08214,989,2,962,75,375,2026-05-05,In Stock
W008,Sydney,P08215,268,38,258,20,100,2026-03-18,In Stock
W003,Dallas,P08216,1133,19,1096,30,150,2026-03-10,In Stock
W002,Chicago,P08217,530,0,490,30,150,2026-04-14,In Stock
W003,Dallas,P08218,226,10,198,50,250,2026-06-06,In Stock
W006,Berlin,P08219,993,14,981,100,500,2026-05-05,In Stock
W008,Sydney,P08220,574,33,538,20,100,2026-06-15,In Stock
W003,Dallas,P08221,92,37,55,50,250,2026-03-17,In Stock
W005,London,P08222,586,40,561,75,375,2026-04-14,In Stock
W001,New York,P08223,185,10,164,30,150,2026-03-24,In Stock
W007,Milan,P08224,264,34,251,20,100,2026-05-06,In Stock
W002,Chicago,P08225,29,17,27,100,500,2026-06-09,Low Stock
W006,Berlin,P08226,1005,4,980,20,100,2026-03-09,In Stock
W003,Dallas,P08227,96,15,67,75,375,2026-06-21,In Stock
W004,Los Angeles,P08228,761,39,739,50,250,2026-03-07,In Stock
W002,Chicago,P08229,651,25,623,20,100,2026-03-05,In Stock
W007,Milan,P08230,157,26,148,75,375,2026-04-16,In Stock
W007,Milan,P08231,711,25,699,100,500,2026-05-10,In Stock
W001,New York,P08232,271,15,247,50,250,2026-04-24,In Stock
W008,Sydney,P08233,385,3,346,30,150,2026-06-10,In Stock
W003,Dallas,P08234,668,23,666,50,250,2026-03-17,In Stock
W001,New York,P08235,793,17,792,100,500,2026-04-11,In Stock
W008,Sydney,P08236,1145,13,1110,75,375,2026-04-26,In Stock
W002,Chicago,P08237,1097,40,1079,30,150,2026-03-06,In Stock
W002,Chicago,P08238,114,40,114,20,100,2026-05-04,In Stock
W007,Milan,P08239,660,18,628,100,500,2026-05-23,In Stock
W004,Los Angeles,P08240,1154,1,1154,30,150,2026-05-24,In Stock
W007,Milan,P08241,126,20,100,30,150,2026-06-28,In Stock
W008,Sydney,P08242,78,17,42,75,375,2026-03-10,In Stock
W004,Los Angeles,P08243,963,39,963,50,250,2026-05-23,In Stock
W005,London,P08244,957,3,917,100,500,2026-03-14,In Stock
W006,Berlin,P08245,1135,3,1119,30,150,2026-04-29,In Stock
W001,New York,P08246,259,33,223,75,375,2026-06-25,In Stock
W003,Dallas,P08247,932,16,909,75,375,2026-06-14,In Stock
W004,Los Angeles,P08248,8,5,0,20,100,2026-03-19,Low Stock
W001,New York,P08249,242,34,222,100,500,2026-03-03,In Stock
W008,Sydney,P08250,672,30,659,50,250,2026-03-05,In Stock
W001,New York,P08251,1109,11,1078,50,250,2026-05-20,In Stock
W001,New York,P08252,783,32,773,30,150,2026-04-25,In Stock
W006,Berlin,P08253,5,1,0,75,375,2026-05-19,Low Stock
W004,Los Angeles,P08254,376,23,368,20,100,2026-04-21,In Stock
W006,Berlin,P08255,149,23,146,50,250,2026-06-14,In Stock
W004,Los Angeles,P08256,674,16,645,30,150,2026-06-18,In Stock
W002,Chicago,P08257,896,32,866,100,500,2026-04-03,In Stock
W006,Berlin,P08258,27,3,14,50,250,2026-03-10,Low Stock
W002,Chicago,P08259,1086,5,1054,50,250,2026-06-25,In Stock
W006,Berlin,P08260,189,6,181,50,250,2026-06-26,In Stock
W001,New York,P08261,1008,40,1006,50,250,2026-05-24,In Stock
W006,Berlin,P08262,138,27,101,50,250,2026-04-12,In Stock
W004,Los Angeles,P08263,442,30,416,30,150,2026-03-31,In Stock
W003,Dallas,P08264,783,36,746,100,500,2026-05-26,In Stock
W008,Sydney,P08265,463,29,424,100,500,2026-06-03,In Stock
W001,New York,P08266,1161,23,1150,30,150,2026-03-12,In Stock
W004,Los Angeles,P08267,99,3,76,75,375,2026-05-07,In Stock
W004,Los Angeles,P08268,842,28,837,20,100,2026-06-09,In Stock
W005,London,P08269,252,30,239,30,150,2026-04-11,In Stock
W005,London,P08270,177,20,143,30,150,2026-03-16,In Stock
W002,Chicago,P08271,1162,27,1138,30,150,2026-04-15,In Stock
W005,London,P08272,388,19,375,75,375,2026-05-05,In Stock
W006,Berlin,P08273,399,19,379,20,100,2026-04-01,In Stock
W005,London,P08274,763,35,756,75,375,2026-05-12,In Stock
W001,New York,P08275,1112,20,1106,100,500,2026-03-03,In Stock
W005,London,P08276,781,6,747,30,150,2026-05-02,In Stock
W008,Sydney,P08277,841,15,839,30,150,2026-06-12,In Stock
W004,Los Angeles,P08278,16,4,3,50,250,2026-05-29,Low Stock
W004,Los Angeles,P08279,1061,40,1046,100,500,2026-06-15,In Stock
W007,Milan,P08280,8,5,7,30,150,2026-04-11,Low Stock
W003,Dallas,P08281,1015,16,1015,20,100,2026-06-25,In Stock
W005,London,P08282,502,27,478,100,500,2026-05-05,In Stock
W005,London,P08283,957,31,948,20,100,2026-05-10,In Stock
W001,New York,P08284,328,20,298,75,375,2026-03-27,In Stock
W007,Milan,P08285,873,26,841,30,150,2026-06-25,In Stock
W006,Berlin,P08286,420,12,387,75,375,2026-06-21,In Stock
W003,Dallas,P08287,412,2,376,30,150,2026-05-01,In Stock
W001,New York,P08288,191,37,157,100,500,2026-06-07,In Stock
W005,London,P08289,950,3,910,75,375,2026-04-02,In Stock
W008,Sydney,P08290,741,33,716,20,100,2026-06-11,In Stock
W002,Chicago,P08291,6,4,0,100,500,2026-03-08,Low Stock
W007,Milan,P08292,385,29,352,75,375,2026-03-01,In Stock
W003,Dallas,P08293,1035,27,1001,20,100,2026-04-16,In Stock
W007,Milan,P08294,23,12,0,20,100,2026-03-11,In Stock
W002,Chicago,P08295,326,37,323,75,375,2026-05-20,In Stock
W003,Dallas,P08296,756,34,739,30,150,2026-05-11,In Stock
W006,Berlin,P08297,1031,27,997,20,100,2026-03-21,In Stock
W002,Chicago,P08298,920,8,910,100,500,2026-04-09,In Stock
W005,London,P08299,206,39,177,100,500,2026-04-12,In Stock
W008,Sydney,P08300,17,3,15,30,150,2026-04-18,Low Stock
W001,New York,P08301,1087,16,1052,30,150,2026-03-28,In Stock
W001,New York,P08302,1118,16,1102,50,250,2026-03-04,In Stock
W008,Sydney,P08303,1128,2,1111,100,500,2026-03-06,In Stock
W004,Los Angeles,P08304,394,26,374,50,250,2026-04-20,In Stock
W007,Milan,P08305,937,24,934,30,150,2026-06-05,In Stock
W002,Chicago,P08306,443,32,442,20,100,2026-05-05,In Stock
W007,Milan,P08307,849,3,829,50,250,2026-03-02,In Stock
W008,Sydney,P08308,621,40,620,30,150,2026-04-22,In Stock
W008,Sydney,P08309,1138,13,1110,20,100,2026-04-22,In Stock
W003,Dallas,P08310,684,28,678,30,150,2026-06-12,In Stock
W007,Milan,P08311,1077,31,1076,100,500,2026-05-23,In Stock
W002,Chicago,P08312,683,31,649,50,250,2026-04-08,In Stock
W002,Chicago,P08313,481,12,477,75,375,2026-05-23,In Stock
W003,Dallas,P08314,244,21,220,75,375,2026-06-11,In Stock
W005,London,P08315,984,38,967,100,500,2026-03-28,In Stock
W005,London,P08316,504,7,473,30,150,2026-04-20,In Stock
W003,Dallas,P08317,920,2,898,30,150,2026-04-06,In Stock
W008,Sydney,P08318,836,8,834,75,375,2026-04-22,In Stock
W005,London,P08319,28,16,11,75,375,2026-03-29,Low Stock
W007,Milan,P08320,518,7,497,20,100,2026-05-03,In Stock
W008,Sydney,P08321,602,24,594,75,375,2026-06-14,In Stock
W008,Sydney,P08322,1046,27,1025,50,250,2026-04-09,In Stock
W003,Dallas,P08323,647,19,638,50,250,2026-05-26,In Stock
W006,Berlin,P08324,1151,25,1122,75,375,2026-06-06,In Stock
W003,Dallas,P08325,1172,3,1143,100,500,2026-06-08,In Stock
W003,Dallas,P08326,860,39,843,75,375,2026-06-23,In Stock
W007,Milan,P08327,48,20,32,20,100,2026-06-15,In Stock
W004,Los Angeles,P08328,1058,28,1044,30,150,2026-04-18,In Stock
W007,Milan,P08329,1100,13,1085,100,500,2026-04-11,In Stock
W003,Dallas,P08330,415,38,382,100,500,2026-05-10,In Stock
W003,Dallas,P08331,317,16,290,50,250,2026-04-06,In Stock
W007,Milan,P08332,382,26,355,100,500,2026-06-17,In Stock
W001,New York,P08333,464,25,441,50,250,2026-04-26,In Stock
W005,London,P08334,1135,35,1116,20,100,2026-06-03,In Stock
W008,Sydney,P08335,162,37,152,50,250,2026-05-07,In Stock
W003,Dallas,P08336,985,40,962,30,150,2026-06-28,In Stock
W007,Milan,P08337,64,4,55,20,100,2026-03-15,In Stock
W007,Milan,P08338,844,24,804,50,250,2026-03-15,In Stock
W001,New York,P08339,1199,4,1181,75,375,2026-04-12,In Stock
W001,New York,P08340,1160,0,1157,20,100,2026-04-13,In Stock
W002,Chicago,P08341,880,22,843,75,375,2026-03-09,In Stock
W006,Berlin,P08342,632,19,617,50,250,2026-06-24,In Stock
W001,New York,P08343,196,33,179,75,375,2026-03-11,In Stock
W007,Milan,P08344,266,19,256,75,375,2026-03-18,In Stock
W001,New York,P08345,644,8,623,30,150,2026-04-04,In Stock
W008,Sydney,P08346,404,31,392,20,100,2026-06-08,In Stock
W002,Chicago,P08347,843,23,818,75,375,2026-04-17,In Stock
W002,Chicago,P08348,93,3,53,75,375,2026-04-21,In Stock
W007,Milan,P08349,134,31,129,20,100,2026-06-01,In Stock
W005,London,P08350,1,1,0,30,150,2026-06-26,Low Stock
W007,Milan,P08351,552,9,523,30,150,2026-05-06,In Stock
W005,London,P08352,502,36,483,50,250,2026-03-23,In Stock
W007,Milan,P08353,693,27,671,30,150,2026-06-21,In Stock
W006,Berlin,P08354,394,31,363,50,250,2026-04-03,In Stock
W005,London,P08355,162,26,162,20,100,2026-06-08,In Stock
W006,Berlin,P08356,1173,12,1138,50,250,2026-04-21,In Stock
W008,Sydney,P08357,703,38,663,50,250,2026-03-05,In Stock
W008,Sydney,P08358,648,11,645,100,500,2026-05-26,In Stock
W002,Chicago,P08359,705,10,672,50,250,2026-03-26,In Stock
W003,Dallas,P08360,467,6,442,20,100,2026-03-02,In Stock
W005,London,P08361,473,15,433,20,100,2026-06-11,In Stock
W008,Sydney,P08362,937,18,919,50,250,2026-05-30,In Stock
W004,Los Angeles,P08363,297,19,275,100,500,2026-04-03,In Stock
W008,Sydney,P08364,1075,31,1057,75,375,2026-03-08,In Stock
W001,New York,P08365,604,29,596,75,375,2026-05-26,In Stock
W007,Milan,P08366,561,30,552,100,500,2026-03-20,In Stock
W004,Los Angeles,P08367,605,36,605,20,100,2026-05-07,In Stock
W008,Sydney,P08368,152,2,114,20,100,2026-04-16,In Stock
W008,Sydney,P08369,1144,18,1133,50,250,2026-04-11,In Stock
W003,Dallas,P08370,1185,15,1181,100,500,2026-05-11,In Stock
W005,London,P08371,268,8,236,20,100,2026-06-12,In Stock
W007,Milan,P08372,728,22,690,100,500,2026-04-29,In Stock
W001,New York,P08373,368,33,331,50,250,2026-06-19,In Stock
W001,New York,P08374,701,30,665,50,250,2026-04-16,In Stock
W002,Chicago,P08375,740,16,726,100,500,2026-05-26,In Stock
W006,Berlin,P08376,775,7,766,50,250,2026-03-22,In Stock
W004,Los Angeles,P08377,587,16,570,30,150,2026-06-21,In Stock
W008,Sydney,P08378,54,1,28,100,500,2026-03-11,Low Stock
W004,Los Angeles,P08379,145,37,124,30,150,2026-04-11,In Stock
W005,London,P08380,488,28,454,50,250,2026-03-25,In Stock
W005,London,P08381,667,1,637,100,500,2026-06-02,In Stock
W002,Chicago,P08382,319,10,315,100,500,2026-04-08,In Stock
W002,Chicago,P08383,146,25,127,30,150,2026-04-08,In Stock
W003,Dallas,P08384,193,5,173,100,500,2026-05-27,In Stock
W005,London,P08385,1015,32,978,100,500,2026-06-01,In Stock
W008,Sydney,P08386,933,31,930,20,100,2026-05-12,In Stock
W001,New York,P08387,909,39,886,20,100,2026-04-07,In Stock
W001,New York,P08388,823,24,810,30,150,2026-06-05,In Stock
W008,Sydney,P08389,828,16,816,30,150,2026-06-12,In Stock
W007,Milan,P08390,685,9,685,75,375,2026-03-22,In Stock
W008,Sydney,P08391,1075,16,1044,20,100,2026-06-23,In Stock
W008,Sydney,P08392,1051,15,1023,100,500,2026-04-12,In Stock
W008,Sydney,P08393,1013,10,1001,50,250,2026-04-10,In Stock
W007,Milan,P08394,399,36,393,75,375,2026-03-17,In Stock
W005,London,P08395,741,17,735,50,250,2026-03-10,In Stock
W004,Los Angeles,P08396,1038,28,1002,50,250,2026-06-09,In Stock
W003,Dallas,P08397,818,38,817,30,150,2026-06-16,In Stock
W007,Milan,P08398,720,20,682,20,100,2026-03-28,In Stock
W006,Berlin,P08399,339,18,311,75,375,2026-03-11,In Stock
W008,Sydney,P08400,202,21,188,50,250,2026-06-04,In Stock
W004,Los Angeles,P08401,144,36,130,75,375,2026-06-19,In Stock
W004,Los Angeles,P08402,611,21,587,75,375,2026-03-08,In Stock
W002,Chicago,P08403,866,29,842,20,100,2026-05-13,In Stock
W001,New York,P08404,291,1,290,20,100,2026-03-20,In Stock
W001,New York,P08405,351,33,324,75,375,2026-05-20,In Stock
W006,Berlin,P08406,1068,3,1068,75,375,2026-05-15,In Stock
W002,Chicago,P08407,256,14,224,50,250,2026-03-06,In Stock
W001,New York,P08408,863,6,824,30,150,2026-03-31,In Stock
W001,New York,P08409,677,31,653,30,150,2026-04-13,In Stock
W004,Los Angeles,P08410,349,29,309,100,500,2026-04-16,In Stock
W003,Dallas,P08411,1019,24,1008,50,250,2026-06-06,In Stock
W007,Milan,P08412,1055,30,1035,100,500,2026-06-04,In Stock
W002,Chicago,P08413,157,10,141,50,250,2026-03-23,In Stock
W004,Los Angeles,P08414,1103,8,1102,75,375,2026-05-03,In Stock
W006,Berlin,P08415,913,12,907,100,500,2026-05-20,In Stock
W005,London,P08416,514,17,507,100,500,2026-04-14,In Stock
W007,Milan,P08417,553,36,529,50,250,2026-06-06,In Stock
W005,London,P08418,414,17,414,100,500,2026-04-16,In Stock
W003,Dallas,P08419,1009,4,987,75,375,2026-05-02,In Stock
W004,Los Angeles,P08420,847,21,847,100,500,2026-04-07,In Stock
W008,Sydney,P08421,120,7,86,50,250,2026-06-09,In Stock
W006,Berlin,P08422,181,1,169,20,100,2026-06-17,In Stock
W007,Milan,P08423,927,1,897,30,150,2026-05-14,In Stock
W002,Chicago,P08424,560,23,534,50,250,2026-05-05,In Stock
W002,Chicago,P08425,835,29,811,75,375,2026-03-19,In Stock
W001,New York,P08426,188,3,171,50,250,2026-05-29,In Stock
W005,London,P08427,3,0,0,20,100,2026-05-09,Low Stock
W006,Berlin,P08428,700,24,681,75,375,2026-04-30,In Stock
W006,Berlin,P08429,858,23,829,75,375,2026-03-08,In Stock
W004,Los Angeles,P08430,285,30,255,100,500,2026-05-21,In Stock
W002,Chicago,P08431,120,0,93,50,250,2026-04-23,In Stock
W006,Berlin,P08432,43,15,28,30,150,2026-06-22,In Stock
W005,London,P08433,872,7,853,30,150,2026-03-31,In Stock
W008,Sydney,P08434,47,6,23,75,375,2026-03-14,Low Stock
W006,Berlin,P08435,451,14,451,75,375,2026-05-18,In Stock
W004,Los Angeles,P08436,606,34,568,30,150,2026-06-28,In Stock
W008,Sydney,P08437,1081,40,1055,20,100,2026-06-09,In Stock
W004,Los Angeles,P08438,127,24,120,100,500,2026-05-14,In Stock
W001,New York,P08439,980,3,953,20,100,2026-05-09,In Stock
W002,Chicago,P08440,813,3,799,100,500,2026-05-04,In Stock
W008,Sydney,P08441,118,36,115,50,250,2026-05-25,In Stock
W002,Chicago,P08442,244,36,204,75,375,2026-03-11,In Stock
W008,Sydney,P08443,907,27,895,100,500,2026-06-15,In Stock
W005,London,P08444,844,2,808,75,375,2026-03-01,In Stock
W007,Milan,P08445,99,29,82,100,500,2026-04-11,Low Stock
W007,Milan,P08446,141,9,103,30,150,2026-03-10,In Stock
W004,Los Angeles,P08447,37,31,3,100,500,2026-04-23,Low Stock
W005,London,P08448,960,36,926,75,375,2026-04-24,In Stock
W003,Dallas,P08449,524,29,502,30,150,2026-04-10,In Stock
W007,Milan,P08450,1087,34,1060,75,375,2026-06-06,In Stock
W008,Sydney,P08451,519,11,505,100,500,2026-06-27,In Stock
W001,New York,P08452,1167,4,1147,75,375,2026-05-27,In Stock
W008,Sydney,P08453,681,22,680,100,500,2026-06-14,In Stock
W004,Los Angeles,P08454,442,28,433,75,375,2026-03-27,In Stock
W002,Chicago,P08455,134,24,106,50,250,2026-03-23,In Stock
W002,Chicago,P08456,567,34,557,20,100,2026-03-04,In Stock
W003,Dallas,P08457,601,19,563,75,375,2026-04-07,In Stock
W002,Chicago,P08458,491,5,465,75,375,2026-03-19,In Stock
W006,Berlin,P08459,114,17,74,100,500,2026-06-07,In Stock
W004,Los Angeles,P08460,216,36,190,50,250,2026-04-08,In Stock
W004,Los Angeles,P08461,960,5,946,100,500,2026-06-13,In Stock
W002,Chicago,P08462,746,32,742,20,100,2026-03-30,In Stock
W004,Los Angeles,P08463,780,1,779,100,500,2026-05-24,In Stock
W008,Sydney,P08464,98,27,79,50,250,2026-05-23,In Stock
W005,London,P08465,122,34,118,50,250,2026-05-17,In Stock
W002,Chicago,P08466,456,16,447,100,500,2026-04-26,In Stock
W002,Chicago,P08467,148,10,121,100,500,2026-03-19,In Stock
W001,New York,P08468,43,32,16,100,500,2026-04-03,Low Stock
W001,New York,P08469,865,4,847,100,500,2026-05-20,In Stock
W002,Chicago,P08470,878,24,872,75,375,2026-06-15,In Stock
W008,Sydney,P08471,955,38,938,30,150,2026-06-08,In Stock
W001,New York,P08472,838,3,803,75,375,2026-06-25,In Stock
W006,Berlin,P08473,1062,35,1053,50,250,2026-05-24,In Stock
W001,New York,P08474,522,30,491,100,500,2026-03-29,In Stock
W006,Berlin,P08475,991,18,991,30,150,2026-06-24,In Stock
W004,Los Angeles,P08476,120,5,97,30,150,2026-06-20,In Stock
W007,Milan,P08477,189,22,152,75,375,2026-04-18,In Stock
W007,Milan,P08478,364,19,325,30,150,2026-05-21,In Stock
W008,Sydney,P08479,858,6,819,50,250,2026-05-25,In Stock
W006,Berlin,P08480,1036,11,1013,30,150,2026-06-19,In Stock
W001,New York,P08481,169,8,144,20,100,2026-05-30,In Stock
W004,Los Angeles,P08482,537,8,528,100,500,2026-05-03,In Stock
W008,Sydney,P08483,969,34,949,20,100,2026-04-16,In Stock
W005,London,P08484,338,32,327,75,375,2026-05-29,In Stock
W006,Berlin,P08485,759,12,742,50,250,2026-05-27,In Stock
W003,Dallas,P08486,187,33,147,30,150,2026-06-28,In Stock
W002,Chicago,P08487,247,21,217,50,250,2026-05-08,In Stock
W005,London,P08488,204,6,191,50,250,2026-04-10,In Stock
W006,Berlin,P08489,754,10,741,30,150,2026-04-29,In Stock
W006,Berlin,P08490,28,24,15,100,500,2026-04-11,Low Stock
W008,Sydney,P08491,496,29,476,20,100,2026-03-06,In Stock
W003,Dallas,P08492,654,14,645,30,150,2026-05-24,In Stock
W004,Los Angeles,P08493,514,6,501,30,150,2026-04-17,In Stock
W006,Berlin,P08494,988,27,968,100,500,2026-02-28,In Stock
W007,Milan,P08495,339,0,308,100,500,2026-06-03,In Stock
W004,Los Angeles,P08496,765,0,739,20,100,2026-03-30,In Stock
W005,London,P08497,667,33,665,50,250,2026-03-06,In Stock
W005,London,P08498,1061,39,1043,30,150,2026-06-23,In Stock
W008,Sydney,P08499,1108,33,1084,30,150,2026-06-05,In Stock
W006,Berlin,P08500,711,28,700,100,500,2026-04-16,In Stock
W004,Los Angeles,P08501,925,27,915,20,100,2026-04-09,In Stock
W006,Berlin,P08502,1037,13,1013,75,375,2026-06-26,In Stock
W001,New York,P08503,752,34,744,50,250,2026-03-15,In Stock
W003,Dallas,P08504,856,12,851,30,150,2026-05-07,In Stock
W008,Sydney,P08505,764,4,759,20,100,2026-05-12,In Stock
W004,Los Angeles,P08506,277,1,264,75,375,2026-03-14,In Stock
W005,London,P08507,195,28,165,50,250,2026-03-02,In Stock
W006,Berlin,P08508,777,32,751,100,500,2026-06-01,In Stock
W008,Sydney,P08509,183,28,146,30,150,2026-04-14,In Stock
W008,Sydney,P08510,16,0,0,100,500,2026-05-28,Low Stock
W003,Dallas,P08511,1105,35,1101,100,500,2026-03-18,In Stock
W003,Dallas,P08512,307,39,283,30,150,2026-03-18,In Stock
W006,Berlin,P08513,927,12,896,50,250,2026-03-19,In Stock
W007,Milan,P08514,552,21,545,50,250,2026-06-08,In Stock
W006,Berlin,P08515,785,10,776,30,150,2026-06-27,In Stock
W004,Los Angeles,P08516,574,16,557,75,375,2026-03-18,In Stock
W003,Dallas,P08517,1158,7,1145,75,375,2026-04-23,In Stock
W001,New York,P08518,916,35,892,20,100,2026-06-23,In Stock
W007,Milan,P08519,1167,12,1129,100,500,2026-04-13,In Stock
W005,London,P08520,696,2,672,20,100,2026-04-05,In Stock
W004,Los Angeles,P08521,1062,39,1053,30,150,2026-06-19,In Stock
W007,Milan,P08522,298,33,274,100,500,2026-06-27,In Stock
W005,London,P08523,379,32,356,75,375,2026-03-31,In Stock
W008,Sydney,P08524,216,15,190,20,100,2026-04-06,In Stock
W004,Los Angeles,P08525,25,12,0,50,250,2026-05-17,Low Stock
W007,Milan,P08526,360,40,358,50,250,2026-04-02,In Stock
W007,Milan,P08527,614,8,601,20,100,2026-05-19,In Stock
W003,Dallas,P08528,1120,34,1081,100,500,2026-04-15,In Stock
W001,New York,P08529,1123,33,1099,100,500,2026-03-23,In Stock
W001,New York,P08530,1075,5,1075,20,100,2026-05-01,In Stock
W002,Chicago,P08531,578,11,565,100,500,2026-03-30,In Stock
W007,Milan,P08532,52,26,20,30,150,2026-06-25,In Stock
W006,Berlin,P08533,1143,18,1127,100,500,2026-03-20,In Stock
W005,London,P08534,428,8,421,75,375,2026-03-13,In Stock
W004,Los Angeles,P08535,355,31,324,75,375,2026-03-11,In Stock
W007,Milan,P08536,435,14,431,100,500,2026-03-29,In Stock
W002,Chicago,P08537,1032,19,1018,20,100,2026-04-24,In Stock
W005,London,P08538,492,37,462,20,100,2026-04-17,In Stock
W008,Sydney,P08539,674,32,658,75,375,2026-06-06,In Stock
W002,Chicago,P08540,1137,35,1135,20,100,2026-06-20,In Stock
W008,Sydney,P08541,571,10,533,75,375,2026-06-17,In Stock
W004,Los Angeles,P08542,214,10,190,20,100,2026-05-14,In Stock
W008,Sydney,P08543,633,0,620,75,375,2026-06-21,In Stock
W003,Dallas,P08544,435,8,431,20,100,2026-04-27,In Stock
W002,Chicago,P08545,917,19,906,20,100,2026-03-30,In Stock
W004,Los Angeles,P08546,287,20,254,75,375,2026-04-20,In Stock
W002,Chicago,P08547,162,20,123,100,500,2026-03-17,In Stock
W003,Dallas,P08548,49,13,48,75,375,2026-03-11,Low Stock
W005,London,P08549,238,22,230,75,375,2026-03-10,In Stock
W008,Sydney,P08550,342,5,307,75,375,2026-03-07,In Stock
W002,Chicago,P08551,19,11,5,100,500,2026-06-16,Low Stock
W001,New York,P08552,38,29,0,20,100,2026-04-05,In Stock
W003,Dallas,P08553,663,14,638,20,100,2026-03-09,In Stock
W003,Dallas,P08554,319,34,318,30,150,2026-06-19,In Stock
W004,Los Angeles,P08555,919,11,918,20,100,2026-03-12,In Stock
W002,Chicago,P08556,638,4,621,20,100,2026-05-10,In Stock
W007,Milan,P08557,168,25,166,30,150,2026-03-01,In Stock
W008,Sydney,P08558,1014,31,1004,30,150,2026-06-24,In Stock
W005,London,P08559,746,36,711,20,100,2026-06-28,In Stock
W007,Milan,P08560,419,14,404,50,250,2026-06-02,In Stock
W006,Berlin,P08561,55,25,44,20,100,2026-05-06,In Stock
W003,Dallas,P08562,666,2,647,20,100,2026-03-13,In Stock
W005,London,P08563,773,31,758,20,100,2026-06-24,In Stock
W006,Berlin,P08564,152,6,139,50,250,2026-05-31,In Stock
W003,Dallas,P08565,60,25,32,100,500,2026-06-03,Low Stock
W001,New York,P08566,306,0,276,50,250,2026-05-20,In Stock
W002,Chicago,P08567,412,36,372,50,250,2026-04-02,In Stock
W007,Milan,P08568,849,15,834,50,250,2026-04-17,In Stock
W001,New York,P08569,455,14,422,75,375,2026-05-13,In Stock
W008,Sydney,P08570,569,14,531,30,150,2026-06-16,In Stock
W006,Berlin,P08571,1032,0,1031,20,100,2026-03-19,In Stock
W005,London,P08572,208,9,184,75,375,2026-04-27,In Stock
W006,Berlin,P08573,89,19,62,20,100,2026-04-23,In Stock
W004,Los Angeles,P08574,248,25,225,50,250,2026-06-28,In Stock
W001,New York,P08575,461,16,421,100,500,2026-03-05,In Stock
W006,Berlin,P08576,738,18,714,100,500,2026-03-10,In Stock
W005,London,P08577,330,6,298,20,100,2026-06-15,In Stock
W001,New York,P08578,287,10,287,30,150,2026-06-16,In Stock
W007,Milan,P08579,712,38,679,20,100,2026-04-19,In Stock
W001,New York,P08580,831,38,824,20,100,2026-03-11,In Stock
W008,Sydney,P08581,714,29,693,20,100,2026-06-13,In Stock
W003,Dallas,P08582,798,30,758,75,375,2026-05-14,In Stock
W001,New York,P08583,574,6,549,75,375,2026-04-07,In Stock
W003,Dallas,P08584,297,40,279,100,500,2026-06-03,In Stock
W007,Milan,P08585,708,34,668,75,375,2026-04-18,In Stock
W008,Sydney,P08586,337,9,337,20,100,2026-05-27,In Stock
W008,Sydney,P08587,164,14,140,20,100,2026-03-20,In Stock
W006,Berlin,P08588,465,31,441,50,250,2026-03-24,In Stock
W005,London,P08589,181,18,172,50,250,2026-03-28,In Stock
W008,Sydney,P08590,235,28,217,100,500,2026-05-16,In Stock
W004,Los Angeles,P08591,131,23,94,50,250,2026-05-12,In Stock
W006,Berlin,P08592,31,3,28,100,500,2026-06-10,Low Stock
W001,New York,P08593,873,22,854,100,500,2026-04-29,In Stock
W004,Los Angeles,P08594,645,16,637,75,375,2026-03-17,In Stock
W008,Sydney,P08595,284,16,271,100,500,2026-05-07,In Stock
W002,Chicago,P08596,77,1,41,100,500,2026-04-23,Low Stock
W003,Dallas,P08597,534,3,501,50,250,2026-06-14,In Stock
W005,London,P08598,881,28,879,50,250,2026-06-09,In Stock
W004,Los Angeles,P08599,856,28,838,20,100,2026-06-14,In Stock
W008,Sydney,P08600,121,0,111,75,375,2026-06-06,In Stock
W006,Berlin,P08601,347,20,335,50,250,2026-04-05,In Stock
W002,Chicago,P08602,385,5,357,50,250,2026-05-06,In Stock
W003,Dallas,P08603,382,1,346,100,500,2026-05-15,In Stock
W005,London,P08604,141,23,124,75,375,2026-04-03,In Stock
W001,New York,P08605,197,15,169,75,375,2026-04-11,In Stock
W001,New York,P08606,718,17,683,100,500,2026-06-07,In Stock
W002,Chicago,P08607,912,39,899,30,150,2026-06-01,In Stock
W007,Milan,P08608,211,34,201,20,100,2026-03-18,In Stock
W007,Milan,P08609,724,6,716,75,375,2026-03-17,In Stock
W001,New York,P08610,783,24,766,50,250,2026-03-28,In Stock
W007,Milan,P08611,982,16,953,75,375,2026-04-18,In Stock
W006,Berlin,P08612,783,21,780,30,150,2026-04-18,In Stock
W005,London,P08613,722,4,703,20,100,2026-05-28,In Stock
W003,Dallas,P08614,729,0,692,75,375,2026-04-15,In Stock
W003,Dallas,P08615,1053,7,1053,75,375,2026-06-10,In Stock
W006,Berlin,P08616,685,16,670,20,100,2026-04-22,In Stock
W003,Dallas,P08617,660,9,660,50,250,2026-05-28,In Stock
W003,Dallas,P08618,1109,21,1073,75,375,2026-06-13,In Stock
W002,Chicago,P08619,1152,2,1130,100,500,2026-06-05,In Stock
W004,Los Angeles,P08620,87,12,87,50,250,2026-05-04,In Stock
W008,Sydney,P08621,449,34,435,20,100,2026-03-17,In Stock
W001,New York,P08622,464,33,446,100,500,2026-06-26,In Stock
W002,Chicago,P08623,882,29,857,75,375,2026-04-14,In Stock
W003,Dallas,P08624,133,7,132,100,500,2026-05-17,In Stock
W001,New York,P08625,1002,37,973,20,100,2026-06-24,In Stock
W006,Berlin,P08626,993,19,971,50,250,2026-03-01,In Stock
W005,London,P08627,50,37,43,75,375,2026-03-07,Low Stock
W005,London,P08628,506,29,479,100,500,2026-04-29,In Stock
W004,Los Angeles,P08629,1131,15,1124,50,250,2026-03-22,In Stock
W006,Berlin,P08630,763,31,736,75,375,2026-04-12,In Stock
W006,Berlin,P08631,945,10,909,100,500,2026-05-11,In Stock
W003,Dallas,P08632,837,10,807,30,150,2026-06-01,In Stock
W003,Dallas,P08633,541,31,539,30,150,2026-06-04,In Stock
W002,Chicago,P08634,1169,20,1143,20,100,2026-05-08,In Stock
W006,Berlin,P08635,223,4,209,50,250,2026-05-20,In Stock
W004,Los Angeles,P08636,43,25,10,75,375,2026-04-06,Low Stock
W004,Los Angeles,P08637,307,32,279,100,500,2026-05-10,In Stock
W002,Chicago,P08638,883,22,843,20,100,2026-06-17,In Stock
W002,Chicago,P08639,964,10,947,20,100,2026-06-05,In Stock
W004,Los Angeles,P08640,876,28,860,30,150,2026-03-27,In Stock
W004,Los Angeles,P08641,947,34,945,30,150,2026-06-20,In Stock
W004,Los Angeles,P08642,154,16,142,100,500,2026-05-23,In Stock
W002,Chicago,P08643,385,30,378,50,250,2026-03-17,In Stock
W007,Milan,P08644,1150,26,1143,30,150,2026-06-20,In Stock
W002,Chicago,P08645,587,24,577,75,375,2026-06-25,In Stock
W008,Sydney,P08646,419,29,385,50,250,2026-04-28,In Stock
W004,Los Angeles,P08647,704,7,687,50,250,2026-03-15,In Stock
W006,Berlin,P08648,714,19,686,75,375,2026-03-05,In Stock
W004,Los Angeles,P08649,131,25,99,20,100,2026-04-21,In Stock
W006,Berlin,P08650,360,25,346,75,375,2026-04-29,In Stock
W001,New York,P08651,28,27,0,100,500,2026-03-07,Low Stock
W005,London,P08652,457,12,455,100,500,2026-06-13,In Stock
W005,London,P08653,1120,30,1088,50,250,2026-03-26,In Stock
W002,Chicago,P08654,828,27,828,50,250,2026-04-23,In Stock
W001,New York,P08655,541,32,502,20,100,2026-06-24,In Stock
W003,Dallas,P08656,576,25,565,50,250,2026-04-18,In Stock
W003,Dallas,P08657,885,29,872,20,100,2026-05-26,In Stock
W007,Milan,P08658,69,29,56,100,500,2026-03-23,Low Stock
W007,Milan,P08659,412,16,376,20,100,2026-06-04,In Stock
W002,Chicago,P08660,1057,12,1029,20,100,2026-03-04,In Stock
W003,Dallas,P08661,310,12,277,100,500,2026-03-25,In Stock
W001,New York,P08662,625,0,611,50,250,2026-06-28,In Stock
W004,Los Angeles,P08663,567,7,562,100,500,2026-05-08,In Stock
W005,London,P08664,1003,16,966,75,375,2026-06-05,In Stock
W008,Sydney,P08665,404,26,369,100,500,2026-03-17,In Stock
W002,Chicago,P08666,416,30,408,30,150,2026-03-07,In Stock
W003,Dallas,P08667,998,6,963,100,500,2026-06-19,In Stock
W006,Berlin,P08668,707,37,696,30,150,2026-05-13,In Stock
W004,Los Angeles,P08669,69,5,57,30,150,2026-05-09,In Stock
W008,Sydney,P08670,129,3,114,75,375,2026-05-28,In Stock
W005,London,P08671,148,33,119,75,375,2026-05-08,In Stock
W001,New York,P08672,316,31,297,100,500,2026-04-13,In Stock
W001,New York,P08673,966,26,950,30,150,2026-04-22,In Stock
W002,Chicago,P08674,7,0,0,50,250,2026-04-14,Low Stock
W002,Chicago,P08675,854,34,850,75,375,2026-06-06,In Stock
W004,Los Angeles,P08676,909,40,895,100,500,2026-04-12,In Stock
W006,Berlin,P08677,1161,3,1126,30,150,2026-03-06,In Stock
W003,Dallas,P08678,376,33,370,75,375,2026-05-24,In Stock
W007,Milan,P08679,1171,15,1134,50,250,2026-05-19,In Stock
W004,Los Angeles,P08680,863,33,854,100,500,2026-05-28,In Stock
W003,Dallas,P08681,87,10,47,75,375,2026-05-21,In Stock
W007,Milan,P08682,203,21,176,20,100,2026-03-18,In Stock
W003,Dallas,P08683,473,24,442,20,100,2026-04-19,In Stock
W001,New York,P08684,132,17,108,100,500,2026-04-27,In Stock
W001,New York,P08685,173,4,164,50,250,2026-04-18,In Stock
W001,New York,P08686,522,28,516,50,250,2026-03-07,In Stock
W003,Dallas,P08687,76,12,50,100,500,2026-06-12,Low Stock
W005,London,P08688,1123,19,1091,75,375,2026-05-17,In Stock
W007,Milan,P08689,380,28,346,30,150,2026-04-07,In Stock
W007,Milan,P08690,143,14,135,75,375,2026-03-18,In Stock
W008,Sydney,P08691,940,1,914,75,375,2026-03-23,In Stock
W004,Los Angeles,P08692,679,15,653,20,100,2026-04-18,In Stock
W001,New York,P08693,873,30,855,50,250,2026-06-19,In Stock
W007,Milan,P08694,1123,14,1097,50,250,2026-05-08,In Stock
W004,Los Angeles,P08695,505,23,479,75,375,2026-03-21,In Stock
W002,Chicago,P08696,1038,22,1024,50,250,2026-05-16,In Stock
W008,Sydney,P08697,927,31,894,75,375,2026-05-13,In Stock
W003,Dallas,P08698,566,32,552,50,250,2026-05-07,In Stock
W002,Chicago,P08699,1097,12,1069,100,500,2026-05-22,In Stock
W005,London,P08700,1108,10,1096,100,500,2026-03-23,In Stock
W007,Milan,P08701,76,8,59,50,250,2026-05-25,In Stock
W006,Berlin,P08702,8,5,0,30,150,2026-04-26,Low Stock
W001,New York,P08703,318,30,285,20,100,2026-06-06,In Stock
W006,Berlin,P08704,1137,4,1112,100,500,2026-03-23,In Stock
W002,Chicago,P08705,6,3,0,30,150,2026-06-02,Low Stock
W003,Dallas,P08706,597,14,565,20,100,2026-03-16,In Stock
W001,New York,P08707,622,31,606,30,150,2026-06-17,In Stock
W003,Dallas,P08708,895,35,895,100,500,2026-04-24,In Stock
W007,Milan,P08709,652,7,652,50,250,2026-04-22,In Stock
W007,Milan,P08710,208,37,179,100,500,2026-03-03,In Stock
W001,New York,P08711,1015,13,976,100,500,2026-03-19,In Stock
W004,Los Angeles,P08712,163,8,124,30,150,2026-05-21,In Stock
W001,New York,P08713,340,23,303,75,375,2026-05-22,In Stock
W003,Dallas,P08714,735,4,710,20,100,2026-05-12,In Stock
W008,Sydney,P08715,746,20,716,50,250,2026-05-21,In Stock
W007,Milan,P08716,434,35,430,30,150,2026-06-27,In Stock
W008,Sydney,P08717,6,3,3,50,250,2026-03-09,Low Stock
W006,Berlin,P08718,644,13,611,75,375,2026-03-29,In Stock
W005,London,P08719,237,36,212,20,100,2026-06-28,In Stock
W001,New York,P08720,883,7,857,75,375,2026-03-08,In Stock
W002,Chicago,P08721,702,5,674,30,150,2026-05-11,In Stock
W007,Milan,P08722,42,18,24,30,150,2026-04-01,In Stock
W006,Berlin,P08723,771,29,734,100,500,2026-06-17,In Stock
W002,Chicago,P08724,600,14,576,30,150,2026-03-10,In Stock
W008,Sydney,P08725,672,21,649,75,375,2026-05-26,In Stock
W007,Milan,P08726,34,12,17,75,375,2026-03-21,Low Stock
W003,Dallas,P08727,855,23,843,20,100,2026-05-29,In Stock
W003,Dallas,P08728,635,37,608,100,500,2026-04-14,In Stock
W007,Milan,P08729,772,34,765,20,100,2026-04-24,In Stock
W008,Sydney,P08730,655,35,653,100,500,2026-05-23,In Stock
W002,Chicago,P08731,592,12,566,20,100,2026-05-31,In Stock
W005,London,P08732,1078,16,1057,75,375,2026-06-15,In Stock
W003,Dallas,P08733,799,36,784,20,100,2026-03-10,In Stock
W008,Sydney,P08734,115,10,77,30,150,2026-06-02,In Stock
W001,New York,P08735,596,13,592,50,250,2026-04-02,In Stock
W003,Dallas,P08736,173,17,153,30,150,2026-05-17,In Stock
W008,Sydney,P08737,62,30,51,20,100,2026-05-16,In Stock
W007,Milan,P08738,793,31,785,100,500,2026-02-28,In Stock
W004,Los Angeles,P08739,117,13,91,75,375,2026-05-15,In Stock
W008,Sydney,P08740,1079,28,1075,30,150,2026-04-07,In Stock
W006,Berlin,P08741,223,18,217,20,100,2026-05-29,In Stock
W007,Milan,P08742,994,30,970,75,375,2026-04-27,In Stock
W006,Berlin,P08743,1187,8,1179,30,150,2026-05-25,In Stock
W007,Milan,P08744,981,29,976,30,150,2026-04-14,In Stock
W007,Milan,P08745,965,21,937,50,250,2026-04-15,In Stock
W002,Chicago,P08746,270,38,251,20,100,2026-05-17,In Stock
W005,London,P08747,48,34,9,30,150,2026-03-07,In Stock
W005,London,P08748,610,35,577,30,150,2026-06-11,In Stock
W007,Milan,P08749,915,36,898,75,375,2026-06-13,In Stock
W004,Los Angeles,P08750,795,31,778,75,375,2026-03-22,In Stock
W007,Milan,P08751,1036,37,1011,100,500,2026-04-12,In Stock
W001,New York,P08752,1063,33,1036,75,375,2026-05-30,In Stock
W002,Chicago,P08753,608,34,593,20,100,2026-05-18,In Stock
W001,New York,P08754,584,3,566,100,500,2026-03-19,In Stock
W005,London,P08755,533,17,522,75,375,2026-05-01,In Stock
W001,New York,P08756,927,23,908,30,150,2026-05-25,In Stock
W006,Berlin,P08757,308,35,282,75,375,2026-06-20,In Stock
W001,New York,P08758,684,29,674,50,250,2026-04-19,In Stock
W008,Sydney,P08759,567,29,547,20,100,2026-06-17,In Stock
W004,Los Angeles,P08760,253,24,253,50,250,2026-05-29,In Stock
W008,Sydney,P08761,1118,35,1117,30,150,2026-05-30,In Stock
W006,Berlin,P08762,847,38,809,100,500,2026-04-01,In Stock
W002,Chicago,P08763,38,23,4,100,500,2026-04-26,Low Stock
W008,Sydney,P08764,940,30,918,20,100,2026-06-25,In Stock
W002,Chicago,P08765,391,39,378,100,500,2026-03-13,In Stock
W003,Dallas,P08766,660,28,621,75,375,2026-03-01,In Stock
W008,Sydney,P08767,623,15,618,75,375,2026-03-23,In Stock
W008,Sydney,P08768,987,33,962,20,100,2026-06-05,In Stock
W007,Milan,P08769,832,33,806,75,375,2026-06-20,In Stock
W007,Milan,P08770,476,35,451,30,150,2026-06-02,In Stock
W002,Chicago,P08771,495,12,486,20,100,2026-03-25,In Stock
W007,Milan,P08772,265,39,232,50,250,2026-05-06,In Stock
W005,London,P08773,55,16,30,100,500,2026-05-09,Low Stock
W006,Berlin,P08774,566,31,538,100,500,2026-06-25,In Stock
W006,Berlin,P08775,460,19,443,75,375,2026-03-18,In Stock
W004,Los Angeles,P08776,525,21,507,100,500,2026-06-15,In Stock
W003,Dallas,P08777,223,24,213,75,375,2026-06-22,In Stock
W001,New York,P08778,156,33,117,30,150,2026-05-28,In Stock
W005,London,P08779,1039,34,1039,30,150,2026-03-03,In Stock
W001,New York,P08780,333,22,318,20,100,2026-03-11,In Stock
W007,Milan,P08781,658,18,618,20,100,2026-05-14,In Stock
W007,Milan,P08782,1074,39,1048,75,375,2026-04-13,In Stock
W001,New York,P08783,78,38,68,20,100,2026-03-08,In Stock
W004,Los Angeles,P08784,385,20,377,20,100,2026-03-17,In Stock
W005,London,P08785,29,28,22,50,250,2026-03-02,Low Stock
W006,Berlin,P08786,934,32,917,50,250,2026-04-01,In Stock
W003,Dallas,P08787,946,33,920,75,375,2026-03-12,In Stock
W002,Chicago,P08788,357,28,321,75,375,2026-03-25,In Stock
W004,Los Angeles,P08789,494,15,473,30,150,2026-05-04,In Stock
W005,London,P08790,316,5,281,20,100,2026-05-25,In Stock
W005,London,P08791,656,25,632,75,375,2026-06-18,In Stock
W007,Milan,P08792,358,23,355,100,500,2026-03-27,In Stock
W007,Milan,P08793,576,0,563,20,100,2026-06-19,In Stock
W005,London,P08794,129,15,118,75,375,2026-04-08,In Stock
W007,Milan,P08795,754,13,738,30,150,2026-04-08,In Stock
W007,Milan,P08796,756,18,729,50,250,2026-03-25,In Stock
W002,Chicago,P08797,261,14,227,20,100,2026-05-24,In Stock
W007,Milan,P08798,931,27,915,30,150,2026-05-21,In Stock
W001,New York,P08799,155,32,116,100,500,2026-06-06,In Stock
W002,Chicago,P08800,614,21,601,30,150,2026-05-16,In Stock
W005,London,P08801,368,40,341,50,250,2026-06-12,In Stock
W007,Milan,P08802,4,4,0,75,375,2026-03-14,Low Stock
W004,Los Angeles,P08803,1037,29,1016,50,250,2026-03-12,In Stock
W002,Chicago,P08804,501,2,472,50,250,2026-04-03,In Stock
W005,London,P08805,180,20,179,100,500,2026-05-12,In Stock
W003,Dallas,P08806,533,22,513,20,100,2026-03-22,In Stock
W005,London,P08807,855,4,847,50,250,2026-06-21,In Stock
W007,Milan,P08808,47,6,41,75,375,2026-04-10,Low Stock
W006,Berlin,P08809,930,40,902,30,150,2026-06-09,In Stock
W006,Berlin,P08810,488,14,481,20,100,2026-05-19,In Stock
W005,London,P08811,775,14,737,50,250,2026-03-20,In Stock
W005,London,P08812,555,35,554,30,150,2026-04-01,In Stock
W006,Berlin,P08813,520,3,483,20,100,2026-06-07,In Stock
W004,Los Angeles,P08814,220,22,217,100,500,2026-04-29,In Stock
W008,Sydney,P08815,497,21,485,20,100,2026-04-15,In Stock
W001,New York,P08816,77,17,37,30,150,2026-03-27,In Stock
W004,Los Angeles,P08817,381,10,357,100,500,2026-06-10,In Stock
W001,New York,P08818,677,23,655,50,250,2026-02-28,In Stock
W007,Milan,P08819,302,19,264,100,500,2026-04-26,In Stock
W006,Berlin,P08820,787,28,753,50,250,2026-04-01,In Stock
W004,Los Angeles,P08821,469,15,431,100,500,2026-04-15,In Stock
W005,London,P08822,425,1,388,20,100,2026-04-02,In Stock
W006,Berlin,P08823,162,32,130,100,500,2026-05-14,In Stock
W008,Sydney,P08824,1120,33,1109,75,375,2026-03-20,In Stock
W001,New York,P08825,1158,30,1147,50,250,2026-03-28,In Stock
W004,Los Angeles,P08826,912,12,912,100,500,2026-04-02,In Stock
W002,Chicago,P08827,1148,35,1121,100,500,2026-03-16,In Stock
W006,Berlin,P08828,1070,25,1030,50,250,2026-04-01,In Stock
W001,New York,P08829,923,21,897,50,250,2026-06-08,In Stock
W006,Berlin,P08830,772,0,759,75,375,2026-03-04,In Stock
W003,Dallas,P08831,916,34,876,20,100,2026-04-25,In Stock
W008,Sydney,P08832,730,28,709,100,500,2026-06-22,In Stock
W001,New York,P08833,270,31,249,20,100,2026-03-07,In Stock
W003,Dallas,P08834,93,25,56,50,250,2026-03-04,In Stock
W001,New York,P08835,947,13,910,50,250,2026-06-26,In Stock
W007,Milan,P08836,531,16,501,100,500,2026-04-26,In Stock
W004,Los Angeles,P08837,343,9,324,20,100,2026-04-09,In Stock
W005,London,P08838,550,30,535,20,100,2026-04-08,In Stock
W002,Chicago,P08839,1175,5,1141,75,375,2026-04-06,In Stock
W001,New York,P08840,247,11,244,20,100,2026-03-24,In Stock
W004,Los Angeles,P08841,814,11,775,75,375,2026-04-02,In Stock
W002,Chicago,P08842,808,40,792,100,500,2026-03-02,In Stock
W003,Dallas,P08843,887,40,862,20,100,2026-05-06,In Stock
W007,Milan,P08844,562,4,561,75,375,2026-04-27,In Stock
W004,Los Angeles,P08845,709,28,688,30,150,2026-05-06,In Stock
W006,Berlin,P08846,276,34,261,20,100,2026-06-15,In Stock
W004,Los Angeles,P08847,23,2,0,20,100,2026-06-18,In Stock
W004,Los Angeles,P08848,365,21,355,20,100,2026-04-17,In Stock
W001,New York,P08849,121,18,117,75,375,2026-03-17,In Stock
W007,Milan,P08850,773,13,771,50,250,2026-04-19,In Stock
W007,Milan,P08851,49,9,14,50,250,2026-03-11,Low Stock
W004,Los Angeles,P08852,197,31,189,75,375,2026-06-01,In Stock
W003,Dallas,P08853,615,16,598,75,375,2026-04-29,In Stock
W002,Chicago,P08854,78,3,53,75,375,2026-06-21,In Stock
W007,Milan,P08855,930,31,901,30,150,2026-04-22,In Stock
W003,Dallas,P08856,148,7,114,50,250,2026-06-13,In Stock
W001,New York,P08857,122,10,84,75,375,2026-06-25,In Stock
W005,London,P08858,964,34,962,100,500,2026-03-28,In Stock
W002,Chicago,P08859,194,3,172,75,375,2026-03-22,In Stock
W007,Milan,P08860,555,40,528,75,375,2026-03-26,In Stock
W006,Berlin,P08861,1104,29,1081,50,250,2026-05-02,In Stock
W001,New York,P08862,461,25,421,30,150,2026-04-30,In Stock
W006,Berlin,P08863,572,38,567,75,375,2026-03-14,In Stock
W001,New York,P08864,1194,39,1157,100,500,2026-03-13,In Stock
W004,Los Angeles,P08865,989,18,955,100,500,2026-03-29,In Stock
W007,Milan,P08866,644,13,642,30,150,2026-04-21,In Stock
W001,New York,P08867,591,13,579,50,250,2026-05-26,In Stock
W004,Los Angeles,P08868,50,39,16,50,250,2026-06-06,In Stock
W001,New York,P08869,948,0,947,20,100,2026-06-09,In Stock
W007,Milan,P08870,959,21,943,50,250,2026-05-02,In Stock
W006,Berlin,P08871,414,27,396,100,500,2026-03-19,In Stock
W002,Chicago,P08872,869,33,861,30,150,2026-05-16,In Stock
W002,Chicago,P08873,213,9,173,75,375,2026-06-03,In Stock
W001,New York,P08874,394,32,384,50,250,2026-06-17,In Stock
W008,Sydney,P08875,358,14,343,75,375,2026-03-10,In Stock
W001,New York,P08876,1114,16,1079,20,100,2026-03-01,In Stock
W001,New York,P08877,1096,27,1091,100,500,2026-06-15,In Stock
W003,Dallas,P08878,752,1,733,100,500,2026-05-21,In Stock
W004,Los Angeles,P08879,123,20,94,75,375,2026-03-02,In Stock
W008,Sydney,P08880,259,6,251,20,100,2026-05-03,In Stock
W002,Chicago,P08881,828,6,828,100,500,2026-04-17,In Stock
W002,Chicago,P08882,929,27,915,75,375,2026-03-04,In Stock
W006,Berlin,P08883,263,21,254,20,100,2026-03-01,In Stock
W007,Milan,P08884,991,28,984,30,150,2026-06-19,In Stock
W001,New York,P08885,925,25,891,20,100,2026-05-07,In Stock
W007,Milan,P08886,561,19,555,75,375,2026-05-22,In Stock
W008,Sydney,P08887,481,38,462,50,250,2026-05-05,In Stock
W006,Berlin,P08888,392,18,381,75,375,2026-05-16,In Stock
W003,Dallas,P08889,650,28,626,75,375,2026-04-21,In Stock
W008,Sydney,P08890,987,36,964,30,150,2026-06-17,In Stock
W007,Milan,P08891,790,14,780,20,100,2026-04-04,In Stock
W004,Los Angeles,P08892,983,6,967,20,100,2026-04-03,In Stock
W001,New York,P08893,722,28,718,20,100,2026-05-15,In Stock
W002,Chicago,P08894,778,9,764,30,150,2026-06-21,In Stock
W005,London,P08895,998,9,977,75,375,2026-03-29,In Stock
W007,Milan,P08896,154,23,114,20,100,2026-04-07,In Stock
W006,Berlin,P08897,470,32,452,30,150,2026-06-17,In Stock
W007,Milan,P08898,257,1,230,100,500,2026-06-05,In Stock
W002,Chicago,P08899,657,25,654,75,375,2026-04-05,In Stock
W004,Los Angeles,P08900,54,34,51,100,500,2026-05-15,Low Stock
W002,Chicago,P08901,1069,16,1057,30,150,2026-05-24,In Stock
W004,Los Angeles,P08902,834,20,807,30,150,2026-04-22,In Stock
W001,New York,P08903,1069,28,1030,75,375,2026-04-09,In Stock
W004,Los Angeles,P08904,582,9,564,75,375,2026-03-05,In Stock
W005,London,P08905,192,29,168,75,375,2026-06-10,In Stock
W002,Chicago,P08906,1099,18,1084,75,375,2026-06-26,In Stock
W007,Milan,P08907,585,19,577,75,375,2026-04-12,In Stock
W004,Los Angeles,P08908,286,33,271,75,375,2026-03-27,In Stock
W005,London,P08909,1070,1,1032,75,375,2026-03-28,In Stock
W003,Dallas,P08910,1195,6,1169,50,250,2026-04-03,In Stock
W003,Dallas,P08911,1147,2,1112,100,500,2026-05-20,In Stock
W006,Berlin,P08912,542,9,518,100,500,2026-06-11,In Stock
W008,Sydney,P08913,976,14,970,30,150,2026-03-10,In Stock
W003,Dallas,P08914,691,6,683,100,500,2026-04-04,In Stock
W008,Sydney,P08915,805,14,788,75,375,2026-06-28,In Stock
W005,London,P08916,213,28,197,100,500,2026-05-26,In Stock
W008,Sydney,P08917,871,11,863,50,250,2026-05-21,In Stock
W007,Milan,P08918,821,21,814,100,500,2026-05-07,In Stock
W003,Dallas,P08919,136,23,132,75,375,2026-04-30,In Stock
W002,Chicago,P08920,506,9,466,50,250,2026-04-19,In Stock
W005,London,P08921,671,29,670,50,250,2026-03-29,In Stock
W006,Berlin,P08922,14,5,0,20,100,2026-05-26,Low Stock
W006,Berlin,P08923,1078,31,1052,20,100,2026-05-06,In Stock
W005,London,P08924,1095,33,1076,75,375,2026-06-14,In Stock
W004,Los Angeles,P08925,1117,7,1106,30,150,2026-05-01,In Stock
W007,Milan,P08926,95,34,80,75,375,2026-06-03,In Stock
W006,Berlin,P08927,586,11,546,100,500,2026-03-03,In Stock
W003,Dallas,P08928,524,8,506,50,250,2026-03-15,In Stock
W002,Chicago,P08929,792,12,769,20,100,2026-03-17,In Stock
W004,Los Angeles,P08930,633,31,606,20,100,2026-03-31,In Stock
W006,Berlin,P08931,637,6,621,75,375,2026-06-16,In Stock
W002,Chicago,P08932,1185,2,1179,20,100,2026-05-22,In Stock
W008,Sydney,P08933,455,5,415,100,500,2026-06-07,In Stock
W004,Los Angeles,P08934,641,16,623,100,500,2026-04-18,In Stock
W001,New York,P08935,202,29,172,30,150,2026-06-19,In Stock
W003,Dallas,P08936,906,6,886,75,375,2026-05-10,In Stock
W006,Berlin,P08937,398,0,361,100,500,2026-06-16,In Stock
W008,Sydney,P08938,577,31,541,50,250,2026-03-04,In Stock
W005,London,P08939,28,0,16,100,500,2026-06-25,Low Stock
W003,Dallas,P08940,341,40,339,100,500,2026-03-10,In Stock
W007,Milan,P08941,535,38,496,20,100,2026-03-23,In Stock
W007,Milan,P08942,667,18,665,100,500,2026-06-09,In Stock
W004,Los Angeles,P08943,951,16,931,75,375,2026-06-12,In Stock
W007,Milan,P08944,653,28,645,100,500,2026-04-22,In Stock
W001,New York,P08945,345,35,321,30,150,2026-05-19,In Stock
W007,Milan,P08946,365,2,365,75,375,2026-04-19,In Stock
W001,New York,P08947,747,34,746,100,500,2026-04-04,In Stock
W002,Chicago,P08948,1076,32,1076,100,500,2026-06-28,In Stock
W004,Los Angeles,P08949,0,0,0,20,100,2026-05-01,Low Stock
W003,Dallas,P08950,1118,33,1088,75,375,2026-04-09,In Stock
W003,Dallas,P08951,316,12,316,20,100,2026-05-01,In Stock
W002,Chicago,P08952,125,4,98,100,500,2026-04-16,In Stock
W003,Dallas,P08953,340,37,311,30,150,2026-05-11,In Stock
W007,Milan,P08954,342,23,325,20,100,2026-06-20,In Stock
W006,Berlin,P08955,138,35,135,100,500,2026-05-02,In Stock
W001,New York,P08956,259,8,220,75,375,2026-04-05,In Stock
W003,Dallas,P08957,631,35,605,30,150,2026-06-01,In Stock
W006,Berlin,P08958,1101,19,1064,30,150,2026-06-07,In Stock
W007,Milan,P08959,410,37,370,100,500,2026-03-16,In Stock
W008,Sydney,P08960,551,20,529,100,500,2026-04-12,In Stock
W002,Chicago,P08961,108,9,94,100,500,2026-02-28,In Stock
W004,Los Angeles,P08962,736,33,704,50,250,2026-05-15,In Stock
W008,Sydney,P08963,304,14,288,100,500,2026-05-08,In Stock
W004,Los Angeles,P08964,1056,6,1029,100,500,2026-06-18,In Stock
W001,New York,P08965,717,35,686,50,250,2026-05-13,In Stock
W004,Los Angeles,P08966,37,37,11,30,150,2026-06-17,In Stock
W005,London,P08967,1198,3,1159,100,500,2026-05-21,In Stock
W002,Chicago,P08968,877,36,857,75,375,2026-04-09,In Stock
W003,Dallas,P08969,86,29,48,30,150,2026-03-21,In Stock
W002,Chicago,P08970,562,16,528,50,250,2026-06-18,In Stock
W002,Chicago,P08971,1151,7,1121,100,500,2026-04-09,In Stock
W003,Dallas,P08972,1051,21,1018,50,250,2026-05-21,In Stock
W008,Sydney,P08973,553,16,551,100,500,2026-03-13,In Stock
W001,New York,P08974,1180,26,1169,30,150,2026-04-19,In Stock
W007,Milan,P08975,709,1,678,100,500,2026-04-05,In Stock
W003,Dallas,P08976,43,35,3,20,100,2026-04-05,In Stock
W001,New York,P08977,728,1,723,75,375,2026-04-17,In Stock
W008,Sydney,P08978,584,20,556,30,150,2026-05-18,In Stock
W003,Dallas,P08979,263,22,240,50,250,2026-03-09,In Stock
W007,Milan,P08980,1024,35,1007,20,100,2026-05-05,In Stock
W001,New York,P08981,2,1,0,20,100,2026-06-14,Low Stock
W003,Dallas,P08982,432,9,415,75,375,2026-03-30,In Stock
W003,Dallas,P08983,600,18,570,100,500,2026-04-03,In Stock
W001,New York,P08984,9,5,2,30,150,2026-04-16,Low Stock
W001,New York,P08985,805,8,786,75,375,2026-04-01,In Stock
W005,London,P08986,870,39,847,20,100,2026-03-17,In Stock
W008,Sydney,P08987,992,18,958,30,150,2026-04-28,In Stock
W008,Sydney,P08988,591,24,576,75,375,2026-03-06,In Stock
W001,New York,P08989,1088,21,1060,30,150,2026-06-12,In Stock
W001,New York,P08990,193,2,167,20,100,2026-05-28,In Stock
W005,London,P08991,942,40,937,50,250,2026-04-25,In Stock
W001,New York,P08992,540,2,531,30,150,2026-06-08,In Stock
W004,Los Angeles,P08993,31,30,9,50,250,2026-05-01,Low Stock
W004,Los Angeles,P08994,439,35,428,75,375,2026-03-01,In Stock
W008,Sydney,P08995,774,28,751,50,250,2026-03-27,In Stock
W006,Berlin,P08996,710,21,678,30,150,2026-05-07,In Stock
W006,Berlin,P08997,786,23,785,100,500,2026-03-28,In Stock
W007,Milan,P08998,787,32,757,50,250,2026-04-22,In Stock
W003,Dallas,P08999,820,32,790,50,250,2026-06-14,In Stock
W004,Los Angeles,P09000,92,3,81,20,100,2026-05-16,In Stock
W006,Berlin,P09001,534,16,513,75,375,2026-03-12,In Stock
W004,Los Angeles,P09002,488,28,449,50,250,2026-04-24,In Stock
W006,Berlin,P09003,279,16,239,100,500,2026-04-09,In Stock
W005,London,P09004,589,0,571,75,375,2026-03-16,In Stock
W002,Chicago,P09005,637,2,616,50,250,2026-04-04,In Stock
W007,Milan,P09006,434,30,432,30,150,2026-05-05,In Stock
W006,Berlin,P09007,216,33,210,20,100,2026-04-14,In Stock
W007,Milan,P09008,247,34,219,30,150,2026-03-11,In Stock
W006,Berlin,P09009,713,36,696,50,250,2026-06-08,In Stock
W003,Dallas,P09010,1177,6,1165,100,500,2026-05-28,In Stock
W003,Dallas,P09011,591,39,552,20,100,2026-05-01,In Stock
W008,Sydney,P09012,178,33,178,20,100,2026-03-10,In Stock
W002,Chicago,P09013,772,29,754,75,375,2026-02-28,In Stock
W004,Los Angeles,P09014,776,16,742,20,100,2026-04-10,In Stock
W001,New York,P09015,1064,38,1055,50,250,2026-05-03,In Stock
W002,Chicago,P09016,528,26,492,30,150,2026-03-22,In Stock
W005,London,P09017,963,38,950,50,250,2026-04-08,In Stock
W005,London,P09018,982,33,948,75,375,2026-04-15,In Stock
W004,Los Angeles,P09019,1035,5,1010,75,375,2026-04-09,In Stock
W002,Chicago,P09020,1078,29,1054,75,375,2026-05-20,In Stock
W006,Berlin,P09021,1072,34,1054,20,100,2026-06-04,In Stock
W002,Chicago,P09022,848,10,844,50,250,2026-03-05,In Stock
W008,Sydney,P09023,1155,40,1154,20,100,2026-03-10,In Stock
W006,Berlin,P09024,396,8,370,20,100,2026-06-26,In Stock
W006,Berlin,P09025,652,19,649,75,375,2026-06-11,In Stock
W005,London,P09026,688,23,654,100,500,2026-03-23,In Stock
W008,Sydney,P09027,867,20,844,100,500,2026-04-17,In Stock
W002,Chicago,P09028,349,33,344,75,375,2026-05-30,In Stock
W001,New York,P09029,1015,15,987,100,500,2026-03-10,In Stock
W004,Los Angeles,P09030,223,15,201,100,500,2026-04-15,In Stock
W005,London,P09031,223,15,207,30,150,2026-05-18,In Stock
W003,Dallas,P09032,413,23,380,30,150,2026-06-21,In Stock
W003,Dallas,P09033,591,20,560,50,250,2026-06-19,In Stock
W002,Chicago,P09034,784,29,767,30,150,2026-03-22,In Stock
W004,Los Angeles,P09035,681,18,643,20,100,2026-06-12,In Stock
W007,Milan,P09036,411,31,408,30,150,2026-06-09,In Stock
W004,Los Angeles,P09037,204,16,164,75,375,2026-03-05,In Stock
W001,New York,P09038,265,4,263,100,500,2026-05-11,In Stock
W001,New York,P09039,992,14,974,75,375,2026-05-24,In Stock
W004,Los Angeles,P09040,425,26,425,50,250,2026-06-05,In Stock
W007,Milan,P09041,426,23,401,30,150,2026-05-24,In Stock
W002,Chicago,P09042,826,37,791,30,150,2026-04-05,In Stock
W008,Sydney,P09043,77,21,68,30,150,2026-06-16,In Stock
W006,Berlin,P09044,180,40,166,50,250,2026-05-15,In Stock
W002,Chicago,P09045,972,12,948,30,150,2026-03-02,In Stock
W006,Berlin,P09046,89,19,55,50,250,2026-05-13,In Stock
W003,Dallas,P09047,795,40,786,20,100,2026-03-15,In Stock
W004,Los Angeles,P09048,683,30,674,50,250,2026-03-08,In Stock
W003,Dallas,P09049,525,20,502,20,100,2026-03-18,In Stock
W004,Los Angeles,P09050,93,4,86,75,375,2026-05-31,In Stock
W001,New York,P09051,8,5,0,50,250,2026-03-04,Low Stock
W003,Dallas,P09052,969,40,959,50,250,2026-06-03,In Stock
W005,London,P09053,105,31,103,100,500,2026-03-24,In Stock
W006,Berlin,P09054,857,14,843,100,500,2026-05-17,In Stock
W006,Berlin,P09055,732,15,700,75,375,2026-05-12,In Stock
W002,Chicago,P09056,1076,35,1060,30,150,2026-03-07,In Stock
W004,Los Angeles,P09057,1154,19,1121,75,375,2026-03-19,In Stock
W007,Milan,P09058,1187,2,1185,100,500,2026-03-09,In Stock
W006,Berlin,P09059,736,13,724,75,375,2026-03-04,In Stock
W001,New York,P09060,943,8,918,100,500,2026-04-09,In Stock
W007,Milan,P09061,1,1,1,100,500,2026-05-21,Low Stock
W005,London,P09062,933,1,927,50,250,2026-05-01,In Stock
W006,Berlin,P09063,31,26,6,50,250,2026-05-15,Low Stock
W006,Berlin,P09064,1056,39,1016,100,500,2026-03-25,In Stock
W001,New York,P09065,814,34,789,50,250,2026-03-09,In Stock
W008,Sydney,P09066,272,12,262,30,150,2026-05-22,In Stock
W003,Dallas,P09067,86,15,85,50,250,2026-06-21,In Stock
W007,Milan,P09068,489,36,483,20,100,2026-03-09,In Stock
W001,New York,P09069,879,30,873,100,500,2026-03-26,In Stock
W004,Los Angeles,P09070,781,21,744,30,150,2026-06-18,In Stock
W002,Chicago,P09071,616,3,607,30,150,2026-04-19,In Stock
W007,Milan,P09072,222,9,209,30,150,2026-06-08,In Stock
W007,Milan,P09073,247,0,239,50,250,2026-04-08,In Stock
W005,London,P09074,675,8,666,50,250,2026-05-26,In Stock
W003,Dallas,P09075,349,15,348,50,250,2026-06-09,In Stock
W004,Los Angeles,P09076,269,0,268,20,100,2026-06-16,In Stock
W004,Los Angeles,P09077,265,33,227,75,375,2026-06-07,In Stock
W003,Dallas,P09078,542,21,539,30,150,2026-04-07,In Stock
W008,Sydney,P09079,1161,14,1140,20,100,2026-05-30,In Stock
W003,Dallas,P09080,660,7,620,75,375,2026-02-28,In Stock
W008,Sydney,P09081,841,37,824,30,150,2026-03-06,In Stock
W005,London,P09082,835,24,817,75,375,2026-06-21,In Stock
W008,Sydney,P09083,938,23,925,100,500,2026-05-11,In Stock
W002,Chicago,P09084,563,35,551,20,100,2026-06-28,In Stock
W008,Sydney,P09085,81,3,56,100,500,2026-05-28,Low Stock
W004,Los Angeles,P09086,771,8,740,20,100,2026-06-04,In Stock
W002,Chicago,P09087,684,30,674,75,375,2026-05-06,In Stock
W002,Chicago,P09088,1003,27,992,30,150,2026-04-14,In Stock
W003,Dallas,P09089,596,38,562,50,250,2026-04-16,In Stock
W008,Sydney,P09090,922,12,888,75,375,2026-03-28,In Stock
W003,Dallas,P09091,615,32,606,30,150,2026-06-20,In Stock
W005,London,P09092,885,38,875,30,150,2026-06-07,In Stock
W003,Dallas,P09093,328,14,316,100,500,2026-04-23,In Stock
W002,Chicago,P09094,403,20,392,100,500,2026-03-28,In Stock
W003,Dallas,P09095,445,38,444,50,250,2026-05-10,In Stock
W003,Dallas,P09096,993,37,975,20,100,2026-03-03,In Stock
W001,New York,P09097,196,19,192,50,250,2026-06-07,In Stock
W005,London,P09098,693,11,656,30,150,2026-06-09,In Stock
W005,London,P09099,757,28,756,75,375,2026-04-23,In Stock
W004,Los Angeles,P09100,1178,22,1176,30,150,2026-05-24,In Stock
W007,Milan,P09101,320,12,308,100,500,2026-04-07,In Stock
W008,Sydney,P09102,570,22,558,20,100,2026-03-11,In Stock
W006,Berlin,P09103,1132,13,1099,30,150,2026-05-02,In Stock
W006,Berlin,P09104,163,1,142,100,500,2026-05-28,In Stock
W001,New York,P09105,1186,21,1151,50,250,2026-04-28,In Stock
W006,Berlin,P09106,1168,3,1136,50,250,2026-03-31,In Stock
W003,Dallas,P09107,707,8,693,75,375,2026-06-05,In Stock
W004,Los Angeles,P09108,28,15,28,20,100,2026-04-18,In Stock
W007,Milan,P09109,143,27,105,100,500,2026-03-16,In Stock
W005,London,P09110,1030,25,1001,50,250,2026-05-23,In Stock
W008,Sydney,P09111,716,39,710,30,150,2026-05-25,In Stock
W004,Los Angeles,P09112,751,23,749,75,375,2026-04-18,In Stock
W007,Milan,P09113,1170,8,1141,30,150,2026-03-12,In Stock
W001,New York,P09114,353,8,330,50,250,2026-03-18,In Stock
W005,London,P09115,211,3,188,20,100,2026-05-14,In Stock
W007,Milan,P09116,364,4,355,50,250,2026-05-05,In Stock
W007,Milan,P09117,912,32,911,75,375,2026-03-20,In Stock
W005,London,P09118,101,36,76,50,250,2026-05-21,In Stock
W008,Sydney,P09119,72,12,45,30,150,2026-03-15,In Stock
W005,London,P09120,349,20,337,50,250,2026-03-29,In Stock
W003,Dallas,P09121,48,20,31,75,375,2026-03-12,Low Stock
W004,Los Angeles,P09122,287,40,283,75,375,2026-05-22,In Stock
W004,Los Angeles,P09123,611,13,581,20,100,2026-06-19,In Stock
W006,Berlin,P09124,305,12,298,50,250,2026-06-23,In Stock
W002,Chicago,P09125,686,34,671,75,375,2026-04-06,In Stock
W001,New York,P09126,747,4,736,30,150,2026-06-08,In Stock
W006,Berlin,P09127,334,17,297,75,375,2026-05-03,In Stock
W005,London,P09128,897,29,894,100,500,2026-05-04,In Stock
W008,Sydney,P09129,780,18,770,50,250,2026-04-25,In Stock
W007,Milan,P09130,476,29,475,20,100,2026-05-01,In Stock
W002,Chicago,P09131,81,2,75,20,100,2026-06-11,In Stock
W005,London,P09132,593,0,570,100,500,2026-05-09,In Stock
W005,London,P09133,263,7,231,20,100,2026-04-28,In Stock
W005,London,P09134,1200,1,1183,20,100,2026-05-27,In Stock
W002,Chicago,P09135,111,28,101,20,100,2026-03-31,In Stock
W004,Los Angeles,P09136,146,36,135,50,250,2026-06-25,In Stock
W005,London,P09137,1164,13,1163,100,500,2026-03-29,In Stock
W007,Milan,P09138,592,16,587,20,100,2026-06-12,In Stock
W002,Chicago,P09139,120,2,103,75,375,2026-04-02,In Stock
W004,Los Angeles,P09140,153,22,130,20,100,2026-03-20,In Stock
W001,New York,P09141,444,23,411,20,100,2026-04-24,In Stock
W008,Sydney,P09142,1125,2,1101,50,250,2026-05-06,In Stock
W001,New York,P09143,881,22,874,75,375,2026-05-25,In Stock
W002,Chicago,P09144,542,14,520,100,500,2026-03-01,In Stock
W002,Chicago,P09145,680,1,644,75,375,2026-05-15,In Stock
W002,Chicago,P09146,544,29,514,30,150,2026-06-22,In Stock
W003,Dallas,P09147,133,14,99,50,250,2026-05-10,In Stock
W002,Chicago,P09148,214,7,207,50,250,2026-06-18,In Stock
W007,Milan,P09149,356,6,340,75,375,2026-06-02,In Stock
W006,Berlin,P09150,394,7,392,50,250,2026-05-09,In Stock
W002,Chicago,P09151,863,0,823,50,250,2026-05-27,In Stock
W008,Sydney,P09152,382,22,369,50,250,2026-06-13,In Stock
W001,New York,P09153,1017,31,1013,30,150,2026-06-05,In Stock
W003,Dallas,P09154,14,2,0,75,375,2026-03-27,Low Stock
W001,New York,P09155,1117,20,1106,50,250,2026-05-21,In Stock
W001,New York,P09156,1123,27,1121,100,500,2026-03-26,In Stock
W007,Milan,P09157,262,14,247,50,250,2026-05-07,In Stock
W001,New York,P09158,203,37,164,20,100,2026-04-16,In Stock
W004,Los Angeles,P09159,152,6,135,100,500,2026-03-22,In Stock
W001,New York,P09160,52,39,20,100,500,2026-06-14,Low Stock
W003,Dallas,P09161,925,37,917,20,100,2026-04-05,In Stock
W003,Dallas,P09162,1057,28,1038,100,500,2026-03-27,In Stock
W002,Chicago,P09163,686,16,647,100,500,2026-06-09,In Stock
W006,Berlin,P09164,542,19,521,30,150,2026-03-15,In Stock
W001,New York,P09165,304,27,288,75,375,2026-04-07,In Stock
W003,Dallas,P09166,981,34,954,30,150,2026-04-09,In Stock
W007,Milan,P09167,895,35,891,50,250,2026-03-08,In Stock
W002,Chicago,P09168,76,4,66,50,250,2026-04-17,In Stock
W003,Dallas,P09169,959,17,947,30,150,2026-06-26,In Stock
W007,Milan,P09170,1009,31,970,75,375,2026-04-23,In Stock
W004,Los Angeles,P09171,789,29,757,75,375,2026-06-20,In Stock
W001,New York,P09172,1010,32,1002,20,100,2026-05-27,In Stock
W001,New York,P09173,1030,14,990,100,500,2026-05-14,In Stock
W002,Chicago,P09174,448,6,426,30,150,2026-05-01,In Stock
W003,Dallas,P09175,112,11,97,100,500,2026-03-19,In Stock
W007,Milan,P09176,789,24,779,20,100,2026-06-26,In Stock
W002,Chicago,P09177,913,37,893,30,150,2026-03-27,In Stock
W002,Chicago,P09178,287,25,284,75,375,2026-03-08,In Stock
W007,Milan,P09179,866,5,865,20,100,2026-04-19,In Stock
W005,London,P09180,3,0,0,30,150,2026-06-05,Low Stock
W008,Sydney,P09181,800,13,774,75,375,2026-06-26,In Stock
W007,Milan,P09182,468,13,431,30,150,2026-04-13,In Stock
W006,Berlin,P09183,90,25,65,75,375,2026-04-07,In Stock
W008,Sydney,P09184,876,21,854,20,100,2026-06-26,In Stock
W001,New York,P09185,75,3,37,50,250,2026-06-22,In Stock
W004,Los Angeles,P09186,88,40,49,75,375,2026-06-05,In Stock
W006,Berlin,P09187,98,32,96,100,500,2026-05-15,Low Stock
W006,Berlin,P09188,882,19,878,50,250,2026-04-15,In Stock
W005,London,P09189,138,16,125,30,150,2026-05-06,In Stock
W002,Chicago,P09190,803,23,803,20,100,2026-03-31,In Stock
W003,Dallas,P09191,1196,2,1168,100,500,2026-05-08,In Stock
W002,Chicago,P09192,1190,40,1158,20,100,2026-06-14,In Stock
W005,London,P09193,1098,26,1067,30,150,2026-04-23,In Stock
W005,London,P09194,29,4,24,30,150,2026-05-02,Low Stock
W008,Sydney,P09195,571,5,564,100,500,2026-03-22,In Stock
W008,Sydney,P09196,891,21,868,75,375,2026-06-26,In Stock
W001,New York,P09197,571,31,550,30,150,2026-04-07,In Stock
W004,Los Angeles,P09198,215,28,193,50,250,2026-04-07,In Stock
W003,Dallas,P09199,363,20,360,100,500,2026-03-29,In Stock
W004,Los Angeles,P09200,1144,2,1132,75,375,2026-04-15,In Stock
W001,New York,P09201,436,31,418,75,375,2026-04-18,In Stock
W007,Milan,P09202,905,25,875,50,250,2026-05-12,In Stock
W004,Los Angeles,P09203,665,20,650,20,100,2026-05-26,In Stock
W008,Sydney,P09204,582,38,574,30,150,2026-04-26,In Stock
W001,New York,P09205,1061,10,1058,20,100,2026-05-01,In Stock
W001,New York,P09206,52,31,18,30,150,2026-06-17,In Stock
W001,New York,P09207,236,15,196,20,100,2026-06-10,In Stock
W001,New York,P09208,1029,15,1013,30,150,2026-03-04,In Stock
W002,Chicago,P09209,829,38,790,20,100,2026-06-25,In Stock
W008,Sydney,P09210,711,33,677,75,375,2026-03-17,In Stock
W006,Berlin,P09211,233,25,228,75,375,2026-04-17,In Stock
W001,New York,P09212,1021,16,1002,75,375,2026-05-25,In Stock
W001,New York,P09213,574,37,556,30,150,2026-03-25,In Stock
W007,Milan,P09214,153,9,145,75,375,2026-04-01,In Stock
W003,Dallas,P09215,954,8,927,75,375,2026-06-15,In Stock
W001,New York,P09216,697,2,687,50,250,2026-03-28,In Stock
W007,Milan,P09217,39,33,20,30,150,2026-03-12,In Stock
W007,Milan,P09218,728,37,719,50,250,2026-03-05,In Stock
W002,Chicago,P09219,1086,20,1062,100,500,2026-04-20,In Stock
W007,Milan,P09220,512,36,499,100,500,2026-03-12,In Stock
W004,Los Angeles,P09221,1198,17,1176,75,375,2026-06-04,In Stock
W002,Chicago,P09222,1090,11,1076,20,100,2026-04-20,In Stock
W005,London,P09223,1139,26,1134,75,375,2026-03-20,In Stock
W005,London,P09224,621,14,607,50,250,2026-04-04,In Stock
W008,Sydney,P09225,474,2,435,75,375,2026-03-12,In Stock
W001,New York,P09226,1048,28,1027,50,250,2026-05-31,In Stock
W008,Sydney,P09227,626,25,613,75,375,2026-06-15,In Stock
W004,Los Angeles,P09228,522,36,521,30,150,2026-06-27,In Stock
W003,Dallas,P09229,584,10,553,100,500,2026-04-21,In Stock
W006,Berlin,P09230,321,18,296,30,150,2026-03-28,In Stock
W002,Chicago,P09231,649,10,642,20,100,2026-03-24,In Stock
W007,Milan,P09232,1007,0,974,75,375,2026-03-01,In Stock
W007,Milan,P09233,90,1,66,20,100,2026-03-06,In Stock
W007,Milan,P09234,649,39,621,100,500,2026-04-25,In Stock
W003,Dallas,P09235,635,23,609,30,150,2026-05-13,In Stock
W003,Dallas,P09236,1180,35,1159,30,150,2026-05-27,In Stock
W001,New York,P09237,615,40,594,50,250,2026-06-26,In Stock
W004,Los Angeles,P09238,1176,25,1164,100,500,2026-04-22,In Stock
W004,Los Angeles,P09239,519,24,481,75,375,2026-03-24,In Stock
W001,New York,P09240,1071,16,1053,20,100,2026-04-12,In Stock
W007,Milan,P09241,89,38,64,30,150,2026-03-19,In Stock
W006,Berlin,P09242,461,35,447,30,150,2026-03-10,In Stock
W002,Chicago,P09243,705,1,675,30,150,2026-06-26,In Stock
W008,Sydney,P09244,213,2,195,100,500,2026-03-30,In Stock
W008,Sydney,P09245,1057,1,1053,75,375,2026-05-14,In Stock
W001,New York,P09246,1055,15,1038,30,150,2026-03-17,In Stock
W006,Berlin,P09247,144,38,111,30,150,2026-06-09,In Stock
W005,London,P09248,710,5,678,50,250,2026-06-02,In Stock
W004,Los Angeles,P09249,1016,33,1010,100,500,2026-05-21,In Stock
W008,Sydney,P09250,629,22,628,30,150,2026-05-01,In Stock
W005,London,P09251,455,8,453,100,500,2026-03-15,In Stock
W004,Los Angeles,P09252,728,3,700,20,100,2026-04-24,In Stock
W007,Milan,P09253,915,21,894,75,375,2026-06-28,In Stock
W001,New York,P09254,657,20,627,30,150,2026-03-19,In Stock
W007,Milan,P09255,122,25,94,30,150,2026-06-02,In Stock
W004,Los Angeles,P09256,796,17,785,20,100,2026-05-27,In Stock
W008,Sydney,P09257,575,22,570,20,100,2026-03-14,In Stock
W007,Milan,P09258,458,39,438,30,150,2026-05-04,In Stock
W007,Milan,P09259,131,32,121,50,250,2026-03-31,In Stock
W005,London,P09260,495,19,461,75,375,2026-05-16,In Stock
W002,Chicago,P09261,908,10,880,100,500,2026-04-02,In Stock
W006,Berlin,P09262,1014,12,1011,75,375,2026-03-23,In Stock
W007,Milan,P09263,139,25,138,50,250,2026-06-18,In Stock
W008,Sydney,P09264,522,38,498,20,100,2026-05-20,In Stock
W001,New York,P09265,123,37,114,20,100,2026-05-18,In Stock
W007,Milan,P09266,1046,21,1008,30,150,2026-04-06,In Stock
W007,Milan,P09267,258,33,243,75,375,2026-04-09,In Stock
W008,Sydney,P09268,978,24,957,75,375,2026-05-26,In Stock
W001,New York,P09269,274,19,244,30,150,2026-03-23,In Stock
W002,Chicago,P09270,579,7,567,50,250,2026-05-02,In Stock
W005,London,P09271,13,8,3,30,150,2026-05-06,Low Stock
W006,Berlin,P09272,883,11,847,50,250,2026-05-31,In Stock
W007,Milan,P09273,980,24,969,50,250,2026-05-01,In Stock
W006,Berlin,P09274,515,16,515,50,250,2026-05-30,In Stock
W005,London,P09275,1196,36,1181,100,500,2026-04-12,In Stock
W008,Sydney,P09276,739,22,718,100,500,2026-05-29,In Stock
W007,Milan,P09277,611,11,608,30,150,2026-03-11,In Stock
W005,London,P09278,897,21,881,20,100,2026-03-07,In Stock
W005,London,P09279,1013,22,981,75,375,2026-03-08,In Stock
W004,Los Angeles,P09280,22,17,0,20,100,2026-05-10,In Stock
W003,Dallas,P09281,913,17,898,20,100,2026-04-24,In Stock
W006,Berlin,P09282,300,28,296,100,500,2026-03-12,In Stock
W006,Berlin,P09283,1060,17,1043,30,150,2026-05-31,In Stock
W001,New York,P09284,269,39,240,100,500,2026-03-05,In Stock
W004,Los Angeles,P09285,1124,19,1107,50,250,2026-03-09,In Stock
W003,Dallas,P09286,574,9,535,20,100,2026-03-06,In Stock
W005,London,P09287,1096,19,1069,20,100,2026-04-24,In Stock
W007,Milan,P09288,1142,2,1108,100,500,2026-03-29,In Stock
W008,Sydney,P09289,820,16,809,30,150,2026-04-27,In Stock
W003,Dallas,P09290,629,29,623,75,375,2026-06-14,In Stock
W006,Berlin,P09291,912,29,900,100,500,2026-04-28,In Stock
W002,Chicago,P09292,699,7,674,75,375,2026-06-08,In Stock
W002,Chicago,P09293,1001,24,971,30,150,2026-03-12,In Stock
W002,Chicago,P09294,480,31,468,100,500,2026-06-20,In Stock
W005,London,P09295,41,4,5,30,150,2026-04-01,In Stock
W002,Chicago,P09296,814,26,807,75,375,2026-05-05,In Stock
W003,Dallas,P09297,636,39,602,75,375,2026-04-23,In Stock
W007,Milan,P09298,982,11,978,75,375,2026-04-25,In Stock
W003,Dallas,P09299,368,29,332,50,250,2026-04-09,In Stock
W003,Dallas,P09300,257,31,232,50,250,2026-04-06,In Stock
W007,Milan,P09301,901,29,895,20,100,2026-05-09,In Stock
W008,Sydney,P09302,188,33,152,50,250,2026-05-14,In Stock
W008,Sydney,P09303,288,29,254,50,250,2026-05-12,In Stock
W003,Dallas,P09304,393,9,355,50,250,2026-04-25,In Stock
W001,New York,P09305,53,12,35,100,500,2026-03-23,Low Stock
W002,Chicago,P09306,456,15,440,75,375,2026-05-16,In Stock
W005,London,P09307,263,30,257,50,250,2026-06-20,In Stock
W006,Berlin,P09308,644,11,633,100,500,2026-06-20,In Stock
W002,Chicago,P09309,1158,5,1130,50,250,2026-06-17,In Stock
W001,New York,P09310,923,27,894,20,100,2026-04-29,In Stock
W007,Milan,P09311,404,13,398,20,100,2026-03-19,In Stock
W007,Milan,P09312,609,15,574,50,250,2026-06-03,In Stock
W004,Los Angeles,P09313,819,10,797,50,250,2026-05-18,In Stock
W001,New York,P09314,456,15,441,50,250,2026-04-01,In Stock
W003,Dallas,P09315,181,6,171,20,100,2026-05-16,In Stock
W005,London,P09316,826,20,788,75,375,2026-06-20,In Stock
W005,London,P09317,1186,38,1164,100,500,2026-03-12,In Stock
W008,Sydney,P09318,965,14,959,20,100,2026-03-31,In Stock
W008,Sydney,P09319,3,3,0,50,250,2026-04-05,Low Stock
W003,Dallas,P09320,757,12,746,100,500,2026-06-23,In Stock
W002,Chicago,P09321,544,21,525,30,150,2026-05-12,In Stock
W007,Milan,P09322,395,30,356,75,375,2026-04-24,In Stock
W004,Los Angeles,P09323,894,27,879,100,500,2026-05-06,In Stock
W005,London,P09324,638,37,606,50,250,2026-03-08,In Stock
W002,Chicago,P09325,62,12,54,75,375,2026-03-20,Low Stock
W007,Milan,P09326,918,36,910,30,150,2026-04-08,In Stock
W001,New York,P09327,772,17,764,20,100,2026-03-09,In Stock
W005,London,P09328,300,39,292,100,500,2026-03-24,In Stock
W002,Chicago,P09329,183,11,166,100,500,2026-05-02,In Stock
W005,London,P09330,435,3,408,50,250,2026-04-12,In Stock
W008,Sydney,P09331,1108,3,1072,30,150,2026-04-15,In Stock
W004,Los Angeles,P09332,1029,8,1022,75,375,2026-06-16,In Stock
W003,Dallas,P09333,37,32,28,30,150,2026-03-28,In Stock
W004,Los Angeles,P09334,83,23,83,20,100,2026-03-21,In Stock
W006,Berlin,P09335,715,31,688,50,250,2026-06-18,In Stock
W007,Milan,P09336,1144,40,1120,20,100,2026-04-24,In Stock
W001,New York,P09337,486,19,485,20,100,2026-06-28,In Stock
W006,Berlin,P09338,553,33,552,75,375,2026-06-18,In Stock
W004,Los Angeles,P09339,242,13,227,50,250,2026-05-06,In Stock
W001,New York,P09340,732,16,720,75,375,2026-06-05,In Stock
W002,Chicago,P09341,220,22,203,20,100,2026-04-16,In Stock
W006,Berlin,P09342,266,5,236,100,500,2026-04-13,In Stock
W002,Chicago,P09343,776,3,738,100,500,2026-03-10,In Stock
W002,Chicago,P09344,481,18,477,75,375,2026-04-27,In Stock
W007,Milan,P09345,649,8,648,100,500,2026-03-04,In Stock
W006,Berlin,P09346,1175,34,1135,50,250,2026-06-02,In Stock
W007,Milan,P09347,51,1,47,100,500,2026-05-06,Low Stock
W001,New York,P09348,219,21,206,20,100,2026-03-26,In Stock
W007,Milan,P09349,36,24,18,100,500,2026-06-02,Low Stock
W005,London,P09350,745,17,707,30,150,2026-04-26,In Stock
W004,Los Angeles,P09351,258,0,221,20,100,2026-05-07,In Stock
W001,New York,P09352,238,12,217,50,250,2026-06-03,In Stock
W001,New York,P09353,734,11,712,30,150,2026-05-04,In Stock
W003,Dallas,P09354,631,34,596,100,500,2026-04-07,In Stock
W001,New York,P09355,615,31,613,100,500,2026-05-26,In Stock
W007,Milan,P09356,565,21,545,100,500,2026-05-14,In Stock
W002,Chicago,P09357,828,13,818,100,500,2026-03-29,In Stock
W005,London,P09358,64,40,36,50,250,2026-03-24,In Stock
W005,London,P09359,204,40,168,20,100,2026-06-02,In Stock
W006,Berlin,P09360,407,6,367,100,500,2026-06-28,In Stock
W004,Los Angeles,P09361,1050,4,1025,100,500,2026-03-16,In Stock
W007,Milan,P09362,1019,1,980,75,375,2026-03-09,In Stock
W006,Berlin,P09363,317,32,296,20,100,2026-04-03,In Stock
W007,Milan,P09364,1086,16,1074,20,100,2026-04-12,In Stock
W005,London,P09365,295,0,293,100,500,2026-03-19,In Stock
W003,Dallas,P09366,668,40,648,100,500,2026-04-28,In Stock
W004,Los Angeles,P09367,1114,12,1084,20,100,2026-06-25,In Stock
W004,Los Angeles,P09368,926,13,921,75,375,2026-06-09,In Stock
W001,New York,P09369,754,35,728,100,500,2026-04-17,In Stock
W005,London,P09370,1063,13,1060,50,250,2026-05-01,In Stock
W005,London,P09371,1065,35,1061,75,375,2026-03-18,In Stock
W004,Los Angeles,P09372,524,37,502,20,100,2026-04-01,In Stock
W002,Chicago,P09373,560,20,557,20,100,2026-03-25,In Stock
W002,Chicago,P09374,1133,15,1109,20,100,2026-06-19,In Stock
W008,Sydney,P09375,68,2,51,20,100,2026-04-24,In Stock
W006,Berlin,P09376,623,8,611,20,100,2026-04-04,In Stock
W005,London,P09377,1036,0,999,20,100,2026-05-23,In Stock
W006,Berlin,P09378,338,20,323,50,250,2026-03-31,In Stock
W007,Milan,P09379,299,23,272,50,250,2026-06-18,In Stock
W005,London,P09380,550,9,514,20,100,2026-04-20,In Stock
W008,Sydney,P09381,125,3,86,20,100,2026-06-04,In Stock
W003,Dallas,P09382,248,9,211,50,250,2026-05-27,In Stock
W002,Chicago,P09383,1016,7,1009,75,375,2026-06-16,In Stock
W005,London,P09384,1054,10,1038,30,150,2026-03-24,In Stock
W001,New York,P09385,831,8,805,50,250,2026-03-16,In Stock
W002,Chicago,P09386,269,24,243,20,100,2026-03-29,In Stock
W005,London,P09387,1057,40,1054,20,100,2026-06-28,In Stock
W002,Chicago,P09388,131,13,117,30,150,2026-03-31,In Stock
W001,New York,P09389,251,29,214,75,375,2026-03-15,In Stock
W007,Milan,P09390,690,40,666,50,250,2026-04-06,In Stock
W008,Sydney,P09391,503,14,468,30,150,2026-03-27,In Stock
W004,Los Angeles,P09392,795,19,789,100,500,2026-05-22,In Stock
W004,Los Angeles,P09393,629,25,619,50,250,2026-06-06,In Stock
W001,New York,P09394,996,38,993,50,250,2026-05-19,In Stock
W004,Los Angeles,P09395,1049,0,1028,100,500,2026-03-27,In Stock
W006,Berlin,P09396,15,8,5,100,500,2026-04-22,Low Stock
W002,Chicago,P09397,892,14,867,100,500,2026-06-09,In Stock
W006,Berlin,P09398,912,11,907,75,375,2026-06-25,In Stock
W008,Sydney,P09399,378,18,371,75,375,2026-06-22,In Stock
W006,Berlin,P09400,1193,22,1164,20,100,2026-03-05,In Stock
W002,Chicago,P09401,764,21,759,50,250,2026-04-19,In Stock
W005,London,P09402,731,10,692,50,250,2026-05-05,In Stock
W005,London,P09403,505,8,497,50,250,2026-06-16,In Stock
W008,Sydney,P09404,406,35,387,30,150,2026-06-10,In Stock
W005,London,P09405,1074,10,1038,75,375,2026-04-21,In Stock
W001,New York,P09406,331,9,292,20,100,2026-06-19,In Stock
W008,Sydney,P09407,352,20,346,75,375,2026-04-06,In Stock
W004,Los Angeles,P09408,538,2,519,30,150,2026-04-09,In Stock
W006,Berlin,P09409,1004,7,989,100,500,2026-06-15,In Stock
W005,London,P09410,743,8,720,75,375,2026-05-30,In Stock
W001,New York,P09411,447,8,430,20,100,2026-03-12,In Stock
W002,Chicago,P09412,449,0,442,20,100,2026-06-14,In Stock
W004,Los Angeles,P09413,134,27,115,50,250,2026-03-14,In Stock
W005,London,P09414,378,18,363,20,100,2026-04-30,In Stock
W008,Sydney,P09415,1028,23,1007,20,100,2026-04-05,In Stock
W003,Dallas,P09416,272,30,271,75,375,2026-02-28,In Stock
W003,Dallas,P09417,875,19,839,20,100,2026-04-30,In Stock
W007,Milan,P09418,968,37,935,100,500,2026-03-01,In Stock
W008,Sydney,P09419,376,25,339,50,250,2026-05-04,In Stock
W005,London,P09420,159,13,137,20,100,2026-06-27,In Stock
W008,Sydney,P09421,889,39,850,50,250,2026-05-11,In Stock
W008,Sydney,P09422,343,25,331,75,375,2026-06-01,In Stock
W007,Milan,P09423,1036,2,1008,20,100,2026-06-14,In Stock
W002,Chicago,P09424,578,20,575,75,375,2026-04-05,In Stock
W006,Berlin,P09425,376,2,370,30,150,2026-06-20,In Stock
W003,Dallas,P09426,990,18,981,20,100,2026-06-12,In Stock
W006,Berlin,P09427,1167,15,1159,30,150,2026-06-02,In Stock
W002,Chicago,P09428,623,13,616,30,150,2026-05-07,In Stock
W002,Chicago,P09429,883,39,853,75,375,2026-05-20,In Stock
W005,London,P09430,846,31,844,100,500,2026-04-27,In Stock
W002,Chicago,P09431,229,33,192,100,500,2026-05-17,In Stock
W002,Chicago,P09432,225,23,194,20,100,2026-04-20,In Stock
W008,Sydney,P09433,262,37,259,30,150,2026-03-04,In Stock
W004,Los Angeles,P09434,1013,20,990,20,100,2026-03-01,In Stock
W007,Milan,P09435,21,12,2,30,150,2026-06-12,Low Stock
W004,Los Angeles,P09436,825,19,804,30,150,2026-03-18,In Stock
W005,London,P09437,770,13,742,100,500,2026-06-20,In Stock
W005,London,P09438,945,31,923,100,500,2026-03-10,In Stock
W001,New York,P09439,1063,22,1034,20,100,2026-04-09,In Stock
W002,Chicago,P09440,138,33,122,75,375,2026-04-09,In Stock
W005,London,P09441,571,3,562,20,100,2026-03-27,In Stock
W008,Sydney,P09442,533,38,517,100,500,2026-06-07,In Stock
W005,London,P09443,628,28,590,30,150,2026-03-15,In Stock
W004,Los Angeles,P09444,831,27,828,75,375,2026-05-23,In Stock
W005,London,P09445,1103,29,1096,75,375,2026-06-13,In Stock
W002,Chicago,P09446,833,33,823,20,100,2026-03-26,In Stock
W008,Sydney,P09447,902,18,874,30,150,2026-04-30,In Stock
W005,London,P09448,855,33,837,75,375,2026-05-12,In Stock
W003,Dallas,P09449,947,15,907,30,150,2026-04-08,In Stock
W002,Chicago,P09450,1057,6,1037,100,500,2026-05-06,In Stock
W008,Sydney,P09451,669,7,656,50,250,2026-03-19,In Stock
W006,Berlin,P09452,567,21,539,50,250,2026-04-13,In Stock
W008,Sydney,P09453,61,38,58,75,375,2026-04-29,Low Stock
W008,Sydney,P09454,113,40,73,50,250,2026-05-12,In Stock
W006,Berlin,P09455,431,1,427,20,100,2026-04-27,In Stock
W004,Los Angeles,P09456,212,6,203,50,250,2026-04-29,In Stock
W003,Dallas,P09457,719,11,713,100,500,2026-04-08,In Stock
W003,Dallas,P09458,1176,22,1152,100,500,2026-05-02,In Stock
W003,Dallas,P09459,529,23,506,20,100,2026-05-16,In Stock
W003,Dallas,P09460,668,31,638,20,100,2026-05-23,In Stock
W006,Berlin,P09461,882,9,857,50,250,2026-05-20,In Stock
W003,Dallas,P09462,552,28,533,30,150,2026-06-09,In Stock
W003,Dallas,P09463,315,11,307,20,100,2026-06-22,In Stock
W005,London,P09464,149,26,131,20,100,2026-03-05,In Stock
W007,Milan,P09465,85,10,61,75,375,2026-05-16,In Stock
W003,Dallas,P09466,126,17,94,20,100,2026-04-30,In Stock
W007,Milan,P09467,96,26,68,100,500,2026-05-30,Low Stock
W008,Sydney,P09468,348,2,345,50,250,2026-04-16,In Stock
W004,Los Angeles,P09469,329,36,308,20,100,2026-05-10,In Stock
W004,Los Angeles,P09470,367,23,367,20,100,2026-05-05,In Stock
W006,Berlin,P09471,85,36,61,75,375,2026-03-04,In Stock
W002,Chicago,P09472,687,33,671,100,500,2026-05-25,In Stock
W006,Berlin,P09473,259,25,243,30,150,2026-04-15,In Stock
W005,London,P09474,147,1,145,20,100,2026-03-19,In Stock
W003,Dallas,P09475,67,36,43,100,500,2026-04-27,Low Stock
W007,Milan,P09476,69,3,43,50,250,2026-06-10,In Stock
W004,Los Angeles,P09477,381,23,374,20,100,2026-03-31,In Stock
W008,Sydney,P09478,645,38,621,20,100,2026-04-29,In Stock
W003,Dallas,P09479,1180,1,1159,75,375,2026-04-23,In Stock
W007,Milan,P09480,724,5,707,30,150,2026-04-03,In Stock
W004,Los Angeles,P09481,553,11,551,30,150,2026-04-26,In Stock
W001,New York,P09482,587,5,585,30,150,2026-03-01,In Stock
W008,Sydney,P09483,936,10,927,30,150,2026-04-18,In Stock
W008,Sydney,P09484,519,38,498,100,500,2026-03-04,In Stock
W004,Los Angeles,P09485,819,18,809,75,375,2026-04-20,In Stock
W007,Milan,P09486,67,31,42,20,100,2026-03-07,In Stock
W008,Sydney,P09487,1085,13,1053,75,375,2026-03-23,In Stock
W001,New York,P09488,241,4,228,20,100,2026-06-24,In Stock
W006,Berlin,P09489,352,9,339,100,500,2026-04-22,In Stock
W004,Los Angeles,P09490,745,9,732,30,150,2026-04-30,In Stock
W008,Sydney,P09491,686,17,668,20,100,2026-03-19,In Stock
W001,New York,P09492,814,40,803,30,150,2026-05-26,In Stock
W005,London,P09493,1126,25,1091,100,500,2026-05-27,In Stock
W007,Milan,P09494,70,7,60,50,250,2026-05-06,In Stock
W002,Chicago,P09495,811,20,771,50,250,2026-05-20,In Stock
W003,Dallas,P09496,956,15,944,100,500,2026-04-05,In Stock
W008,Sydney,P09497,114,7,95,30,150,2026-04-04,In Stock
W007,Milan,P09498,158,39,156,75,375,2026-05-20,In Stock
W008,Sydney,P09499,778,3,769,20,100,2026-04-11,In Stock
W007,Milan,P09500,751,18,746,50,250,2026-04-14,In Stock
W001,New York,P09501,543,31,514,30,150,2026-03-10,In Stock
W001,New York,P09502,341,26,312,100,500,2026-03-02,In Stock
W001,New York,P09503,676,13,656,20,100,2026-05-07,In Stock
W003,Dallas,P09504,486,11,469,75,375,2026-05-09,In Stock
W005,London,P09505,666,0,648,75,375,2026-04-21,In Stock
W006,Berlin,P09506,176,37,139,20,100,2026-06-24,In Stock
W007,Milan,P09507,655,15,644,75,375,2026-03-10,In Stock
W003,Dallas,P09508,827,38,823,75,375,2026-03-23,In Stock
W002,Chicago,P09509,157,32,136,75,375,2026-06-14,In Stock
W003,Dallas,P09510,711,10,682,100,500,2026-06-06,In Stock
W002,Chicago,P09511,830,18,822,100,500,2026-03-23,In Stock
W003,Dallas,P09512,267,9,245,100,500,2026-05-28,In Stock
W005,London,P09513,144,28,123,100,500,2026-03-19,In Stock
W008,Sydney,P09514,799,31,774,20,100,2026-05-12,In Stock
W008,Sydney,P09515,331,16,308,30,150,2026-03-13,In Stock
W004,Los Angeles,P09516,892,0,861,75,375,2026-04-15,In Stock
W004,Los Angeles,P09517,481,3,449,50,250,2026-06-03,In Stock
W004,Los Angeles,P09518,966,13,941,100,500,2026-03-12,In Stock
W002,Chicago,P09519,720,11,696,100,500,2026-05-06,In Stock
W007,Milan,P09520,783,1,749,100,500,2026-02-28,In Stock
W001,New York,P09521,985,23,959,100,500,2026-05-17,In Stock
W004,Los Angeles,P09522,104,3,93,20,100,2026-03-17,In Stock
W003,Dallas,P09523,992,0,953,50,250,2026-06-03,In Stock
W007,Milan,P09524,32,30,32,50,250,2026-04-10,Low Stock
W003,Dallas,P09525,1147,15,1133,20,100,2026-05-02,In Stock
W002,Chicago,P09526,542,7,529,30,150,2026-03-18,In Stock
W008,Sydney,P09527,591,11,560,75,375,2026-03-15,In Stock
W004,Los Angeles,P09528,1185,40,1176,30,150,2026-04-02,In Stock
W007,Milan,P09529,1030,17,994,100,500,2026-05-18,In Stock
W005,London,P09530,323,26,315,75,375,2026-04-11,In Stock
W004,Los Angeles,P09531,504,36,472,75,375,2026-06-01,In Stock
W003,Dallas,P09532,633,30,622,20,100,2026-03-18,In Stock
W002,Chicago,P09533,707,32,701,100,500,2026-04-09,In Stock
W007,Milan,P09534,154,1,117,100,500,2026-03-18,In Stock
W001,New York,P09535,1094,3,1078,100,500,2026-06-26,In Stock
W004,Los Angeles,P09536,473,11,445,75,375,2026-06-10,In Stock
W005,London,P09537,618,8,607,50,250,2026-04-28,In Stock
W006,Berlin,P09538,530,24,499,30,150,2026-05-30,In Stock
W003,Dallas,P09539,991,11,982,30,150,2026-06-15,In Stock
W006,Berlin,P09540,713,9,693,30,150,2026-06-22,In Stock
W002,Chicago,P09541,803,37,791,100,500,2026-03-21,In Stock
W003,Dallas,P09542,1160,16,1137,75,375,2026-06-16,In Stock
W002,Chicago,P09543,808,4,781,50,250,2026-06-28,In Stock
W007,Milan,P09544,355,37,335,50,250,2026-03-08,In Stock
W002,Chicago,P09545,460,37,433,30,150,2026-05-05,In Stock
W001,New York,P09546,698,20,689,75,375,2026-04-07,In Stock
W007,Milan,P09547,809,30,805,50,250,2026-04-02,In Stock
W002,Chicago,P09548,1048,13,1040,20,100,2026-04-05,In Stock
W001,New York,P09549,928,12,892,30,150,2026-06-13,In Stock
W002,Chicago,P09550,1100,25,1079,50,250,2026-03-02,In Stock
W006,Berlin,P09551,111,13,84,75,375,2026-04-15,In Stock
W006,Berlin,P09552,129,29,103,75,375,2026-04-06,In Stock
W006,Berlin,P09553,727,39,690,100,500,2026-06-19,In Stock
W007,Milan,P09554,844,28,819,100,500,2026-06-21,In Stock
W003,Dallas,P09555,282,24,265,30,150,2026-05-20,In Stock
W006,Berlin,P09556,213,15,185,50,250,2026-04-04,In Stock
W001,New York,P09557,550,16,541,30,150,2026-05-22,In Stock
W002,Chicago,P09558,856,27,844,30,150,2026-06-13,In Stock
W008,Sydney,P09559,958,17,941,75,375,2026-06-10,In Stock
W003,Dallas,P09560,297,11,278,20,100,2026-06-12,In Stock
W002,Chicago,P09561,982,32,977,30,150,2026-04-04,In Stock
W001,New York,P09562,476,28,463,50,250,2026-06-15,In Stock
W008,Sydney,P09563,669,2,658,20,100,2026-04-14,In Stock
W006,Berlin,P09564,1106,35,1086,30,150,2026-06-27,In Stock
W004,Los Angeles,P09565,481,30,475,30,150,2026-06-25,In Stock
W005,London,P09566,643,20,638,30,150,2026-06-01,In Stock
W006,Berlin,P09567,873,18,859,30,150,2026-06-20,In Stock
W008,Sydney,P09568,159,40,155,100,500,2026-03-06,In Stock
W007,Milan,P09569,471,22,455,30,150,2026-05-02,In Stock
W002,Chicago,P09570,734,13,719,50,250,2026-03-01,In Stock
W003,Dallas,P09571,662,6,631,50,250,2026-03-18,In Stock
W007,Milan,P09572,1115,9,1106,100,500,2026-06-24,In Stock
W007,Milan,P09573,1104,36,1067,30,150,2026-03-05,In Stock
W005,London,P09574,698,2,687,100,500,2026-03-02,In Stock
W005,London,P09575,709,7,674,75,375,2026-05-06,In Stock
W002,Chicago,P09576,1155,5,1128,100,500,2026-03-25,In Stock
W003,Dallas,P09577,756,38,718,50,250,2026-06-03,In Stock
W002,Chicago,P09578,619,15,593,50,250,2026-05-16,In Stock
W002,Chicago,P09579,410,33,383,30,150,2026-06-14,In Stock
W004,Los Angeles,P09580,848,18,824,75,375,2026-06-18,In Stock
W007,Milan,P09581,205,0,185,75,375,2026-05-25,In Stock
W004,Los Angeles,P09582,463,1,433,75,375,2026-03-24,In Stock
W004,Los Angeles,P09583,783,5,775,75,375,2026-04-26,In Stock
W005,London,P09584,990,26,952,20,100,2026-03-24,In Stock
W006,Berlin,P09585,490,11,484,20,100,2026-05-01,In Stock
W005,London,P09586,0,0,0,75,375,2026-04-13,Low Stock
W007,Milan,P09587,914,3,897,30,150,2026-06-17,In Stock
W007,Milan,P09588,347,12,343,100,500,2026-04-11,In Stock
W002,Chicago,P09589,772,35,732,75,375,2026-05-02,In Stock
W006,Berlin,P09590,1143,16,1112,75,375,2026-05-26,In Stock
W001,New York,P09591,239,9,199,100,500,2026-05-13,In Stock
W006,Berlin,P09592,505,28,484,20,100,2026-05-18,In Stock
W001,New York,P09593,533,6,506,75,375,2026-06-14,In Stock
W005,London,P09594,479,17,476,100,500,2026-05-30,In Stock
W008,Sydney,P09595,257,30,236,75,375,2026-05-23,In Stock
W006,Berlin,P09596,901,37,861,75,375,2026-06-21,In Stock
W005,London,P09597,182,8,160,50,250,2026-03-01,In Stock
W001,New York,P09598,722,12,696,75,375,2026-04-03,In Stock
W001,New York,P09599,446,21,426,100,500,2026-06-08,In Stock
W003,Dallas,P09600,388,13,379,20,100,2026-04-10,In Stock
W007,Milan,P09601,995,13,976,100,500,2026-06-03,In Stock
W006,Berlin,P09602,1097,39,1060,50,250,2026-06-15,In Stock
W008,Sydney,P09603,954,15,922,75,375,2026-05-13,In Stock
W007,Milan,P09604,1178,9,1157,30,150,2026-03-29,In Stock
W005,London,P09605,464,26,452,75,375,2026-05-06,In Stock
W007,Milan,P09606,361,31,355,100,500,2026-06-19,In Stock
W008,Sydney,P09607,237,23,224,75,375,2026-04-08,In Stock
W006,Berlin,P09608,681,12,643,50,250,2026-05-25,In Stock
W006,Berlin,P09609,97,36,64,75,375,2026-04-11,In Stock
W006,Berlin,P09610,1029,38,1013,30,150,2026-04-21,In Stock
W007,Milan,P09611,482,38,446,20,100,2026-03-27,In Stock
W008,Sydney,P09612,308,21,288,100,500,2026-04-01,In Stock
W005,London,P09613,248,37,235,75,375,2026-03-31,In Stock
W005,London,P09614,449,19,413,20,100,2026-03-30,In Stock
W002,Chicago,P09615,539,4,517,30,150,2026-05-27,In Stock
W005,London,P09616,67,25,38,100,500,2026-03-13,Low Stock
W007,Milan,P09617,301,9,266,50,250,2026-05-13,In Stock
W008,Sydney,P09618,535,19,534,20,100,2026-03-21,In Stock
W006,Berlin,P09619,325,40,296,75,375,2026-03-02,In Stock
W001,New York,P09620,411,16,382,50,250,2026-05-04,In Stock
W007,Milan,P09621,474,28,446,20,100,2026-04-16,In Stock
W008,Sydney,P09622,656,0,619,20,100,2026-06-25,In Stock
W007,Milan,P09623,724,39,706,20,100,2026-06-26,In Stock
W008,Sydney,P09624,347,17,321,30,150,2026-06-15,In Stock
W006,Berlin,P09625,85,7,81,50,250,2026-04-26,In Stock
W001,New York,P09626,1051,36,1042,30,150,2026-06-11,In Stock
W001,New York,P09627,293,5,280,50,250,2026-04-10,In Stock
W001,New York,P09628,8,5,6,30,150,2026-06-20,Low Stock
W002,Chicago,P09629,622,16,594,75,375,2026-06-06,In Stock
W001,New York,P09630,711,20,703,50,250,2026-05-29,In Stock
W008,Sydney,P09631,1032,39,1031,30,150,2026-05-27,In Stock
W008,Sydney,P09632,706,18,686,75,375,2026-05-11,In Stock
W005,London,P09633,580,24,566,30,150,2026-06-03,In Stock
W004,Los Angeles,P09634,503,34,484,100,500,2026-03-07,In Stock
W007,Milan,P09635,701,36,699,20,100,2026-06-02,In Stock
W005,London,P09636,1149,3,1114,30,150,2026-06-11,In Stock
W005,London,P09637,182,2,175,30,150,2026-05-05,In Stock
W001,New York,P09638,830,16,793,50,250,2026-06-23,In Stock
W004,Los Angeles,P09639,749,15,731,100,500,2026-03-02,In Stock
W002,Chicago,P09640,993,40,981,75,375,2026-06-02,In Stock
W005,London,P09641,478,29,471,20,100,2026-04-19,In Stock
W003,Dallas,P09642,204,10,199,100,500,2026-03-18,In Stock
W007,Milan,P09643,34,12,0,75,375,2026-06-07,Low Stock
W004,Los Angeles,P09644,137,24,108,100,500,2026-04-08,In Stock
W002,Chicago,P09645,173,34,170,20,100,2026-06-09,In Stock
W004,Los Angeles,P09646,1109,15,1084,100,500,2026-04-16,In Stock
W008,Sydney,P09647,12,12,0,30,150,2026-05-02,Low Stock
W006,Berlin,P09648,491,27,472,50,250,2026-05-25,In Stock
W002,Chicago,P09649,142,12,120,100,500,2026-05-22,In Stock
W008,Sydney,P09650,378,25,363,100,500,2026-04-14,In Stock
W007,Milan,P09651,332,1,322,50,250,2026-05-30,In Stock
W005,London,P09652,294,14,290,20,100,2026-04-29,In Stock
W006,Berlin,P09653,154,20,154,50,250,2026-04-12,In Stock
W001,New York,P09654,48,39,25,30,150,2026-03-22,In Stock
W008,Sydney,P09655,283,24,244,100,500,2026-05-29,In Stock
W006,Berlin,P09656,482,40,477,100,500,2026-06-25,In Stock
W007,Milan,P09657,984,14,971,30,150,2026-03-03,In Stock
W003,Dallas,P09658,910,20,897,75,375,2026-03-23,In Stock
W005,London,P09659,1106,11,1087,20,100,2026-04-16,In Stock
W007,Milan,P09660,801,39,765,100,500,2026-03-30,In Stock
W003,Dallas,P09661,482,23,447,100,500,2026-05-15,In Stock
W006,Berlin,P09662,373,4,373,20,100,2026-04-02,In Stock
W002,Chicago,P09663,745,19,726,50,250,2026-04-19,In Stock
W005,London,P09664,1006,9,1006,100,500,2026-05-02,In Stock
W005,London,P09665,116,6,81,50,250,2026-03-11,In Stock
W008,Sydney,P09666,28,21,20,30,150,2026-06-07,Low Stock
W002,Chicago,P09667,925,21,886,75,375,2026-04-11,In Stock
W001,New York,P09668,274,16,234,50,250,2026-04-13,In Stock
W004,Los Angeles,P09669,1175,1,1162,20,100,2026-06-06,In Stock
W001,New York,P09670,561,3,547,20,100,2026-04-08,In Stock
W008,Sydney,P09671,268,4,265,100,500,2026-06-09,In Stock
W008,Sydney,P09672,352,21,324,100,500,2026-05-18,In Stock
W006,Berlin,P09673,234,27,221,30,150,2026-04-30,In Stock
W001,New York,P09674,114,38,87,75,375,2026-03-22,In Stock
W004,Los Angeles,P09675,425,11,415,20,100,2026-05-15,In Stock
W002,Chicago,P09676,956,27,929,75,375,2026-03-14,In Stock
W003,Dallas,P09677,241,31,223,30,150,2026-05-06,In Stock
W003,Dallas,P09678,202,13,183,30,150,2026-05-13,In Stock
W006,Berlin,P09679,1150,40,1111,30,150,2026-05-12,In Stock
W007,Milan,P09680,717,10,713,75,375,2026-04-15,In Stock
W003,Dallas,P09681,667,2,630,100,500,2026-03-06,In Stock
W005,London,P09682,608,19,577,20,100,2026-05-13,In Stock
W004,Los Angeles,P09683,899,12,871,75,375,2026-03-23,In Stock
W003,Dallas,P09684,714,18,682,75,375,2026-05-14,In Stock
W007,Milan,P09685,638,27,612,75,375,2026-04-15,In Stock
W006,Berlin,P09686,662,31,662,75,375,2026-05-18,In Stock
W002,Chicago,P09687,1148,23,1145,75,375,2026-05-09,In Stock
W008,Sydney,P09688,1190,17,1169,75,375,2026-06-20,In Stock
W002,Chicago,P09689,766,0,746,100,500,2026-04-11,In Stock
W003,Dallas,P09690,678,32,649,75,375,2026-06-28,In Stock
W005,London,P09691,339,16,315,75,375,2026-04-11,In Stock
W008,Sydney,P09692,731,34,728,20,100,2026-03-20,In Stock
W005,London,P09693,813,0,773,75,375,2026-05-10,In Stock
W004,Los Angeles,P09694,1038,32,1015,30,150,2026-06-24,In Stock
W005,London,P09695,209,9,180,75,375,2026-05-17,In Stock
W001,New York,P09696,333,40,294,20,100,2026-06-08,In Stock
W003,Dallas,P09697,685,7,674,30,150,2026-03-22,In Stock
W004,Los Angeles,P09698,1149,11,1112,20,100,2026-03-16,In Stock
W005,London,P09699,543,8,512,75,375,2026-05-11,In Stock
W004,Los Angeles,P09700,663,18,631,20,100,2026-04-30,In Stock
W005,London,P09701,965,20,959,20,100,2026-06-12,In Stock
W006,Berlin,P09702,564,35,526,50,250,2026-05-29,In Stock
W006,Berlin,P09703,457,21,425,30,150,2026-03-10,In Stock
W005,London,P09704,1168,40,1130,100,500,2026-04-02,In Stock
W002,Chicago,P09705,887,22,873,100,500,2026-02-28,In Stock
W006,Berlin,P09706,695,8,660,30,150,2026-03-29,In Stock
W008,Sydney,P09707,658,8,658,20,100,2026-04-16,In Stock
W001,New York,P09708,134,5,103,100,500,2026-04-04,In Stock
W005,London,P09709,1177,15,1173,75,375,2026-06-13,In Stock
W002,Chicago,P09710,588,27,573,100,500,2026-06-02,In Stock
W007,Milan,P09711,52,34,13,100,500,2026-03-29,Low Stock
W002,Chicago,P09712,110,0,92,50,250,2026-04-03,In Stock
W006,Berlin,P09713,797,39,769,20,100,2026-03-05,In Stock
W005,London,P09714,126,23,87,20,100,2026-04-27,In Stock
W006,Berlin,P09715,1064,16,1046,30,150,2026-05-14,In Stock
W005,London,P09716,344,1,325,20,100,2026-06-08,In Stock
W001,New York,P09717,1042,5,1010,50,250,2026-06-05,In Stock
W007,Milan,P09718,656,36,654,50,250,2026-03-14,In Stock
W008,Sydney,P09719,1120,11,1100,75,375,2026-05-17,In Stock
W001,New York,P09720,764,7,743,50,250,2026-03-07,In Stock
W002,Chicago,P09721,98,13,69,100,500,2026-05-12,Low Stock
W008,Sydney,P09722,954,28,917,20,100,2026-05-11,In Stock
W001,New York,P09723,823,27,786,20,100,2026-05-24,In Stock
W002,Chicago,P09724,432,6,422,50,250,2026-03-16,In Stock
W005,London,P09725,1139,24,1101,30,150,2026-05-19,In Stock
W006,Berlin,P09726,746,10,715,100,500,2026-04-30,In Stock
W001,New York,P09727,838,39,830,100,500,2026-03-07,In Stock
W003,Dallas,P09728,851,7,828,100,500,2026-05-10,In Stock
W005,London,P09729,58,1,25,75,375,2026-04-07,Low Stock
W003,Dallas,P09730,1018,7,1017,75,375,2026-06-27,In Stock
W003,Dallas,P09731,461,4,453,50,250,2026-06-25,In Stock
W005,London,P09732,748,24,711,100,500,2026-06-14,In Stock
W006,Berlin,P09733,961,16,923,30,150,2026-05-26,In Stock
W004,Los Angeles,P09734,1151,40,1124,50,250,2026-06-03,In Stock
W004,Los Angeles,P09735,976,36,944,50,250,2026-04-01,In Stock
W005,London,P09736,174,34,144,30,150,2026-03-07,In Stock
W008,Sydney,P09737,5,4,0,20,100,2026-06-17,Low Stock
W002,Chicago,P09738,245,14,215,30,150,2026-04-11,In Stock
W006,Berlin,P09739,327,12,321,30,150,2026-05-25,In Stock
W004,Los Angeles,P09740,340,5,300,50,250,2026-03-05,In Stock
W008,Sydney,P09741,25,24,19,75,375,2026-06-10,Low Stock
W008,Sydney,P09742,1030,38,1004,75,375,2026-05-29,In Stock
W004,Los Angeles,P09743,1044,39,1042,75,375,2026-03-13,In Stock
W002,Chicago,P09744,393,11,390,30,150,2026-03-14,In Stock
W003,Dallas,P09745,370,19,352,20,100,2026-04-23,In Stock
W005,London,P09746,489,7,451,50,250,2026-04-27,In Stock
W002,Chicago,P09747,850,37,828,50,250,2026-04-29,In Stock
W002,Chicago,P09748,70,9,49,50,250,2026-04-10,In Stock
W001,New York,P09749,30,16,12,30,150,2026-06-07,In Stock
W003,Dallas,P09750,563,31,561,20,100,2026-03-30,In Stock
W002,Chicago,P09751,1104,40,1098,30,150,2026-05-29,In Stock
W008,Sydney,P09752,1008,13,992,50,250,2026-06-24,In Stock
W004,Los Angeles,P09753,121,30,85,50,250,2026-06-07,In Stock
W006,Berlin,P09754,186,14,172,75,375,2026-05-28,In Stock
W006,Berlin,P09755,1066,14,1040,20,100,2026-04-25,In Stock
W003,Dallas,P09756,332,5,292,20,100,2026-03-08,In Stock
W006,Berlin,P09757,319,31,280,100,500,2026-05-06,In Stock
W006,Berlin,P09758,589,11,584,75,375,2026-06-17,In Stock
W007,Milan,P09759,925,40,922,20,100,2026-05-06,In Stock
W003,Dallas,P09760,89,8,83,100,500,2026-03-15,Low Stock
W003,Dallas,P09761,548,29,524,20,100,2026-05-04,In Stock
W005,London,P09762,691,24,682,30,150,2026-03-14,In Stock
W003,Dallas,P09763,238,21,236,30,150,2026-04-08,In Stock
W002,Chicago,P09764,214,17,198,30,150,2026-03-02,In Stock
W007,Milan,P09765,1109,20,1108,100,500,2026-04-14,In Stock
W003,Dallas,P09766,1153,33,1135,20,100,2026-04-24,In Stock
W005,London,P09767,729,37,712,50,250,2026-03-26,In Stock
W008,Sydney,P09768,288,18,259,50,250,2026-03-13,In Stock
W003,Dallas,P09769,112,31,96,50,250,2026-03-20,In Stock
W005,London,P09770,257,28,234,20,100,2026-05-07,In Stock
W004,Los Angeles,P09771,1165,37,1165,50,250,2026-02-28,In Stock
W005,London,P09772,786,6,768,50,250,2026-05-21,In Stock
W005,London,P09773,624,23,593,75,375,2026-05-20,In Stock
W002,Chicago,P09774,598,10,578,50,250,2026-06-11,In Stock
W007,Milan,P09775,610,20,609,75,375,2026-03-07,In Stock
W004,Los Angeles,P09776,50,15,45,50,250,2026-04-29,In Stock
W005,London,P09777,317,15,279,20,100,2026-06-16,In Stock
W004,Los Angeles,P09778,894,39,863,100,500,2026-05-16,In Stock
W005,London,P09779,1079,39,1066,30,150,2026-04-27,In Stock
W008,Sydney,P09780,990,28,983,30,150,2026-05-13,In Stock
W005,London,P09781,310,16,303,30,150,2026-06-07,In Stock
W006,Berlin,P09782,3,1,0,30,150,2026-03-24,Low Stock
W002,Chicago,P09783,381,30,373,50,250,2026-06-05,In Stock
W004,Los Angeles,P09784,932,2,904,30,150,2026-05-21,In Stock
W002,Chicago,P09785,989,13,959,50,250,2026-06-22,In Stock
W001,New York,P09786,879,10,864,30,150,2026-04-13,In Stock
W008,Sydney,P09787,933,14,910,30,150,2026-06-08,In Stock
W002,Chicago,P09788,1,1,0,100,500,2026-06-04,Low Stock
W008,Sydney,P09789,748,34,737,50,250,2026-05-06,In Stock
W004,Los Angeles,P09790,325,33,287,20,100,2026-05-24,In Stock
W006,Berlin,P09791,204,35,171,20,100,2026-05-15,In Stock
W002,Chicago,P09792,1080,6,1042,20,100,2026-04-10,In Stock
W005,London,P09793,371,7,340,100,500,2026-03-16,In Stock
W004,Los Angeles,P09794,584,0,558,30,150,2026-05-27,In Stock
W004,Los Angeles,P09795,410,20,389,100,500,2026-06-04,In Stock
W005,London,P09796,400,18,364,30,150,2026-04-03,In Stock
W008,Sydney,P09797,202,28,194,100,500,2026-04-09,In Stock
W001,New York,P09798,553,36,540,20,100,2026-06-05,In Stock
W005,London,P09799,303,12,263,50,250,2026-03-22,In Stock
W001,New York,P09800,50,5,21,100,500,2026-05-31,Low Stock
W002,Chicago,P09801,770,14,762,30,150,2026-05-22,In Stock
W004,Los Angeles,P09802,7,7,0,100,500,2026-05-20,Low Stock
W005,London,P09803,983,15,947,100,500,2026-03-26,In Stock
W001,New York,P09804,995,8,990,20,100,2026-03-04,In Stock
W003,Dallas,P09805,749,39,715,75,375,2026-02-28,In Stock
W007,Milan,P09806,159,9,140,20,100,2026-03-12,In Stock
W002,Chicago,P09807,1165,11,1135,100,500,2026-03-23,In Stock
W003,Dallas,P09808,575,39,552,50,250,2026-06-06,In Stock
W001,New York,P09809,902,36,865,75,375,2026-04-09,In Stock
W002,Chicago,P09810,728,34,715,30,150,2026-06-18,In Stock
W002,Chicago,P09811,1158,31,1126,75,375,2026-04-16,In Stock
W006,Berlin,P09812,218,25,196,75,375,2026-03-11,In Stock
W001,New York,P09813,218,3,215,100,500,2026-05-12,In Stock
W005,London,P09814,607,9,578,20,100,2026-05-03,In Stock
W007,Milan,P09815,121,8,107,20,100,2026-06-16,In Stock
W007,Milan,P09816,281,30,258,50,250,2026-06-17,In Stock
W001,New York,P09817,68,13,44,20,100,2026-03-10,In Stock
W007,Milan,P09818,1100,30,1081,50,250,2026-05-29,In Stock
W008,Sydney,P09819,484,17,456,100,500,2026-04-08,In Stock
W002,Chicago,P09820,1119,23,1087,50,250,2026-06-19,In Stock
W007,Milan,P09821,464,11,458,20,100,2026-06-06,In Stock
W002,Chicago,P09822,1097,12,1071,30,150,2026-06-04,In Stock
W008,Sydney,P09823,274,7,269,50,250,2026-06-11,In Stock
W001,New York,P09824,421,3,412,20,100,2026-05-11,In Stock
W003,Dallas,P09825,476,1,453,75,375,2026-06-24,In Stock
W007,Milan,P09826,930,35,919,50,250,2026-04-03,In Stock
W006,Berlin,P09827,327,36,317,30,150,2026-05-18,In Stock
W005,London,P09828,805,17,774,50,250,2026-05-11,In Stock
W004,Los Angeles,P09829,157,38,152,75,375,2026-05-21,In Stock
W006,Berlin,P09830,724,3,711,100,500,2026-05-10,In Stock
W006,Berlin,P09831,461,18,451,50,250,2026-03-14,In Stock
W004,Los Angeles,P09832,903,16,876,30,150,2026-05-05,In Stock
W008,Sydney,P09833,786,10,760,30,150,2026-03-04,In Stock
W008,Sydney,P09834,798,31,779,20,100,2026-04-07,In Stock
W008,Sydney,P09835,24,11,3,50,250,2026-02-28,Low Stock
W003,Dallas,P09836,292,10,290,50,250,2026-05-13,In Stock
W007,Milan,P09837,533,23,515,30,150,2026-04-12,In Stock
W008,Sydney,P09838,1090,24,1073,20,100,2026-05-30,In Stock
W008,Sydney,P09839,170,25,168,100,500,2026-04-01,In Stock
W004,Los Angeles,P09840,594,39,563,100,500,2026-03-04,In Stock
W004,Los Angeles,P09841,141,27,139,20,100,2026-06-13,In Stock
W006,Berlin,P09842,778,15,742,50,250,2026-04-12,In Stock
W006,Berlin,P09843,379,6,339,20,100,2026-03-27,In Stock
W006,Berlin,P09844,573,16,573,30,150,2026-06-17,In Stock
W006,Berlin,P09845,46,13,6,50,250,2026-04-30,Low Stock
W001,New York,P09846,1074,35,1073,75,375,2026-04-22,In Stock
W004,Los Angeles,P09847,693,23,671,100,500,2026-04-25,In Stock
W004,Los Angeles,P09848,874,20,858,50,250,2026-04-08,In Stock
W008,Sydney,P09849,764,28,728,100,500,2026-04-17,In Stock
W008,Sydney,P09850,532,22,514,30,150,2026-03-02,In Stock
W003,Dallas,P09851,1189,19,1176,20,100,2026-05-10,In Stock
W003,Dallas,P09852,977,25,945,50,250,2026-05-27,In Stock
W008,Sydney,P09853,1081,3,1053,50,250,2026-04-23,In Stock
W007,Milan,P09854,985,20,971,30,150,2026-06-21,In Stock
W002,Chicago,P09855,683,0,649,100,500,2026-03-11,In Stock
W007,Milan,P09856,899,38,883,100,500,2026-05-12,In Stock
W002,Chicago,P09857,220,14,210,100,500,2026-03-18,In Stock
W005,London,P09858,845,4,809,75,375,2026-04-11,In Stock
W003,Dallas,P09859,950,10,937,50,250,2026-05-03,In Stock
W002,Chicago,P09860,41,9,2,20,100,2026-03-19,In Stock
W006,Berlin,P09861,789,20,785,30,150,2026-03-18,In Stock
W008,Sydney,P09862,718,3,695,75,375,2026-06-02,In Stock
W003,Dallas,P09863,85,15,61,100,500,2026-06-19,Low Stock
W004,Los Angeles,P09864,41,18,22,20,100,2026-03-17,In Stock
W007,Milan,P09865,560,39,530,20,100,2026-06-08,In Stock
W005,London,P09866,145,13,118,20,100,2026-04-26,In Stock
W006,Berlin,P09867,1086,24,1050,20,100,2026-03-21,In Stock
W004,Los Angeles,P09868,314,37,297,100,500,2026-06-23,In Stock
W002,Chicago,P09869,187,4,175,75,375,2026-03-07,In Stock
W001,New York,P09870,508,1,469,75,375,2026-05-01,In Stock
W002,Chicago,P09871,1083,26,1054,50,250,2026-04-14,In Stock
W001,New York,P09872,1130,30,1116,75,375,2026-04-29,In Stock
W004,Los Angeles,P09873,216,36,207,75,375,2026-05-02,In Stock
W006,Berlin,P09874,346,19,320,75,375,2026-03-02,In Stock
W001,New York,P09875,172,1,147,20,100,2026-04-08,In Stock
W008,Sydney,P09876,963,3,963,50,250,2026-04-13,In Stock
W008,Sydney,P09877,112,32,99,20,100,2026-06-12,In Stock
W006,Berlin,P09878,815,4,781,75,375,2026-06-27,In Stock
W007,Milan,P09879,192,33,171,20,100,2026-03-20,In Stock
W004,Los Angeles,P09880,929,0,898,20,100,2026-06-21,In Stock
W001,New York,P09881,205,9,197,20,100,2026-06-12,In Stock
W002,Chicago,P09882,346,35,333,75,375,2026-03-09,In Stock
W001,New York,P09883,652,2,645,20,100,2026-03-02,In Stock
W002,Chicago,P09884,1118,24,1082,20,100,2026-06-03,In Stock
W005,London,P09885,229,24,200,20,100,2026-05-04,In Stock
W008,Sydney,P09886,132,7,114,20,100,2026-04-11,In Stock
W005,London,P09887,162,27,148,20,100,2026-03-13,In Stock
W003,Dallas,P09888,1144,9,1121,30,150,2026-06-14,In Stock
W007,Milan,P09889,526,37,505,30,150,2026-04-25,In Stock
W007,Milan,P09890,248,28,239,75,375,2026-06-15,In Stock
W002,Chicago,P09891,992,9,972,20,100,2026-05-27,In Stock
W005,London,P09892,799,20,797,50,250,2026-06-08,In Stock
W005,London,P09893,320,33,311,20,100,2026-03-03,In Stock
W006,Berlin,P09894,539,3,518,100,500,2026-03-31,In Stock
W008,Sydney,P09895,707,21,707,100,500,2026-03-08,In Stock
W003,Dallas,P09896,602,16,594,30,150,2026-05-06,In Stock
W004,Los Angeles,P09897,501,11,487,50,250,2026-06-14,In Stock
W008,Sydney,P09898,656,32,628,50,250,2026-04-26,In Stock
W002,Chicago,P09899,397,0,388,30,150,2026-06-26,In Stock
W007,Milan,P09900,184,39,144,30,150,2026-06-12,In Stock
W001,New York,P09901,481,33,455,20,100,2026-05-02,In Stock
W007,Milan,P09902,946,19,913,50,250,2026-03-07,In Stock
W003,Dallas,P09903,364,31,329,100,500,2026-06-27,In Stock
W008,Sydney,P09904,399,3,397,100,500,2026-03-03,In Stock
W005,London,P09905,885,2,848,30,150,2026-03-03,In Stock
W007,Milan,P09906,854,28,827,75,375,2026-06-06,In Stock
W007,Milan,P09907,64,38,37,30,150,2026-04-06,In Stock
W005,London,P09908,143,16,112,20,100,2026-06-13,In Stock
W007,Milan,P09909,609,20,593,100,500,2026-03-14,In Stock
W006,Berlin,P09910,1028,19,1002,50,250,2026-05-15,In Stock
W008,Sydney,P09911,945,15,905,20,100,2026-05-02,In Stock
W002,Chicago,P09912,705,16,695,30,150,2026-04-30,In Stock
W004,Los Angeles,P09913,357,29,344,100,500,2026-06-10,In Stock
W003,Dallas,P09914,959,27,939,75,375,2026-05-27,In Stock
W005,London,P09915,262,19,224,75,375,2026-03-22,In Stock
W005,London,P09916,877,21,837,50,250,2026-05-24,In Stock
W001,New York,P09917,387,1,378,20,100,2026-04-07,In Stock
W002,Chicago,P09918,614,24,588,30,150,2026-05-18,In Stock
W005,London,P09919,735,35,700,30,150,2026-06-06,In Stock
W004,Los Angeles,P09920,279,19,258,30,150,2026-03-28,In Stock
W004,Los Angeles,P09921,447,24,421,50,250,2026-04-24,In Stock
W003,Dallas,P09922,271,38,245,100,500,2026-03-16,In Stock
W006,Berlin,P09923,991,19,953,50,250,2026-03-05,In Stock
W003,Dallas,P09924,10,9,0,30,150,2026-06-28,Low Stock
W002,Chicago,P09925,413,40,384,30,150,2026-04-08,In Stock
W007,Milan,P09926,149,4,126,100,500,2026-04-03,In Stock
W008,Sydney,P09927,986,6,967,20,100,2026-03-08,In Stock
W002,Chicago,P09928,235,22,202,20,100,2026-06-15,In Stock
W007,Milan,P09929,314,4,292,30,150,2026-05-28,In Stock
W005,London,P09930,328,4,321,100,500,2026-05-14,In Stock
W008,Sydney,P09931,829,2,793,50,250,2026-03-21,In Stock
W002,Chicago,P09932,770,38,742,30,150,2026-03-08,In Stock
W006,Berlin,P09933,46,28,8,50,250,2026-03-24,Low Stock
W003,Dallas,P09934,247,4,245,50,250,2026-04-06,In Stock
W002,Chicago,P09935,127,37,111,20,100,2026-05-22,In Stock
W004,Los Angeles,P09936,30,4,1,20,100,2026-04-27,In Stock
W004,Los Angeles,P09937,283,24,262,20,100,2026-05-09,In Stock
W005,London,P09938,299,26,259,75,375,2026-06-04,In Stock
W001,New York,P09939,1077,24,1065,30,150,2026-03-01,In Stock
W003,Dallas,P09940,806,26,792,75,375,2026-04-01,In Stock
W002,Chicago,P09941,179,15,174,50,250,2026-03-25,In Stock
W001,New York,P09942,939,14,901,50,250,2026-04-25,In Stock
W008,Sydney,P09943,160,6,143,50,250,2026-03-12,In Stock
W003,Dallas,P09944,884,8,847,50,250,2026-05-31,In Stock
W001,New York,P09945,770,24,763,50,250,2026-05-23,In Stock
W004,Los Angeles,P09946,1036,32,1032,30,150,2026-05-07,In Stock
W008,Sydney,P09947,615,34,577,30,150,2026-03-14,In Stock
W006,Berlin,P09948,636,22,602,20,100,2026-05-23,In Stock
W008,Sydney,P09949,531,35,494,30,150,2026-05-22,In Stock
W008,Sydney,P09950,688,32,651,30,150,2026-04-28,In Stock
W003,Dallas,P09951,625,38,596,50,250,2026-03-04,In Stock
W003,Dallas,P09952,383,21,361,50,250,2026-04-01,In Stock
W005,London,P09953,54,9,47,50,250,2026-06-26,In Stock
W001,New York,P09954,230,40,193,50,250,2026-04-11,In Stock
W007,Milan,P09955,242,30,214,20,100,2026-04-22,In Stock
W006,Berlin,P09956,572,13,536,50,250,2026-03-26,In Stock
W001,New York,P09957,709,39,675,75,375,2026-05-11,In Stock
W007,Milan,P09958,262,38,251,75,375,2026-03-12,In Stock
W004,Los Angeles,P09959,485,21,470,100,500,2026-03-02,In Stock
W001,New York,P09960,66,22,44,30,150,2026-02-28,In Stock
W004,Los Angeles,P09961,685,40,662,30,150,2026-05-08,In Stock
W004,Los Angeles,P09962,930,13,924,75,375,2026-06-06,In Stock
W006,Berlin,P09963,323,23,290,50,250,2026-03-28,In Stock
W008,Sydney,P09964,65,14,59,20,100,2026-03-26,In Stock
W002,Chicago,P09965,128,22,121,75,375,2026-04-27,In Stock
W004,Los Angeles,P09966,422,35,410,50,250,2026-05-07,In Stock
W003,Dallas,P09967,602,40,591,100,500,2026-06-13,In Stock
W006,Berlin,P09968,177,27,140,50,250,2026-05-20,In Stock
W005,London,P09969,451,31,416,100,500,2026-04-29,In Stock
W002,Chicago,P09970,937,14,917,20,100,2026-04-02,In Stock
W004,Los Angeles,P09971,713,37,708,100,500,2026-03-04,In Stock
W001,New York,P09972,716,34,705,50,250,2026-05-17,In Stock
W007,Milan,P09973,325,13,286,75,375,2026-05-05,In Stock
W005,London,P09974,407,7,380,30,150,2026-06-18,In Stock
W003,Dallas,P09975,0,0,0,100,500,2026-05-06,Low Stock
W008,Sydney,P09976,1143,9,1113,50,250,2026-04-28,In Stock
W006,Berlin,P09977,210,14,185,50,250,2026-04-05,In Stock
W008,Sydney,P09978,280,37,252,20,100,2026-03-10,In Stock
W006,Berlin,P09979,73,24,34,75,375,2026-04-14,Low Stock
W002,Chicago,P09980,263,20,238,100,500,2026-04-23,In Stock
W006,Berlin,P09981,1157,18,1152,50,250,2026-05-06,In Stock
W005,London,P09982,1171,13,1165,30,150,2026-03-22,In Stock
W002,Chicago,P09983,178,24,138,50,250,2026-03-30,In Stock
W006,Berlin,P09984,639,10,615,20,100,2026-03-25,In Stock
W003,Dallas,P09985,203,2,178,100,500,2026-03-29,In Stock
W001,New York,P09986,502,15,492,75,375,2026-05-30,In Stock
W006,Berlin,P09987,250,20,240,100,500,2026-06-10,In Stock
W002,Chicago,P09988,875,25,870,50,250,2026-06-03,In Stock
W001,New York,P09989,901,39,869,30,150,2026-05-03,In Stock
W002,Chicago,P09990,595,18,575,100,500,2026-05-25,In Stock
W005,London,P09991,407,0,378,20,100,2026-04-07,In Stock
W005,London,P09992,690,31,660,75,375,2026-03-03,In Stock
W005,London,P09993,248,26,226,50,250,2026-03-09,In Stock
W002,Chicago,P09994,1026,6,1001,30,150,2026-05-28,In Stock
W004,Los Angeles,P09995,358,14,343,50,250,2026-03-30,In Stock
W007,Milan,P09996,403,21,374,20,100,2026-03-26,In Stock
W006,Berlin,P09997,948,24,923,100,500,2026-03-09,In Stock
W001,New York,P09998,928,11,907,20,100,2026-06-26,In Stock
W008,Sydney,P09999,781,27,779,75,375,2026-03-01,In Stock
W007,Milan,P10000,1178,1,1146,50,250,2026-03-01,In Stock
