ProductID,SKU,ProductName,Category,SubCategory,Brand,SupplierID,UnitPrice,Cost,Status
P00001,SKU-00001,Loreal Smartphone 1,Electronics,Smartphones,Loreal,S0189,1801.03,732.58,Active
P00002,SKU-00002,LG Accessorie 2,Electronics,Accessories,LG,S0444,1798.73,356.66,Active
P00003,SKU-00003,LG Smartphone 3,Electronics,Smartphones,LG,S0372,154.66,1262.0,Active
P00004,SKU-00004,Philips Accessorie 4,Electronics,Accessories,Philips,S0395,767.63,1314.73,Active
P00005,SKU-00005,Loreal Accessorie 5,Electronics,Accessories,Loreal,S0218,89.84,1277.46,Active
P00006,SKU-00006,Apple Accessorie 6,Electronics,Accessories,Apple,S0277,248.89,457.47,Active
P00007,SKU-00007,Loreal Accessorie 7,Electronics,Accessories,Loreal,S0283,572.19,620.1,Active
P00008,SKU-00008,LG Laptop 8,Electronics,Laptops,LG,S0155,270.58,669.05,Active
P00009,SKU-00009,Apple Laptop 9,Electronics,Laptops,Apple,S0218,1474.91,851.03,Active
P00010,SKU-00010,Apple Accessorie 10,Electronics,Accessories,Apple,S0461,190.05,139.6,Active
P00011,SKU-00011,HP Laptop 11,Electronics,Laptops,HP,S0326,1501.23,724.72,Active
P00012,SKU-00012,HP Laptop 12,Electronics,Laptops,HP,S0075,836.24,32.15,Active
P00013,SKU-00013,Loreal Smartphone 13,Electronics,Smartphones,Loreal,S0403,581.42,1496.6,Active
P00014,SKU-00014,Sony Accessorie 14,Electronics,Accessories,Sony,S0354,554.61,507.18,Active
P00015,SKU-00015,Sony Laptop 15,Electronics,Laptops,Sony,S0047,138.24,313.18,Active
P00016,SKU-00016,Dell Smartphone 16,Electronics,Smartphones,Dell,S0080,964.78,1428.49,Active
P00017,SKU-00017,Samsung Smartphone 17,Electronics,Smartphones,Samsung,S0219,1227.66,1493.7,Active
P00018,SKU-00018,Samsung Smartphone 18,Electronics,Smartphones,Samsung,S0377,1110.14,632.35,Active
P00019,SKU-00019,Nike Laptop 19,Electronics,Laptops,Nike,S0246,1612.19,1057.72,Active
P00020,SKU-00020,Samsung Accessorie 20,Electronics,Accessories,Samsung,S0444,785.54,1004.71,Active
P00021,SKU-00021,Samsung Laptop 21,Electronics,Laptops,Samsung,S0311,1709.21,163.22,Active
P00022,SKU-00022,Nike Smartphone 22,Electronics,Smartphones,Nike,S0267,522.64,1116.05,Active
P00023,SKU-00023,Adidas Accessorie 23,Electronics,Accessories,Adidas,S0404,1521.73,508.95,Active
P00024,SKU-00024,HP Accessorie 24,Electronics,Accessories,HP,S0475,1771.47,1064.66,Active
P00025,SKU-00025,Samsung Laptop 25,Electronics,Laptops,Samsung,S0118,1020.95,409.15,Active
P00026,SKU-00026,Adidas Laptop 26,Electronics,Laptops,Adidas,S0209,1126.09,899.75,Active
P00027,SKU-00027,Nike Accessorie 27,Electronics,Accessories,Nike,S0485,833.47,423.29,Active
P00028,SKU-00028,HP Laptop 28,Electronics,Laptops,HP,S0307,946.39,510.9,Active
P00029,SKU-00029,LG Accessorie 29,Electronics,Accessories,LG,S0274,307.36,758.4,Active
P00030,SKU-00030,Loreal Laptop 30,Electronics,Laptops,Loreal,S0253,966.01,182.02,Active
P00031,SKU-00031,Philips Smartphone 31,Electronics,Smartphones,Philips,S0425,1408.82,846.79,Active
P00032,SKU-00032,Loreal Accessorie 32,Electronics,Accessories,Loreal,S0338,1769.73,636.29,Active
P00033,SKU-00033,Adidas Accessorie 33,Electronics,Accessories,Adidas,S0044,1488.67,423.86,Active
P00034,SKU-00034,Sony Accessorie 34,Electronics,Accessories,Sony,S0012,252.1,523.8,Active
P00035,SKU-00035,Loreal Accessorie 35,Electronics,Accessories,Loreal,S0022,700.53,142.27,Active
P00036,SKU-00036,Philips Laptop 36,Electronics,Laptops,Philips,S0026,729.9,122.09,Active
P00037,SKU-00037,Adidas Accessorie 37,Electronics,Accessories,Adidas,S0049,1362.49,414.08,Active
P00038,SKU-00038,Nike Laptop 38,Electronics,Laptops,Nike,S0311,1855.2,410.26,Active
P00039,SKU-00039,Philips Accessorie 39,Electronics,Accessories,Philips,S0244,1133.24,805.96,Active
P00040,SKU-00040,Dell Accessorie 40,Electronics,Accessories,Dell,S0282,274.92,902.14,Active
P00041,SKU-00041,Dell Laptop 41,Electronics,Laptops,Dell,S0280,49.77,810.56,Active
P00042,SKU-00042,Samsung Accessorie 42,Electronics,Accessories,Samsung,S0382,753.22,983.36,Active
P00043,SKU-00043,Loreal Accessorie 43,Electronics,Accessories,Loreal,S0016,1241.9,671.0,Active
P00044,SKU-00044,Adidas Smartphone 44,Electronics,Smartphones,Adidas,S0248,1684.76,1273.1,Active
P00045,SKU-00045,Nike Smartphone 45,Electronics,Smartphones,Nike,S0435,1592.28,1250.53,Active
P00046,SKU-00046,Dell Smartphone 46,Electronics,Smartphones,Dell,S0152,1337.09,1200.08,Active
P00047,SKU-00047,Nike Accessorie 47,Electronics,Accessories,Nike,S0195,1496.51,1413.73,Active
P00048,SKU-00048,Sony Accessorie 48,Electronics,Accessories,Sony,S0142,1867.72,615.6,Active
P00049,SKU-00049,Apple Smartphone 49,Electronics,Smartphones,Apple,S0416,93.71,171.13,Active
P00050,SKU-00050,Dell Accessorie 50,Electronics,Accessories,Dell,S0401,1967.41,1363.95,Active
P00051,SKU-00051,Loreal Smartphone 51,Electronics,Smartphones,Loreal,S0123,220.03,1428.19,Active
P00052,SKU-00052,HP Accessorie 52,Electronics,Accessories,HP,S0217,1760.73,522.65,Active
P00053,SKU-00053,HP Laptop 53,Electronics,Laptops,HP,S0151,1510.27,515.15,Active
P00054,SKU-00054,Apple Smartphone 54,Electronics,Smartphones,Apple,S0175,1349.34,1337.62,Active
P00055,SKU-00055,HP Laptop 55,Electronics,Laptops,HP,S0388,1423.75,1462.92,Active
P00056,SKU-00056,Nike Laptop 56,Electronics,Laptops,Nike,S0204,1436.02,154.05,Active
P00057,SKU-00057,Adidas Accessorie 57,Electronics,Accessories,Adidas,S0402,1356.83,1115.76,Active
P00058,SKU-00058,Adidas Accessorie 58,Electronics,Accessories,Adidas,S0222,886.8,815.33,Active
P00059,SKU-00059,Apple Smartphone 59,Electronics,Smartphones,Apple,S0193,835.09,1199.52,Active
P00060,SKU-00060,Philips Laptop 60,Electronics,Laptops,Philips,S0409,1631.74,1377.35,Active
P00061,SKU-00061,Apple Laptop 61,Electronics,Laptops,Apple,S0238,799.13,952.53,Active
P00062,SKU-00062,Philips Smartphone 62,Electronics,Smartphones,Philips,S0412,506.45,637.34,Active
P00063,SKU-00063,Adidas Accessorie 63,Electronics,Accessories,Adidas,S0039,1552.29,1403.47,Active
P00064,SKU-00064,Philips Smartphone 64,Electronics,Smartphones,Philips,S0112,860.58,1192.63,Active
P00065,SKU-00065,Philips Accessorie 65,Electronics,Accessories,Philips,S0040,503.35,1170.32,Active
P00066,SKU-00066,Samsung Laptop 66,Electronics,Laptops,Samsung,S0287,198.24,1223.43,Active
P00067,SKU-00067,Apple Smartphone 67,Electronics,Smartphones,Apple,S0490,1719.97,702.31,Active
P00068,SKU-00068,HP Accessorie 68,Electronics,Accessories,HP,S0395,1074.03,675.78,Active
P00069,SKU-00069,Sony Laptop 69,Electronics,Laptops,Sony,S0414,409.43,1226.29,Active
P00070,SKU-00070,Dell Accessorie 70,Electronics,Accessories,Dell,S0433,358.56,1082.83,Active
P00071,SKU-00071,Dell Smartphone 71,Electronics,Smartphones,Dell,S0131,512.03,579.47,Active
P00072,SKU-00072,Adidas Laptop 72,Electronics,Laptops,Adidas,S0101,150.21,871.12,Active
P00073,SKU-00073,Loreal Smartphone 73,Electronics,Smartphones,Loreal,S0072,1112.29,590.02,Active
P00074,SKU-00074,Apple Smartphone 74,Electronics,Smartphones,Apple,S0016,1495.23,577.03,Active
P00075,SKU-00075,Philips Accessorie 75,Electronics,Accessories,Philips,S0280,157.59,365.62,Active
P00076,SKU-00076,Sony Accessorie 76,Electronics,Accessories,Sony,S0183,1500.63,271.56,Active
P00077,SKU-00077,Philips Laptop 77,Electronics,Laptops,Philips,S0150,186.28,1241.89,Active
P00078,SKU-00078,Loreal Laptop 78,Electronics,Laptops,Loreal,S0304,215.05,562.09,Active
P00079,SKU-00079,HP Smartphone 79,Electronics,Smartphones,HP,S0082,1626.42,1435.18,Active
P00080,SKU-00080,Loreal Accessorie 80,Electronics,Accessories,Loreal,S0126,1491.89,758.83,Active
P00081,SKU-00081,Sony Smartphone 81,Electronics,Smartphones,Sony,S0339,1847.15,205.26,Active
P00082,SKU-00082,Adidas Smartphone 82,Electronics,Smartphones,Adidas,S0391,1129.8,996.26,Active
P00083,SKU-00083,Philips Smartphone 83,Electronics,Smartphones,Philips,S0258,473.9,618.61,Active
P00084,SKU-00084,Dell Laptop 84,Electronics,Laptops,Dell,S0253,204.49,1247.39,Active
P00085,SKU-00085,Apple Laptop 85,Electronics,Laptops,Apple,S0251,436.53,1235.23,Active
P00086,SKU-00086,Apple Smartphone 86,Electronics,Smartphones,Apple,S0434,851.11,665.45,Active
P00087,SKU-00087,Sony Accessorie 87,Electronics,Accessories,Sony,S0268,727.49,352.91,Active
P00088,SKU-00088,Apple Laptop 88,Electronics,Laptops,Apple,S0428,1225.11,1337.46,Active
P00089,SKU-00089,Samsung Accessorie 89,Electronics,Accessories,Samsung,S0444,1672.64,597.47,Active
P00090,SKU-00090,Dell Accessorie 90,Electronics,Accessories,Dell,S0202,543.16,531.53,Active
P00091,SKU-00091,Sony Smartphone 91,Electronics,Smartphones,Sony,S0156,1181.48,479.38,Active
P00092,SKU-00092,Samsung Laptop 92,Electronics,Laptops,Samsung,S0443,1218.23,1187.35,Active
P00093,SKU-00093,Loreal Smartphone 93,Electronics,Smartphones,Loreal,S0298,235.88,862.85,Active
P00094,SKU-00094,HP Laptop 94,Electronics,Laptops,HP,S0385,1106.26,958.01,Active
P00095,SKU-00095,Philips Smartphone 95,Electronics,Smartphones,Philips,S0229,675.62,1379.06,Active
P00096,SKU-00096,Adidas Laptop 96,Electronics,Laptops,Adidas,S0075,1793.06,226.58,Active
P00097,SKU-00097,HP Laptop 97,Electronics,Laptops,HP,S0175,1705.22,915.21,Active
P00098,SKU-00098,Dell Smartphone 98,Electronics,Smartphones,Dell,S0387,1938.75,827.83,Active
P00099,SKU-00099,Sony Laptop 99,Electronics,Laptops,Sony,S0043,261.29,828.5,Active
P00100,SKU-00100,LG Laptop 100,Electronics,Laptops,LG,S0025,1477.72,455.48,Active
P00101,SKU-00101,HP Accessorie 101,Electronics,Accessories,HP,S0174,1852.31,1289.78,Active
P00102,SKU-00102,Apple Accessorie 102,Electronics,Accessories,Apple,S0015,1978.67,629.16,Active
P00103,SKU-00103,Loreal Accessorie 103,Electronics,Accessories,Loreal,S0360,1330.58,1310.01,Active
P00104,SKU-00104,Samsung Smartphone 104,Electronics,Smartphones,Samsung,S0301,268.79,882.15,Active
P00105,SKU-00105,Apple Smartphone 105,Electronics,Smartphones,Apple,S0185,1925.14,505.71,Active
P00106,SKU-00106,Apple Smartphone 106,Electronics,Smartphones,Apple,S0251,74.21,383.7,Active
P00107,SKU-00107,Nike Accessorie 107,Electronics,Accessories,Nike,S0018,1892.24,304.38,Active
P00108,SKU-00108,HP Accessorie 108,Electronics,Accessories,HP,S0167,790.04,981.88,Active
P00109,SKU-00109,Loreal Accessorie 109,Electronics,Accessories,Loreal,S0153,1911.28,873.98,Active
P00110,SKU-00110,Samsung Smartphone 110,Electronics,Smartphones,Samsung,S0338,1255.0,998.49,Active
P00111,SKU-00111,HP Laptop 111,Electronics,Laptops,HP,S0038,1297.39,296.96,Active
P00112,SKU-00112,Philips Accessorie 112,Electronics,Accessories,Philips,S0482,1007.18,719.02,Active
P00113,SKU-00113,Philips Laptop 113,Electronics,Laptops,Philips,S0155,1131.26,1209.53,Active
P00114,SKU-00114,Apple Accessorie 114,Electronics,Accessories,Apple,S0401,920.58,1338.4,Active
P00115,SKU-00115,LG Accessorie 115,Electronics,Accessories,LG,S0474,677.83,1482.81,Active
P00116,SKU-00116,Samsung Smartphone 116,Electronics,Smartphones,Samsung,S0183,1744.35,1373.69,Active
P00117,SKU-00117,Dell Smartphone 117,Electronics,Smartphones,Dell,S0194,39.77,510.55,Active
P00118,SKU-00118,Samsung Laptop 118,Electronics,Laptops,Samsung,S0344,1978.21,969.93,Active
P00119,SKU-00119,Loreal Laptop 119,Electronics,Laptops,Loreal,S0175,472.82,1443.77,Active
P00120,SKU-00120,Loreal Accessorie 120,Electronics,Accessories,Loreal,S0329,737.92,444.16,Active
P00121,SKU-00121,Adidas Smartphone 121,Electronics,Smartphones,Adidas,S0209,1875.64,913.75,Active
P00122,SKU-00122,Sony Accessorie 122,Electronics,Accessories,Sony,S0195,428.2,232.21,Active
P00123,SKU-00123,Dell Smartphone 123,Electronics,Smartphones,Dell,S0228,1000.84,1014.5,Active
P00124,SKU-00124,HP Accessorie 124,Electronics,Accessories,HP,S0448,1604.37,737.09,Active
P00125,SKU-00125,Dell Accessorie 125,Electronics,Accessories,Dell,S0220,32.47,469.53,Active
P00126,SKU-00126,Adidas Accessorie 126,Electronics,Accessories,Adidas,S0446,1215.2,966.79,Active
P00127,SKU-00127,Samsung Smartphone 127,Electronics,Smartphones,Samsung,S0306,1035.31,769.44,Active
P00128,SKU-00128,Adidas Smartphone 128,Electronics,Smartphones,Adidas,S0002,1348.15,637.3,Active
P00129,SKU-00129,Philips Smartphone 129,Electronics,Smartphones,Philips,S0174,672.1,33.01,Active
P00130,SKU-00130,Dell Smartphone 130,Electronics,Smartphones,Dell,S0152,1167.6,784.67,Active
P00131,SKU-00131,Adidas Smartphone 131,Electronics,Smartphones,Adidas,S0497,1115.11,681.69,Active
P00132,SKU-00132,Loreal Smartphone 132,Electronics,Smartphones,Loreal,S0095,1016.17,145.05,Active
P00133,SKU-00133,Samsung Laptop 133,Electronics,Laptops,Samsung,S0031,1591.77,1317.69,Active
P00134,SKU-00134,Adidas Smartphone 134,Electronics,Smartphones,Adidas,S0023,1497.75,1442.87,Active
P00135,SKU-00135,Adidas Smartphone 135,Electronics,Smartphones,Adidas,S0341,378.37,90.89,Active
P00136,SKU-00136,Adidas Smartphone 136,Electronics,Smartphones,Adidas,S0481,579.36,381.93,Active
P00137,SKU-00137,Dell Smartphone 137,Electronics,Smartphones,Dell,S0392,397.65,528.14,Active
P00138,SKU-00138,Sony Accessorie 138,Electronics,Accessories,Sony,S0443,1361.03,138.62,Active
P00139,SKU-00139,Nike Laptop 139,Electronics,Laptops,Nike,S0310,1301.77,363.38,Active
P00140,SKU-00140,HP Laptop 140,Electronics,Laptops,HP,S0387,1664.87,616.84,Active
P00141,SKU-00141,Philips Laptop 141,Electronics,Laptops,Philips,S0009,746.87,457.13,Active
P00142,SKU-00142,Nike Accessorie 142,Electronics,Accessories,Nike,S0086,920.79,942.82,Active
P00143,SKU-00143,Adidas Laptop 143,Electronics,Laptops,Adidas,S0183,1293.66,261.46,Active
P00144,SKU-00144,Philips Smartphone 144,Electronics,Smartphones,Philips,S0181,1773.83,1374.98,Active
P00145,SKU-00145,Nike Accessorie 145,Electronics,Accessories,Nike,S0246,1073.87,1477.77,Active
P00146,SKU-00146,Philips Laptop 146,Electronics,Laptops,Philips,S0479,1741.93,1287.7,Active
P00147,SKU-00147,Sony Smartphone 147,Electronics,Smartphones,Sony,S0017,1954.35,1328.45,Active
P00148,SKU-00148,Loreal Laptop 148,Electronics,Laptops,Loreal,S0207,496.24,1159.8,Active
P00149,SKU-00149,Apple Accessorie 149,Electronics,Accessories,Apple,S0101,203.32,207.5,Active
P00150,SKU-00150,Nike Smartphone 150,Electronics,Smartphones,Nike,S0117,160.04,862.24,Active
P00151,SKU-00151,Philips Accessorie 151,Electronics,Accessories,Philips,S0244,373.93,1296.93,Active
P00152,SKU-00152,Adidas Laptop 152,Electronics,Laptops,Adidas,S0118,1528.36,204.71,Active
P00153,SKU-00153,Nike Laptop 153,Electronics,Laptops,Nike,S0026,1568.86,128.28,Active
P00154,SKU-00154,LG Smartphone 154,Electronics,Smartphones,LG,S0330,1315.42,904.41,Active
P00155,SKU-00155,Apple Accessorie 155,Electronics,Accessories,Apple,S0112,639.02,723.14,Active
P00156,SKU-00156,Philips Laptop 156,Electronics,Laptops,Philips,S0179,279.67,107.12,Active
P00157,SKU-00157,Dell Accessorie 157,Electronics,Accessories,Dell,S0310,642.32,1176.64,Active
P00158,SKU-00158,Dell Smartphone 158,Electronics,Smartphones,Dell,S0033,1982.55,970.48,Active
P00159,SKU-00159,Adidas Laptop 159,Electronics,Laptops,Adidas,S0161,532.37,1227.11,Active
P00160,SKU-00160,Dell Smartphone 160,Electronics,Smartphones,Dell,S0084,1271.07,77.66,Active
P00161,SKU-00161,Dell Smartphone 161,Electronics,Smartphones,Dell,S0183,1538.61,1079.9,Active
P00162,SKU-00162,Nike Laptop 162,Electronics,Laptops,Nike,S0166,294.2,146.43,Active
P00163,SKU-00163,Adidas Accessorie 163,Electronics,Accessories,Adidas,S0203,1964.78,229.32,Active
P00164,SKU-00164,Adidas Smartphone 164,Electronics,Smartphones,Adidas,S0041,1484.83,62.6,Active
P00165,SKU-00165,Philips Laptop 165,Electronics,Laptops,Philips,S0408,349.17,1063.81,Active
P00166,SKU-00166,Philips Accessorie 166,Electronics,Accessories,Philips,S0426,1486.78,252.27,Active
P00167,SKU-00167,HP Laptop 167,Electronics,Laptops,HP,S0225,482.61,969.09,Active
P00168,SKU-00168,Adidas Laptop 168,Electronics,Laptops,Adidas,S0083,277.96,1396.02,Active
P00169,SKU-00169,Nike Laptop 169,Electronics,Laptops,Nike,S0292,985.93,17.52,Active
P00170,SKU-00170,LG Smartphone 170,Electronics,Smartphones,LG,S0336,335.41,316.51,Active
P00171,SKU-00171,Dell Laptop 171,Electronics,Laptops,Dell,S0071,1982.92,498.27,Active
P00172,SKU-00172,Philips Accessorie 172,Electronics,Accessories,Philips,S0158,476.16,1061.36,Active
P00173,SKU-00173,Nike Laptop 173,Electronics,Laptops,Nike,S0267,1235.05,1432.98,Active
P00174,SKU-00174,Apple Accessorie 174,Electronics,Accessories,Apple,S0417,1962.82,183.0,Active
P00175,SKU-00175,Nike Accessorie 175,Electronics,Accessories,Nike,S0317,1776.02,676.86,Active
P00176,SKU-00176,Samsung Smartphone 176,Electronics,Smartphones,Samsung,S0370,223.56,809.67,Active
P00177,SKU-00177,LG Laptop 177,Electronics,Laptops,LG,S0268,1707.26,59.43,Active
P00178,SKU-00178,LG Laptop 178,Electronics,Laptops,LG,S0200,588.55,526.46,Active
P00179,SKU-00179,Apple Smartphone 179,Electronics,Smartphones,Apple,S0285,130.51,1009.25,Active
P00180,SKU-00180,HP Laptop 180,Electronics,Laptops,HP,S0456,1494.71,585.55,Active
P00181,SKU-00181,HP Laptop 181,Electronics,Laptops,HP,S0260,201.1,604.87,Active
P00182,SKU-00182,LG Accessorie 182,Electronics,Accessories,LG,S0259,306.42,223.2,Active
P00183,SKU-00183,LG Smartphone 183,Electronics,Smartphones,LG,S0333,1755.58,159.59,Active
P00184,SKU-00184,HP Smartphone 184,Electronics,Smartphones,HP,S0287,650.07,423.78,Active
P00185,SKU-00185,Dell Laptop 185,Electronics,Laptops,Dell,S0380,1427.62,967.12,Active
P00186,SKU-00186,Samsung Smartphone 186,Electronics,Smartphones,Samsung,S0251,367.64,234.23,Active
P00187,SKU-00187,HP Laptop 187,Electronics,Laptops,HP,S0422,993.59,1016.9,Active
P00188,SKU-00188,Loreal Accessorie 188,Electronics,Accessories,Loreal,S0410,930.56,729.23,Active
P00189,SKU-00189,Adidas Smartphone 189,Electronics,Smartphones,Adidas,S0275,408.32,893.76,Active
P00190,SKU-00190,Apple Accessorie 190,Electronics,Accessories,Apple,S0169,845.3,49.42,Active
P00191,SKU-00191,Sony Accessorie 191,Electronics,Accessories,Sony,S0108,1575.47,1281.02,Active
P00192,SKU-00192,Sony Laptop 192,Electronics,Laptops,Sony,S0343,1549.56,17.53,Active
P00193,SKU-00193,Adidas Smartphone 193,Electronics,Smartphones,Adidas,S0034,1647.52,483.78,Active
P00194,SKU-00194,Sony Smartphone 194,Electronics,Smartphones,Sony,S0003,1618.5,144.41,Active
P00195,SKU-00195,Nike Accessorie 195,Electronics,Accessories,Nike,S0386,687.28,566.51,Active
P00196,SKU-00196,Philips Accessorie 196,Electronics,Accessories,Philips,S0499,561.61,1407.04,Active
P00197,SKU-00197,Nike Smartphone 197,Electronics,Smartphones,Nike,S0062,889.63,785.56,Active
P00198,SKU-00198,HP Accessorie 198,Electronics,Accessories,HP,S0305,282.81,541.15,Active
P00199,SKU-00199,Loreal Laptop 199,Electronics,Laptops,Loreal,S0251,78.19,978.82,Active
P00200,SKU-00200,Adidas Smartphone 200,Electronics,Smartphones,Adidas,S0185,1420.55,423.67,Active
P00201,SKU-00201,Apple Laptop 201,Electronics,Laptops,Apple,S0271,928.95,299.53,Active
P00202,SKU-00202,Dell Accessorie 202,Electronics,Accessories,Dell,S0022,541.27,780.87,Active
P00203,SKU-00203,HP Laptop 203,Electronics,Laptops,HP,S0054,896.32,1395.99,Active
P00204,SKU-00204,HP Laptop 204,Electronics,Laptops,HP,S0332,704.3,1127.18,Active
P00205,SKU-00205,Adidas Smartphone 205,Electronics,Smartphones,Adidas,S0034,298.2,363.74,Active
P00206,SKU-00206,LG Accessorie 206,Electronics,Accessories,LG,S0291,199.79,262.61,Active
P00207,SKU-00207,Nike Laptop 207,Electronics,Laptops,Nike,S0441,479.03,1158.57,Active
P00208,SKU-00208,Apple Accessorie 208,Electronics,Accessories,Apple,S0260,914.4,1034.66,Active
P00209,SKU-00209,Adidas Smartphone 209,Electronics,Smartphones,Adidas,S0326,1282.68,657.95,Active
P00210,SKU-00210,Nike Smartphone 210,Electronics,Smartphones,Nike,S0148,59.26,958.63,Active
P00211,SKU-00211,Samsung Laptop 211,Electronics,Laptops,Samsung,S0241,1092.76,754.46,Active
P00212,SKU-00212,Sony Accessorie 212,Electronics,Accessories,Sony,S0330,1208.03,1427.51,Active
P00213,SKU-00213,LG Laptop 213,Electronics,Laptops,LG,S0427,1470.21,659.61,Active
P00214,SKU-00214,HP Accessorie 214,Electronics,Accessories,HP,S0054,201.39,163.04,Active
P00215,SKU-00215,Samsung Accessorie 215,Electronics,Accessories,Samsung,S0002,1029.62,1367.23,Active
P00216,SKU-00216,Apple Accessorie 216,Electronics,Accessories,Apple,S0294,863.75,450.86,Active
P00217,SKU-00217,Loreal Laptop 217,Electronics,Laptops,Loreal,S0245,881.39,406.58,Active
P00218,SKU-00218,Philips Laptop 218,Electronics,Laptops,Philips,S0029,545.08,264.85,Active
P00219,SKU-00219,Nike Accessorie 219,Electronics,Accessories,Nike,S0165,1024.83,989.74,Active
P00220,SKU-00220,Sony Accessorie 220,Electronics,Accessories,Sony,S0245,1506.5,334.92,Active
P00221,SKU-00221,Samsung Laptop 221,Electronics,Laptops,Samsung,S0424,725.62,1268.94,Active
P00222,SKU-00222,Nike Laptop 222,Electronics,Laptops,Nike,S0055,1008.66,211.26,Active
P00223,SKU-00223,Loreal Laptop 223,Electronics,Laptops,Loreal,S0467,658.22,560.08,Active
P00224,SKU-00224,Samsung Accessorie 224,Electronics,Accessories,Samsung,S0402,929.31,22.9,Active
P00225,SKU-00225,Apple Accessorie 225,Electronics,Accessories,Apple,S0290,808.87,151.33,Active
P00226,SKU-00226,Loreal Accessorie 226,Electronics,Accessories,Loreal,S0476,1775.89,141.81,Active
P00227,SKU-00227,Apple Accessorie 227,Electronics,Accessories,Apple,S0097,347.54,927.62,Active
P00228,SKU-00228,Adidas Laptop 228,Electronics,Laptops,Adidas,S0083,1071.29,345.76,Active
P00229,SKU-00229,Loreal Accessorie 229,Electronics,Accessories,Loreal,S0223,540.97,206.37,Active
P00230,SKU-00230,Apple Laptop 230,Electronics,Laptops,Apple,S0478,1983.4,650.64,Active
P00231,SKU-00231,Samsung Laptop 231,Electronics,Laptops,Samsung,S0095,437.42,1020.05,Active
P00232,SKU-00232,HP Laptop 232,Electronics,Laptops,HP,S0262,1822.57,1485.64,Active
P00233,SKU-00233,Samsung Laptop 233,Electronics,Laptops,Samsung,S0445,898.44,1222.17,Active
P00234,SKU-00234,Philips Accessorie 234,Electronics,Accessories,Philips,S0196,223.32,1028.65,Active
P00235,SKU-00235,Dell Accessorie 235,Electronics,Accessories,Dell,S0460,425.01,203.54,Active
P00236,SKU-00236,Philips Laptop 236,Electronics,Laptops,Philips,S0443,58.37,351.25,Active
P00237,SKU-00237,Loreal Accessorie 237,Electronics,Accessories,Loreal,S0224,409.8,504.26,Active
P00238,SKU-00238,Nike Smartphone 238,Electronics,Smartphones,Nike,S0255,723.39,966.55,Active
P00239,SKU-00239,Sony Smartphone 239,Electronics,Smartphones,Sony,S0485,1738.84,641.53,Active
P00240,SKU-00240,Samsung Laptop 240,Electronics,Laptops,Samsung,S0104,1200.45,720.78,Active
P00241,SKU-00241,Nike Laptop 241,Electronics,Laptops,Nike,S0288,1431.26,1174.24,Active
P00242,SKU-00242,HP Smartphone 242,Electronics,Smartphones,HP,S0233,537.19,146.61,Active
P00243,SKU-00243,Sony Accessorie 243,Electronics,Accessories,Sony,S0015,963.08,1079.57,Active
P00244,SKU-00244,Apple Accessorie 244,Electronics,Accessories,Apple,S0193,1608.44,618.76,Active
P00245,SKU-00245,Samsung Laptop 245,Electronics,Laptops,Samsung,S0151,1225.48,524.68,Active
P00246,SKU-00246,Dell Accessorie 246,Electronics,Accessories,Dell,S0182,622.69,808.49,Active
P00247,SKU-00247,HP Accessorie 247,Electronics,Accessories,HP,S0449,1057.2,494.36,Active
P00248,SKU-00248,Adidas Accessorie 248,Electronics,Accessories,Adidas,S0160,1913.67,462.52,Active
P00249,SKU-00249,LG Smartphone 249,Electronics,Smartphones,LG,S0130,1748.09,1178.45,Active
P00250,SKU-00250,Dell Smartphone 250,Electronics,Smartphones,Dell,S0205,413.13,251.66,Active
P00251,SKU-00251,Nike Smartphone 251,Electronics,Smartphones,Nike,S0020,896.98,604.08,Active
P00252,SKU-00252,Dell Smartphone 252,Electronics,Smartphones,Dell,S0262,1967.41,979.29,Active
P00253,SKU-00253,Samsung Smartphone 253,Electronics,Smartphones,Samsung,S0269,932.5,1242.89,Active
P00254,SKU-00254,Sony Laptop 254,Electronics,Laptops,Sony,S0277,228.32,28.21,Active
P00255,SKU-00255,Dell Laptop 255,Electronics,Laptops,Dell,S0136,1841.83,402.17,Active
P00256,SKU-00256,LG Accessorie 256,Electronics,Accessories,LG,S0022,420.51,476.93,Active
P00257,SKU-00257,Adidas Smartphone 257,Electronics,Smartphones,Adidas,S0016,397.41,1359.52,Active
P00258,SKU-00258,Philips Smartphone 258,Electronics,Smartphones,Philips,S0117,1663.01,263.43,Active
P00259,SKU-00259,Nike Smartphone 259,Electronics,Smartphones,Nike,S0165,1828.37,131.63,Active
P00260,SKU-00260,Dell Accessorie 260,Electronics,Accessories,Dell,S0181,525.29,816.47,Active
P00261,SKU-00261,Dell Laptop 261,Electronics,Laptops,Dell,S0046,368.09,721.54,Active
P00262,SKU-00262,Philips Smartphone 262,Electronics,Smartphones,Philips,S0014,1039.18,1270.11,Active
P00263,SKU-00263,Sony Smartphone 263,Electronics,Smartphones,Sony,S0373,1671.09,714.78,Active
P00264,SKU-00264,Philips Smartphone 264,Electronics,Smartphones,Philips,S0211,1096.39,818.73,Active
P00265,SKU-00265,Sony Accessorie 265,Electronics,Accessories,Sony,S0491,606.14,779.26,Active
P00266,SKU-00266,Philips Accessorie 266,Electronics,Accessories,Philips,S0455,333.15,136.46,Active
P00267,SKU-00267,Dell Laptop 267,Electronics,Laptops,Dell,S0008,310.43,152.9,Active
P00268,SKU-00268,Nike Laptop 268,Electronics,Laptops,Nike,S0483,1639.41,851.62,Active
P00269,SKU-00269,Adidas Laptop 269,Electronics,Laptops,Adidas,S0033,262.92,761.61,Active
P00270,SKU-00270,Loreal Laptop 270,Electronics,Laptops,Loreal,S0128,1694.78,667.39,Active
P00271,SKU-00271,Sony Smartphone 271,Electronics,Smartphones,Sony,S0462,1245.05,163.85,Active
P00272,SKU-00272,LG Accessorie 272,Electronics,Accessories,LG,S0032,1956.64,693.15,Active
P00273,SKU-00273,HP Laptop 273,Electronics,Laptops,HP,S0263,191.71,506.13,Active
P00274,SKU-00274,Loreal Accessorie 274,Electronics,Accessories,Loreal,S0433,676.59,859.89,Active
P00275,SKU-00275,Adidas Laptop 275,Electronics,Laptops,Adidas,S0251,1502.27,46.41,Active
P00276,SKU-00276,Loreal Smartphone 276,Electronics,Smartphones,Loreal,S0044,655.98,774.15,Active
P00277,SKU-00277,Nike Smartphone 277,Electronics,Smartphones,Nike,S0234,750.22,956.93,Active
P00278,SKU-00278,Samsung Laptop 278,Electronics,Laptops,Samsung,S0289,982.65,129.63,Active
P00279,SKU-00279,Dell Smartphone 279,Electronics,Smartphones,Dell,S0160,360.88,718.65,Active
P00280,SKU-00280,Adidas Smartphone 280,Electronics,Smartphones,Adidas,S0178,1472.69,1380.77,Active
P00281,SKU-00281,Sony Smartphone 281,Electronics,Smartphones,Sony,S0079,1986.84,351.81,Active
P00282,SKU-00282,LG Smartphone 282,Electronics,Smartphones,LG,S0276,1634.56,792.26,Active
P00283,SKU-00283,Philips Laptop 283,Electronics,Laptops,Philips,S0498,1917.68,287.34,Active
P00284,SKU-00284,Sony Laptop 284,Electronics,Laptops,Sony,S0205,1027.65,411.44,Active
P00285,SKU-00285,LG Smartphone 285,Electronics,Smartphones,LG,S0427,1466.05,631.92,Active
P00286,SKU-00286,Philips Accessorie 286,Electronics,Accessories,Philips,S0374,1012.52,262.02,Active
P00287,SKU-00287,LG Laptop 287,Electronics,Laptops,LG,S0446,801.15,567.96,Active
P00288,SKU-00288,Philips Accessorie 288,Electronics,Accessories,Philips,S0116,536.82,1279.06,Active
P00289,SKU-00289,Dell Smartphone 289,Electronics,Smartphones,Dell,S0395,1603.52,382.28,Active
P00290,SKU-00290,Adidas Smartphone 290,Electronics,Smartphones,Adidas,S0078,234.73,89.89,Active
P00291,SKU-00291,LG Accessorie 291,Electronics,Accessories,LG,S0403,59.72,410.81,Active
P00292,SKU-00292,HP Smartphone 292,Electronics,Smartphones,HP,S0305,881.29,511.61,Active
P00293,SKU-00293,Dell Laptop 293,Electronics,Laptops,Dell,S0043,466.18,1089.91,Active
P00294,SKU-00294,Sony Accessorie 294,Electronics,Accessories,Sony,S0301,540.4,230.53,Active
P00295,SKU-00295,Samsung Laptop 295,Electronics,Laptops,Samsung,S0324,1190.09,1459.85,Active
P00296,SKU-00296,Samsung Accessorie 296,Electronics,Accessories,Samsung,S0273,416.63,1420.27,Active
P00297,SKU-00297,Nike Accessorie 297,Electronics,Accessories,Nike,S0396,414.59,261.7,Active
P00298,SKU-00298,HP Laptop 298,Electronics,Laptops,HP,S0361,1562.37,800.67,Active
P00299,SKU-00299,Sony Smartphone 299,Electronics,Smartphones,Sony,S0228,1025.21,412.75,Active
P00300,SKU-00300,Loreal Smartphone 300,Electronics,Smartphones,Loreal,S0313,119.06,213.18,Active
P00301,SKU-00301,Samsung Smartphone 301,Electronics,Smartphones,Samsung,S0013,374.87,295.39,Active
P00302,SKU-00302,Dell Accessorie 302,Electronics,Accessories,Dell,S0358,1946.87,1380.92,Active
P00303,SKU-00303,Sony Accessorie 303,Electronics,Accessories,Sony,S0238,490.41,1091.31,Active
P00304,SKU-00304,Sony Smartphone 304,Electronics,Smartphones,Sony,S0327,122.15,520.78,Active
P00305,SKU-00305,Loreal Laptop 305,Electronics,Laptops,Loreal,S0006,1526.45,477.06,Active
P00306,SKU-00306,Loreal Smartphone 306,Electronics,Smartphones,Loreal,S0417,1370.33,1282.18,Active
P00307,SKU-00307,Loreal Smartphone 307,Electronics,Smartphones,Loreal,S0452,44.84,1372.8,Active
P00308,SKU-00308,Sony Smartphone 308,Electronics,Smartphones,Sony,S0377,90.81,1392.96,Active
P00309,SKU-00309,Nike Laptop 309,Electronics,Laptops,Nike,S0404,1144.84,1085.99,Active
P00310,SKU-00310,Philips Laptop 310,Electronics,Laptops,Philips,S0482,1190.87,1370.43,Active
P00311,SKU-00311,Philips Accessorie 311,Electronics,Accessories,Philips,S0461,1934.18,192.79,Active
P00312,SKU-00312,Dell Laptop 312,Electronics,Laptops,Dell,S0201,983.46,55.11,Active
P00313,SKU-00313,Sony Laptop 313,Electronics,Laptops,Sony,S0141,258.43,1448.42,Active
P00314,SKU-00314,Nike Laptop 314,Electronics,Laptops,Nike,S0239,489.3,360.29,Active
P00315,SKU-00315,Apple Accessorie 315,Electronics,Accessories,Apple,S0297,1318.55,70.51,Active
P00316,SKU-00316,Apple Smartphone 316,Electronics,Smartphones,Apple,S0432,1597.76,587.34,Active
P00317,SKU-00317,Nike Laptop 317,Electronics,Laptops,Nike,S0181,1659.15,600.09,Active
P00318,SKU-00318,Apple Accessorie 318,Electronics,Accessories,Apple,S0490,40.2,865.35,Active
P00319,SKU-00319,Apple Accessorie 319,Electronics,Accessories,Apple,S0380,569.53,460.96,Active
P00320,SKU-00320,Adidas Accessorie 320,Electronics,Accessories,Adidas,S0157,1285.91,1168.83,Active
P00321,SKU-00321,Samsung Laptop 321,Electronics,Laptops,Samsung,S0221,1625.05,237.2,Active
P00322,SKU-00322,Loreal Laptop 322,Electronics,Laptops,Loreal,S0073,1120.83,1410.56,Active
P00323,SKU-00323,Nike Laptop 323,Electronics,Laptops,Nike,S0210,1341.38,644.02,Active
P00324,SKU-00324,Dell Accessorie 324,Electronics,Accessories,Dell,S0368,1035.16,302.61,Active
P00325,SKU-00325,Sony Smartphone 325,Electronics,Smartphones,Sony,S0178,520.28,7.24,Active
P00326,SKU-00326,LG Laptop 326,Electronics,Laptops,LG,S0047,1037.74,1249.59,Active
P00327,SKU-00327,Nike Laptop 327,Electronics,Laptops,Nike,S0059,1337.07,1235.58,Active
P00328,SKU-00328,HP Laptop 328,Electronics,Laptops,HP,S0178,1496.41,852.49,Active
P00329,SKU-00329,Loreal Laptop 329,Electronics,Laptops,Loreal,S0275,41.73,30.08,Active
P00330,SKU-00330,Adidas Accessorie 330,Electronics,Accessories,Adidas,S0038,858.03,556.72,Active
P00331,SKU-00331,Apple Smartphone 331,Electronics,Smartphones,Apple,S0478,790.68,861.89,Active
P00332,SKU-00332,Dell Accessorie 332,Electronics,Accessories,Dell,S0484,811.04,923.82,Active
P00333,SKU-00333,Loreal Smartphone 333,Electronics,Smartphones,Loreal,S0242,1762.94,1160.41,Active
P00334,SKU-00334,Nike Smartphone 334,Electronics,Smartphones,Nike,S0319,1510.84,1160.66,Active
P00335,SKU-00335,Loreal Laptop 335,Electronics,Laptops,Loreal,S0003,145.36,233.32,Active
P00336,SKU-00336,Sony Accessorie 336,Electronics,Accessories,Sony,S0253,206.76,1376.33,Active
P00337,SKU-00337,Adidas Laptop 337,Electronics,Laptops,Adidas,S0336,624.51,838.48,Active
P00338,SKU-00338,Dell Smartphone 338,Electronics,Smartphones,Dell,S0422,1299.9,459.29,Active
P00339,SKU-00339,Adidas Laptop 339,Electronics,Laptops,Adidas,S0143,89.04,756.13,Active
P00340,SKU-00340,Dell Smartphone 340,Electronics,Smartphones,Dell,S0135,1600.64,504.36,Active
P00341,SKU-00341,LG Laptop 341,Electronics,Laptops,LG,S0370,345.3,1329.67,Active
P00342,SKU-00342,Apple Laptop 342,Electronics,Laptops,Apple,S0268,1493.79,65.03,Active
P00343,SKU-00343,HP Accessorie 343,Electronics,Accessories,HP,S0067,1843.61,519.86,Active
P00344,SKU-00344,Philips Smartphone 344,Electronics,Smartphones,Philips,S0043,75.02,33.44,Active
P00345,SKU-00345,Loreal Laptop 345,Electronics,Laptops,Loreal,S0425,426.81,1189.2,Active
P00346,SKU-00346,LG Smartphone 346,Electronics,Smartphones,LG,S0200,1742.47,814.46,Active
P00347,SKU-00347,Adidas Smartphone 347,Electronics,Smartphones,Adidas,S0171,844.37,865.83,Active
P00348,SKU-00348,HP Smartphone 348,Electronics,Smartphones,HP,S0408,1272.33,1299.72,Active
P00349,SKU-00349,LG Accessorie 349,Electronics,Accessories,LG,S0444,153.73,961.06,Active
P00350,SKU-00350,Apple Laptop 350,Electronics,Laptops,Apple,S0134,1563.96,273.75,Active
P00351,SKU-00351,Dell Laptop 351,Electronics,Laptops,Dell,S0052,601.63,85.61,Active
P00352,SKU-00352,Nike Smartphone 352,Electronics,Smartphones,Nike,S0022,1349.17,828.51,Active
P00353,SKU-00353,Samsung Laptop 353,Electronics,Laptops,Samsung,S0132,332.27,1046.74,Active
P00354,SKU-00354,Loreal Accessorie 354,Electronics,Accessories,Loreal,S0329,760.51,852.31,Active
P00355,SKU-00355,Apple Accessorie 355,Electronics,Accessories,Apple,S0344,18.42,626.47,Active
P00356,SKU-00356,Sony Accessorie 356,Electronics,Accessories,Sony,S0098,326.77,141.91,Active
P00357,SKU-00357,Dell Accessorie 357,Electronics,Accessories,Dell,S0099,1018.92,387.42,Active
P00358,SKU-00358,Dell Accessorie 358,Electronics,Accessories,Dell,S0458,1944.57,224.95,Active
P00359,SKU-00359,Philips Laptop 359,Electronics,Laptops,Philips,S0329,445.64,1290.23,Active
P00360,SKU-00360,HP Smartphone 360,Electronics,Smartphones,HP,S0113,333.98,969.64,Active
P00361,SKU-00361,Dell Smartphone 361,Electronics,Smartphones,Dell,S0193,93.15,54.35,Active
P00362,SKU-00362,HP Laptop 362,Electronics,Laptops,HP,S0208,1559.75,537.27,Active
P00363,SKU-00363,LG Laptop 363,Electronics,Laptops,LG,S0317,313.79,872.24,Active
P00364,SKU-00364,Samsung Laptop 364,Electronics,Laptops,Samsung,S0397,992.32,683.49,Active
P00365,SKU-00365,Loreal Smartphone 365,Electronics,Smartphones,Loreal,S0254,1570.97,1224.33,Active
P00366,SKU-00366,LG Accessorie 366,Electronics,Accessories,LG,S0390,395.22,651.67,Active
P00367,SKU-00367,Nike Smartphone 367,Electronics,Smartphones,Nike,S0362,680.95,551.2,Active
P00368,SKU-00368,Apple Laptop 368,Electronics,Laptops,Apple,S0223,1219.99,173.46,Active
P00369,SKU-00369,Nike Laptop 369,Electronics,Laptops,Nike,S0352,274.82,930.94,Active
P00370,SKU-00370,Sony Smartphone 370,Electronics,Smartphones,Sony,S0323,1885.92,847.06,Active
P00371,SKU-00371,Adidas Accessorie 371,Electronics,Accessories,Adidas,S0391,271.38,414.17,Active
P00372,SKU-00372,Apple Smartphone 372,Electronics,Smartphones,Apple,S0478,630.5,1019.25,Active
P00373,SKU-00373,Sony Accessorie 373,Electronics,Accessories,Sony,S0138,1532.93,200.45,Active
P00374,SKU-00374,Sony Accessorie 374,Electronics,Accessories,Sony,S0111,1565.2,813.9,Active
P00375,SKU-00375,Adidas Laptop 375,Electronics,Laptops,Adidas,S0105,154.79,231.7,Active
P00376,SKU-00376,Philips Smartphone 376,Electronics,Smartphones,Philips,S0133,1932.79,1487.43,Active
P00377,SKU-00377,Dell Accessorie 377,Electronics,Accessories,Dell,S0092,1316.69,707.21,Active
P00378,SKU-00378,Samsung Accessorie 378,Electronics,Accessories,Samsung,S0408,1769.96,1113.65,Active
P00379,SKU-00379,Sony Accessorie 379,Electronics,Accessories,Sony,S0171,1342.61,1497.17,Active
P00380,SKU-00380,Loreal Laptop 380,Electronics,Laptops,Loreal,S0238,331.42,1081.3,Active
P00381,SKU-00381,Philips Smartphone 381,Electronics,Smartphones,Philips,S0245,1076.56,898.72,Active
P00382,SKU-00382,Samsung Smartphone 382,Electronics,Smartphones,Samsung,S0336,461.68,639.5,Active
P00383,SKU-00383,Apple Laptop 383,Electronics,Laptops,Apple,S0193,415.97,1049.46,Active
P00384,SKU-00384,Sony Smartphone 384,Electronics,Smartphones,Sony,S0007,1998.26,687.75,Active
P00385,SKU-00385,Philips Smartphone 385,Electronics,Smartphones,Philips,S0027,1480.16,1420.88,Active
P00386,SKU-00386,Philips Laptop 386,Electronics,Laptops,Philips,S0440,858.76,1391.72,Active
P00387,SKU-00387,Apple Accessorie 387,Electronics,Accessories,Apple,S0287,1257.81,1447.81,Active
P00388,SKU-00388,Nike Smartphone 388,Electronics,Smartphones,Nike,S0225,1683.96,271.82,Active
P00389,SKU-00389,Samsung Laptop 389,Electronics,Laptops,Samsung,S0263,255.63,1046.14,Active
P00390,SKU-00390,Apple Smartphone 390,Electronics,Smartphones,Apple,S0272,824.61,1444.8,Active
P00391,SKU-00391,HP Accessorie 391,Electronics,Accessories,HP,S0329,1395.13,1393.77,Active
P00392,SKU-00392,Samsung Laptop 392,Electronics,Laptops,Samsung,S0497,1541.63,1487.16,Active
P00393,SKU-00393,Nike Accessorie 393,Electronics,Accessories,Nike,S0234,1086.1,617.59,Active
P00394,SKU-00394,Nike Accessorie 394,Electronics,Accessories,Nike,S0164,1873.31,1398.31,Active
P00395,SKU-00395,Sony Smartphone 395,Electronics,Smartphones,Sony,S0238,1683.51,133.47,Active
P00396,SKU-00396,Loreal Smartphone 396,Electronics,Smartphones,Loreal,S0183,755.17,1440.68,Active
P00397,SKU-00397,Nike Laptop 397,Electronics,Laptops,Nike,S0154,1472.38,1406.67,Active
P00398,SKU-00398,Apple Smartphone 398,Electronics,Smartphones,Apple,S0027,1919.16,1062.34,Active
P00399,SKU-00399,Dell Smartphone 399,Electronics,Smartphones,Dell,S0409,1191.35,1355.41,Active
P00400,SKU-00400,Adidas Accessorie 400,Electronics,Accessories,Adidas,S0452,1821.7,22.74,Active
P00401,SKU-00401,Sony Smartphone 401,Electronics,Smartphones,Sony,S0057,617.44,631.73,Active
P00402,SKU-00402,Loreal Laptop 402,Electronics,Laptops,Loreal,S0136,30.68,1209.72,Active
P00403,SKU-00403,Samsung Laptop 403,Electronics,Laptops,Samsung,S0489,1199.94,1393.28,Active
P00404,SKU-00404,Nike Smartphone 404,Electronics,Smartphones,Nike,S0206,286.31,1043.65,Active
P00405,SKU-00405,Samsung Accessorie 405,Electronics,Accessories,Samsung,S0066,1552.87,895.93,Active
P00406,SKU-00406,Apple Accessorie 406,Electronics,Accessories,Apple,S0033,1598.6,1413.4,Active
P00407,SKU-00407,Nike Accessorie 407,Electronics,Accessories,Nike,S0201,857.91,543.21,Active
P00408,SKU-00408,Dell Smartphone 408,Electronics,Smartphones,Dell,S0005,629.9,1044.34,Active
P00409,SKU-00409,Loreal Smartphone 409,Electronics,Smartphones,Loreal,S0238,14.99,1180.39,Active
P00410,SKU-00410,Loreal Accessorie 410,Electronics,Accessories,Loreal,S0489,782.99,892.36,Active
P00411,SKU-00411,Samsung Smartphone 411,Electronics,Smartphones,Samsung,S0454,1806.0,498.92,Active
P00412,SKU-00412,Adidas Smartphone 412,Electronics,Smartphones,Adidas,S0169,1592.5,806.93,Active
P00413,SKU-00413,Nike Smartphone 413,Electronics,Smartphones,Nike,S0317,212.25,1288.77,Active
P00414,SKU-00414,Adidas Laptop 414,Electronics,Laptops,Adidas,S0033,144.7,952.68,Active
P00415,SKU-00415,HP Accessorie 415,Electronics,Accessories,HP,S0221,1038.09,899.96,Active
P00416,SKU-00416,Philips Laptop 416,Electronics,Laptops,Philips,S0378,999.46,1041.46,Active
P00417,SKU-00417,Sony Laptop 417,Electronics,Laptops,Sony,S0343,1904.12,214.21,Active
P00418,SKU-00418,Nike Smartphone 418,Electronics,Smartphones,Nike,S0432,1164.32,90.14,Active
P00419,SKU-00419,Nike Smartphone 419,Electronics,Smartphones,Nike,S0362,1284.18,681.02,Active
P00420,SKU-00420,Nike Smartphone 420,Electronics,Smartphones,Nike,S0253,1612.22,542.99,Active
P00421,SKU-00421,Sony Accessorie 421,Electronics,Accessories,Sony,S0067,1373.16,1046.38,Active
P00422,SKU-00422,HP Accessorie 422,Electronics,Accessories,HP,S0273,1046.14,97.7,Active
P00423,SKU-00423,Adidas Smartphone 423,Electronics,Smartphones,Adidas,S0364,1058.54,976.25,Active
P00424,SKU-00424,Adidas Smartphone 424,Electronics,Smartphones,Adidas,S0484,1025.75,1445.71,Active
P00425,SKU-00425,Nike Smartphone 425,Electronics,Smartphones,Nike,S0279,540.19,544.37,Active
P00426,SKU-00426,Loreal Laptop 426,Electronics,Laptops,Loreal,S0446,94.47,97.9,Active
P00427,SKU-00427,Dell Laptop 427,Electronics,Laptops,Dell,S0476,607.44,1433.51,Active
P00428,SKU-00428,Dell Laptop 428,Electronics,Laptops,Dell,S0345,248.61,1430.34,Active
P00429,SKU-00429,Adidas Smartphone 429,Electronics,Smartphones,Adidas,S0064,1265.29,372.21,Active
P00430,SKU-00430,Dell Smartphone 430,Electronics,Smartphones,Dell,S0147,1726.12,700.31,Active
P00431,SKU-00431,Apple Smartphone 431,Electronics,Smartphones,Apple,S0038,1937.05,1084.5,Active
P00432,SKU-00432,Nike Laptop 432,Electronics,Laptops,Nike,S0329,1217.33,1000.25,Active
P00433,SKU-00433,Adidas Laptop 433,Electronics,Laptops,Adidas,S0127,1844.18,26.07,Active
P00434,SKU-00434,Loreal Smartphone 434,Electronics,Smartphones,Loreal,S0370,1389.32,1126.55,Active
P00435,SKU-00435,Sony Smartphone 435,Electronics,Smartphones,Sony,S0032,1881.91,1249.33,Active
P00436,SKU-00436,Samsung Smartphone 436,Electronics,Smartphones,Samsung,S0459,1028.38,243.83,Active
P00437,SKU-00437,LG Accessorie 437,Electronics,Accessories,LG,S0336,1849.94,454.93,Active
P00438,SKU-00438,Loreal Laptop 438,Electronics,Laptops,Loreal,S0177,877.1,548.12,Active
P00439,SKU-00439,LG Smartphone 439,Electronics,Smartphones,LG,S0296,1785.85,1225.36,Active
P00440,SKU-00440,Samsung Smartphone 440,Electronics,Smartphones,Samsung,S0483,657.22,1366.21,Active
P00441,SKU-00441,HP Accessorie 441,Electronics,Accessories,HP,S0128,318.62,385.22,Active
P00442,SKU-00442,Sony Accessorie 442,Electronics,Accessories,Sony,S0204,458.46,112.5,Active
P00443,SKU-00443,Adidas Laptop 443,Electronics,Laptops,Adidas,S0150,1211.59,406.17,Active
P00444,SKU-00444,Sony Accessorie 444,Electronics,Accessories,Sony,S0145,1480.03,454.86,Active
P00445,SKU-00445,Nike Accessorie 445,Electronics,Accessories,Nike,S0050,1793.28,252.5,Active
P00446,SKU-00446,HP Smartphone 446,Electronics,Smartphones,HP,S0332,643.24,58.82,Active
P00447,SKU-00447,Dell Laptop 447,Electronics,Laptops,Dell,S0287,1258.89,398.88,Active
P00448,SKU-00448,HP Accessorie 448,Electronics,Accessories,HP,S0285,1635.48,1345.16,Active
P00449,SKU-00449,HP Laptop 449,Electronics,Laptops,HP,S0174,1666.85,709.19,Active
P00450,SKU-00450,Philips Smartphone 450,Electronics,Smartphones,Philips,S0327,1229.33,39.55,Active
P00451,SKU-00451,Philips Accessorie 451,Electronics,Accessories,Philips,S0440,1684.72,163.78,Active
P00452,SKU-00452,Adidas Laptop 452,Electronics,Laptops,Adidas,S0182,1175.05,1242.4,Active
P00453,SKU-00453,Apple Smartphone 453,Electronics,Smartphones,Apple,S0066,949.07,379.57,Active
P00454,SKU-00454,Dell Accessorie 454,Electronics,Accessories,Dell,S0402,195.31,1349.36,Active
P00455,SKU-00455,Samsung Smartphone 455,Electronics,Smartphones,Samsung,S0234,729.9,890.72,Active
P00456,SKU-00456,Loreal Smartphone 456,Electronics,Smartphones,Loreal,S0163,325.74,244.94,Active
P00457,SKU-00457,Loreal Accessorie 457,Electronics,Accessories,Loreal,S0488,140.98,849.73,Active
P00458,SKU-00458,Philips Accessorie 458,Electronics,Accessories,Philips,S0244,1619.67,1256.26,Active
P00459,SKU-00459,Nike Smartphone 459,Electronics,Smartphones,Nike,S0107,1718.32,205.9,Active
P00460,SKU-00460,LG Smartphone 460,Electronics,Smartphones,LG,S0260,1100.64,594.53,Active
P00461,SKU-00461,Sony Accessorie 461,Electronics,Accessories,Sony,S0241,567.45,192.45,Active
P00462,SKU-00462,Nike Accessorie 462,Electronics,Accessories,Nike,S0226,442.89,1352.73,Active
P00463,SKU-00463,HP Smartphone 463,Electronics,Smartphones,HP,S0363,459.57,238.4,Active
P00464,SKU-00464,Samsung Accessorie 464,Electronics,Accessories,Samsung,S0339,1648.42,593.12,Active
P00465,SKU-00465,Samsung Accessorie 465,Electronics,Accessories,Samsung,S0419,183.77,1292.59,Active
P00466,SKU-00466,Dell Laptop 466,Electronics,Laptops,Dell,S0340,1806.96,304.32,Active
P00467,SKU-00467,Sony Smartphone 467,Electronics,Smartphones,Sony,S0231,1665.11,755.75,Active
P00468,SKU-00468,Nike Smartphone 468,Electronics,Smartphones,Nike,S0209,1535.83,901.59,Active
P00469,SKU-00469,LG Smartphone 469,Electronics,Smartphones,LG,S0455,1032.33,493.95,Active
P00470,SKU-00470,Apple Laptop 470,Electronics,Laptops,Apple,S0023,583.3,1147.84,Active
P00471,SKU-00471,Dell Smartphone 471,Electronics,Smartphones,Dell,S0055,474.67,1178.06,Active
P00472,SKU-00472,Dell Smartphone 472,Electronics,Smartphones,Dell,S0461,70.0,1266.14,Active
P00473,SKU-00473,Loreal Smartphone 473,Electronics,Smartphones,Loreal,S0316,925.63,165.6,Active
P00474,SKU-00474,Nike Accessorie 474,Electronics,Accessories,Nike,S0139,1633.48,125.56,Active
P00475,SKU-00475,Nike Accessorie 475,Electronics,Accessories,Nike,S0473,609.56,450.08,Active
P00476,SKU-00476,LG Smartphone 476,Electronics,Smartphones,LG,S0205,1283.61,151.19,Active
P00477,SKU-00477,Dell Smartphone 477,Electronics,Smartphones,Dell,S0356,944.0,556.72,Active
P00478,SKU-00478,Philips Smartphone 478,Electronics,Smartphones,Philips,S0378,1574.54,964.55,Active
P00479,SKU-00479,HP Smartphone 479,Electronics,Smartphones,HP,S0252,463.45,372.22,Active
P00480,SKU-00480,Apple Accessorie 480,Electronics,Accessories,Apple,S0109,869.55,1106.76,Active
P00481,SKU-00481,Loreal Accessorie 481,Electronics,Accessories,Loreal,S0382,1236.44,967.74,Active
P00482,SKU-00482,Nike Laptop 482,Electronics,Laptops,Nike,S0424,1862.37,1138.33,Active
P00483,SKU-00483,HP Smartphone 483,Electronics,Smartphones,HP,S0053,1670.33,1304.39,Active
P00484,SKU-00484,Adidas Laptop 484,Electronics,Laptops,Adidas,S0156,1966.51,466.93,Active
P00485,SKU-00485,Adidas Smartphone 485,Electronics,Smartphones,Adidas,S0306,562.11,276.11,Active
P00486,SKU-00486,Nike Accessorie 486,Electronics,Accessories,Nike,S0356,1135.96,587.52,Active
P00487,SKU-00487,Adidas Smartphone 487,Electronics,Smartphones,Adidas,S0307,708.91,127.76,Active
P00488,SKU-00488,Sony Accessorie 488,Electronics,Accessories,Sony,S0206,1179.44,1484.55,Active
P00489,SKU-00489,Loreal Laptop 489,Electronics,Laptops,Loreal,S0182,582.82,561.27,Active
P00490,SKU-00490,Samsung Smartphone 490,Electronics,Smartphones,Samsung,S0199,610.35,413.69,Active
P00491,SKU-00491,Sony Laptop 491,Electronics,Laptops,Sony,S0378,916.84,1326.53,Active
P00492,SKU-00492,Dell Laptop 492,Electronics,Laptops,Dell,S0099,636.35,1111.77,Active
P00493,SKU-00493,Loreal Laptop 493,Electronics,Laptops,Loreal,S0372,266.98,390.71,Active
P00494,SKU-00494,Sony Laptop 494,Electronics,Laptops,Sony,S0009,297.64,767.83,Active
P00495,SKU-00495,LG Accessorie 495,Electronics,Accessories,LG,S0438,1799.43,1437.24,Active
P00496,SKU-00496,Dell Accessorie 496,Electronics,Accessories,Dell,S0212,932.09,983.93,Active
P00497,SKU-00497,Dell Smartphone 497,Electronics,Smartphones,Dell,S0308,133.11,392.76,Active
P00498,SKU-00498,HP Smartphone 498,Electronics,Smartphones,HP,S0380,203.35,456.28,Active
P00499,SKU-00499,Philips Smartphone 499,Electronics,Smartphones,Philips,S0254,1821.65,783.85,Active
P00500,SKU-00500,LG Smartphone 500,Electronics,Smartphones,LG,S0208,1227.01,1022.67,Active
P00501,SKU-00501,Nike Accessorie 501,Electronics,Accessories,Nike,S0010,1268.67,1325.72,Active
P00502,SKU-00502,LG Laptop 502,Electronics,Laptops,LG,S0264,305.24,1284.76,Active
P00503,SKU-00503,HP Smartphone 503,Electronics,Smartphones,HP,S0327,1484.44,1200.4,Active
P00504,SKU-00504,Sony Laptop 504,Electronics,Laptops,Sony,S0205,957.05,555.68,Active
P00505,SKU-00505,LG Accessorie 505,Electronics,Accessories,LG,S0129,1277.62,1042.42,Active
P00506,SKU-00506,Apple Accessorie 506,Electronics,Accessories,Apple,S0151,1065.55,742.49,Active
P00507,SKU-00507,LG Accessorie 507,Electronics,Accessories,LG,S0489,1691.49,1315.94,Active
P00508,SKU-00508,Philips Accessorie 508,Electronics,Accessories,Philips,S0289,1179.77,551.01,Active
P00509,SKU-00509,Adidas Laptop 509,Electronics,Laptops,Adidas,S0316,29.99,984.95,Active
P00510,SKU-00510,Sony Laptop 510,Electronics,Laptops,Sony,S0236,1637.34,643.65,Active
P00511,SKU-00511,Adidas Smartphone 511,Electronics,Smartphones,Adidas,S0377,768.73,170.74,Active
P00512,SKU-00512,LG Accessorie 512,Electronics,Accessories,LG,S0444,1844.19,235.84,Active
P00513,SKU-00513,Sony Smartphone 513,Electronics,Smartphones,Sony,S0172,1291.08,391.86,Active
P00514,SKU-00514,Apple Smartphone 514,Electronics,Smartphones,Apple,S0486,1155.28,610.08,Active
P00515,SKU-00515,LG Laptop 515,Electronics,Laptops,LG,S0457,655.53,1023.45,Active
P00516,SKU-00516,Dell Smartphone 516,Electronics,Smartphones,Dell,S0105,1985.38,883.65,Active
P00517,SKU-00517,Sony Smartphone 517,Electronics,Smartphones,Sony,S0461,926.94,821.52,Active
P00518,SKU-00518,Sony Smartphone 518,Electronics,Smartphones,Sony,S0455,894.38,473.0,Active
P00519,SKU-00519,Adidas Accessorie 519,Electronics,Accessories,Adidas,S0070,634.04,309.81,Active
P00520,SKU-00520,Adidas Smartphone 520,Electronics,Smartphones,Adidas,S0315,1896.65,907.77,Active
P00521,SKU-00521,LG Laptop 521,Electronics,Laptops,LG,S0187,860.15,107.05,Active
P00522,SKU-00522,Samsung Laptop 522,Electronics,Laptops,Samsung,S0343,773.26,1073.7,Active
P00523,SKU-00523,Samsung Smartphone 523,Electronics,Smartphones,Samsung,S0410,543.94,1326.37,Active
P00524,SKU-00524,LG Smartphone 524,Electronics,Smartphones,LG,S0306,567.48,821.33,Active
P00525,SKU-00525,Samsung Laptop 525,Electronics,Laptops,Samsung,S0381,297.63,1359.29,Active
P00526,SKU-00526,Adidas Accessorie 526,Electronics,Accessories,Adidas,S0485,301.77,841.9,Active
P00527,SKU-00527,HP Smartphone 527,Electronics,Smartphones,HP,S0064,1357.22,841.07,Active
P00528,SKU-00528,Sony Smartphone 528,Electronics,Smartphones,Sony,S0440,1646.96,1275.2,Active
P00529,SKU-00529,Sony Laptop 529,Electronics,Laptops,Sony,S0319,1093.84,204.42,Active
P00530,SKU-00530,Dell Laptop 530,Electronics,Laptops,Dell,S0321,1662.95,400.79,Active
P00531,SKU-00531,Apple Accessorie 531,Electronics,Accessories,Apple,S0003,1763.2,510.22,Active
P00532,SKU-00532,Sony Smartphone 532,Electronics,Smartphones,Sony,S0282,1136.03,187.59,Active
P00533,SKU-00533,Philips Smartphone 533,Electronics,Smartphones,Philips,S0249,1302.21,1415.97,Active
P00534,SKU-00534,Loreal Accessorie 534,Electronics,Accessories,Loreal,S0438,288.53,216.27,Active
P00535,SKU-00535,Apple Smartphone 535,Electronics,Smartphones,Apple,S0427,1900.11,737.07,Active
P00536,SKU-00536,Sony Accessorie 536,Electronics,Accessories,Sony,S0272,10.98,632.96,Active
P00537,SKU-00537,Apple Accessorie 537,Electronics,Accessories,Apple,S0394,1056.36,489.33,Active
P00538,SKU-00538,LG Accessorie 538,Electronics,Accessories,LG,S0291,1734.0,823.35,Active
P00539,SKU-00539,Samsung Accessorie 539,Electronics,Accessories,Samsung,S0365,706.21,665.64,Active
P00540,SKU-00540,LG Laptop 540,Electronics,Laptops,LG,S0193,1078.19,1264.86,Active
P00541,SKU-00541,Apple Smartphone 541,Electronics,Smartphones,Apple,S0180,163.36,273.46,Active
P00542,SKU-00542,Samsung Laptop 542,Electronics,Laptops,Samsung,S0086,1260.42,1136.13,Active
P00543,SKU-00543,LG Laptop 543,Electronics,Laptops,LG,S0279,1112.5,682.52,Active
P00544,SKU-00544,LG Laptop 544,Electronics,Laptops,LG,S0077,404.92,276.36,Active
P00545,SKU-00545,Loreal Laptop 545,Electronics,Laptops,Loreal,S0414,1640.04,1119.26,Active
P00546,SKU-00546,Samsung Accessorie 546,Electronics,Accessories,Samsung,S0460,1627.25,1183.88,Active
P00547,SKU-00547,Nike Accessorie 547,Electronics,Accessories,Nike,S0233,1248.62,1414.61,Active
P00548,SKU-00548,Dell Laptop 548,Electronics,Laptops,Dell,S0428,16.35,219.41,Active
P00549,SKU-00549,Apple Smartphone 549,Electronics,Smartphones,Apple,S0440,924.0,337.55,Active
P00550,SKU-00550,Adidas Smartphone 550,Electronics,Smartphones,Adidas,S0485,364.59,51.68,Active
P00551,SKU-00551,LG Smartphone 551,Electronics,Smartphones,LG,S0317,1008.93,1062.47,Active
P00552,SKU-00552,Apple Accessorie 552,Electronics,Accessories,Apple,S0125,236.25,1399.63,Active
P00553,SKU-00553,Dell Accessorie 553,Electronics,Accessories,Dell,S0480,1657.1,403.31,Active
P00554,SKU-00554,HP Smartphone 554,Electronics,Smartphones,HP,S0257,376.32,494.25,Active
P00555,SKU-00555,Apple Smartphone 555,Electronics,Smartphones,Apple,S0372,589.62,1081.83,Active
P00556,SKU-00556,Nike Smartphone 556,Electronics,Smartphones,Nike,S0180,1439.45,138.49,Active
P00557,SKU-00557,Sony Laptop 557,Electronics,Laptops,Sony,S0230,699.97,882.71,Active
P00558,SKU-00558,Samsung Smartphone 558,Electronics,Smartphones,Samsung,S0375,631.35,557.83,Active
P00559,SKU-00559,Adidas Laptop 559,Electronics,Laptops,Adidas,S0285,574.33,1325.95,Active
P00560,SKU-00560,Sony Smartphone 560,Electronics,Smartphones,Sony,S0109,933.2,209.17,Active
P00561,SKU-00561,Sony Smartphone 561,Electronics,Smartphones,Sony,S0079,1145.02,1388.22,Active
P00562,SKU-00562,LG Accessorie 562,Electronics,Accessories,LG,S0440,778.81,167.4,Active
P00563,SKU-00563,Adidas Laptop 563,Electronics,Laptops,Adidas,S0301,673.65,229.69,Active
P00564,SKU-00564,Loreal Smartphone 564,Electronics,Smartphones,Loreal,S0024,1852.41,606.64,Active
P00565,SKU-00565,Adidas Smartphone 565,Electronics,Smartphones,Adidas,S0476,753.06,949.03,Active
P00566,SKU-00566,LG Smartphone 566,Electronics,Smartphones,LG,S0256,1023.65,323.95,Active
P00567,SKU-00567,Samsung Laptop 567,Electronics,Laptops,Samsung,S0498,642.4,515.77,Active
P00568,SKU-00568,Sony Smartphone 568,Electronics,Smartphones,Sony,S0400,274.75,1231.36,Active
P00569,SKU-00569,Nike Laptop 569,Electronics,Laptops,Nike,S0202,697.95,1142.6,Active
P00570,SKU-00570,Samsung Accessorie 570,Electronics,Accessories,Samsung,S0392,1931.25,787.32,Active
P00571,SKU-00571,HP Accessorie 571,Electronics,Accessories,HP,S0130,1119.22,1309.31,Active
P00572,SKU-00572,Philips Accessorie 572,Electronics,Accessories,Philips,S0202,297.88,917.51,Active
P00573,SKU-00573,Sony Laptop 573,Electronics,Laptops,Sony,S0468,116.8,127.03,Active
P00574,SKU-00574,Loreal Laptop 574,Electronics,Laptops,Loreal,S0348,1322.35,1281.13,Active
P00575,SKU-00575,Sony Smartphone 575,Electronics,Smartphones,Sony,S0071,1507.4,1026.93,Active
P00576,SKU-00576,Adidas Smartphone 576,Electronics,Smartphones,Adidas,S0097,1140.08,852.95,Active
P00577,SKU-00577,Apple Laptop 577,Electronics,Laptops,Apple,S0476,1030.35,1295.25,Active
P00578,SKU-00578,Adidas Laptop 578,Electronics,Laptops,Adidas,S0180,1858.99,574.21,Active
P00579,SKU-00579,HP Smartphone 579,Electronics,Smartphones,HP,S0321,1916.98,143.14,Active
P00580,SKU-00580,LG Smartphone 580,Electronics,Smartphones,LG,S0240,1332.94,399.18,Active
P00581,SKU-00581,Sony Laptop 581,Electronics,Laptops,Sony,S0474,480.47,530.02,Active
P00582,SKU-00582,Apple Accessorie 582,Electronics,Accessories,Apple,S0075,1614.92,1139.83,Active
P00583,SKU-00583,Loreal Smartphone 583,Electronics,Smartphones,Loreal,S0095,1925.63,539.93,Active
P00584,SKU-00584,Philips Laptop 584,Electronics,Laptops,Philips,S0181,701.78,1222.99,Active
P00585,SKU-00585,Samsung Laptop 585,Electronics,Laptops,Samsung,S0028,216.06,407.86,Active
P00586,SKU-00586,Philips Laptop 586,Electronics,Laptops,Philips,S0300,1593.13,304.04,Active
P00587,SKU-00587,Philips Accessorie 587,Electronics,Accessories,Philips,S0435,582.65,1471.43,Active
P00588,SKU-00588,Adidas Laptop 588,Electronics,Laptops,Adidas,S0359,407.81,186.42,Active
P00589,SKU-00589,Samsung Accessorie 589,Electronics,Accessories,Samsung,S0017,172.62,370.34,Active
P00590,SKU-00590,Nike Laptop 590,Electronics,Laptops,Nike,S0044,1374.35,101.42,Active
P00591,SKU-00591,LG Accessorie 591,Electronics,Accessories,LG,S0224,963.73,21.95,Active
P00592,SKU-00592,Samsung Accessorie 592,Electronics,Accessories,Samsung,S0438,1255.99,840.67,Active
P00593,SKU-00593,Philips Accessorie 593,Electronics,Accessories,Philips,S0078,1712.75,1475.5,Active
P00594,SKU-00594,Sony Accessorie 594,Electronics,Accessories,Sony,S0285,1609.62,113.51,Active
P00595,SKU-00595,LG Laptop 595,Electronics,Laptops,LG,S0033,767.64,1363.43,Active
P00596,SKU-00596,Samsung Accessorie 596,Electronics,Accessories,Samsung,S0155,1463.89,333.95,Active
P00597,SKU-00597,Loreal Smartphone 597,Electronics,Smartphones,Loreal,S0047,1687.14,98.56,Active
P00598,SKU-00598,Apple Accessorie 598,Electronics,Accessories,Apple,S0074,992.93,935.94,Active
P00599,SKU-00599,Philips Laptop 599,Electronics,Laptops,Philips,S0402,38.12,939.99,Active
P00600,SKU-00600,LG Laptop 600,Electronics,Laptops,LG,S0140,1671.3,1487.48,Active
P00601,SKU-00601,Loreal Accessorie 601,Electronics,Accessories,Loreal,S0295,176.9,327.51,Active
P00602,SKU-00602,Sony Laptop 602,Electronics,Laptops,Sony,S0286,1532.86,148.67,Active
P00603,SKU-00603,Adidas Laptop 603,Electronics,Laptops,Adidas,S0372,1856.81,795.84,Active
P00604,SKU-00604,Dell Laptop 604,Electronics,Laptops,Dell,S0301,1775.5,1026.05,Active
P00605,SKU-00605,Loreal Smartphone 605,Electronics,Smartphones,Loreal,S0298,1003.27,200.69,Active
P00606,SKU-00606,HP Laptop 606,Electronics,Laptops,HP,S0467,1648.5,331.44,Active
P00607,SKU-00607,Loreal Laptop 607,Electronics,Laptops,Loreal,S0104,836.53,572.34,Active
P00608,SKU-00608,Adidas Accessorie 608,Electronics,Accessories,Adidas,S0052,124.22,225.29,Active
P00609,SKU-00609,Nike Accessorie 609,Electronics,Accessories,Nike,S0084,1786.43,1441.5,Active
P00610,SKU-00610,LG Smartphone 610,Electronics,Smartphones,LG,S0094,1580.71,1172.65,Active
P00611,SKU-00611,Apple Accessorie 611,Electronics,Accessories,Apple,S0375,1979.1,978.43,Active
P00612,SKU-00612,Sony Accessorie 612,Electronics,Accessories,Sony,S0425,1882.28,1106.63,Active
P00613,SKU-00613,LG Laptop 613,Electronics,Laptops,LG,S0451,827.69,306.87,Active
P00614,SKU-00614,Nike Accessorie 614,Electronics,Accessories,Nike,S0217,255.28,114.78,Active
P00615,SKU-00615,Loreal Laptop 615,Electronics,Laptops,Loreal,S0235,198.28,307.93,Active
P00616,SKU-00616,Sony Smartphone 616,Electronics,Smartphones,Sony,S0270,1679.88,767.94,Active
P00617,SKU-00617,Sony Smartphone 617,Electronics,Smartphones,Sony,S0326,1877.12,1144.06,Active
P00618,SKU-00618,Philips Laptop 618,Electronics,Laptops,Philips,S0127,1912.15,117.28,Active
P00619,SKU-00619,Adidas Laptop 619,Electronics,Laptops,Adidas,S0253,1286.6,1291.94,Active
P00620,SKU-00620,Adidas Laptop 620,Electronics,Laptops,Adidas,S0028,577.97,352.37,Active
P00621,SKU-00621,Philips Accessorie 621,Electronics,Accessories,Philips,S0461,1357.06,918.03,Active
P00622,SKU-00622,HP Laptop 622,Electronics,Laptops,HP,S0133,462.35,594.55,Active
P00623,SKU-00623,Samsung Accessorie 623,Electronics,Accessories,Samsung,S0338,1255.32,374.44,Active
P00624,SKU-00624,Dell Laptop 624,Electronics,Laptops,Dell,S0007,839.23,1299.72,Active
P00625,SKU-00625,Sony Smartphone 625,Electronics,Smartphones,Sony,S0315,1025.43,139.81,Active
P00626,SKU-00626,Sony Smartphone 626,Electronics,Smartphones,Sony,S0470,232.42,1158.06,Active
P00627,SKU-00627,Samsung Accessorie 627,Electronics,Accessories,Samsung,S0083,1510.74,1359.89,Active
P00628,SKU-00628,LG Smartphone 628,Electronics,Smartphones,LG,S0197,411.58,1091.58,Active
P00629,SKU-00629,Nike Laptop 629,Electronics,Laptops,Nike,S0281,999.87,1115.71,Active
P00630,SKU-00630,Apple Smartphone 630,Electronics,Smartphones,Apple,S0430,622.12,1042.55,Active
P00631,SKU-00631,Philips Laptop 631,Electronics,Laptops,Philips,S0460,305.37,210.99,Active
P00632,SKU-00632,Dell Accessorie 632,Electronics,Accessories,Dell,S0444,1621.78,935.92,Active
P00633,SKU-00633,Sony Accessorie 633,Electronics,Accessories,Sony,S0168,1941.34,990.65,Active
P00634,SKU-00634,LG Smartphone 634,Electronics,Smartphones,LG,S0079,711.52,467.08,Active
P00635,SKU-00635,HP Laptop 635,Electronics,Laptops,HP,S0178,1941.56,775.58,Active
P00636,SKU-00636,Sony Smartphone 636,Electronics,Smartphones,Sony,S0410,1341.03,1421.32,Active
P00637,SKU-00637,HP Laptop 637,Electronics,Laptops,HP,S0323,1953.98,1459.47,Active
P00638,SKU-00638,Sony Smartphone 638,Electronics,Smartphones,Sony,S0199,382.27,843.17,Active
P00639,SKU-00639,Sony Accessorie 639,Electronics,Accessories,Sony,S0412,1484.05,43.44,Active
P00640,SKU-00640,Dell Laptop 640,Electronics,Laptops,Dell,S0041,1908.06,91.7,Active
P00641,SKU-00641,LG Laptop 641,Electronics,Laptops,LG,S0124,1709.44,916.52,Active
P00642,SKU-00642,LG Laptop 642,Electronics,Laptops,LG,S0419,939.37,646.83,Active
P00643,SKU-00643,Dell Laptop 643,Electronics,Laptops,Dell,S0118,59.86,312.24,Active
P00644,SKU-00644,Samsung Laptop 644,Electronics,Laptops,Samsung,S0324,937.99,425.32,Active
P00645,SKU-00645,Apple Laptop 645,Electronics,Laptops,Apple,S0153,401.37,699.51,Active
P00646,SKU-00646,Samsung Laptop 646,Electronics,Laptops,Samsung,S0034,858.7,382.22,Active
P00647,SKU-00647,Dell Accessorie 647,Electronics,Accessories,Dell,S0192,1564.77,601.85,Active
P00648,SKU-00648,HP Laptop 648,Electronics,Laptops,HP,S0084,1206.52,1222.87,Active
P00649,SKU-00649,Samsung Laptop 649,Electronics,Laptops,Samsung,S0160,1960.47,1142.56,Active
P00650,SKU-00650,Sony Accessorie 650,Electronics,Accessories,Sony,S0252,1282.48,1113.15,Active
P00651,SKU-00651,Loreal Laptop 651,Electronics,Laptops,Loreal,S0308,1081.71,361.97,Active
P00652,SKU-00652,LG Accessorie 652,Electronics,Accessories,LG,S0132,1143.71,830.4,Active
P00653,SKU-00653,Adidas Laptop 653,Electronics,Laptops,Adidas,S0255,1634.48,949.51,Active
P00654,SKU-00654,Samsung Smartphone 654,Electronics,Smartphones,Samsung,S0316,526.63,442.55,Active
P00655,SKU-00655,Nike Accessorie 655,Electronics,Accessories,Nike,S0434,194.09,882.63,Active
P00656,SKU-00656,HP Accessorie 656,Electronics,Accessories,HP,S0147,141.46,906.97,Active
P00657,SKU-00657,Loreal Laptop 657,Electronics,Laptops,Loreal,S0492,634.75,1412.63,Active
P00658,SKU-00658,Nike Accessorie 658,Electronics,Accessories,Nike,S0453,11.75,307.3,Active
P00659,SKU-00659,Adidas Laptop 659,Electronics,Laptops,Adidas,S0469,1679.41,12.35,Active
P00660,SKU-00660,Samsung Laptop 660,Electronics,Laptops,Samsung,S0190,754.85,1266.18,Active
P00661,SKU-00661,Samsung Accessorie 661,Electronics,Accessories,Samsung,S0382,643.53,949.98,Active
P00662,SKU-00662,Samsung Accessorie 662,Electronics,Accessories,Samsung,S0222,1698.05,886.79,Active
P00663,SKU-00663,Sony Smartphone 663,Electronics,Smartphones,Sony,S0255,1920.36,556.99,Active
P00664,SKU-00664,Nike Accessorie 664,Electronics,Accessories,Nike,S0354,298.69,290.02,Active
P00665,SKU-00665,HP Smartphone 665,Electronics,Smartphones,HP,S0191,1915.07,1095.8,Active
P00666,SKU-00666,Nike Smartphone 666,Electronics,Smartphones,Nike,S0026,1468.44,400.44,Active
P00667,SKU-00667,HP Smartphone 667,Electronics,Smartphones,HP,S0494,429.5,240.39,Active
P00668,SKU-00668,Loreal Laptop 668,Electronics,Laptops,Loreal,S0094,925.67,863.3,Active
P00669,SKU-00669,Dell Laptop 669,Electronics,Laptops,Dell,S0263,1511.55,90.13,Active
P00670,SKU-00670,Philips Accessorie 670,Electronics,Accessories,Philips,S0469,1865.97,639.08,Active
P00671,SKU-00671,LG Laptop 671,Electronics,Laptops,LG,S0332,1163.39,1357.25,Active
P00672,SKU-00672,Apple Smartphone 672,Electronics,Smartphones,Apple,S0122,240.78,1477.52,Active
P00673,SKU-00673,Nike Accessorie 673,Electronics,Accessories,Nike,S0424,1133.78,845.4,Active
P00674,SKU-00674,Nike Accessorie 674,Electronics,Accessories,Nike,S0352,1932.42,944.33,Active
P00675,SKU-00675,Apple Accessorie 675,Electronics,Accessories,Apple,S0490,1208.02,724.71,Active
P00676,SKU-00676,Dell Accessorie 676,Electronics,Accessories,Dell,S0089,1017.97,705.97,Active
P00677,SKU-00677,Philips Accessorie 677,Electronics,Accessories,Philips,S0155,1698.92,198.85,Active
P00678,SKU-00678,Nike Accessorie 678,Electronics,Accessories,Nike,S0089,1333.46,41.59,Active
P00679,SKU-00679,LG Laptop 679,Electronics,Laptops,LG,S0025,1375.35,789.53,Active
P00680,SKU-00680,Apple Accessorie 680,Electronics,Accessories,Apple,S0142,718.23,125.14,Active
P00681,SKU-00681,Loreal Smartphone 681,Electronics,Smartphones,Loreal,S0203,395.36,1006.24,Active
P00682,SKU-00682,LG Accessorie 682,Electronics,Accessories,LG,S0306,214.94,1296.52,Active
P00683,SKU-00683,Dell Smartphone 683,Electronics,Smartphones,Dell,S0046,1802.71,933.11,Active
P00684,SKU-00684,Loreal Accessorie 684,Electronics,Accessories,Loreal,S0148,885.11,1136.58,Active
P00685,SKU-00685,Loreal Laptop 685,Electronics,Laptops,Loreal,S0077,614.83,408.0,Active
P00686,SKU-00686,Loreal Smartphone 686,Electronics,Smartphones,Loreal,S0446,798.54,199.39,Active
P00687,SKU-00687,Dell Accessorie 687,Electronics,Accessories,Dell,S0224,451.32,588.88,Active
P00688,SKU-00688,Apple Laptop 688,Electronics,Laptops,Apple,S0350,514.58,356.53,Active
P00689,SKU-00689,Nike Smartphone 689,Electronics,Smartphones,Nike,S0124,1943.2,489.46,Active
P00690,SKU-00690,LG Accessorie 690,Electronics,Accessories,LG,S0500,81.55,302.08,Active
P00691,SKU-00691,Sony Smartphone 691,Electronics,Smartphones,Sony,S0029,45.64,966.12,Active
P00692,SKU-00692,Philips Laptop 692,Electronics,Laptops,Philips,S0420,896.4,1460.1,Active
P00693,SKU-00693,LG Accessorie 693,Electronics,Accessories,LG,S0319,1977.33,993.85,Active
P00694,SKU-00694,Dell Laptop 694,Electronics,Laptops,Dell,S0141,331.51,1006.61,Active
P00695,SKU-00695,Loreal Accessorie 695,Electronics,Accessories,Loreal,S0279,1916.6,147.93,Active
P00696,SKU-00696,Samsung Smartphone 696,Electronics,Smartphones,Samsung,S0357,1941.57,490.45,Active
P00697,SKU-00697,LG Smartphone 697,Electronics,Smartphones,LG,S0118,232.77,1148.52,Active
P00698,SKU-00698,Apple Laptop 698,Electronics,Laptops,Apple,S0171,1212.88,1023.58,Active
P00699,SKU-00699,Loreal Accessorie 699,Electronics,Accessories,Loreal,S0230,145.15,1327.05,Active
P00700,SKU-00700,Philips Accessorie 700,Electronics,Accessories,Philips,S0035,1411.62,1361.95,Active
P00701,SKU-00701,Samsung Smartphone 701,Electronics,Smartphones,Samsung,S0279,694.94,591.09,Active
P00702,SKU-00702,Nike Accessorie 702,Electronics,Accessories,Nike,S0205,94.44,600.62,Active
P00703,SKU-00703,Adidas Accessorie 703,Electronics,Accessories,Adidas,S0276,270.16,750.85,Active
P00704,SKU-00704,LG Accessorie 704,Electronics,Accessories,LG,S0101,814.45,612.3,Active
P00705,SKU-00705,LG Smartphone 705,Electronics,Smartphones,LG,S0380,842.69,1166.46,Active
P00706,SKU-00706,Dell Laptop 706,Electronics,Laptops,Dell,S0452,1862.44,1430.17,Active
P00707,SKU-00707,Nike Laptop 707,Electronics,Laptops,Nike,S0153,89.03,454.56,Active
P00708,SKU-00708,Dell Laptop 708,Electronics,Laptops,Dell,S0017,980.28,1406.08,Active
P00709,SKU-00709,Dell Laptop 709,Electronics,Laptops,Dell,S0418,903.84,38.59,Active
P00710,SKU-00710,Adidas Laptop 710,Electronics,Laptops,Adidas,S0176,369.97,211.74,Active
P00711,SKU-00711,Dell Smartphone 711,Electronics,Smartphones,Dell,S0162,991.04,862.55,Active
P00712,SKU-00712,Sony Accessorie 712,Electronics,Accessories,Sony,S0121,1474.11,217.79,Active
P00713,SKU-00713,Philips Smartphone 713,Electronics,Smartphones,Philips,S0005,1196.39,1242.66,Active
P00714,SKU-00714,Adidas Accessorie 714,Electronics,Accessories,Adidas,S0068,879.88,269.08,Active
P00715,SKU-00715,HP Smartphone 715,Electronics,Smartphones,HP,S0242,1000.19,1308.77,Active
P00716,SKU-00716,Adidas Accessorie 716,Electronics,Accessories,Adidas,S0136,150.32,1285.57,Active
P00717,SKU-00717,Adidas Accessorie 717,Electronics,Accessories,Adidas,S0135,1550.17,246.4,Active
P00718,SKU-00718,Loreal Smartphone 718,Electronics,Smartphones,Loreal,S0128,615.92,66.98,Active
P00719,SKU-00719,Nike Smartphone 719,Electronics,Smartphones,Nike,S0489,1124.91,1214.39,Active
P00720,SKU-00720,Dell Laptop 720,Electronics,Laptops,Dell,S0082,721.82,1270.57,Active
P00721,SKU-00721,HP Smartphone 721,Electronics,Smartphones,HP,S0049,1873.94,531.81,Active
P00722,SKU-00722,Dell Accessorie 722,Electronics,Accessories,Dell,S0023,1800.39,534.41,Active
P00723,SKU-00723,Apple Smartphone 723,Electronics,Smartphones,Apple,S0294,366.31,168.07,Active
P00724,SKU-00724,Nike Laptop 724,Electronics,Laptops,Nike,S0225,1699.41,146.64,Active
P00725,SKU-00725,Nike Laptop 725,Electronics,Laptops,Nike,S0062,1300.21,121.16,Active
P00726,SKU-00726,Samsung Laptop 726,Electronics,Laptops,Samsung,S0026,1869.23,330.45,Active
P00727,SKU-00727,Adidas Laptop 727,Electronics,Laptops,Adidas,S0315,758.65,228.18,Active
P00728,SKU-00728,Loreal Smartphone 728,Electronics,Smartphones,Loreal,S0316,396.4,17.2,Active
P00729,SKU-00729,Philips Smartphone 729,Electronics,Smartphones,Philips,S0135,941.92,1322.74,Active
P00730,SKU-00730,Nike Accessorie 730,Electronics,Accessories,Nike,S0471,504.77,363.09,Active
P00731,SKU-00731,Philips Accessorie 731,Electronics,Accessories,Philips,S0102,905.18,1291.84,Active
P00732,SKU-00732,Philips Laptop 732,Electronics,Laptops,Philips,S0469,467.16,89.1,Active
P00733,SKU-00733,Nike Accessorie 733,Electronics,Accessories,Nike,S0221,1636.84,372.87,Active
P00734,SKU-00734,Philips Accessorie 734,Electronics,Accessories,Philips,S0104,597.44,358.99,Active
P00735,SKU-00735,Nike Smartphone 735,Electronics,Smartphones,Nike,S0212,642.3,430.2,Active
P00736,SKU-00736,Apple Smartphone 736,Electronics,Smartphones,Apple,S0163,959.45,310.96,Active
P00737,SKU-00737,Sony Accessorie 737,Electronics,Accessories,Sony,S0253,1082.19,307.66,Active
P00738,SKU-00738,Nike Smartphone 738,Electronics,Smartphones,Nike,S0326,522.94,1062.71,Active
P00739,SKU-00739,Sony Accessorie 739,Electronics,Accessories,Sony,S0010,1611.76,760.23,Active
P00740,SKU-00740,Philips Laptop 740,Electronics,Laptops,Philips,S0076,909.95,573.63,Active
P00741,SKU-00741,Dell Smartphone 741,Electronics,Smartphones,Dell,S0182,476.38,298.58,Active
P00742,SKU-00742,Samsung Smartphone 742,Electronics,Smartphones,Samsung,S0165,1627.62,1073.53,Active
P00743,SKU-00743,Nike Accessorie 743,Electronics,Accessories,Nike,S0442,1780.38,884.85,Active
P00744,SKU-00744,HP Accessorie 744,Electronics,Accessories,HP,S0218,1017.82,679.53,Active
P00745,SKU-00745,Loreal Accessorie 745,Electronics,Accessories,Loreal,S0232,1245.54,703.25,Active
P00746,SKU-00746,Adidas Laptop 746,Electronics,Laptops,Adidas,S0336,1363.24,862.23,Active
P00747,SKU-00747,Philips Accessorie 747,Electronics,Accessories,Philips,S0416,234.65,23.56,Active
P00748,SKU-00748,Samsung Laptop 748,Electronics,Laptops,Samsung,S0084,794.01,151.58,Active
P00749,SKU-00749,Nike Smartphone 749,Electronics,Smartphones,Nike,S0438,588.62,177.42,Active
P00750,SKU-00750,Loreal Smartphone 750,Electronics,Smartphones,Loreal,S0069,1219.92,824.37,Active
P00751,SKU-00751,Dell Smartphone 751,Electronics,Smartphones,Dell,S0320,1403.38,63.56,Active
P00752,SKU-00752,Adidas Accessorie 752,Electronics,Accessories,Adidas,S0099,1911.61,1337.21,Active
P00753,SKU-00753,Dell Accessorie 753,Electronics,Accessories,Dell,S0092,15.21,958.31,Active
P00754,SKU-00754,Samsung Laptop 754,Electronics,Laptops,Samsung,S0163,678.54,392.43,Active
P00755,SKU-00755,Adidas Laptop 755,Electronics,Laptops,Adidas,S0197,943.96,1152.67,Active
P00756,SKU-00756,Sony Laptop 756,Electronics,Laptops,Sony,S0417,595.63,1178.77,Active
P00757,SKU-00757,Loreal Smartphone 757,Electronics,Smartphones,Loreal,S0386,437.85,1311.65,Active
P00758,SKU-00758,Dell Smartphone 758,Electronics,Smartphones,Dell,S0388,1073.09,1363.19,Active
P00759,SKU-00759,Samsung Accessorie 759,Electronics,Accessories,Samsung,S0404,681.01,1110.86,Active
P00760,SKU-00760,Apple Accessorie 760,Electronics,Accessories,Apple,S0495,1330.99,90.92,Active
P00761,SKU-00761,Nike Smartphone 761,Electronics,Smartphones,Nike,S0343,369.28,285.35,Active
P00762,SKU-00762,Philips Accessorie 762,Electronics,Accessories,Philips,S0449,32.93,615.77,Active
P00763,SKU-00763,Adidas Accessorie 763,Electronics,Accessories,Adidas,S0339,224.75,490.94,Active
P00764,SKU-00764,Sony Accessorie 764,Electronics,Accessories,Sony,S0157,714.3,1374.64,Active
P00765,SKU-00765,HP Laptop 765,Electronics,Laptops,HP,S0371,1313.66,658.65,Active
P00766,SKU-00766,Sony Smartphone 766,Electronics,Smartphones,Sony,S0079,955.44,588.1,Active
P00767,SKU-00767,Loreal Smartphone 767,Electronics,Smartphones,Loreal,S0434,337.22,682.65,Active
P00768,SKU-00768,Sony Accessorie 768,Electronics,Accessories,Sony,S0038,1889.7,791.88,Active
P00769,SKU-00769,Sony Accessorie 769,Electronics,Accessories,Sony,S0174,424.25,983.81,Active
P00770,SKU-00770,HP Smartphone 770,Electronics,Smartphones,HP,S0486,1986.38,1048.08,Active
P00771,SKU-00771,Dell Laptop 771,Electronics,Laptops,Dell,S0334,1014.72,245.48,Active
P00772,SKU-00772,Nike Accessorie 772,Electronics,Accessories,Nike,S0337,1645.81,23.84,Active
P00773,SKU-00773,Samsung Laptop 773,Electronics,Laptops,Samsung,S0004,878.2,826.25,Active
P00774,SKU-00774,Loreal Smartphone 774,Electronics,Smartphones,Loreal,S0294,787.38,1205.58,Active
P00775,SKU-00775,Philips Smartphone 775,Electronics,Smartphones,Philips,S0061,972.88,1183.96,Active
P00776,SKU-00776,LG Smartphone 776,Electronics,Smartphones,LG,S0459,541.68,869.8,Active
P00777,SKU-00777,Apple Laptop 777,Electronics,Laptops,Apple,S0065,583.47,1273.77,Active
P00778,SKU-00778,Sony Laptop 778,Electronics,Laptops,Sony,S0261,1889.47,637.23,Active
P00779,SKU-00779,Loreal Laptop 779,Electronics,Laptops,Loreal,S0260,1837.08,624.89,Active
P00780,SKU-00780,Adidas Smartphone 780,Electronics,Smartphones,Adidas,S0302,1569.73,292.69,Active
P00781,SKU-00781,LG Smartphone 781,Electronics,Smartphones,LG,S0230,1927.21,267.31,Active
P00782,SKU-00782,Samsung Smartphone 782,Electronics,Smartphones,Samsung,S0469,1645.98,798.33,Active
P00783,SKU-00783,Sony Smartphone 783,Electronics,Smartphones,Sony,S0415,513.1,1161.76,Active
P00784,SKU-00784,HP Laptop 784,Electronics,Laptops,HP,S0382,1528.05,1395.07,Active
P00785,SKU-00785,Samsung Smartphone 785,Electronics,Smartphones,Samsung,S0116,1253.68,50.35,Active
P00786,SKU-00786,Loreal Accessorie 786,Electronics,Accessories,Loreal,S0010,1606.41,662.13,Active
P00787,SKU-00787,Sony Laptop 787,Electronics,Laptops,Sony,S0438,458.77,1013.26,Active
P00788,SKU-00788,Dell Accessorie 788,Electronics,Accessories,Dell,S0063,1009.18,435.96,Active
P00789,SKU-00789,Apple Laptop 789,Electronics,Laptops,Apple,S0048,746.99,176.36,Active
P00790,SKU-00790,Apple Smartphone 790,Electronics,Smartphones,Apple,S0283,1964.34,511.31,Active
P00791,SKU-00791,Dell Laptop 791,Electronics,Laptops,Dell,S0390,1511.14,347.89,Active
P00792,SKU-00792,LG Laptop 792,Electronics,Laptops,LG,S0223,451.05,1166.35,Active
P00793,SKU-00793,Adidas Laptop 793,Electronics,Laptops,Adidas,S0103,1775.77,204.13,Active
P00794,SKU-00794,Samsung Laptop 794,Electronics,Laptops,Samsung,S0130,1709.12,365.27,Active
P00795,SKU-00795,Sony Laptop 795,Electronics,Laptops,Sony,S0233,538.25,514.51,Active
P00796,SKU-00796,Sony Laptop 796,Electronics,Laptops,Sony,S0358,1899.29,1497.54,Active
P00797,SKU-00797,Adidas Smartphone 797,Electronics,Smartphones,Adidas,S0280,1423.31,266.91,Active
P00798,SKU-00798,Adidas Smartphone 798,Electronics,Smartphones,Adidas,S0374,1262.41,350.2,Active
P00799,SKU-00799,Apple Smartphone 799,Electronics,Smartphones,Apple,S0239,1270.8,1473.36,Active
P00800,SKU-00800,Samsung Smartphone 800,Electronics,Smartphones,Samsung,S0019,383.41,99.08,Active
P00801,SKU-00801,Nike Laptop 801,Electronics,Laptops,Nike,S0305,591.32,422.47,Active
P00802,SKU-00802,Sony Accessorie 802,Electronics,Accessories,Sony,S0073,726.44,429.64,Active
P00803,SKU-00803,Samsung Smartphone 803,Electronics,Smartphones,Samsung,S0440,873.84,511.63,Active
P00804,SKU-00804,Dell Accessorie 804,Electronics,Accessories,Dell,S0198,1038.18,487.42,Active
P00805,SKU-00805,Nike Accessorie 805,Electronics,Accessories,Nike,S0337,452.76,457.24,Active
P00806,SKU-00806,Loreal Accessorie 806,Electronics,Accessories,Loreal,S0415,1736.68,963.23,Active
P00807,SKU-00807,Philips Laptop 807,Electronics,Laptops,Philips,S0211,10.51,1413.67,Active
P00808,SKU-00808,Samsung Accessorie 808,Electronics,Accessories,Samsung,S0058,485.92,674.79,Active
P00809,SKU-00809,Nike Smartphone 809,Electronics,Smartphones,Nike,S0414,1362.76,1294.88,Active
P00810,SKU-00810,Apple Smartphone 810,Electronics,Smartphones,Apple,S0061,375.82,685.04,Active
P00811,SKU-00811,Nike Accessorie 811,Electronics,Accessories,Nike,S0038,614.77,947.11,Active
P00812,SKU-00812,Adidas Accessorie 812,Electronics,Accessories,Adidas,S0111,1438.31,833.59,Active
P00813,SKU-00813,Nike Smartphone 813,Electronics,Smartphones,Nike,S0182,1349.66,1266.18,Active
P00814,SKU-00814,LG Accessorie 814,Electronics,Accessories,LG,S0232,193.19,1033.33,Active
P00815,SKU-00815,Dell Accessorie 815,Electronics,Accessories,Dell,S0393,130.35,1499.99,Active
P00816,SKU-00816,Dell Accessorie 816,Electronics,Accessories,Dell,S0270,246.28,866.33,Active
P00817,SKU-00817,Nike Laptop 817,Electronics,Laptops,Nike,S0390,1801.38,1336.83,Active
P00818,SKU-00818,HP Accessorie 818,Electronics,Accessories,HP,S0068,1612.79,344.93,Active
P00819,SKU-00819,Apple Accessorie 819,Electronics,Accessories,Apple,S0291,1843.45,1099.78,Active
P00820,SKU-00820,HP Accessorie 820,Electronics,Accessories,HP,S0459,1194.49,840.39,Active
P00821,SKU-00821,Nike Accessorie 821,Electronics,Accessories,Nike,S0463,731.71,1181.65,Active
P00822,SKU-00822,LG Laptop 822,Electronics,Laptops,LG,S0464,949.52,520.18,Active
P00823,SKU-00823,Adidas Smartphone 823,Electronics,Smartphones,Adidas,S0414,656.47,61.29,Active
P00824,SKU-00824,Loreal Smartphone 824,Electronics,Smartphones,Loreal,S0405,840.19,1352.45,Active
P00825,SKU-00825,Dell Accessorie 825,Electronics,Accessories,Dell,S0339,1753.08,871.5,Active
P00826,SKU-00826,Sony Laptop 826,Electronics,Laptops,Sony,S0240,326.12,266.99,Active
P00827,SKU-00827,Philips Smartphone 827,Electronics,Smartphones,Philips,S0384,1890.08,242.98,Active
P00828,SKU-00828,Samsung Accessorie 828,Electronics,Accessories,Samsung,S0496,1199.26,1120.76,Active
P00829,SKU-00829,Apple Laptop 829,Electronics,Laptops,Apple,S0402,803.02,408.02,Active
P00830,SKU-00830,LG Smartphone 830,Electronics,Smartphones,LG,S0064,148.43,315.78,Active
P00831,SKU-00831,LG Laptop 831,Electronics,Laptops,LG,S0170,364.07,291.36,Active
P00832,SKU-00832,Samsung Laptop 832,Electronics,Laptops,Samsung,S0473,1039.34,692.45,Active
P00833,SKU-00833,Apple Laptop 833,Electronics,Laptops,Apple,S0097,1982.36,640.79,Active
P00834,SKU-00834,LG Laptop 834,Electronics,Laptops,LG,S0462,1428.86,1116.9,Active
P00835,SKU-00835,Adidas Smartphone 835,Electronics,Smartphones,Adidas,S0397,691.45,649.75,Active
P00836,SKU-00836,Loreal Laptop 836,Electronics,Laptops,Loreal,S0486,303.53,648.23,Active
P00837,SKU-00837,LG Laptop 837,Electronics,Laptops,LG,S0084,486.58,6.56,Active
P00838,SKU-00838,Loreal Laptop 838,Electronics,Laptops,Loreal,S0047,1169.66,618.34,Active
P00839,SKU-00839,LG Laptop 839,Electronics,Laptops,LG,S0145,1033.99,1489.37,Active
P00840,SKU-00840,Dell Accessorie 840,Electronics,Accessories,Dell,S0278,1724.24,146.67,Active
P00841,SKU-00841,Nike Accessorie 841,Electronics,Accessories,Nike,S0339,75.73,741.09,Active
P00842,SKU-00842,Nike Accessorie 842,Electronics,Accessories,Nike,S0094,1031.55,1113.21,Active
P00843,SKU-00843,Loreal Accessorie 843,Electronics,Accessories,Loreal,S0213,356.41,613.29,Active
P00844,SKU-00844,HP Accessorie 844,Electronics,Accessories,HP,S0443,1227.2,17.09,Active
P00845,SKU-00845,Adidas Smartphone 845,Electronics,Smartphones,Adidas,S0449,1528.35,63.13,Active
P00846,SKU-00846,Apple Smartphone 846,Electronics,Smartphones,Apple,S0327,1303.42,749.22,Active
P00847,SKU-00847,Apple Smartphone 847,Electronics,Smartphones,Apple,S0213,347.42,1373.26,Active
P00848,SKU-00848,Philips Smartphone 848,Electronics,Smartphones,Philips,S0464,1308.92,290.32,Active
P00849,SKU-00849,Sony Smartphone 849,Electronics,Smartphones,Sony,S0322,44.32,1126.3,Active
P00850,SKU-00850,HP Laptop 850,Electronics,Laptops,HP,S0273,1380.81,948.61,Active
P00851,SKU-00851,Apple Smartphone 851,Electronics,Smartphones,Apple,S0372,63.12,1032.64,Active
P00852,SKU-00852,Sony Accessorie 852,Electronics,Accessories,Sony,S0422,1665.01,168.98,Active
P00853,SKU-00853,Apple Smartphone 853,Electronics,Smartphones,Apple,S0283,15.69,1094.59,Active
P00854,SKU-00854,Loreal Laptop 854,Electronics,Laptops,Loreal,S0206,132.67,911.74,Active
P00855,SKU-00855,Nike Smartphone 855,Electronics,Smartphones,Nike,S0229,1735.01,919.75,Active
P00856,SKU-00856,Philips Smartphone 856,Electronics,Smartphones,Philips,S0087,1422.59,979.02,Active
P00857,SKU-00857,Nike Smartphone 857,Electronics,Smartphones,Nike,S0116,15.81,51.89,Active
P00858,SKU-00858,Samsung Laptop 858,Electronics,Laptops,Samsung,S0250,752.06,250.14,Active
P00859,SKU-00859,Adidas Accessorie 859,Electronics,Accessories,Adidas,S0085,1384.06,143.39,Active
P00860,SKU-00860,LG Smartphone 860,Electronics,Smartphones,LG,S0386,1956.97,1472.34,Active
P00861,SKU-00861,Adidas Accessorie 861,Electronics,Accessories,Adidas,S0218,158.56,795.27,Active
P00862,SKU-00862,Apple Accessorie 862,Electronics,Accessories,Apple,S0143,1994.05,837.26,Active
P00863,SKU-00863,Samsung Accessorie 863,Electronics,Accessories,Samsung,S0181,1424.66,1288.5,Active
P00864,SKU-00864,Dell Laptop 864,Electronics,Laptops,Dell,S0250,1023.94,758.7,Active
P00865,SKU-00865,Dell Smartphone 865,Electronics,Smartphones,Dell,S0315,1967.34,964.22,Active
P00866,SKU-00866,Nike Accessorie 866,Electronics,Accessories,Nike,S0426,1738.82,1341.22,Active
P00867,SKU-00867,Dell Accessorie 867,Electronics,Accessories,Dell,S0381,834.87,985.13,Active
P00868,SKU-00868,LG Smartphone 868,Electronics,Smartphones,LG,S0063,1453.17,1139.38,Active
P00869,SKU-00869,Samsung Laptop 869,Electronics,Laptops,Samsung,S0085,1044.03,802.32,Active
P00870,SKU-00870,HP Smartphone 870,Electronics,Smartphones,HP,S0051,1546.38,828.66,Active
P00871,SKU-00871,Nike Smartphone 871,Electronics,Smartphones,Nike,S0430,1726.58,28.29,Active
P00872,SKU-00872,Loreal Accessorie 872,Electronics,Accessories,Loreal,S0488,1473.84,1246.03,Active
P00873,SKU-00873,Adidas Smartphone 873,Electronics,Smartphones,Adidas,S0400,79.43,1242.61,Active
P00874,SKU-00874,Adidas Laptop 874,Electronics,Laptops,Adidas,S0083,426.88,1135.18,Active
P00875,SKU-00875,Loreal Smartphone 875,Electronics,Smartphones,Loreal,S0318,1848.88,917.77,Active
P00876,SKU-00876,HP Accessorie 876,Electronics,Accessories,HP,S0478,1090.2,934.83,Active
P00877,SKU-00877,Dell Smartphone 877,Electronics,Smartphones,Dell,S0017,293.02,43.42,Active
P00878,SKU-00878,Nike Laptop 878,Electronics,Laptops,Nike,S0220,439.87,239.49,Active
P00879,SKU-00879,Dell Smartphone 879,Electronics,Smartphones,Dell,S0191,678.02,1487.27,Active
P00880,SKU-00880,LG Accessorie 880,Electronics,Accessories,LG,S0331,113.16,1386.09,Active
P00881,SKU-00881,Apple Smartphone 881,Electronics,Smartphones,Apple,S0499,1538.2,29.12,Active
P00882,SKU-00882,Apple Smartphone 882,Electronics,Smartphones,Apple,S0114,1818.51,304.97,Active
P00883,SKU-00883,HP Smartphone 883,Electronics,Smartphones,HP,S0273,437.6,207.55,Active
P00884,SKU-00884,LG Accessorie 884,Electronics,Accessories,LG,S0473,1740.74,751.13,Active
P00885,SKU-00885,Loreal Laptop 885,Electronics,Laptops,Loreal,S0463,1833.85,521.93,Active
P00886,SKU-00886,HP Laptop 886,Electronics,Laptops,HP,S0423,1854.71,1267.4,Active
P00887,SKU-00887,Apple Laptop 887,Electronics,Laptops,Apple,S0341,1513.41,206.5,Active
P00888,SKU-00888,Apple Laptop 888,Electronics,Laptops,Apple,S0291,307.22,6.35,Active
P00889,SKU-00889,Sony Accessorie 889,Electronics,Accessories,Sony,S0345,1932.02,788.47,Active
P00890,SKU-00890,Philips Smartphone 890,Electronics,Smartphones,Philips,S0447,1965.3,956.59,Active
P00891,SKU-00891,Adidas Smartphone 891,Electronics,Smartphones,Adidas,S0316,1803.47,646.19,Active
P00892,SKU-00892,Philips Smartphone 892,Electronics,Smartphones,Philips,S0320,548.24,56.08,Active
P00893,SKU-00893,Loreal Laptop 893,Electronics,Laptops,Loreal,S0251,307.65,1051.76,Active
P00894,SKU-00894,LG Accessorie 894,Electronics,Accessories,LG,S0037,374.63,509.24,Active
P00895,SKU-00895,LG Accessorie 895,Electronics,Accessories,LG,S0377,755.08,1332.36,Active
P00896,SKU-00896,Dell Smartphone 896,Electronics,Smartphones,Dell,S0268,67.88,368.54,Active
P00897,SKU-00897,Samsung Accessorie 897,Electronics,Accessories,Samsung,S0130,1875.09,335.0,Active
P00898,SKU-00898,Philips Laptop 898,Electronics,Laptops,Philips,S0280,141.89,876.17,Active
P00899,SKU-00899,Loreal Laptop 899,Electronics,Laptops,Loreal,S0242,520.19,700.37,Active
P00900,SKU-00900,Apple Laptop 900,Electronics,Laptops,Apple,S0036,355.7,1376.54,Active
P00901,SKU-00901,Sony Accessorie 901,Electronics,Accessories,Sony,S0352,1019.4,498.63,Active
P00902,SKU-00902,Philips Laptop 902,Electronics,Laptops,Philips,S0090,910.39,1072.39,Active
P00903,SKU-00903,Sony Smartphone 903,Electronics,Smartphones,Sony,S0163,989.34,647.24,Active
P00904,SKU-00904,Philips Accessorie 904,Electronics,Accessories,Philips,S0329,1120.56,260.71,Active
P00905,SKU-00905,Adidas Laptop 905,Electronics,Laptops,Adidas,S0254,1488.5,518.59,Active
P00906,SKU-00906,LG Accessorie 906,Electronics,Accessories,LG,S0010,1872.75,61.42,Active
P00907,SKU-00907,Sony Smartphone 907,Electronics,Smartphones,Sony,S0441,510.32,445.52,Active
P00908,SKU-00908,Loreal Smartphone 908,Electronics,Smartphones,Loreal,S0318,1083.83,167.51,Active
P00909,SKU-00909,Nike Smartphone 909,Electronics,Smartphones,Nike,S0267,1503.33,1456.44,Active
P00910,SKU-00910,Philips Smartphone 910,Electronics,Smartphones,Philips,S0287,1520.36,270.6,Active
P00911,SKU-00911,HP Smartphone 911,Electronics,Smartphones,HP,S0354,1596.91,1291.94,Active
P00912,SKU-00912,Loreal Accessorie 912,Electronics,Accessories,Loreal,S0462,93.6,1071.73,Active
P00913,SKU-00913,HP Smartphone 913,Electronics,Smartphones,HP,S0301,436.38,369.24,Active
P00914,SKU-00914,Philips Accessorie 914,Electronics,Accessories,Philips,S0367,1139.91,1132.91,Active
P00915,SKU-00915,Samsung Accessorie 915,Electronics,Accessories,Samsung,S0290,506.35,212.44,Active
P00916,SKU-00916,Apple Accessorie 916,Electronics,Accessories,Apple,S0018,1815.62,843.71,Active
P00917,SKU-00917,Apple Accessorie 917,Electronics,Accessories,Apple,S0253,532.19,417.35,Active
P00918,SKU-00918,Sony Laptop 918,Electronics,Laptops,Sony,S0437,876.31,299.31,Active
P00919,SKU-00919,Dell Accessorie 919,Electronics,Accessories,Dell,S0106,1592.11,156.41,Active
P00920,SKU-00920,Nike Laptop 920,Electronics,Laptops,Nike,S0381,1532.25,160.08,Active
P00921,SKU-00921,Apple Smartphone 921,Electronics,Smartphones,Apple,S0482,671.44,1314.87,Active
P00922,SKU-00922,Samsung Accessorie 922,Electronics,Accessories,Samsung,S0388,923.42,501.35,Active
P00923,SKU-00923,Philips Smartphone 923,Electronics,Smartphones,Philips,S0045,266.44,35.16,Active
P00924,SKU-00924,Sony Accessorie 924,Electronics,Accessories,Sony,S0159,1282.7,1451.51,Active
P00925,SKU-00925,Apple Accessorie 925,Electronics,Accessories,Apple,S0314,402.16,331.62,Active
P00926,SKU-00926,Adidas Laptop 926,Electronics,Laptops,Adidas,S0135,701.06,1077.88,Active
P00927,SKU-00927,Samsung Accessorie 927,Electronics,Accessories,Samsung,S0237,1807.58,587.54,Active
P00928,SKU-00928,LG Laptop 928,Electronics,Laptops,LG,S0205,1459.87,1460.67,Active
P00929,SKU-00929,HP Laptop 929,Electronics,Laptops,HP,S0029,891.02,1016.07,Active
P00930,SKU-00930,Apple Laptop 930,Electronics,Laptops,Apple,S0258,930.63,144.82,Active
P00931,SKU-00931,Adidas Laptop 931,Electronics,Laptops,Adidas,S0137,333.86,457.56,Active
P00932,SKU-00932,Loreal Smartphone 932,Electronics,Smartphones,Loreal,S0307,965.24,442.91,Active
P00933,SKU-00933,Sony Smartphone 933,Electronics,Smartphones,Sony,S0024,1143.8,1465.07,Active
P00934,SKU-00934,Adidas Laptop 934,Electronics,Laptops,Adidas,S0203,653.98,733.06,Active
P00935,SKU-00935,Nike Accessorie 935,Electronics,Accessories,Nike,S0203,814.24,1306.38,Active
P00936,SKU-00936,Samsung Laptop 936,Electronics,Laptops,Samsung,S0367,1527.68,89.24,Active
P00937,SKU-00937,Apple Smartphone 937,Electronics,Smartphones,Apple,S0450,948.94,290.54,Active
P00938,SKU-00938,Dell Accessorie 938,Electronics,Accessories,Dell,S0106,389.98,614.69,Active
P00939,SKU-00939,Nike Smartphone 939,Electronics,Smartphones,Nike,S0435,37.44,1137.56,Active
P00940,SKU-00940,Nike Accessorie 940,Electronics,Accessories,Nike,S0168,288.77,262.73,Active
P00941,SKU-00941,Loreal Smartphone 941,Electronics,Smartphones,Loreal,S0494,1674.17,1223.75,Active
P00942,SKU-00942,LG Accessorie 942,Electronics,Accessories,LG,S0238,157.44,1345.44,Active
P00943,SKU-00943,Dell Laptop 943,Electronics,Laptops,Dell,S0299,1125.01,304.45,Active
P00944,SKU-00944,Dell Laptop 944,Electronics,Laptops,Dell,S0103,1134.59,171.53,Active
P00945,SKU-00945,Philips Smartphone 945,Electronics,Smartphones,Philips,S0469,405.2,750.08,Active
P00946,SKU-00946,Samsung Accessorie 946,Electronics,Accessories,Samsung,S0191,159.28,382.11,Active
P00947,SKU-00947,Apple Accessorie 947,Electronics,Accessories,Apple,S0127,1104.48,78.7,Active
P00948,SKU-00948,HP Accessorie 948,Electronics,Accessories,HP,S0053,1769.99,417.08,Active
P00949,SKU-00949,Nike Accessorie 949,Electronics,Accessories,Nike,S0245,121.04,663.03,Active
P00950,SKU-00950,Dell Laptop 950,Electronics,Laptops,Dell,S0250,112.86,664.64,Active
P00951,SKU-00951,HP Laptop 951,Electronics,Laptops,HP,S0124,144.97,920.07,Active
P00952,SKU-00952,Dell Accessorie 952,Electronics,Accessories,Dell,S0387,1066.03,487.06,Active
P00953,SKU-00953,Adidas Laptop 953,Electronics,Laptops,Adidas,S0054,1507.34,1387.26,Active
P00954,SKU-00954,LG Smartphone 954,Electronics,Smartphones,LG,S0271,1655.22,114.79,Active
P00955,SKU-00955,Nike Accessorie 955,Electronics,Accessories,Nike,S0094,1475.4,627.86,Active
P00956,SKU-00956,HP Laptop 956,Electronics,Laptops,HP,S0207,1467.59,877.83,Active
P00957,SKU-00957,Adidas Laptop 957,Electronics,Laptops,Adidas,S0492,1585.23,1370.33,Active
P00958,SKU-00958,Loreal Smartphone 958,Electronics,Smartphones,Loreal,S0352,1839.81,232.18,Active
P00959,SKU-00959,LG Smartphone 959,Electronics,Smartphones,LG,S0455,1884.28,299.88,Active
P00960,SKU-00960,Sony Accessorie 960,Electronics,Accessories,Sony,S0114,1726.31,1172.21,Active
P00961,SKU-00961,Loreal Laptop 961,Electronics,Laptops,Loreal,S0368,439.16,1416.35,Active
P00962,SKU-00962,HP Smartphone 962,Electronics,Smartphones,HP,S0087,405.75,644.12,Active
P00963,SKU-00963,Adidas Accessorie 963,Electronics,Accessories,Adidas,S0194,821.61,64.7,Active
P00964,SKU-00964,Dell Laptop 964,Electronics,Laptops,Dell,S0232,1420.36,267.56,Active
P00965,SKU-00965,Loreal Laptop 965,Electronics,Laptops,Loreal,S0394,752.76,655.08,Active
P00966,SKU-00966,Adidas Smartphone 966,Electronics,Smartphones,Adidas,S0382,1229.67,540.44,Active
P00967,SKU-00967,HP Laptop 967,Electronics,Laptops,HP,S0448,1639.09,1439.3,Active
P00968,SKU-00968,HP Accessorie 968,Electronics,Accessories,HP,S0406,1381.55,707.72,Active
P00969,SKU-00969,HP Smartphone 969,Electronics,Smartphones,HP,S0336,1689.66,1116.29,Active
P00970,SKU-00970,Sony Laptop 970,Electronics,Laptops,Sony,S0142,168.21,301.8,Active
P00971,SKU-00971,Philips Smartphone 971,Electronics,Smartphones,Philips,S0399,1150.1,340.07,Active
P00972,SKU-00972,Adidas Laptop 972,Electronics,Laptops,Adidas,S0098,1664.9,47.65,Active
P00973,SKU-00973,Nike Smartphone 973,Electronics,Smartphones,Nike,S0190,905.4,1463.29,Active
P00974,SKU-00974,Philips Smartphone 974,Electronics,Smartphones,Philips,S0156,177.08,337.82,Active
P00975,SKU-00975,Loreal Accessorie 975,Electronics,Accessories,Loreal,S0241,580.51,424.3,Active
P00976,SKU-00976,Philips Smartphone 976,Electronics,Smartphones,Philips,S0384,1192.33,1432.97,Active
P00977,SKU-00977,Nike Smartphone 977,Electronics,Smartphones,Nike,S0211,351.22,1484.59,Active
P00978,SKU-00978,Dell Smartphone 978,Electronics,Smartphones,Dell,S0361,1344.99,952.55,Active
P00979,SKU-00979,Dell Accessorie 979,Electronics,Accessories,Dell,S0385,31.14,611.76,Active
P00980,SKU-00980,LG Smartphone 980,Electronics,Smartphones,LG,S0203,1808.15,441.72,Active
P00981,SKU-00981,Adidas Accessorie 981,Electronics,Accessories,Adidas,S0311,1949.55,787.86,Active
P00982,SKU-00982,Dell Accessorie 982,Electronics,Accessories,Dell,S0068,1276.79,771.92,Active
P00983,SKU-00983,Philips Accessorie 983,Electronics,Accessories,Philips,S0079,1172.38,780.09,Active
P00984,SKU-00984,Philips Laptop 984,Electronics,Laptops,Philips,S0415,1227.79,1492.99,Active
P00985,SKU-00985,Adidas Smartphone 985,Electronics,Smartphones,Adidas,S0346,353.09,1205.22,Active
P00986,SKU-00986,Nike Smartphone 986,Electronics,Smartphones,Nike,S0107,103.01,505.26,Active
P00987,SKU-00987,Nike Laptop 987,Electronics,Laptops,Nike,S0060,97.7,59.34,Active
P00988,SKU-00988,Loreal Laptop 988,Electronics,Laptops,Loreal,S0190,1598.94,521.88,Active
P00989,SKU-00989,HP Smartphone 989,Electronics,Smartphones,HP,S0143,1727.36,991.01,Active
P00990,SKU-00990,Adidas Smartphone 990,Electronics,Smartphones,Adidas,S0433,355.02,970.28,Active
P00991,SKU-00991,Sony Laptop 991,Electronics,Laptops,Sony,S0489,703.4,559.73,Active
P00992,SKU-00992,Dell Smartphone 992,Electronics,Smartphones,Dell,S0384,163.84,995.63,Active
P00993,SKU-00993,Sony Laptop 993,Electronics,Laptops,Sony,S0095,616.21,297.0,Active
P00994,SKU-00994,Apple Laptop 994,Electronics,Laptops,Apple,S0422,921.1,608.51,Active
P00995,SKU-00995,Adidas Accessorie 995,Electronics,Accessories,Adidas,S0470,454.47,981.45,Active
P00996,SKU-00996,HP Laptop 996,Electronics,Laptops,HP,S0019,776.49,31.0,Active
P00997,SKU-00997,Samsung Smartphone 997,Electronics,Smartphones,Samsung,S0428,354.6,995.17,Active
P00998,SKU-00998,Nike Laptop 998,Electronics,Laptops,Nike,S0399,163.23,290.47,Active
P00999,SKU-00999,HP Accessorie 999,Electronics,Accessories,HP,S0436,1780.31,98.48,Active
P01000,SKU-01000,Dell Accessorie 1000,Electronics,Accessories,Dell,S0178,1415.18,1124.5,Active
P01001,SKU-01001,Adidas Laptop 1001,Electronics,Laptops,Adidas,S0039,914.57,332.35,Active
P01002,SKU-01002,HP Accessorie 1002,Electronics,Accessories,HP,S0479,386.48,1445.01,Active
P01003,SKU-01003,Adidas Laptop 1003,Electronics,Laptops,Adidas,S0339,1952.6,487.5,Active
P01004,SKU-01004,Adidas Laptop 1004,Electronics,Laptops,Adidas,S0378,903.03,868.22,Active
P01005,SKU-01005,Apple Laptop 1005,Electronics,Laptops,Apple,S0425,106.17,193.82,Active
P01006,SKU-01006,Nike Accessorie 1006,Electronics,Accessories,Nike,S0166,651.02,582.37,Active
P01007,SKU-01007,Sony Smartphone 1007,Electronics,Smartphones,Sony,S0365,1144.71,924.55,Active
P01008,SKU-01008,HP Accessorie 1008,Electronics,Accessories,HP,S0331,1977.68,228.36,Active
P01009,SKU-01009,Sony Smartphone 1009,Electronics,Smartphones,Sony,S0336,1388.07,656.3,Active
P01010,SKU-01010,HP Laptop 1010,Electronics,Laptops,HP,S0221,906.67,640.34,Active
P01011,SKU-01011,Nike Smartphone 1011,Electronics,Smartphones,Nike,S0052,1465.85,1179.71,Active
P01012,SKU-01012,HP Accessorie 1012,Electronics,Accessories,HP,S0365,1200.34,216.13,Active
P01013,SKU-01013,Philips Laptop 1013,Electronics,Laptops,Philips,S0127,1302.58,1296.07,Active
P01014,SKU-01014,Loreal Smartphone 1014,Electronics,Smartphones,Loreal,S0224,989.41,1394.12,Active
P01015,SKU-01015,Samsung Laptop 1015,Electronics,Laptops,Samsung,S0164,372.65,1441.34,Active
P01016,SKU-01016,Loreal Accessorie 1016,Electronics,Accessories,Loreal,S0493,405.97,428.47,Active
P01017,SKU-01017,Apple Smartphone 1017,Electronics,Smartphones,Apple,S0053,514.99,461.24,Active
P01018,SKU-01018,LG Smartphone 1018,Electronics,Smartphones,LG,S0373,457.21,47.6,Active
P01019,SKU-01019,LG Laptop 1019,Electronics,Laptops,LG,S0287,1284.55,651.47,Active
P01020,SKU-01020,Sony Accessorie 1020,Electronics,Accessories,Sony,S0339,1829.99,154.45,Active
P01021,SKU-01021,Sony Laptop 1021,Electronics,Laptops,Sony,S0245,979.07,1398.36,Active
P01022,SKU-01022,Samsung Smartphone 1022,Electronics,Smartphones,Samsung,S0377,1646.61,862.46,Active
P01023,SKU-01023,Dell Laptop 1023,Electronics,Laptops,Dell,S0046,1646.32,1166.85,Active
P01024,SKU-01024,Adidas Accessorie 1024,Electronics,Accessories,Adidas,S0050,1142.97,452.08,Active
P01025,SKU-01025,HP Accessorie 1025,Electronics,Accessories,HP,S0080,1052.4,760.69,Active
P01026,SKU-01026,Nike Laptop 1026,Electronics,Laptops,Nike,S0464,1090.73,595.88,Active
P01027,SKU-01027,Sony Smartphone 1027,Electronics,Smartphones,Sony,S0486,1690.2,1277.41,Active
P01028,SKU-01028,Philips Laptop 1028,Electronics,Laptops,Philips,S0152,1092.33,609.19,Active
P01029,SKU-01029,Nike Smartphone 1029,Electronics,Smartphones,Nike,S0162,138.71,543.1,Active
P01030,SKU-01030,Nike Smartphone 1030,Electronics,Smartphones,Nike,S0220,1818.64,1306.47,Active
P01031,SKU-01031,Sony Laptop 1031,Electronics,Laptops,Sony,S0487,608.45,611.22,Active
P01032,SKU-01032,Apple Laptop 1032,Electronics,Laptops,Apple,S0239,902.44,1389.31,Active
P01033,SKU-01033,Loreal Smartphone 1033,Electronics,Smartphones,Loreal,S0188,1276.63,259.26,Active
P01034,SKU-01034,HP Accessorie 1034,Electronics,Accessories,HP,S0319,1044.27,1323.23,Active
P01035,SKU-01035,LG Accessorie 1035,Electronics,Accessories,LG,S0034,657.39,149.99,Active
P01036,SKU-01036,Nike Laptop 1036,Electronics,Laptops,Nike,S0125,709.54,404.93,Active
P01037,SKU-01037,Dell Laptop 1037,Electronics,Laptops,Dell,S0256,241.47,1008.33,Active
P01038,SKU-01038,LG Laptop 1038,Electronics,Laptops,LG,S0189,1078.26,903.57,Active
P01039,SKU-01039,Loreal Smartphone 1039,Electronics,Smartphones,Loreal,S0385,1981.55,1419.03,Active
P01040,SKU-01040,LG Laptop 1040,Electronics,Laptops,LG,S0457,1489.38,555.41,Active
P01041,SKU-01041,LG Smartphone 1041,Electronics,Smartphones,LG,S0186,508.96,1083.13,Active
P01042,SKU-01042,Apple Laptop 1042,Electronics,Laptops,Apple,S0064,286.28,305.63,Active
P01043,SKU-01043,HP Smartphone 1043,Electronics,Smartphones,HP,S0242,934.71,28.52,Active
P01044,SKU-01044,Nike Accessorie 1044,Electronics,Accessories,Nike,S0044,1023.47,448.28,Active
P01045,SKU-01045,Samsung Accessorie 1045,Electronics,Accessories,Samsung,S0297,891.76,766.14,Active
P01046,SKU-01046,HP Accessorie 1046,Electronics,Accessories,HP,S0481,1386.47,176.15,Active
P01047,SKU-01047,Philips Accessorie 1047,Electronics,Accessories,Philips,S0426,1726.16,460.63,Active
P01048,SKU-01048,Nike Accessorie 1048,Electronics,Accessories,Nike,S0419,1085.36,897.15,Active
P01049,SKU-01049,Adidas Accessorie 1049,Electronics,Accessories,Adidas,S0097,354.15,1378.23,Active
P01050,SKU-01050,Dell Accessorie 1050,Electronics,Accessories,Dell,S0057,1197.73,328.52,Active
P01051,SKU-01051,Loreal Laptop 1051,Electronics,Laptops,Loreal,S0120,1948.2,1406.66,Active
P01052,SKU-01052,LG Smartphone 1052,Electronics,Smartphones,LG,S0455,517.38,844.45,Active
P01053,SKU-01053,LG Accessorie 1053,Electronics,Accessories,LG,S0214,479.99,1440.5,Active
P01054,SKU-01054,Adidas Smartphone 1054,Electronics,Smartphones,Adidas,S0171,391.33,1272.79,Active
P01055,SKU-01055,Dell Smartphone 1055,Electronics,Smartphones,Dell,S0349,1100.13,674.55,Active
P01056,SKU-01056,Apple Accessorie 1056,Electronics,Accessories,Apple,S0262,1144.04,472.73,Active
P01057,SKU-01057,Philips Laptop 1057,Electronics,Laptops,Philips,S0131,1810.5,796.13,Active
P01058,SKU-01058,HP Smartphone 1058,Electronics,Smartphones,HP,S0438,623.98,858.5,Active
P01059,SKU-01059,Samsung Accessorie 1059,Electronics,Accessories,Samsung,S0336,997.04,1417.82,Active
P01060,SKU-01060,Nike Accessorie 1060,Electronics,Accessories,Nike,S0277,1750.15,127.03,Active
P01061,SKU-01061,Samsung Laptop 1061,Electronics,Laptops,Samsung,S0420,1078.2,328.15,Active
P01062,SKU-01062,Philips Accessorie 1062,Electronics,Accessories,Philips,S0280,351.38,1340.26,Active
P01063,SKU-01063,Apple Accessorie 1063,Electronics,Accessories,Apple,S0291,1275.5,286.11,Active
P01064,SKU-01064,HP Smartphone 1064,Electronics,Smartphones,HP,S0420,366.54,350.91,Active
P01065,SKU-01065,Samsung Accessorie 1065,Electronics,Accessories,Samsung,S0064,1649.02,151.68,Active
P01066,SKU-01066,Samsung Accessorie 1066,Electronics,Accessories,Samsung,S0072,1400.98,1471.7,Active
P01067,SKU-01067,LG Laptop 1067,Electronics,Laptops,LG,S0403,932.6,743.22,Active
P01068,SKU-01068,LG Smartphone 1068,Electronics,Smartphones,LG,S0291,1368.97,584.69,Active
P01069,SKU-01069,Dell Smartphone 1069,Electronics,Smartphones,Dell,S0334,1340.6,224.52,Active
P01070,SKU-01070,Sony Smartphone 1070,Electronics,Smartphones,Sony,S0088,1432.28,522.28,Active
P01071,SKU-01071,Sony Accessorie 1071,Electronics,Accessories,Sony,S0186,464.27,157.26,Active
P01072,SKU-01072,HP Laptop 1072,Electronics,Laptops,HP,S0198,241.39,922.27,Active
P01073,SKU-01073,Philips Smartphone 1073,Electronics,Smartphones,Philips,S0093,927.87,728.68,Active
P01074,SKU-01074,Nike Smartphone 1074,Electronics,Smartphones,Nike,S0026,475.44,481.15,Active
P01075,SKU-01075,Apple Accessorie 1075,Electronics,Accessories,Apple,S0140,1159.76,1042.6,Active
P01076,SKU-01076,Dell Laptop 1076,Electronics,Laptops,Dell,S0489,54.32,548.28,Active
P01077,SKU-01077,Adidas Smartphone 1077,Electronics,Smartphones,Adidas,S0026,1123.13,821.98,Active
P01078,SKU-01078,Samsung Accessorie 1078,Electronics,Accessories,Samsung,S0099,255.71,1333.46,Active
P01079,SKU-01079,Nike Accessorie 1079,Electronics,Accessories,Nike,S0382,111.64,256.12,Active
P01080,SKU-01080,Philips Smartphone 1080,Electronics,Smartphones,Philips,S0331,1816.7,378.74,Active
P01081,SKU-01081,Adidas Laptop 1081,Electronics,Laptops,Adidas,S0432,1442.57,228.26,Active
P01082,SKU-01082,Sony Laptop 1082,Electronics,Laptops,Sony,S0258,319.44,1380.56,Active
P01083,SKU-01083,Adidas Accessorie 1083,Electronics,Accessories,Adidas,S0340,1769.5,729.06,Active
P01084,SKU-01084,LG Smartphone 1084,Electronics,Smartphones,LG,S0065,897.56,759.92,Active
P01085,SKU-01085,Nike Smartphone 1085,Electronics,Smartphones,Nike,S0452,398.48,849.29,Active
P01086,SKU-01086,Apple Smartphone 1086,Electronics,Smartphones,Apple,S0247,896.41,964.16,Active
P01087,SKU-01087,Loreal Smartphone 1087,Electronics,Smartphones,Loreal,S0010,12.15,1123.72,Active
P01088,SKU-01088,LG Accessorie 1088,Electronics,Accessories,LG,S0294,540.36,243.56,Active
P01089,SKU-01089,Apple Accessorie 1089,Electronics,Accessories,Apple,S0413,1561.45,1150.76,Active
P01090,SKU-01090,Adidas Smartphone 1090,Electronics,Smartphones,Adidas,S0243,256.4,976.14,Active
P01091,SKU-01091,Sony Laptop 1091,Electronics,Laptops,Sony,S0296,100.48,954.12,Active
P01092,SKU-01092,Loreal Laptop 1092,Electronics,Laptops,Loreal,S0489,1939.89,1084.21,Active
P01093,SKU-01093,Loreal Laptop 1093,Electronics,Laptops,Loreal,S0126,568.83,282.51,Active
P01094,SKU-01094,Sony Smartphone 1094,Electronics,Smartphones,Sony,S0328,149.65,1055.36,Active
P01095,SKU-01095,Apple Smartphone 1095,Electronics,Smartphones,Apple,S0339,1742.04,1343.9,Active
P01096,SKU-01096,Sony Accessorie 1096,Electronics,Accessories,Sony,S0270,207.61,657.37,Active
P01097,SKU-01097,Apple Laptop 1097,Electronics,Laptops,Apple,S0017,1515.61,380.38,Active
P01098,SKU-01098,Nike Accessorie 1098,Electronics,Accessories,Nike,S0028,176.54,278.02,Active
P01099,SKU-01099,LG Smartphone 1099,Electronics,Smartphones,LG,S0456,251.3,1099.23,Active
P01100,SKU-01100,Adidas Laptop 1100,Electronics,Laptops,Adidas,S0379,1720.43,585.01,Active
P01101,SKU-01101,HP Laptop 1101,Electronics,Laptops,HP,S0405,1311.61,1441.21,Active
P01102,SKU-01102,Apple Accessorie 1102,Electronics,Accessories,Apple,S0294,434.15,325.9,Active
P01103,SKU-01103,Samsung Laptop 1103,Electronics,Laptops,Samsung,S0319,16.11,1002.17,Active
P01104,SKU-01104,Nike Laptop 1104,Electronics,Laptops,Nike,S0026,1282.13,74.88,Active
P01105,SKU-01105,LG Smartphone 1105,Electronics,Smartphones,LG,S0125,854.61,973.91,Active
P01106,SKU-01106,Sony Laptop 1106,Electronics,Laptops,Sony,S0497,79.62,1365.4,Active
P01107,SKU-01107,Adidas Laptop 1107,Electronics,Laptops,Adidas,S0354,946.24,258.2,Active
P01108,SKU-01108,Loreal Smartphone 1108,Electronics,Smartphones,Loreal,S0269,1091.85,1497.56,Active
P01109,SKU-01109,Samsung Accessorie 1109,Electronics,Accessories,Samsung,S0067,1443.5,420.92,Active
P01110,SKU-01110,Sony Smartphone 1110,Electronics,Smartphones,Sony,S0326,1713.51,1354.3,Active
P01111,SKU-01111,Apple Smartphone 1111,Electronics,Smartphones,Apple,S0497,319.57,214.51,Active
P01112,SKU-01112,Loreal Smartphone 1112,Electronics,Smartphones,Loreal,S0072,635.02,865.27,Active
P01113,SKU-01113,Nike Smartphone 1113,Electronics,Smartphones,Nike,S0062,117.9,1338.98,Active
P01114,SKU-01114,Apple Accessorie 1114,Electronics,Accessories,Apple,S0353,1328.69,1399.28,Active
P01115,SKU-01115,Samsung Smartphone 1115,Electronics,Smartphones,Samsung,S0021,1572.99,507.38,Active
P01116,SKU-01116,Philips Laptop 1116,Electronics,Laptops,Philips,S0433,211.81,765.24,Active
P01117,SKU-01117,LG Laptop 1117,Electronics,Laptops,LG,S0012,600.68,868.12,Active
P01118,SKU-01118,Sony Accessorie 1118,Electronics,Accessories,Sony,S0420,304.13,270.41,Active
P01119,SKU-01119,Apple Laptop 1119,Electronics,Laptops,Apple,S0051,692.44,1223.66,Active
P01120,SKU-01120,Loreal Laptop 1120,Electronics,Laptops,Loreal,S0342,507.23,1447.08,Active
P01121,SKU-01121,HP Smartphone 1121,Electronics,Smartphones,HP,S0082,1521.47,1255.79,Active
P01122,SKU-01122,Dell Laptop 1122,Electronics,Laptops,Dell,S0100,1935.13,1446.52,Active
P01123,SKU-01123,Nike Accessorie 1123,Electronics,Accessories,Nike,S0377,1157.4,416.77,Active
P01124,SKU-01124,Loreal Laptop 1124,Electronics,Laptops,Loreal,S0126,455.19,700.63,Active
P01125,SKU-01125,LG Accessorie 1125,Electronics,Accessories,LG,S0162,1855.68,1470.64,Active
P01126,SKU-01126,Loreal Accessorie 1126,Electronics,Accessories,Loreal,S0196,1513.22,1475.25,Active
P01127,SKU-01127,Loreal Accessorie 1127,Electronics,Accessories,Loreal,S0060,177.48,864.84,Active
P01128,SKU-01128,HP Smartphone 1128,Electronics,Smartphones,HP,S0431,1770.0,334.37,Active
P01129,SKU-01129,LG Laptop 1129,Electronics,Laptops,LG,S0200,1685.18,1215.01,Active
P01130,SKU-01130,Loreal Accessorie 1130,Electronics,Accessories,Loreal,S0198,153.09,873.61,Active
P01131,SKU-01131,Sony Smartphone 1131,Electronics,Smartphones,Sony,S0398,584.96,1016.95,Active
P01132,SKU-01132,Loreal Laptop 1132,Electronics,Laptops,Loreal,S0383,386.82,215.13,Active
P01133,SKU-01133,Samsung Smartphone 1133,Electronics,Smartphones,Samsung,S0325,1248.01,1373.46,Active
P01134,SKU-01134,Sony Laptop 1134,Electronics,Laptops,Sony,S0089,1204.1,1090.07,Active
P01135,SKU-01135,Apple Smartphone 1135,Electronics,Smartphones,Apple,S0003,1349.19,673.19,Active
P01136,SKU-01136,Nike Smartphone 1136,Electronics,Smartphones,Nike,S0148,1614.12,1431.23,Active
P01137,SKU-01137,HP Laptop 1137,Electronics,Laptops,HP,S0090,1138.23,470.26,Active
P01138,SKU-01138,Philips Accessorie 1138,Electronics,Accessories,Philips,S0307,1974.96,211.43,Active
P01139,SKU-01139,LG Accessorie 1139,Electronics,Accessories,LG,S0390,534.69,504.96,Active
P01140,SKU-01140,LG Accessorie 1140,Electronics,Accessories,LG,S0222,777.0,1480.94,Active
P01141,SKU-01141,Sony Smartphone 1141,Electronics,Smartphones,Sony,S0121,1968.75,1058.53,Active
P01142,SKU-01142,Sony Laptop 1142,Electronics,Laptops,Sony,S0226,916.64,1453.17,Active
P01143,SKU-01143,Nike Smartphone 1143,Electronics,Smartphones,Nike,S0345,195.88,1462.6,Active
P01144,SKU-01144,Samsung Smartphone 1144,Electronics,Smartphones,Samsung,S0439,1866.41,644.77,Active
P01145,SKU-01145,Nike Accessorie 1145,Electronics,Accessories,Nike,S0267,1627.66,1231.45,Active
P01146,SKU-01146,Samsung Laptop 1146,Electronics,Laptops,Samsung,S0073,473.23,1399.65,Active
P01147,SKU-01147,Loreal Smartphone 1147,Electronics,Smartphones,Loreal,S0134,1839.78,1188.58,Active
P01148,SKU-01148,Samsung Laptop 1148,Electronics,Laptops,Samsung,S0247,1754.24,728.73,Active
P01149,SKU-01149,HP Smartphone 1149,Electronics,Smartphones,HP,S0470,400.64,1220.76,Active
P01150,SKU-01150,Sony Laptop 1150,Electronics,Laptops,Sony,S0211,635.28,1029.14,Active
P01151,SKU-01151,Samsung Accessorie 1151,Electronics,Accessories,Samsung,S0243,1579.02,272.8,Active
P01152,SKU-01152,LG Smartphone 1152,Electronics,Smartphones,LG,S0189,1520.63,665.9,Active
P01153,SKU-01153,HP Smartphone 1153,Electronics,Smartphones,HP,S0336,376.36,429.61,Active
P01154,SKU-01154,HP Accessorie 1154,Electronics,Accessories,HP,S0485,1389.2,739.4,Active
P01155,SKU-01155,LG Laptop 1155,Electronics,Laptops,LG,S0488,1307.49,1163.23,Active
P01156,SKU-01156,Philips Smartphone 1156,Electronics,Smartphones,Philips,S0328,232.26,584.43,Active
P01157,SKU-01157,Adidas Smartphone 1157,Electronics,Smartphones,Adidas,S0325,1055.5,835.14,Active
P01158,SKU-01158,HP Laptop 1158,Electronics,Laptops,HP,S0425,1095.28,91.89,Active
P01159,SKU-01159,Loreal Laptop 1159,Electronics,Laptops,Loreal,S0290,785.21,57.11,Active
P01160,SKU-01160,Adidas Accessorie 1160,Electronics,Accessories,Adidas,S0131,1756.4,1095.29,Active
P01161,SKU-01161,Sony Laptop 1161,Electronics,Laptops,Sony,S0153,201.36,819.08,Active
P01162,SKU-01162,Dell Laptop 1162,Electronics,Laptops,Dell,S0009,1515.5,841.04,Active
P01163,SKU-01163,Adidas Smartphone 1163,Electronics,Smartphones,Adidas,S0413,1879.35,628.19,Active
P01164,SKU-01164,Samsung Accessorie 1164,Electronics,Accessories,Samsung,S0397,705.35,651.1,Active
P01165,SKU-01165,Adidas Smartphone 1165,Electronics,Smartphones,Adidas,S0026,251.19,181.52,Active
P01166,SKU-01166,Sony Laptop 1166,Electronics,Laptops,Sony,S0160,1699.66,1172.53,Active
P01167,SKU-01167,LG Accessorie 1167,Electronics,Accessories,LG,S0321,961.43,1355.81,Active
P01168,SKU-01168,Samsung Accessorie 1168,Electronics,Accessories,Samsung,S0020,1121.47,534.61,Active
P01169,SKU-01169,HP Smartphone 1169,Electronics,Smartphones,HP,S0063,130.87,529.38,Active
P01170,SKU-01170,Sony Accessorie 1170,Electronics,Accessories,Sony,S0150,1474.45,1108.22,Active
P01171,SKU-01171,Adidas Accessorie 1171,Electronics,Accessories,Adidas,S0304,1780.05,1114.17,Active
P01172,SKU-01172,HP Accessorie 1172,Electronics,Accessories,HP,S0020,1620.02,188.35,Active
P01173,SKU-01173,Apple Smartphone 1173,Electronics,Smartphones,Apple,S0492,1633.44,1157.58,Active
P01174,SKU-01174,Philips Accessorie 1174,Electronics,Accessories,Philips,S0468,477.04,1489.68,Active
P01175,SKU-01175,Apple Smartphone 1175,Electronics,Smartphones,Apple,S0395,1790.66,453.92,Active
P01176,SKU-01176,Dell Laptop 1176,Electronics,Laptops,Dell,S0300,1701.71,996.2,Active
P01177,SKU-01177,Sony Smartphone 1177,Electronics,Smartphones,Sony,S0082,1166.81,223.3,Active
P01178,SKU-01178,Samsung Laptop 1178,Electronics,Laptops,Samsung,S0353,876.27,973.79,Active
P01179,SKU-01179,Samsung Laptop 1179,Electronics,Laptops,Samsung,S0462,1510.89,469.33,Active
P01180,SKU-01180,Adidas Accessorie 1180,Electronics,Accessories,Adidas,S0286,1924.38,899.13,Active
P01181,SKU-01181,Sony Laptop 1181,Electronics,Laptops,Sony,S0439,1095.64,701.61,Active
P01182,SKU-01182,Nike Accessorie 1182,Electronics,Accessories,Nike,S0424,1083.29,357.54,Active
P01183,SKU-01183,Adidas Laptop 1183,Electronics,Laptops,Adidas,S0108,1166.2,300.56,Active
P01184,SKU-01184,Samsung Laptop 1184,Electronics,Laptops,Samsung,S0270,1187.48,320.28,Active
P01185,SKU-01185,Apple Smartphone 1185,Electronics,Smartphones,Apple,S0414,1346.05,761.93,Active
P01186,SKU-01186,Nike Accessorie 1186,Electronics,Accessories,Nike,S0311,1581.63,689.92,Active
P01187,SKU-01187,Adidas Smartphone 1187,Electronics,Smartphones,Adidas,S0045,783.87,140.01,Active
P01188,SKU-01188,Dell Laptop 1188,Electronics,Laptops,Dell,S0243,944.88,162.55,Active
P01189,SKU-01189,Samsung Laptop 1189,Electronics,Laptops,Samsung,S0369,1721.07,1361.26,Active
P01190,SKU-01190,Dell Laptop 1190,Electronics,Laptops,Dell,S0495,1841.62,327.76,Active
P01191,SKU-01191,Apple Smartphone 1191,Electronics,Smartphones,Apple,S0329,959.23,187.23,Active
P01192,SKU-01192,Samsung Accessorie 1192,Electronics,Accessories,Samsung,S0050,227.06,621.28,Active
P01193,SKU-01193,Apple Accessorie 1193,Electronics,Accessories,Apple,S0182,1833.48,504.09,Active
P01194,SKU-01194,Apple Laptop 1194,Electronics,Laptops,Apple,S0359,1047.49,979.26,Active
P01195,SKU-01195,Philips Accessorie 1195,Electronics,Accessories,Philips,S0409,1890.95,994.77,Active
P01196,SKU-01196,Dell Smartphone 1196,Electronics,Smartphones,Dell,S0197,455.67,1476.36,Active
P01197,SKU-01197,Loreal Accessorie 1197,Electronics,Accessories,Loreal,S0462,1311.72,1107.32,Active
P01198,SKU-01198,Apple Smartphone 1198,Electronics,Smartphones,Apple,S0113,252.63,719.51,Active
P01199,SKU-01199,LG Accessorie 1199,Electronics,Accessories,LG,S0495,1782.62,1041.07,Active
P01200,SKU-01200,Loreal Accessorie 1200,Electronics,Accessories,Loreal,S0461,1636.17,1066.98,Active
P01201,SKU-01201,HP Laptop 1201,Electronics,Laptops,HP,S0440,429.8,1157.66,Active
P01202,SKU-01202,Sony Accessorie 1202,Electronics,Accessories,Sony,S0264,221.3,288.57,Active
P01203,SKU-01203,Sony Smartphone 1203,Electronics,Smartphones,Sony,S0191,883.88,1024.05,Active
P01204,SKU-01204,Apple Laptop 1204,Electronics,Laptops,Apple,S0470,1426.6,817.37,Active
P01205,SKU-01205,Apple Laptop 1205,Electronics,Laptops,Apple,S0435,1302.2,637.37,Active
P01206,SKU-01206,Dell Laptop 1206,Electronics,Laptops,Dell,S0471,1376.68,986.58,Active
P01207,SKU-01207,Loreal Accessorie 1207,Electronics,Accessories,Loreal,S0047,263.13,484.33,Active
P01208,SKU-01208,Adidas Smartphone 1208,Electronics,Smartphones,Adidas,S0175,1238.06,992.48,Active
P01209,SKU-01209,Philips Smartphone 1209,Electronics,Smartphones,Philips,S0107,255.49,412.43,Active
P01210,SKU-01210,Nike Smartphone 1210,Electronics,Smartphones,Nike,S0414,566.91,1332.38,Active
P01211,SKU-01211,HP Accessorie 1211,Electronics,Accessories,HP,S0267,278.6,933.65,Active
P01212,SKU-01212,Samsung Laptop 1212,Electronics,Laptops,Samsung,S0306,1751.73,1309.66,Active
P01213,SKU-01213,Nike Smartphone 1213,Electronics,Smartphones,Nike,S0436,1308.06,378.59,Active
P01214,SKU-01214,LG Accessorie 1214,Electronics,Accessories,LG,S0468,746.85,1263.07,Active
P01215,SKU-01215,Adidas Accessorie 1215,Electronics,Accessories,Adidas,S0161,1531.14,40.3,Active
P01216,SKU-01216,Apple Smartphone 1216,Electronics,Smartphones,Apple,S0226,1858.81,561.02,Active
P01217,SKU-01217,HP Accessorie 1217,Electronics,Accessories,HP,S0204,985.64,1298.57,Active
P01218,SKU-01218,Sony Accessorie 1218,Electronics,Accessories,Sony,S0102,561.57,603.44,Active
P01219,SKU-01219,Samsung Accessorie 1219,Electronics,Accessories,Samsung,S0017,374.15,735.28,Active
P01220,SKU-01220,LG Laptop 1220,Electronics,Laptops,LG,S0186,1812.6,665.13,Active
P01221,SKU-01221,Nike Accessorie 1221,Electronics,Accessories,Nike,S0239,381.18,346.67,Active
P01222,SKU-01222,Apple Accessorie 1222,Electronics,Accessories,Apple,S0360,432.81,202.84,Active
P01223,SKU-01223,Loreal Smartphone 1223,Electronics,Smartphones,Loreal,S0200,158.86,226.2,Active
P01224,SKU-01224,Philips Laptop 1224,Electronics,Laptops,Philips,S0363,1119.49,1076.2,Active
P01225,SKU-01225,Nike Accessorie 1225,Electronics,Accessories,Nike,S0262,1873.31,1114.5,Active
P01226,SKU-01226,Nike Laptop 1226,Electronics,Laptops,Nike,S0489,495.42,326.87,Active
P01227,SKU-01227,HP Accessorie 1227,Electronics,Accessories,HP,S0064,1418.24,1085.0,Active
P01228,SKU-01228,HP Laptop 1228,Electronics,Laptops,HP,S0394,548.52,604.11,Active
P01229,SKU-01229,Sony Laptop 1229,Electronics,Laptops,Sony,S0319,649.08,1005.54,Active
P01230,SKU-01230,Apple Accessorie 1230,Electronics,Accessories,Apple,S0382,1288.78,776.83,Active
P01231,SKU-01231,Samsung Smartphone 1231,Electronics,Smartphones,Samsung,S0185,979.36,1169.54,Active
P01232,SKU-01232,Samsung Laptop 1232,Electronics,Laptops,Samsung,S0109,481.42,918.18,Active
P01233,SKU-01233,Apple Accessorie 1233,Electronics,Accessories,Apple,S0178,67.78,65.99,Active
P01234,SKU-01234,Dell Accessorie 1234,Electronics,Accessories,Dell,S0019,511.65,700.98,Active
P01235,SKU-01235,Nike Accessorie 1235,Electronics,Accessories,Nike,S0212,1853.01,861.41,Active
P01236,SKU-01236,Samsung Smartphone 1236,Electronics,Smartphones,Samsung,S0307,1542.29,922.35,Active
P01237,SKU-01237,Sony Laptop 1237,Electronics,Laptops,Sony,S0222,1322.43,1028.27,Active
P01238,SKU-01238,Apple Accessorie 1238,Electronics,Accessories,Apple,S0380,734.97,1299.19,Active
P01239,SKU-01239,LG Laptop 1239,Electronics,Laptops,LG,S0099,603.95,1269.56,Active
P01240,SKU-01240,HP Smartphone 1240,Electronics,Smartphones,HP,S0439,1129.06,1395.45,Active
P01241,SKU-01241,Dell Accessorie 1241,Electronics,Accessories,Dell,S0024,785.25,319.94,Active
P01242,SKU-01242,Apple Smartphone 1242,Electronics,Smartphones,Apple,S0431,635.22,331.53,Active
P01243,SKU-01243,HP Accessorie 1243,Electronics,Accessories,HP,S0336,237.52,1193.88,Active
P01244,SKU-01244,Philips Laptop 1244,Electronics,Laptops,Philips,S0181,1365.21,1270.04,Active
P01245,SKU-01245,Dell Smartphone 1245,Electronics,Smartphones,Dell,S0397,1910.82,619.5,Active
P01246,SKU-01246,Dell Laptop 1246,Electronics,Laptops,Dell,S0389,1686.59,656.95,Active
P01247,SKU-01247,Apple Smartphone 1247,Electronics,Smartphones,Apple,S0023,897.98,1044.79,Active
P01248,SKU-01248,Nike Accessorie 1248,Electronics,Accessories,Nike,S0245,491.25,259.62,Active
P01249,SKU-01249,Loreal Smartphone 1249,Electronics,Smartphones,Loreal,S0374,369.37,36.61,Active
P01250,SKU-01250,Loreal Accessorie 1250,Electronics,Accessories,Loreal,S0004,1675.7,783.56,Active
P01251,SKU-01251,Sony Laptop 1251,Electronics,Laptops,Sony,S0396,939.65,1333.86,Active
P01252,SKU-01252,Philips Laptop 1252,Electronics,Laptops,Philips,S0198,594.54,250.47,Active
P01253,SKU-01253,Adidas Accessorie 1253,Electronics,Accessories,Adidas,S0395,460.7,1024.66,Active
P01254,SKU-01254,Samsung Smartphone 1254,Electronics,Smartphones,Samsung,S0157,208.47,480.23,Active
P01255,SKU-01255,Philips Smartphone 1255,Electronics,Smartphones,Philips,S0404,872.71,20.49,Active
P01256,SKU-01256,Sony Laptop 1256,Electronics,Laptops,Sony,S0074,344.75,1092.75,Active
P01257,SKU-01257,Sony Accessorie 1257,Electronics,Accessories,Sony,S0385,1242.36,728.72,Active
P01258,SKU-01258,Apple Laptop 1258,Electronics,Laptops,Apple,S0003,1622.88,532.85,Active
P01259,SKU-01259,LG Laptop 1259,Electronics,Laptops,LG,S0264,109.95,1181.85,Active
P01260,SKU-01260,LG Smartphone 1260,Electronics,Smartphones,LG,S0300,1639.27,653.36,Active
P01261,SKU-01261,Philips Laptop 1261,Electronics,Laptops,Philips,S0220,673.31,964.39,Active
P01262,SKU-01262,Nike Smartphone 1262,Electronics,Smartphones,Nike,S0329,1170.78,1248.69,Active
P01263,SKU-01263,Sony Smartphone 1263,Electronics,Smartphones,Sony,S0335,1576.68,1383.13,Active
P01264,SKU-01264,Samsung Smartphone 1264,Electronics,Smartphones,Samsung,S0026,1107.77,1077.18,Active
P01265,SKU-01265,Dell Accessorie 1265,Electronics,Accessories,Dell,S0413,1941.99,184.8,Active
P01266,SKU-01266,Apple Accessorie 1266,Electronics,Accessories,Apple,S0267,1051.64,1350.71,Active
P01267,SKU-01267,Dell Smartphone 1267,Electronics,Smartphones,Dell,S0305,820.98,1435.21,Active
P01268,SKU-01268,Nike Accessorie 1268,Electronics,Accessories,Nike,S0404,997.61,135.5,Active
P01269,SKU-01269,Adidas Accessorie 1269,Electronics,Accessories,Adidas,S0117,1786.68,664.25,Active
P01270,SKU-01270,Philips Accessorie 1270,Electronics,Accessories,Philips,S0235,170.57,266.28,Active
P01271,SKU-01271,LG Accessorie 1271,Electronics,Accessories,LG,S0053,91.61,1354.05,Active
P01272,SKU-01272,Dell Smartphone 1272,Electronics,Smartphones,Dell,S0069,668.76,373.41,Active
P01273,SKU-01273,Nike Smartphone 1273,Electronics,Smartphones,Nike,S0188,345.36,1323.2,Active
P01274,SKU-01274,LG Laptop 1274,Electronics,Laptops,LG,S0427,1672.69,719.6,Active
P01275,SKU-01275,HP Accessorie 1275,Electronics,Accessories,HP,S0346,837.57,492.72,Active
P01276,SKU-01276,LG Laptop 1276,Electronics,Laptops,LG,S0018,1910.05,248.49,Active
P01277,SKU-01277,HP Accessorie 1277,Electronics,Accessories,HP,S0484,477.68,951.66,Active
P01278,SKU-01278,Loreal Smartphone 1278,Electronics,Smartphones,Loreal,S0170,1876.08,1262.54,Active
P01279,SKU-01279,Loreal Laptop 1279,Electronics,Laptops,Loreal,S0329,1612.43,526.86,Active
P01280,SKU-01280,Samsung Accessorie 1280,Electronics,Accessories,Samsung,S0409,917.65,1123.9,Active
P01281,SKU-01281,Dell Accessorie 1281,Electronics,Accessories,Dell,S0020,660.08,989.35,Active
P01282,SKU-01282,Dell Laptop 1282,Electronics,Laptops,Dell,S0228,433.31,944.67,Active
P01283,SKU-01283,LG Smartphone 1283,Electronics,Smartphones,LG,S0161,639.63,462.45,Active
P01284,SKU-01284,Philips Smartphone 1284,Electronics,Smartphones,Philips,S0104,1019.09,769.48,Active
P01285,SKU-01285,HP Laptop 1285,Electronics,Laptops,HP,S0153,564.57,959.52,Active
P01286,SKU-01286,Loreal Smartphone 1286,Electronics,Smartphones,Loreal,S0234,140.49,872.0,Active
P01287,SKU-01287,Samsung Smartphone 1287,Electronics,Smartphones,Samsung,S0173,1293.17,184.67,Active
P01288,SKU-01288,Loreal Accessorie 1288,Electronics,Accessories,Loreal,S0008,1430.61,613.65,Active
P01289,SKU-01289,LG Laptop 1289,Electronics,Laptops,LG,S0068,1630.92,1237.83,Active
P01290,SKU-01290,Samsung Laptop 1290,Electronics,Laptops,Samsung,S0140,1607.75,862.4,Active
P01291,SKU-01291,Nike Accessorie 1291,Electronics,Accessories,Nike,S0188,1666.66,115.29,Active
P01292,SKU-01292,Philips Laptop 1292,Electronics,Laptops,Philips,S0278,1315.56,1223.92,Active
P01293,SKU-01293,Dell Laptop 1293,Electronics,Laptops,Dell,S0339,1259.5,1400.18,Active
P01294,SKU-01294,Samsung Accessorie 1294,Electronics,Accessories,Samsung,S0047,818.88,650.24,Active
P01295,SKU-01295,Dell Accessorie 1295,Electronics,Accessories,Dell,S0056,1887.18,457.14,Active
P01296,SKU-01296,Adidas Smartphone 1296,Electronics,Smartphones,Adidas,S0164,201.52,321.83,Active
P01297,SKU-01297,Adidas Smartphone 1297,Electronics,Smartphones,Adidas,S0224,858.88,197.08,Active
P01298,SKU-01298,Sony Smartphone 1298,Electronics,Smartphones,Sony,S0362,754.8,860.88,Active
P01299,SKU-01299,Adidas Laptop 1299,Electronics,Laptops,Adidas,S0158,1729.82,1471.41,Active
P01300,SKU-01300,Loreal Accessorie 1300,Electronics,Accessories,Loreal,S0297,1076.55,601.06,Active
P01301,SKU-01301,Nike Smartphone 1301,Electronics,Smartphones,Nike,S0178,1908.83,450.03,Active
P01302,SKU-01302,Dell Smartphone 1302,Electronics,Smartphones,Dell,S0260,391.2,816.38,Active
P01303,SKU-01303,Sony Accessorie 1303,Electronics,Accessories,Sony,S0112,1596.29,437.13,Active
P01304,SKU-01304,HP Accessorie 1304,Electronics,Accessories,HP,S0402,1645.34,812.63,Active
P01305,SKU-01305,Adidas Smartphone 1305,Electronics,Smartphones,Adidas,S0339,1519.51,1358.03,Active
P01306,SKU-01306,Loreal Smartphone 1306,Electronics,Smartphones,Loreal,S0021,47.23,1481.4,Active
P01307,SKU-01307,Apple Accessorie 1307,Electronics,Accessories,Apple,S0199,916.43,1493.28,Active
P01308,SKU-01308,Apple Smartphone 1308,Electronics,Smartphones,Apple,S0067,615.25,926.38,Active
P01309,SKU-01309,Samsung Smartphone 1309,Electronics,Smartphones,Samsung,S0007,865.66,1244.67,Active
P01310,SKU-01310,HP Laptop 1310,Electronics,Laptops,HP,S0035,449.88,816.63,Active
P01311,SKU-01311,Adidas Accessorie 1311,Electronics,Accessories,Adidas,S0143,967.76,1237.89,Active
P01312,SKU-01312,Nike Laptop 1312,Electronics,Laptops,Nike,S0498,794.83,888.0,Active
P01313,SKU-01313,Dell Accessorie 1313,Electronics,Accessories,Dell,S0235,882.5,280.28,Active
P01314,SKU-01314,HP Accessorie 1314,Electronics,Accessories,HP,S0087,1238.71,214.38,Active
P01315,SKU-01315,Nike Laptop 1315,Electronics,Laptops,Nike,S0279,712.44,1123.99,Active
P01316,SKU-01316,Sony Accessorie 1316,Electronics,Accessories,Sony,S0013,1815.2,1481.32,Active
P01317,SKU-01317,Philips Laptop 1317,Electronics,Laptops,Philips,S0426,867.33,906.83,Active
P01318,SKU-01318,HP Smartphone 1318,Electronics,Smartphones,HP,S0372,1986.94,974.94,Active
P01319,SKU-01319,Nike Smartphone 1319,Electronics,Smartphones,Nike,S0425,1876.79,37.61,Active
P01320,SKU-01320,Samsung Smartphone 1320,Electronics,Smartphones,Samsung,S0177,818.5,1481.0,Active
P01321,SKU-01321,Philips Laptop 1321,Electronics,Laptops,Philips,S0098,1450.43,1189.51,Active
P01322,SKU-01322,Sony Smartphone 1322,Electronics,Smartphones,Sony,S0347,485.64,816.55,Active
P01323,SKU-01323,Nike Smartphone 1323,Electronics,Smartphones,Nike,S0165,613.21,686.72,Active
P01324,SKU-01324,HP Accessorie 1324,Electronics,Accessories,HP,S0104,325.08,1166.06,Active
P01325,SKU-01325,Dell Laptop 1325,Electronics,Laptops,Dell,S0106,140.52,1282.7,Active
P01326,SKU-01326,Apple Accessorie 1326,Electronics,Accessories,Apple,S0446,526.53,590.92,Active
P01327,SKU-01327,LG Laptop 1327,Electronics,Laptops,LG,S0087,1048.53,1208.86,Active
P01328,SKU-01328,Nike Laptop 1328,Electronics,Laptops,Nike,S0068,227.58,957.97,Active
P01329,SKU-01329,Adidas Laptop 1329,Electronics,Laptops,Adidas,S0277,801.66,525.9,Active
P01330,SKU-01330,Apple Accessorie 1330,Electronics,Accessories,Apple,S0049,534.31,437.45,Active
P01331,SKU-01331,HP Laptop 1331,Electronics,Laptops,HP,S0442,758.88,824.49,Active
P01332,SKU-01332,HP Laptop 1332,Electronics,Laptops,HP,S0037,1403.2,1377.53,Active
P01333,SKU-01333,Apple Accessorie 1333,Electronics,Accessories,Apple,S0146,268.14,173.58,Active
P01334,SKU-01334,Loreal Accessorie 1334,Electronics,Accessories,Loreal,S0352,1705.51,214.95,Active
P01335,SKU-01335,Dell Accessorie 1335,Electronics,Accessories,Dell,S0417,1869.2,1394.47,Active
P01336,SKU-01336,Loreal Accessorie 1336,Electronics,Accessories,Loreal,S0116,607.37,509.06,Active
P01337,SKU-01337,Apple Accessorie 1337,Electronics,Accessories,Apple,S0002,1655.88,1394.05,Active
P01338,SKU-01338,Samsung Laptop 1338,Electronics,Laptops,Samsung,S0469,93.67,82.82,Active
P01339,SKU-01339,Apple Smartphone 1339,Electronics,Smartphones,Apple,S0433,704.16,1429.2,Active
P01340,SKU-01340,LG Laptop 1340,Electronics,Laptops,LG,S0476,1857.43,889.33,Active
P01341,SKU-01341,Adidas Accessorie 1341,Electronics,Accessories,Adidas,S0366,118.24,138.98,Active
P01342,SKU-01342,Nike Laptop 1342,Electronics,Laptops,Nike,S0482,396.44,1217.54,Active
P01343,SKU-01343,Apple Smartphone 1343,Electronics,Smartphones,Apple,S0216,645.94,1330.23,Active
P01344,SKU-01344,Nike Accessorie 1344,Electronics,Accessories,Nike,S0422,1915.62,681.52,Active
P01345,SKU-01345,Samsung Accessorie 1345,Electronics,Accessories,Samsung,S0107,1629.88,956.34,Active
P01346,SKU-01346,Dell Laptop 1346,Electronics,Laptops,Dell,S0036,967.71,731.92,Active
P01347,SKU-01347,HP Smartphone 1347,Electronics,Smartphones,HP,S0210,1734.34,224.37,Active
P01348,SKU-01348,HP Accessorie 1348,Electronics,Accessories,HP,S0207,184.49,1420.67,Active
P01349,SKU-01349,Loreal Accessorie 1349,Electronics,Accessories,Loreal,S0395,1485.04,931.36,Active
P01350,SKU-01350,Nike Accessorie 1350,Electronics,Accessories,Nike,S0157,973.29,1380.75,Active
P01351,SKU-01351,HP Laptop 1351,Electronics,Laptops,HP,S0313,1144.47,519.44,Active
P01352,SKU-01352,Samsung Laptop 1352,Electronics,Laptops,Samsung,S0167,1226.13,746.68,Active
P01353,SKU-01353,Philips Smartphone 1353,Electronics,Smartphones,Philips,S0153,833.74,475.19,Active
P01354,SKU-01354,LG Smartphone 1354,Electronics,Smartphones,LG,S0223,238.89,21.38,Active
P01355,SKU-01355,HP Laptop 1355,Electronics,Laptops,HP,S0098,1060.11,1327.63,Active
P01356,SKU-01356,Nike Laptop 1356,Electronics,Laptops,Nike,S0398,1578.72,1272.05,Active
P01357,SKU-01357,Apple Accessorie 1357,Electronics,Accessories,Apple,S0289,826.03,1153.0,Active
P01358,SKU-01358,Adidas Laptop 1358,Electronics,Laptops,Adidas,S0287,212.96,543.99,Active
P01359,SKU-01359,Samsung Laptop 1359,Electronics,Laptops,Samsung,S0119,1490.72,1330.42,Active
P01360,SKU-01360,Loreal Laptop 1360,Electronics,Laptops,Loreal,S0147,1395.89,1224.06,Active
P01361,SKU-01361,Samsung Accessorie 1361,Electronics,Accessories,Samsung,S0163,1775.01,1361.77,Active
P01362,SKU-01362,Samsung Accessorie 1362,Electronics,Accessories,Samsung,S0008,1296.31,695.78,Active
P01363,SKU-01363,Sony Laptop 1363,Electronics,Laptops,Sony,S0180,526.05,820.11,Active
P01364,SKU-01364,Apple Accessorie 1364,Electronics,Accessories,Apple,S0359,1931.33,1383.08,Active
P01365,SKU-01365,Samsung Accessorie 1365,Electronics,Accessories,Samsung,S0417,101.46,125.78,Active
P01366,SKU-01366,Samsung Smartphone 1366,Electronics,Smartphones,Samsung,S0450,392.39,222.98,Active
P01367,SKU-01367,Adidas Smartphone 1367,Electronics,Smartphones,Adidas,S0493,334.48,1097.0,Active
P01368,SKU-01368,Adidas Smartphone 1368,Electronics,Smartphones,Adidas,S0024,1694.28,936.6,Active
P01369,SKU-01369,Sony Smartphone 1369,Electronics,Smartphones,Sony,S0075,424.06,522.58,Active
P01370,SKU-01370,Dell Laptop 1370,Electronics,Laptops,Dell,S0025,438.38,709.66,Active
P01371,SKU-01371,Adidas Laptop 1371,Electronics,Laptops,Adidas,S0059,1261.31,32.49,Active
P01372,SKU-01372,Apple Smartphone 1372,Electronics,Smartphones,Apple,S0009,1099.28,897.15,Active
P01373,SKU-01373,HP Smartphone 1373,Electronics,Smartphones,HP,S0028,209.13,514.23,Active
P01374,SKU-01374,Philips Smartphone 1374,Electronics,Smartphones,Philips,S0143,1078.46,136.24,Active
P01375,SKU-01375,Apple Accessorie 1375,Electronics,Accessories,Apple,S0452,152.85,62.41,Active
P01376,SKU-01376,Philips Accessorie 1376,Electronics,Accessories,Philips,S0287,1557.16,332.16,Active
P01377,SKU-01377,Philips Laptop 1377,Electronics,Laptops,Philips,S0158,1551.36,1152.86,Active
P01378,SKU-01378,Apple Smartphone 1378,Electronics,Smartphones,Apple,S0188,222.95,259.6,Active
P01379,SKU-01379,Nike Laptop 1379,Electronics,Laptops,Nike,S0319,24.23,23.73,Active
P01380,SKU-01380,Loreal Accessorie 1380,Electronics,Accessories,Loreal,S0146,43.08,24.33,Active
P01381,SKU-01381,LG Smartphone 1381,Electronics,Smartphones,LG,S0447,406.74,130.58,Active
P01382,SKU-01382,Dell Smartphone 1382,Electronics,Smartphones,Dell,S0070,680.9,807.56,Active
P01383,SKU-01383,Adidas Laptop 1383,Electronics,Laptops,Adidas,S0027,1601.88,685.33,Active
P01384,SKU-01384,Dell Accessorie 1384,Electronics,Accessories,Dell,S0107,1567.43,1289.1,Active
P01385,SKU-01385,Nike Accessorie 1385,Electronics,Accessories,Nike,S0323,1530.18,856.33,Active
P01386,SKU-01386,LG Laptop 1386,Electronics,Laptops,LG,S0193,1899.65,887.64,Active
P01387,SKU-01387,Loreal Laptop 1387,Electronics,Laptops,Loreal,S0215,1531.62,586.6,Active
P01388,SKU-01388,LG Accessorie 1388,Electronics,Accessories,LG,S0344,1361.23,860.82,Active
P01389,SKU-01389,Dell Smartphone 1389,Electronics,Smartphones,Dell,S0053,256.36,37.99,Active
P01390,SKU-01390,Sony Laptop 1390,Electronics,Laptops,Sony,S0129,1857.38,1386.81,Active
P01391,SKU-01391,LG Laptop 1391,Electronics,Laptops,LG,S0338,583.71,384.02,Active
P01392,SKU-01392,HP Laptop 1392,Electronics,Laptops,HP,S0120,700.43,1292.0,Active
P01393,SKU-01393,LG Smartphone 1393,Electronics,Smartphones,LG,S0390,1342.62,485.14,Active
P01394,SKU-01394,Sony Accessorie 1394,Electronics,Accessories,Sony,S0208,366.14,1354.61,Active
P01395,SKU-01395,Dell Laptop 1395,Electronics,Laptops,Dell,S0386,1745.86,772.11,Active
P01396,SKU-01396,HP Laptop 1396,Electronics,Laptops,HP,S0138,965.85,757.08,Active
P01397,SKU-01397,Philips Laptop 1397,Electronics,Laptops,Philips,S0493,1331.14,717.45,Active
P01398,SKU-01398,Philips Laptop 1398,Electronics,Laptops,Philips,S0055,524.32,328.96,Active
P01399,SKU-01399,Apple Smartphone 1399,Electronics,Smartphones,Apple,S0371,1119.72,77.47,Active
P01400,SKU-01400,Sony Accessorie 1400,Electronics,Accessories,Sony,S0182,843.93,297.48,Active
P01401,SKU-01401,Samsung Accessorie 1401,Electronics,Accessories,Samsung,S0106,1677.97,361.08,Active
P01402,SKU-01402,Sony Smartphone 1402,Electronics,Smartphones,Sony,S0199,1054.23,747.41,Active
P01403,SKU-01403,Dell Accessorie 1403,Electronics,Accessories,Dell,S0389,450.67,252.7,Active
P01404,SKU-01404,Samsung Laptop 1404,Electronics,Laptops,Samsung,S0359,699.52,1323.98,Active
P01405,SKU-01405,Adidas Smartphone 1405,Electronics,Smartphones,Adidas,S0495,1310.0,1199.58,Active
P01406,SKU-01406,Loreal Laptop 1406,Electronics,Laptops,Loreal,S0466,383.34,1020.1,Active
P01407,SKU-01407,Adidas Smartphone 1407,Electronics,Smartphones,Adidas,S0395,1968.54,773.28,Active
P01408,SKU-01408,Philips Smartphone 1408,Electronics,Smartphones,Philips,S0205,1935.69,1299.61,Active
P01409,SKU-01409,LG Laptop 1409,Electronics,Laptops,LG,S0192,1335.51,703.41,Active
P01410,SKU-01410,Samsung Smartphone 1410,Electronics,Smartphones,Samsung,S0217,281.03,1046.33,Active
P01411,SKU-01411,Loreal Laptop 1411,Electronics,Laptops,Loreal,S0146,1014.52,660.98,Active
P01412,SKU-01412,HP Accessorie 1412,Electronics,Accessories,HP,S0193,553.7,1324.05,Active
P01413,SKU-01413,HP Smartphone 1413,Electronics,Smartphones,HP,S0298,1431.11,370.1,Active
P01414,SKU-01414,Dell Accessorie 1414,Electronics,Accessories,Dell,S0070,1476.29,1026.67,Active
P01415,SKU-01415,Apple Accessorie 1415,Electronics,Accessories,Apple,S0014,1007.59,364.59,Active
P01416,SKU-01416,Philips Smartphone 1416,Electronics,Smartphones,Philips,S0102,1301.4,363.59,Active
P01417,SKU-01417,Apple Smartphone 1417,Electronics,Smartphones,Apple,S0420,1126.2,916.7,Active
P01418,SKU-01418,Adidas Smartphone 1418,Electronics,Smartphones,Adidas,S0417,1003.03,591.87,Active
P01419,SKU-01419,Dell Smartphone 1419,Electronics,Smartphones,Dell,S0075,1861.66,203.61,Active
P01420,SKU-01420,Nike Accessorie 1420,Electronics,Accessories,Nike,S0104,1438.4,475.29,Active
P01421,SKU-01421,HP Laptop 1421,Electronics,Laptops,HP,S0107,1674.77,121.71,Active
P01422,SKU-01422,Sony Accessorie 1422,Electronics,Accessories,Sony,S0283,275.99,580.88,Active
P01423,SKU-01423,Loreal Smartphone 1423,Electronics,Smartphones,Loreal,S0456,862.28,1495.46,Active
P01424,SKU-01424,Dell Smartphone 1424,Electronics,Smartphones,Dell,S0325,838.77,474.81,Active
P01425,SKU-01425,Nike Accessorie 1425,Electronics,Accessories,Nike,S0252,321.55,217.64,Active
P01426,SKU-01426,HP Laptop 1426,Electronics,Laptops,HP,S0174,964.45,832.96,Active
P01427,SKU-01427,LG Smartphone 1427,Electronics,Smartphones,LG,S0211,1745.26,1312.89,Active
P01428,SKU-01428,Nike Smartphone 1428,Electronics,Smartphones,Nike,S0310,1167.71,194.59,Active
P01429,SKU-01429,Samsung Laptop 1429,Electronics,Laptops,Samsung,S0338,384.4,688.17,Active
P01430,SKU-01430,LG Accessorie 1430,Electronics,Accessories,LG,S0322,158.43,260.52,Active
P01431,SKU-01431,Dell Accessorie 1431,Electronics,Accessories,Dell,S0466,1812.41,260.31,Active
P01432,SKU-01432,LG Laptop 1432,Electronics,Laptops,LG,S0151,727.4,727.4,Active
P01433,SKU-01433,LG Smartphone 1433,Electronics,Smartphones,LG,S0339,857.33,1087.72,Active
P01434,SKU-01434,Dell Smartphone 1434,Electronics,Smartphones,Dell,S0197,681.26,1302.64,Active
P01435,SKU-01435,LG Accessorie 1435,Electronics,Accessories,LG,S0449,698.0,1346.89,Active
P01436,SKU-01436,Samsung Laptop 1436,Electronics,Laptops,Samsung,S0001,1396.79,38.24,Active
P01437,SKU-01437,Sony Laptop 1437,Electronics,Laptops,Sony,S0300,829.35,479.8,Active
P01438,SKU-01438,Apple Accessorie 1438,Electronics,Accessories,Apple,S0216,1273.74,761.09,Active
P01439,SKU-01439,Adidas Laptop 1439,Electronics,Laptops,Adidas,S0327,1135.77,60.77,Active
P01440,SKU-01440,Sony Smartphone 1440,Electronics,Smartphones,Sony,S0160,1390.28,1004.57,Active
P01441,SKU-01441,Apple Accessorie 1441,Electronics,Accessories,Apple,S0263,1913.24,1191.52,Active
P01442,SKU-01442,Adidas Accessorie 1442,Electronics,Accessories,Adidas,S0446,1718.81,1196.57,Active
P01443,SKU-01443,Adidas Smartphone 1443,Electronics,Smartphones,Adidas,S0240,329.04,1158.22,Active
P01444,SKU-01444,Samsung Laptop 1444,Electronics,Laptops,Samsung,S0123,1339.12,438.89,Active
P01445,SKU-01445,Sony Smartphone 1445,Electronics,Smartphones,Sony,S0483,300.96,792.29,Active
P01446,SKU-01446,Sony Accessorie 1446,Electronics,Accessories,Sony,S0411,969.23,905.56,Active
P01447,SKU-01447,Nike Smartphone 1447,Electronics,Smartphones,Nike,S0156,1631.37,996.66,Active
P01448,SKU-01448,Sony Laptop 1448,Electronics,Laptops,Sony,S0310,1894.9,155.07,Active
P01449,SKU-01449,HP Laptop 1449,Electronics,Laptops,HP,S0159,607.17,712.47,Active
P01450,SKU-01450,HP Smartphone 1450,Electronics,Smartphones,HP,S0112,1809.3,785.9,Active
P01451,SKU-01451,Apple Accessorie 1451,Electronics,Accessories,Apple,S0169,777.5,1297.97,Active
P01452,SKU-01452,LG Smartphone 1452,Electronics,Smartphones,LG,S0172,577.22,98.77,Active
P01453,SKU-01453,LG Smartphone 1453,Electronics,Smartphones,LG,S0187,1966.88,1155.05,Active
P01454,SKU-01454,Adidas Smartphone 1454,Electronics,Smartphones,Adidas,S0391,1363.77,1086.43,Active
P01455,SKU-01455,Adidas Laptop 1455,Electronics,Laptops,Adidas,S0058,965.26,656.82,Active
P01456,SKU-01456,Loreal Laptop 1456,Electronics,Laptops,Loreal,S0054,423.04,151.96,Active
P01457,SKU-01457,Philips Accessorie 1457,Electronics,Accessories,Philips,S0257,179.72,922.6,Active
P01458,SKU-01458,Nike Smartphone 1458,Electronics,Smartphones,Nike,S0378,1477.98,945.76,Active
P01459,SKU-01459,LG Accessorie 1459,Electronics,Accessories,LG,S0336,1987.78,1019.08,Active
P01460,SKU-01460,Dell Laptop 1460,Electronics,Laptops,Dell,S0017,530.44,1347.25,Active
P01461,SKU-01461,LG Smartphone 1461,Electronics,Smartphones,LG,S0081,1113.82,650.61,Active
P01462,SKU-01462,Dell Smartphone 1462,Electronics,Smartphones,Dell,S0292,1352.53,907.1,Active
P01463,SKU-01463,Philips Accessorie 1463,Electronics,Accessories,Philips,S0319,443.75,833.53,Active
P01464,SKU-01464,Samsung Accessorie 1464,Electronics,Accessories,Samsung,S0340,522.08,1422.15,Active
P01465,SKU-01465,HP Accessorie 1465,Electronics,Accessories,HP,S0406,638.84,1098.55,Active
P01466,SKU-01466,Sony Smartphone 1466,Electronics,Smartphones,Sony,S0236,358.16,928.41,Active
P01467,SKU-01467,Adidas Accessorie 1467,Electronics,Accessories,Adidas,S0381,1362.7,734.29,Active
P01468,SKU-01468,LG Smartphone 1468,Electronics,Smartphones,LG,S0390,1378.66,265.57,Active
P01469,SKU-01469,Loreal Smartphone 1469,Electronics,Smartphones,Loreal,S0284,1903.7,320.48,Active
P01470,SKU-01470,HP Smartphone 1470,Electronics,Smartphones,HP,S0215,1608.17,872.49,Active
P01471,SKU-01471,Dell Smartphone 1471,Electronics,Smartphones,Dell,S0243,1337.87,1146.54,Active
P01472,SKU-01472,Dell Laptop 1472,Electronics,Laptops,Dell,S0068,1263.25,580.53,Active
P01473,SKU-01473,Apple Smartphone 1473,Electronics,Smartphones,Apple,S0216,609.07,1001.62,Active
P01474,SKU-01474,Adidas Smartphone 1474,Electronics,Smartphones,Adidas,S0333,726.81,1428.47,Active
P01475,SKU-01475,Sony Accessorie 1475,Electronics,Accessories,Sony,S0493,120.53,970.64,Active
P01476,SKU-01476,Apple Laptop 1476,Electronics,Laptops,Apple,S0112,1733.13,371.53,Active
P01477,SKU-01477,Loreal Accessorie 1477,Electronics,Accessories,Loreal,S0330,983.3,621.32,Active
P01478,SKU-01478,LG Smartphone 1478,Electronics,Smartphones,LG,S0221,650.45,984.97,Active
P01479,SKU-01479,Apple Laptop 1479,Electronics,Laptops,Apple,S0145,1809.95,1082.67,Active
P01480,SKU-01480,Samsung Accessorie 1480,Electronics,Accessories,Samsung,S0170,1049.46,1339.15,Active
P01481,SKU-01481,Nike Laptop 1481,Electronics,Laptops,Nike,S0425,505.52,1177.81,Active
P01482,SKU-01482,Nike Smartphone 1482,Electronics,Smartphones,Nike,S0467,1864.0,1030.72,Active
P01483,SKU-01483,Sony Smartphone 1483,Electronics,Smartphones,Sony,S0160,1833.62,423.09,Active
P01484,SKU-01484,Dell Smartphone 1484,Electronics,Smartphones,Dell,S0054,1876.56,93.61,Active
P01485,SKU-01485,LG Smartphone 1485,Electronics,Smartphones,LG,S0101,40.79,1410.52,Active
P01486,SKU-01486,Adidas Laptop 1486,Electronics,Laptops,Adidas,S0500,1153.84,1454.06,Active
P01487,SKU-01487,HP Smartphone 1487,Electronics,Smartphones,HP,S0486,1758.21,1107.46,Active
P01488,SKU-01488,Adidas Accessorie 1488,Electronics,Accessories,Adidas,S0443,176.62,1098.39,Active
P01489,SKU-01489,Nike Accessorie 1489,Electronics,Accessories,Nike,S0358,26.14,244.47,Active
P01490,SKU-01490,Apple Smartphone 1490,Electronics,Smartphones,Apple,S0437,116.32,142.56,Active
P01491,SKU-01491,Dell Laptop 1491,Electronics,Laptops,Dell,S0260,750.43,119.42,Active
P01492,SKU-01492,Dell Smartphone 1492,Electronics,Smartphones,Dell,S0039,1148.66,1414.9,Active
P01493,SKU-01493,Adidas Smartphone 1493,Electronics,Smartphones,Adidas,S0500,1082.71,61.57,Active
P01494,SKU-01494,Loreal Accessorie 1494,Electronics,Accessories,Loreal,S0221,508.5,569.58,Active
P01495,SKU-01495,Adidas Smartphone 1495,Electronics,Smartphones,Adidas,S0132,239.88,632.41,Active
P01496,SKU-01496,Dell Laptop 1496,Electronics,Laptops,Dell,S0215,479.49,558.25,Active
P01497,SKU-01497,Samsung Smartphone 1497,Electronics,Smartphones,Samsung,S0188,395.14,643.59,Active
P01498,SKU-01498,LG Smartphone 1498,Electronics,Smartphones,LG,S0194,1820.16,576.18,Active
P01499,SKU-01499,Loreal Laptop 1499,Electronics,Laptops,Loreal,S0190,1863.98,340.5,Active
P01500,SKU-01500,Sony Laptop 1500,Electronics,Laptops,Sony,S0198,142.68,591.88,Active
P01501,SKU-01501,LG Accessorie 1501,Electronics,Accessories,LG,S0033,1482.12,293.06,Active
P01502,SKU-01502,Philips Smartphone 1502,Electronics,Smartphones,Philips,S0280,688.58,1140.16,Active
P01503,SKU-01503,HP Smartphone 1503,Electronics,Smartphones,HP,S0364,447.04,97.13,Active
P01504,SKU-01504,Philips Smartphone 1504,Electronics,Smartphones,Philips,S0007,1063.94,1419.69,Active
P01505,SKU-01505,Adidas Laptop 1505,Electronics,Laptops,Adidas,S0375,1768.72,1294.35,Active
P01506,SKU-01506,Adidas Laptop 1506,Electronics,Laptops,Adidas,S0428,1011.9,76.64,Active
P01507,SKU-01507,Dell Accessorie 1507,Electronics,Accessories,Dell,S0011,1941.88,529.65,Active
P01508,SKU-01508,Dell Laptop 1508,Electronics,Laptops,Dell,S0306,1799.04,728.41,Active
P01509,SKU-01509,Sony Accessorie 1509,Electronics,Accessories,Sony,S0279,1058.05,548.39,Active
P01510,SKU-01510,Adidas Laptop 1510,Electronics,Laptops,Adidas,S0004,410.97,1008.34,Active
P01511,SKU-01511,Dell Accessorie 1511,Electronics,Accessories,Dell,S0152,1203.53,1092.49,Active
P01512,SKU-01512,Philips Accessorie 1512,Electronics,Accessories,Philips,S0490,900.45,778.85,Active
P01513,SKU-01513,HP Laptop 1513,Electronics,Laptops,HP,S0066,1633.39,1277.71,Active
P01514,SKU-01514,Nike Accessorie 1514,Electronics,Accessories,Nike,S0445,1719.91,163.75,Active
P01515,SKU-01515,Adidas Smartphone 1515,Electronics,Smartphones,Adidas,S0159,1817.19,960.4,Active
P01516,SKU-01516,HP Smartphone 1516,Electronics,Smartphones,HP,S0138,1313.07,239.24,Active
P01517,SKU-01517,Sony Laptop 1517,Electronics,Laptops,Sony,S0174,1956.62,860.37,Active
P01518,SKU-01518,Loreal Laptop 1518,Electronics,Laptops,Loreal,S0477,1690.43,1217.48,Active
P01519,SKU-01519,Dell Laptop 1519,Electronics,Laptops,Dell,S0337,924.86,962.29,Active
P01520,SKU-01520,HP Laptop 1520,Electronics,Laptops,HP,S0492,1596.57,488.22,Active
P01521,SKU-01521,LG Smartphone 1521,Electronics,Smartphones,LG,S0276,1417.86,245.2,Active
P01522,SKU-01522,Nike Accessorie 1522,Electronics,Accessories,Nike,S0117,1799.67,986.07,Active
P01523,SKU-01523,LG Accessorie 1523,Electronics,Accessories,LG,S0228,1061.6,214.32,Active
P01524,SKU-01524,LG Accessorie 1524,Electronics,Accessories,LG,S0006,1497.34,85.51,Active
P01525,SKU-01525,Nike Laptop 1525,Electronics,Laptops,Nike,S0376,1384.14,1397.71,Active
P01526,SKU-01526,Nike Smartphone 1526,Electronics,Smartphones,Nike,S0010,364.11,498.44,Active
P01527,SKU-01527,Samsung Laptop 1527,Electronics,Laptops,Samsung,S0001,612.79,204.77,Active
P01528,SKU-01528,Adidas Accessorie 1528,Electronics,Accessories,Adidas,S0096,1334.48,1405.82,Active
P01529,SKU-01529,Dell Laptop 1529,Electronics,Laptops,Dell,S0437,100.87,109.07,Active
P01530,SKU-01530,Nike Smartphone 1530,Electronics,Smartphones,Nike,S0351,658.19,968.5,Active
P01531,SKU-01531,Philips Smartphone 1531,Electronics,Smartphones,Philips,S0290,1693.82,511.26,Active
P01532,SKU-01532,Adidas Smartphone 1532,Electronics,Smartphones,Adidas,S0026,909.25,253.59,Active
P01533,SKU-01533,HP Accessorie 1533,Electronics,Accessories,HP,S0032,1355.2,1054.36,Active
P01534,SKU-01534,Nike Accessorie 1534,Electronics,Accessories,Nike,S0116,472.46,1185.14,Active
P01535,SKU-01535,Adidas Smartphone 1535,Electronics,Smartphones,Adidas,S0261,1704.44,860.15,Active
P01536,SKU-01536,Philips Laptop 1536,Electronics,Laptops,Philips,S0463,982.24,1497.24,Active
P01537,SKU-01537,HP Accessorie 1537,Electronics,Accessories,HP,S0476,893.6,1429.64,Active
P01538,SKU-01538,Philips Smartphone 1538,Electronics,Smartphones,Philips,S0190,1692.2,860.26,Active
P01539,SKU-01539,Samsung Laptop 1539,Electronics,Laptops,Samsung,S0226,876.87,932.57,Active
P01540,SKU-01540,Adidas Smartphone 1540,Electronics,Smartphones,Adidas,S0179,378.98,157.62,Active
P01541,SKU-01541,Apple Accessorie 1541,Electronics,Accessories,Apple,S0475,1629.99,816.2,Active
P01542,SKU-01542,Sony Laptop 1542,Electronics,Laptops,Sony,S0050,203.11,78.06,Active
P01543,SKU-01543,Adidas Accessorie 1543,Electronics,Accessories,Adidas,S0477,924.98,705.26,Active
P01544,SKU-01544,Adidas Smartphone 1544,Electronics,Smartphones,Adidas,S0053,1435.15,1485.91,Active
P01545,SKU-01545,LG Accessorie 1545,Electronics,Accessories,LG,S0021,563.79,119.77,Active
P01546,SKU-01546,Apple Smartphone 1546,Electronics,Smartphones,Apple,S0267,118.74,521.61,Active
P01547,SKU-01547,LG Accessorie 1547,Electronics,Accessories,LG,S0118,1971.89,963.95,Active
P01548,SKU-01548,Dell Accessorie 1548,Electronics,Accessories,Dell,S0041,466.82,1103.2,Active
P01549,SKU-01549,Dell Accessorie 1549,Electronics,Accessories,Dell,S0358,542.63,726.77,Active
P01550,SKU-01550,HP Accessorie 1550,Electronics,Accessories,HP,S0164,1888.59,1213.95,Active
P01551,SKU-01551,Apple Smartphone 1551,Electronics,Smartphones,Apple,S0040,275.23,674.65,Active
P01552,SKU-01552,Nike Smartphone 1552,Electronics,Smartphones,Nike,S0296,1282.92,503.6,Active
P01553,SKU-01553,Sony Smartphone 1553,Electronics,Smartphones,Sony,S0165,123.71,1420.77,Active
P01554,SKU-01554,Dell Laptop 1554,Electronics,Laptops,Dell,S0349,846.41,1222.06,Active
P01555,SKU-01555,Philips Smartphone 1555,Electronics,Smartphones,Philips,S0183,732.4,681.69,Active
P01556,SKU-01556,HP Laptop 1556,Electronics,Laptops,HP,S0335,1666.07,318.27,Active
P01557,SKU-01557,Dell Laptop 1557,Electronics,Laptops,Dell,S0486,1222.5,453.33,Active
P01558,SKU-01558,Loreal Accessorie 1558,Electronics,Accessories,Loreal,S0376,1832.14,107.86,Active
P01559,SKU-01559,Adidas Laptop 1559,Electronics,Laptops,Adidas,S0477,1856.2,765.0,Active
P01560,SKU-01560,Samsung Accessorie 1560,Electronics,Accessories,Samsung,S0070,374.22,362.17,Active
P01561,SKU-01561,Nike Accessorie 1561,Electronics,Accessories,Nike,S0464,1712.85,235.83,Active
P01562,SKU-01562,Apple Smartphone 1562,Electronics,Smartphones,Apple,S0411,689.64,485.09,Active
P01563,SKU-01563,Loreal Smartphone 1563,Electronics,Smartphones,Loreal,S0370,1517.2,1300.46,Active
P01564,SKU-01564,Loreal Accessorie 1564,Electronics,Accessories,Loreal,S0466,625.91,896.21,Active
P01565,SKU-01565,Philips Laptop 1565,Electronics,Laptops,Philips,S0331,781.7,619.96,Active
P01566,SKU-01566,Philips Laptop 1566,Electronics,Laptops,Philips,S0420,1354.83,423.42,Active
P01567,SKU-01567,Sony Accessorie 1567,Electronics,Accessories,Sony,S0222,493.37,346.89,Active
P01568,SKU-01568,Loreal Smartphone 1568,Electronics,Smartphones,Loreal,S0081,1915.99,532.6,Active
P01569,SKU-01569,Sony Accessorie 1569,Electronics,Accessories,Sony,S0280,1825.34,91.22,Active
P01570,SKU-01570,Samsung Smartphone 1570,Electronics,Smartphones,Samsung,S0025,1204.46,1022.22,Active
P01571,SKU-01571,LG Smartphone 1571,Electronics,Smartphones,LG,S0382,91.51,515.58,Active
P01572,SKU-01572,Loreal Smartphone 1572,Electronics,Smartphones,Loreal,S0282,467.07,546.33,Active
P01573,SKU-01573,Philips Laptop 1573,Electronics,Laptops,Philips,S0298,652.13,813.15,Active
P01574,SKU-01574,Philips Smartphone 1574,Electronics,Smartphones,Philips,S0448,510.53,997.65,Active
P01575,SKU-01575,Philips Smartphone 1575,Electronics,Smartphones,Philips,S0121,123.65,85.59,Active
P01576,SKU-01576,Dell Smartphone 1576,Electronics,Smartphones,Dell,S0249,858.39,490.03,Active
P01577,SKU-01577,Adidas Laptop 1577,Electronics,Laptops,Adidas,S0322,156.65,777.18,Active
P01578,SKU-01578,Dell Laptop 1578,Electronics,Laptops,Dell,S0035,1276.45,1058.48,Active
P01579,SKU-01579,Loreal Laptop 1579,Electronics,Laptops,Loreal,S0395,409.28,1105.26,Active
P01580,SKU-01580,LG Smartphone 1580,Electronics,Smartphones,LG,S0163,57.14,497.85,Active
P01581,SKU-01581,Samsung Laptop 1581,Electronics,Laptops,Samsung,S0102,1045.65,1110.77,Active
P01582,SKU-01582,Sony Accessorie 1582,Electronics,Accessories,Sony,S0265,1834.11,966.05,Active
P01583,SKU-01583,Loreal Smartphone 1583,Electronics,Smartphones,Loreal,S0334,405.11,326.65,Active
P01584,SKU-01584,Adidas Smartphone 1584,Electronics,Smartphones,Adidas,S0337,603.83,272.34,Active
P01585,SKU-01585,Dell Accessorie 1585,Electronics,Accessories,Dell,S0344,116.48,10.25,Active
P01586,SKU-01586,Adidas Laptop 1586,Electronics,Laptops,Adidas,S0236,279.31,1108.53,Active
P01587,SKU-01587,Apple Smartphone 1587,Electronics,Smartphones,Apple,S0010,1058.05,120.14,Active
P01588,SKU-01588,HP Smartphone 1588,Electronics,Smartphones,HP,S0294,1604.97,726.68,Active
P01589,SKU-01589,Adidas Smartphone 1589,Electronics,Smartphones,Adidas,S0497,976.53,1113.12,Active
P01590,SKU-01590,Philips Smartphone 1590,Electronics,Smartphones,Philips,S0190,509.47,1153.59,Active
P01591,SKU-01591,Nike Accessorie 1591,Electronics,Accessories,Nike,S0317,1078.66,754.85,Active
P01592,SKU-01592,Adidas Laptop 1592,Electronics,Laptops,Adidas,S0268,1555.03,569.93,Active
P01593,SKU-01593,Dell Laptop 1593,Electronics,Laptops,Dell,S0291,303.49,841.09,Active
P01594,SKU-01594,Apple Accessorie 1594,Electronics,Accessories,Apple,S0214,238.44,144.38,Active
P01595,SKU-01595,Sony Smartphone 1595,Electronics,Smartphones,Sony,S0412,1174.53,787.15,Active
P01596,SKU-01596,Philips Laptop 1596,Electronics,Laptops,Philips,S0343,186.77,1425.61,Active
P01597,SKU-01597,Philips Accessorie 1597,Electronics,Accessories,Philips,S0431,701.13,1400.2,Active
P01598,SKU-01598,HP Smartphone 1598,Electronics,Smartphones,HP,S0036,1349.95,790.69,Active
P01599,SKU-01599,Philips Smartphone 1599,Electronics,Smartphones,Philips,S0298,1906.67,1010.29,Active
P01600,SKU-01600,Loreal Smartphone 1600,Electronics,Smartphones,Loreal,S0143,1444.46,647.89,Active
P01601,SKU-01601,Nike Laptop 1601,Electronics,Laptops,Nike,S0167,462.88,1447.8,Active
P01602,SKU-01602,Sony Laptop 1602,Electronics,Laptops,Sony,S0145,822.47,619.5,Active
P01603,SKU-01603,Samsung Accessorie 1603,Electronics,Accessories,Samsung,S0468,133.73,1333.11,Active
P01604,SKU-01604,Adidas Laptop 1604,Electronics,Laptops,Adidas,S0114,357.16,945.56,Active
P01605,SKU-01605,LG Accessorie 1605,Electronics,Accessories,LG,S0316,347.75,1044.6,Active
P01606,SKU-01606,LG Laptop 1606,Electronics,Laptops,LG,S0013,515.58,1093.62,Active
P01607,SKU-01607,Philips Smartphone 1607,Electronics,Smartphones,Philips,S0244,1243.54,97.53,Active
P01608,SKU-01608,HP Laptop 1608,Electronics,Laptops,HP,S0452,1604.24,1189.83,Active
P01609,SKU-01609,Nike Smartphone 1609,Electronics,Smartphones,Nike,S0149,1270.62,247.29,Active
P01610,SKU-01610,Sony Laptop 1610,Electronics,Laptops,Sony,S0171,1345.38,653.4,Active
P01611,SKU-01611,Samsung Smartphone 1611,Electronics,Smartphones,Samsung,S0119,1829.96,951.6,Active
P01612,SKU-01612,Philips Smartphone 1612,Electronics,Smartphones,Philips,S0068,365.57,407.41,Active
P01613,SKU-01613,Nike Smartphone 1613,Electronics,Smartphones,Nike,S0180,300.76,890.31,Active
P01614,SKU-01614,Apple Smartphone 1614,Electronics,Smartphones,Apple,S0139,593.8,1216.39,Active
P01615,SKU-01615,Nike Accessorie 1615,Electronics,Accessories,Nike,S0043,1267.93,1303.92,Active
P01616,SKU-01616,LG Laptop 1616,Electronics,Laptops,LG,S0170,678.05,672.47,Active
P01617,SKU-01617,Sony Smartphone 1617,Electronics,Smartphones,Sony,S0329,857.02,793.52,Active
P01618,SKU-01618,Sony Accessorie 1618,Electronics,Accessories,Sony,S0498,258.52,160.07,Active
P01619,SKU-01619,Adidas Laptop 1619,Electronics,Laptops,Adidas,S0283,1227.51,1233.99,Active
P01620,SKU-01620,LG Laptop 1620,Electronics,Laptops,LG,S0074,1286.27,1036.53,Active
P01621,SKU-01621,Dell Accessorie 1621,Electronics,Accessories,Dell,S0105,1775.75,1026.1,Active
P01622,SKU-01622,Loreal Laptop 1622,Electronics,Laptops,Loreal,S0078,1304.07,1497.26,Active
P01623,SKU-01623,Sony Accessorie 1623,Electronics,Accessories,Sony,S0232,751.82,815.96,Active
P01624,SKU-01624,Philips Accessorie 1624,Electronics,Accessories,Philips,S0487,903.07,646.43,Active
P01625,SKU-01625,Philips Smartphone 1625,Electronics,Smartphones,Philips,S0307,579.53,488.48,Active
P01626,SKU-01626,Dell Smartphone 1626,Electronics,Smartphones,Dell,S0358,1459.47,905.56,Active
P01627,SKU-01627,LG Accessorie 1627,Electronics,Accessories,LG,S0091,246.62,676.51,Active
P01628,SKU-01628,LG Accessorie 1628,Electronics,Accessories,LG,S0061,146.08,909.41,Active
P01629,SKU-01629,Philips Laptop 1629,Electronics,Laptops,Philips,S0232,1690.64,561.3,Active
P01630,SKU-01630,LG Accessorie 1630,Electronics,Accessories,LG,S0446,680.95,1305.53,Active
P01631,SKU-01631,HP Smartphone 1631,Electronics,Smartphones,HP,S0325,751.72,192.07,Active
P01632,SKU-01632,Nike Laptop 1632,Electronics,Laptops,Nike,S0283,1500.75,480.85,Active
P01633,SKU-01633,LG Laptop 1633,Electronics,Laptops,LG,S0371,1329.96,1048.0,Active
P01634,SKU-01634,Dell Smartphone 1634,Electronics,Smartphones,Dell,S0257,1530.8,786.22,Active
P01635,SKU-01635,Nike Accessorie 1635,Electronics,Accessories,Nike,S0402,1617.59,185.64,Active
P01636,SKU-01636,LG Smartphone 1636,Electronics,Smartphones,LG,S0072,439.12,259.67,Active
P01637,SKU-01637,LG Accessorie 1637,Electronics,Accessories,LG,S0238,1183.89,752.32,Active
P01638,SKU-01638,Nike Laptop 1638,Electronics,Laptops,Nike,S0323,964.47,352.27,Active
P01639,SKU-01639,Dell Laptop 1639,Electronics,Laptops,Dell,S0266,791.85,1356.66,Active
P01640,SKU-01640,Dell Smartphone 1640,Electronics,Smartphones,Dell,S0380,706.98,1106.93,Active
P01641,SKU-01641,Nike Accessorie 1641,Electronics,Accessories,Nike,S0250,1775.63,1222.98,Active
P01642,SKU-01642,Loreal Smartphone 1642,Electronics,Smartphones,Loreal,S0185,1039.2,262.95,Active
P01643,SKU-01643,Sony Accessorie 1643,Electronics,Accessories,Sony,S0013,855.96,513.42,Active
P01644,SKU-01644,Dell Laptop 1644,Electronics,Laptops,Dell,S0315,1034.29,1025.8,Active
P01645,SKU-01645,Philips Accessorie 1645,Electronics,Accessories,Philips,S0055,970.43,510.27,Active
P01646,SKU-01646,Loreal Smartphone 1646,Electronics,Smartphones,Loreal,S0232,1534.04,1049.77,Active
P01647,SKU-01647,Apple Accessorie 1647,Electronics,Accessories,Apple,S0069,1791.49,1062.47,Active
P01648,SKU-01648,Apple Accessorie 1648,Electronics,Accessories,Apple,S0281,1093.13,258.25,Active
P01649,SKU-01649,Adidas Accessorie 1649,Electronics,Accessories,Adidas,S0328,541.39,1176.87,Active
P01650,SKU-01650,LG Accessorie 1650,Electronics,Accessories,LG,S0372,1707.1,1301.18,Active
P01651,SKU-01651,Nike Smartphone 1651,Electronics,Smartphones,Nike,S0166,1383.23,849.87,Active
P01652,SKU-01652,HP Laptop 1652,Electronics,Laptops,HP,S0186,1791.24,106.59,Active
P01653,SKU-01653,Apple Laptop 1653,Electronics,Laptops,Apple,S0460,366.49,108.43,Active
P01654,SKU-01654,Nike Smartphone 1654,Electronics,Smartphones,Nike,S0353,1752.17,1074.9,Active
P01655,SKU-01655,Adidas Laptop 1655,Electronics,Laptops,Adidas,S0063,1814.13,206.01,Active
P01656,SKU-01656,Philips Smartphone 1656,Electronics,Smartphones,Philips,S0154,269.58,327.11,Active
P01657,SKU-01657,Apple Laptop 1657,Electronics,Laptops,Apple,S0303,1885.25,1155.37,Active
P01658,SKU-01658,Nike Laptop 1658,Electronics,Laptops,Nike,S0391,1108.88,1314.6,Active
P01659,SKU-01659,HP Smartphone 1659,Electronics,Smartphones,HP,S0372,1495.85,1417.38,Active
P01660,SKU-01660,Philips Smartphone 1660,Electronics,Smartphones,Philips,S0291,992.01,1119.9,Active
P01661,SKU-01661,Apple Smartphone 1661,Electronics,Smartphones,Apple,S0381,374.07,649.38,Active
P01662,SKU-01662,Samsung Accessorie 1662,Electronics,Accessories,Samsung,S0347,115.16,1277.54,Active
P01663,SKU-01663,Apple Accessorie 1663,Electronics,Accessories,Apple,S0209,996.99,441.43,Active
P01664,SKU-01664,LG Accessorie 1664,Electronics,Accessories,LG,S0183,495.53,1202.62,Active
P01665,SKU-01665,Dell Smartphone 1665,Electronics,Smartphones,Dell,S0178,1527.13,1019.13,Active
P01666,SKU-01666,LG Laptop 1666,Electronics,Laptops,LG,S0012,1586.91,1375.19,Active
P01667,SKU-01667,HP Accessorie 1667,Electronics,Accessories,HP,S0091,890.01,466.33,Active
P01668,SKU-01668,Samsung Smartphone 1668,Electronics,Smartphones,Samsung,S0330,402.24,1474.78,Active
P01669,SKU-01669,Adidas Accessorie 1669,Electronics,Accessories,Adidas,S0001,885.83,767.93,Active
P01670,SKU-01670,Nike Accessorie 1670,Electronics,Accessories,Nike,S0425,240.75,1212.48,Active
P01671,SKU-01671,LG Laptop 1671,Electronics,Laptops,LG,S0051,1143.65,1303.69,Active
P01672,SKU-01672,Loreal Accessorie 1672,Electronics,Accessories,Loreal,S0321,509.89,1194.52,Active
P01673,SKU-01673,HP Smartphone 1673,Electronics,Smartphones,HP,S0166,280.9,805.59,Active
P01674,SKU-01674,Loreal Accessorie 1674,Electronics,Accessories,Loreal,S0201,812.9,271.97,Active
P01675,SKU-01675,Loreal Laptop 1675,Electronics,Laptops,Loreal,S0353,1580.39,217.12,Active
P01676,SKU-01676,Philips Smartphone 1676,Electronics,Smartphones,Philips,S0120,545.87,1462.79,Active
P01677,SKU-01677,Apple Accessorie 1677,Electronics,Accessories,Apple,S0294,29.66,83.44,Active
P01678,SKU-01678,Dell Smartphone 1678,Electronics,Smartphones,Dell,S0276,1193.16,1169.82,Active
P01679,SKU-01679,Samsung Accessorie 1679,Electronics,Accessories,Samsung,S0358,225.78,232.39,Active
P01680,SKU-01680,HP Smartphone 1680,Electronics,Smartphones,HP,S0313,290.6,30.22,Active
P01681,SKU-01681,Loreal Smartphone 1681,Electronics,Smartphones,Loreal,S0081,1000.92,1341.31,Active
P01682,SKU-01682,HP Accessorie 1682,Electronics,Accessories,HP,S0117,1017.88,5.66,Active
P01683,SKU-01683,Loreal Smartphone 1683,Electronics,Smartphones,Loreal,S0400,1563.09,169.8,Active
P01684,SKU-01684,HP Laptop 1684,Electronics,Laptops,HP,S0185,1878.76,418.15,Active
P01685,SKU-01685,Loreal Accessorie 1685,Electronics,Accessories,Loreal,S0194,798.71,298.35,Active
P01686,SKU-01686,LG Accessorie 1686,Electronics,Accessories,LG,S0445,1706.82,702.17,Active
P01687,SKU-01687,Philips Laptop 1687,Electronics,Laptops,Philips,S0135,420.25,674.73,Active
P01688,SKU-01688,Sony Smartphone 1688,Electronics,Smartphones,Sony,S0465,598.25,1400.67,Active
P01689,SKU-01689,Sony Smartphone 1689,Electronics,Smartphones,Sony,S0140,491.38,1434.78,Active
P01690,SKU-01690,Philips Laptop 1690,Electronics,Laptops,Philips,S0345,12.28,282.67,Active
P01691,SKU-01691,Nike Accessorie 1691,Electronics,Accessories,Nike,S0377,949.39,932.57,Active
P01692,SKU-01692,Samsung Laptop 1692,Electronics,Laptops,Samsung,S0047,1181.97,179.34,Active
P01693,SKU-01693,Loreal Accessorie 1693,Electronics,Accessories,Loreal,S0315,1242.01,1433.7,Active
P01694,SKU-01694,Nike Laptop 1694,Electronics,Laptops,Nike,S0472,134.46,762.43,Active
P01695,SKU-01695,Sony Laptop 1695,Electronics,Laptops,Sony,S0434,720.42,1242.24,Active
P01696,SKU-01696,Adidas Smartphone 1696,Electronics,Smartphones,Adidas,S0368,1531.88,293.69,Active
P01697,SKU-01697,Samsung Laptop 1697,Electronics,Laptops,Samsung,S0012,1407.48,1011.6,Active
P01698,SKU-01698,Loreal Accessorie 1698,Electronics,Accessories,Loreal,S0031,227.79,354.68,Active
P01699,SKU-01699,HP Accessorie 1699,Electronics,Accessories,HP,S0014,1857.97,241.23,Active
P01700,SKU-01700,Nike Laptop 1700,Electronics,Laptops,Nike,S0180,239.43,70.94,Active
P01701,SKU-01701,HP Accessorie 1701,Electronics,Accessories,HP,S0392,1783.0,126.94,Active
P01702,SKU-01702,Samsung Laptop 1702,Electronics,Laptops,Samsung,S0025,547.43,204.28,Active
P01703,SKU-01703,Nike Smartphone 1703,Electronics,Smartphones,Nike,S0176,275.98,662.67,Active
P01704,SKU-01704,Samsung Accessorie 1704,Electronics,Accessories,Samsung,S0128,515.29,1350.48,Active
P01705,SKU-01705,Adidas Smartphone 1705,Electronics,Smartphones,Adidas,S0361,1169.88,626.66,Active
P01706,SKU-01706,Sony Laptop 1706,Electronics,Laptops,Sony,S0426,229.39,297.27,Active
P01707,SKU-01707,Loreal Accessorie 1707,Electronics,Accessories,Loreal,S0070,1437.22,1038.66,Active
P01708,SKU-01708,Loreal Accessorie 1708,Electronics,Accessories,Loreal,S0276,740.49,145.64,Active
P01709,SKU-01709,LG Smartphone 1709,Electronics,Smartphones,LG,S0012,378.71,98.29,Active
P01710,SKU-01710,Dell Accessorie 1710,Electronics,Accessories,Dell,S0128,345.66,877.3,Active
P01711,SKU-01711,Dell Accessorie 1711,Electronics,Accessories,Dell,S0367,655.77,822.75,Active
P01712,SKU-01712,Sony Accessorie 1712,Electronics,Accessories,Sony,S0055,1340.15,1203.13,Active
P01713,SKU-01713,Loreal Accessorie 1713,Electronics,Accessories,Loreal,S0483,1040.91,556.27,Active
P01714,SKU-01714,Nike Smartphone 1714,Electronics,Smartphones,Nike,S0429,1321.18,874.49,Active
P01715,SKU-01715,Loreal Smartphone 1715,Electronics,Smartphones,Loreal,S0459,410.9,462.15,Active
P01716,SKU-01716,LG Accessorie 1716,Electronics,Accessories,LG,S0418,1262.36,243.52,Active
P01717,SKU-01717,HP Smartphone 1717,Electronics,Smartphones,HP,S0088,794.05,1057.09,Active
P01718,SKU-01718,LG Smartphone 1718,Electronics,Smartphones,LG,S0151,236.04,658.87,Active
P01719,SKU-01719,HP Smartphone 1719,Electronics,Smartphones,HP,S0377,1677.0,904.53,Active
P01720,SKU-01720,Philips Smartphone 1720,Electronics,Smartphones,Philips,S0389,1903.03,559.28,Active
P01721,SKU-01721,Adidas Smartphone 1721,Electronics,Smartphones,Adidas,S0017,1666.68,1152.86,Active
P01722,SKU-01722,Loreal Smartphone 1722,Electronics,Smartphones,Loreal,S0191,688.85,748.33,Active
P01723,SKU-01723,Sony Smartphone 1723,Electronics,Smartphones,Sony,S0215,1462.16,297.27,Active
P01724,SKU-01724,Sony Laptop 1724,Electronics,Laptops,Sony,S0060,1264.72,1067.15,Active
P01725,SKU-01725,Nike Accessorie 1725,Electronics,Accessories,Nike,S0025,275.58,335.1,Active
P01726,SKU-01726,Dell Smartphone 1726,Electronics,Smartphones,Dell,S0364,1623.95,433.73,Active
P01727,SKU-01727,Sony Smartphone 1727,Electronics,Smartphones,Sony,S0161,14.91,595.13,Active
P01728,SKU-01728,Dell Smartphone 1728,Electronics,Smartphones,Dell,S0153,1051.85,1002.55,Active
P01729,SKU-01729,HP Accessorie 1729,Electronics,Accessories,HP,S0438,948.59,940.18,Active
P01730,SKU-01730,Nike Laptop 1730,Electronics,Laptops,Nike,S0161,989.61,1037.06,Active
P01731,SKU-01731,Philips Laptop 1731,Electronics,Laptops,Philips,S0327,679.91,1166.37,Active
P01732,SKU-01732,Philips Accessorie 1732,Electronics,Accessories,Philips,S0211,169.92,1235.41,Active
P01733,SKU-01733,Samsung Smartphone 1733,Electronics,Smartphones,Samsung,S0127,382.61,623.02,Active
P01734,SKU-01734,Apple Laptop 1734,Electronics,Laptops,Apple,S0095,1761.34,1228.6,Active
P01735,SKU-01735,Nike Accessorie 1735,Electronics,Accessories,Nike,S0297,964.16,509.45,Active
P01736,SKU-01736,HP Accessorie 1736,Electronics,Accessories,HP,S0301,589.12,445.56,Active
P01737,SKU-01737,Loreal Accessorie 1737,Electronics,Accessories,Loreal,S0069,421.36,1235.36,Active
P01738,SKU-01738,Loreal Accessorie 1738,Electronics,Accessories,Loreal,S0021,1034.19,280.56,Active
P01739,SKU-01739,Dell Smartphone 1739,Electronics,Smartphones,Dell,S0433,1149.24,656.64,Active
P01740,SKU-01740,Sony Accessorie 1740,Electronics,Accessories,Sony,S0103,905.67,1087.33,Active
P01741,SKU-01741,Adidas Accessorie 1741,Electronics,Accessories,Adidas,S0195,933.65,810.66,Active
P01742,SKU-01742,HP Accessorie 1742,Electronics,Accessories,HP,S0465,96.03,1455.29,Active
P01743,SKU-01743,Nike Smartphone 1743,Electronics,Smartphones,Nike,S0449,77.1,764.11,Active
P01744,SKU-01744,Loreal Smartphone 1744,Electronics,Smartphones,Loreal,S0318,1225.0,328.05,Active
P01745,SKU-01745,HP Accessorie 1745,Electronics,Accessories,HP,S0355,861.13,195.92,Active
P01746,SKU-01746,Loreal Laptop 1746,Electronics,Laptops,Loreal,S0424,882.1,120.34,Active
P01747,SKU-01747,Apple Smartphone 1747,Electronics,Smartphones,Apple,S0338,23.33,734.58,Active
P01748,SKU-01748,Loreal Laptop 1748,Electronics,Laptops,Loreal,S0157,859.97,1049.56,Active
P01749,SKU-01749,Apple Accessorie 1749,Electronics,Accessories,Apple,S0289,814.15,739.89,Active
P01750,SKU-01750,Nike Laptop 1750,Electronics,Laptops,Nike,S0356,1417.49,141.96,Active
P01751,SKU-01751,Adidas Laptop 1751,Electronics,Laptops,Adidas,S0162,1881.44,1111.54,Active
P01752,SKU-01752,Samsung Accessorie 1752,Electronics,Accessories,Samsung,S0475,1492.15,269.25,Active
P01753,SKU-01753,Dell Smartphone 1753,Electronics,Smartphones,Dell,S0033,435.44,905.85,Active
P01754,SKU-01754,Apple Accessorie 1754,Electronics,Accessories,Apple,S0460,665.7,1176.62,Active
P01755,SKU-01755,Dell Laptop 1755,Electronics,Laptops,Dell,S0258,1135.62,484.17,Active
P01756,SKU-01756,LG Smartphone 1756,Electronics,Smartphones,LG,S0448,979.99,298.87,Active
P01757,SKU-01757,Nike Accessorie 1757,Electronics,Accessories,Nike,S0123,915.48,313.97,Active
P01758,SKU-01758,Adidas Laptop 1758,Electronics,Laptops,Adidas,S0101,1407.86,1164.17,Active
P01759,SKU-01759,Apple Accessorie 1759,Electronics,Accessories,Apple,S0139,169.18,1059.7,Active
P01760,SKU-01760,Apple Accessorie 1760,Electronics,Accessories,Apple,S0387,157.22,271.98,Active
P01761,SKU-01761,Philips Laptop 1761,Electronics,Laptops,Philips,S0160,1384.98,909.24,Active
P01762,SKU-01762,Philips Accessorie 1762,Electronics,Accessories,Philips,S0143,1402.62,1091.28,Active
P01763,SKU-01763,Adidas Laptop 1763,Electronics,Laptops,Adidas,S0224,803.2,151.23,Active
P01764,SKU-01764,Nike Smartphone 1764,Electronics,Smartphones,Nike,S0291,162.76,182.76,Active
P01765,SKU-01765,Apple Laptop 1765,Electronics,Laptops,Apple,S0098,401.88,535.66,Active
P01766,SKU-01766,LG Laptop 1766,Electronics,Laptops,LG,S0075,1409.6,904.48,Active
P01767,SKU-01767,Adidas Accessorie 1767,Electronics,Accessories,Adidas,S0059,1024.63,421.63,Active
P01768,SKU-01768,Loreal Smartphone 1768,Electronics,Smartphones,Loreal,S0065,1274.55,1481.57,Active
P01769,SKU-01769,Sony Laptop 1769,Electronics,Laptops,Sony,S0331,345.92,1279.72,Active
P01770,SKU-01770,Apple Accessorie 1770,Electronics,Accessories,Apple,S0449,778.48,1396.6,Active
P01771,SKU-01771,Loreal Laptop 1771,Electronics,Laptops,Loreal,S0265,1665.78,1080.57,Active
P01772,SKU-01772,Philips Smartphone 1772,Electronics,Smartphones,Philips,S0103,1556.74,424.54,Active
P01773,SKU-01773,Samsung Accessorie 1773,Electronics,Accessories,Samsung,S0012,1597.1,1336.9,Active
P01774,SKU-01774,Philips Laptop 1774,Electronics,Laptops,Philips,S0394,569.39,631.49,Active
P01775,SKU-01775,HP Accessorie 1775,Electronics,Accessories,HP,S0218,236.31,674.87,Active
P01776,SKU-01776,Sony Accessorie 1776,Electronics,Accessories,Sony,S0353,149.15,972.95,Active
P01777,SKU-01777,Nike Accessorie 1777,Electronics,Accessories,Nike,S0145,445.55,195.46,Active
P01778,SKU-01778,Loreal Accessorie 1778,Electronics,Accessories,Loreal,S0374,1522.19,1249.22,Active
P01779,SKU-01779,Loreal Smartphone 1779,Electronics,Smartphones,Loreal,S0052,1859.07,1219.56,Active
P01780,SKU-01780,Sony Smartphone 1780,Electronics,Smartphones,Sony,S0195,853.48,432.97,Active
P01781,SKU-01781,Philips Accessorie 1781,Electronics,Accessories,Philips,S0439,1140.69,188.15,Active
P01782,SKU-01782,Adidas Laptop 1782,Electronics,Laptops,Adidas,S0059,759.97,1479.41,Active
P01783,SKU-01783,Nike Smartphone 1783,Electronics,Smartphones,Nike,S0028,138.64,1241.52,Active
P01784,SKU-01784,Nike Smartphone 1784,Electronics,Smartphones,Nike,S0486,1263.19,1428.27,Active
P01785,SKU-01785,Loreal Laptop 1785,Electronics,Laptops,Loreal,S0234,1396.24,695.88,Active
P01786,SKU-01786,Sony Laptop 1786,Electronics,Laptops,Sony,S0424,773.57,568.62,Active
P01787,SKU-01787,Dell Laptop 1787,Electronics,Laptops,Dell,S0022,1216.75,681.68,Active
P01788,SKU-01788,LG Smartphone 1788,Electronics,Smartphones,LG,S0018,1952.33,1132.47,Active
P01789,SKU-01789,HP Laptop 1789,Electronics,Laptops,HP,S0251,595.93,754.69,Active
P01790,SKU-01790,Sony Laptop 1790,Electronics,Laptops,Sony,S0155,1636.36,829.97,Active
P01791,SKU-01791,Adidas Laptop 1791,Electronics,Laptops,Adidas,S0203,105.46,1400.85,Active
P01792,SKU-01792,Philips Smartphone 1792,Electronics,Smartphones,Philips,S0454,1047.24,221.64,Active
P01793,SKU-01793,Philips Accessorie 1793,Electronics,Accessories,Philips,S0028,852.85,1447.18,Active
P01794,SKU-01794,Philips Laptop 1794,Electronics,Laptops,Philips,S0490,1284.71,817.33,Active
P01795,SKU-01795,HP Smartphone 1795,Electronics,Smartphones,HP,S0192,1118.65,1229.9,Active
P01796,SKU-01796,Samsung Accessorie 1796,Electronics,Accessories,Samsung,S0380,755.01,991.94,Active
P01797,SKU-01797,Philips Accessorie 1797,Electronics,Accessories,Philips,S0136,708.22,316.84,Active
P01798,SKU-01798,Apple Laptop 1798,Electronics,Laptops,Apple,S0164,1466.63,577.1,Active
P01799,SKU-01799,Apple Accessorie 1799,Electronics,Accessories,Apple,S0388,1214.99,294.28,Active
P01800,SKU-01800,Apple Laptop 1800,Electronics,Laptops,Apple,S0405,265.84,1075.07,Active
P01801,SKU-01801,Apple Laptop 1801,Electronics,Laptops,Apple,S0232,123.9,122.38,Active
P01802,SKU-01802,Nike Laptop 1802,Electronics,Laptops,Nike,S0049,586.38,398.97,Active
P01803,SKU-01803,Samsung Laptop 1803,Electronics,Laptops,Samsung,S0449,1090.08,474.33,Active
P01804,SKU-01804,LG Smartphone 1804,Electronics,Smartphones,LG,S0264,817.24,1060.85,Active
P01805,SKU-01805,Apple Smartphone 1805,Electronics,Smartphones,Apple,S0174,1943.84,578.72,Active
P01806,SKU-01806,Dell Accessorie 1806,Electronics,Accessories,Dell,S0312,1684.9,698.76,Active
P01807,SKU-01807,Apple Smartphone 1807,Electronics,Smartphones,Apple,S0309,759.15,1032.5,Active
P01808,SKU-01808,Adidas Accessorie 1808,Electronics,Accessories,Adidas,S0188,1479.58,792.51,Active
P01809,SKU-01809,Samsung Accessorie 1809,Electronics,Accessories,Samsung,S0191,84.51,1411.77,Active
P01810,SKU-01810,Apple Laptop 1810,Electronics,Laptops,Apple,S0326,264.51,708.03,Active
P01811,SKU-01811,Loreal Smartphone 1811,Electronics,Smartphones,Loreal,S0385,518.52,527.59,Active
P01812,SKU-01812,Philips Accessorie 1812,Electronics,Accessories,Philips,S0247,695.37,378.21,Active
P01813,SKU-01813,Adidas Accessorie 1813,Electronics,Accessories,Adidas,S0350,1738.42,605.45,Active
P01814,SKU-01814,Dell Accessorie 1814,Electronics,Accessories,Dell,S0327,1597.76,688.92,Active
P01815,SKU-01815,Loreal Smartphone 1815,Electronics,Smartphones,Loreal,S0141,339.6,1090.18,Active
P01816,SKU-01816,Adidas Accessorie 1816,Electronics,Accessories,Adidas,S0132,1544.21,292.75,Active
P01817,SKU-01817,Adidas Smartphone 1817,Electronics,Smartphones,Adidas,S0099,1377.75,1115.92,Active
P01818,SKU-01818,Dell Smartphone 1818,Electronics,Smartphones,Dell,S0230,1204.54,702.54,Active
P01819,SKU-01819,Dell Laptop 1819,Electronics,Laptops,Dell,S0390,263.77,209.8,Active
P01820,SKU-01820,Sony Laptop 1820,Electronics,Laptops,Sony,S0091,1253.6,1348.52,Active
P01821,SKU-01821,Sony Smartphone 1821,Electronics,Smartphones,Sony,S0211,211.68,1178.95,Active
P01822,SKU-01822,Apple Smartphone 1822,Electronics,Smartphones,Apple,S0463,1998.06,57.65,Active
P01823,SKU-01823,LG Smartphone 1823,Electronics,Smartphones,LG,S0469,1007.71,550.5,Active
P01824,SKU-01824,Nike Smartphone 1824,Electronics,Smartphones,Nike,S0302,278.93,175.14,Active
P01825,SKU-01825,Nike Laptop 1825,Electronics,Laptops,Nike,S0200,542.02,596.19,Active
P01826,SKU-01826,HP Accessorie 1826,Electronics,Accessories,HP,S0128,1385.05,735.78,Active
P01827,SKU-01827,LG Smartphone 1827,Electronics,Smartphones,LG,S0396,1914.28,127.23,Active
P01828,SKU-01828,HP Smartphone 1828,Electronics,Smartphones,HP,S0020,1113.9,308.35,Active
P01829,SKU-01829,LG Laptop 1829,Electronics,Laptops,LG,S0385,966.65,879.3,Active
P01830,SKU-01830,Loreal Accessorie 1830,Electronics,Accessories,Loreal,S0199,1576.3,270.4,Active
P01831,SKU-01831,Samsung Laptop 1831,Electronics,Laptops,Samsung,S0090,1320.11,1348.91,Active
P01832,SKU-01832,Philips Accessorie 1832,Electronics,Accessories,Philips,S0115,1981.38,524.9,Active
P01833,SKU-01833,Samsung Laptop 1833,Electronics,Laptops,Samsung,S0364,1413.93,447.3,Active
P01834,SKU-01834,Adidas Accessorie 1834,Electronics,Accessories,Adidas,S0472,1180.28,187.47,Active
P01835,SKU-01835,Samsung Accessorie 1835,Electronics,Accessories,Samsung,S0402,594.88,334.81,Active
P01836,SKU-01836,Adidas Accessorie 1836,Electronics,Accessories,Adidas,S0257,1544.94,170.04,Active
P01837,SKU-01837,Dell Accessorie 1837,Electronics,Accessories,Dell,S0289,1038.91,1151.09,Active
P01838,SKU-01838,Philips Smartphone 1838,Electronics,Smartphones,Philips,S0002,1494.1,99.26,Active
P01839,SKU-01839,LG Laptop 1839,Electronics,Laptops,LG,S0024,1829.42,1397.23,Active
P01840,SKU-01840,Sony Accessorie 1840,Electronics,Accessories,Sony,S0082,1936.7,130.64,Active
P01841,SKU-01841,Apple Laptop 1841,Electronics,Laptops,Apple,S0324,990.5,1443.39,Active
P01842,SKU-01842,Apple Smartphone 1842,Electronics,Smartphones,Apple,S0381,789.91,49.54,Active
P01843,SKU-01843,Apple Laptop 1843,Electronics,Laptops,Apple,S0286,1653.18,1337.5,Active
P01844,SKU-01844,Philips Laptop 1844,Electronics,Laptops,Philips,S0184,713.86,109.24,Active
P01845,SKU-01845,Dell Smartphone 1845,Electronics,Smartphones,Dell,S0454,17.64,1153.1,Active
P01846,SKU-01846,Adidas Laptop 1846,Electronics,Laptops,Adidas,S0306,1745.87,1363.43,Active
P01847,SKU-01847,HP Smartphone 1847,Electronics,Smartphones,HP,S0451,998.38,674.27,Active
P01848,SKU-01848,Adidas Laptop 1848,Electronics,Laptops,Adidas,S0471,203.18,1092.45,Active
P01849,SKU-01849,Dell Smartphone 1849,Electronics,Smartphones,Dell,S0274,1901.45,475.98,Active
P01850,SKU-01850,Adidas Smartphone 1850,Electronics,Smartphones,Adidas,S0290,87.49,1066.97,Active
P01851,SKU-01851,Sony Smartphone 1851,Electronics,Smartphones,Sony,S0187,1818.32,459.68,Active
P01852,SKU-01852,Sony Laptop 1852,Electronics,Laptops,Sony,S0192,90.76,92.71,Active
P01853,SKU-01853,Nike Smartphone 1853,Electronics,Smartphones,Nike,S0500,1687.58,1324.85,Active
P01854,SKU-01854,HP Smartphone 1854,Electronics,Smartphones,HP,S0290,1724.25,509.42,Active
P01855,SKU-01855,LG Laptop 1855,Electronics,Laptops,LG,S0077,1827.35,1267.17,Active
P01856,SKU-01856,HP Laptop 1856,Electronics,Laptops,HP,S0021,1830.41,1128.67,Active
P01857,SKU-01857,Adidas Accessorie 1857,Electronics,Accessories,Adidas,S0103,225.97,800.23,Active
P01858,SKU-01858,Philips Smartphone 1858,Electronics,Smartphones,Philips,S0366,1085.22,580.84,Active
P01859,SKU-01859,Adidas Accessorie 1859,Electronics,Accessories,Adidas,S0202,594.43,920.27,Active
P01860,SKU-01860,Dell Smartphone 1860,Electronics,Smartphones,Dell,S0374,249.85,1455.22,Active
P01861,SKU-01861,HP Smartphone 1861,Electronics,Smartphones,HP,S0166,1149.88,422.77,Active
P01862,SKU-01862,Apple Smartphone 1862,Electronics,Smartphones,Apple,S0107,1383.93,1022.68,Active
P01863,SKU-01863,Loreal Smartphone 1863,Electronics,Smartphones,Loreal,S0254,567.73,274.01,Active
P01864,SKU-01864,Nike Laptop 1864,Electronics,Laptops,Nike,S0191,445.98,322.39,Active
P01865,SKU-01865,Loreal Laptop 1865,Electronics,Laptops,Loreal,S0274,94.4,157.2,Active
P01866,SKU-01866,Adidas Laptop 1866,Electronics,Laptops,Adidas,S0011,272.28,1204.01,Active
P01867,SKU-01867,LG Laptop 1867,Electronics,Laptops,LG,S0146,1906.43,981.86,Active
P01868,SKU-01868,HP Laptop 1868,Electronics,Laptops,HP,S0001,1512.74,1252.19,Active
P01869,SKU-01869,Dell Laptop 1869,Electronics,Laptops,Dell,S0328,1130.14,243.07,Active
P01870,SKU-01870,HP Smartphone 1870,Electronics,Smartphones,HP,S0378,1882.73,589.12,Active
P01871,SKU-01871,Dell Laptop 1871,Electronics,Laptops,Dell,S0244,819.95,333.05,Active
P01872,SKU-01872,HP Accessorie 1872,Electronics,Accessories,HP,S0317,1736.3,1304.73,Active
P01873,SKU-01873,Loreal Laptop 1873,Electronics,Laptops,Loreal,S0439,1362.82,779.75,Active
P01874,SKU-01874,Sony Smartphone 1874,Electronics,Smartphones,Sony,S0083,1159.2,1332.1,Active
P01875,SKU-01875,Adidas Smartphone 1875,Electronics,Smartphones,Adidas,S0399,1847.42,477.71,Active
P01876,SKU-01876,Adidas Laptop 1876,Electronics,Laptops,Adidas,S0399,1829.52,17.9,Active
P01877,SKU-01877,Nike Smartphone 1877,Electronics,Smartphones,Nike,S0243,1803.1,1172.12,Active
P01878,SKU-01878,Samsung Laptop 1878,Electronics,Laptops,Samsung,S0220,97.35,927.6,Active
P01879,SKU-01879,Dell Laptop 1879,Electronics,Laptops,Dell,S0185,866.03,437.22,Active
P01880,SKU-01880,Dell Smartphone 1880,Electronics,Smartphones,Dell,S0489,1246.47,524.42,Active
P01881,SKU-01881,Nike Laptop 1881,Electronics,Laptops,Nike,S0018,1539.0,574.38,Active
P01882,SKU-01882,Philips Laptop 1882,Electronics,Laptops,Philips,S0471,374.86,606.17,Active
P01883,SKU-01883,Apple Laptop 1883,Electronics,Laptops,Apple,S0157,1572.77,1406.32,Active
P01884,SKU-01884,LG Smartphone 1884,Electronics,Smartphones,LG,S0191,1658.07,633.01,Active
P01885,SKU-01885,HP Laptop 1885,Electronics,Laptops,HP,S0359,1028.06,776.58,Active
P01886,SKU-01886,Apple Accessorie 1886,Electronics,Accessories,Apple,S0096,1688.55,320.3,Active
P01887,SKU-01887,Sony Smartphone 1887,Electronics,Smartphones,Sony,S0273,916.99,499.18,Active
P01888,SKU-01888,Philips Laptop 1888,Electronics,Laptops,Philips,S0434,74.06,1174.99,Active
P01889,SKU-01889,Dell Accessorie 1889,Electronics,Accessories,Dell,S0160,50.19,516.73,Active
P01890,SKU-01890,Adidas Laptop 1890,Electronics,Laptops,Adidas,S0146,663.82,567.07,Active
P01891,SKU-01891,Loreal Laptop 1891,Electronics,Laptops,Loreal,S0167,995.91,1101.98,Active
P01892,SKU-01892,Philips Laptop 1892,Electronics,Laptops,Philips,S0030,1145.87,1485.35,Active
P01893,SKU-01893,Adidas Accessorie 1893,Electronics,Accessories,Adidas,S0015,1588.27,277.61,Active
P01894,SKU-01894,Nike Smartphone 1894,Electronics,Smartphones,Nike,S0281,1824.62,1355.88,Active
P01895,SKU-01895,LG Smartphone 1895,Electronics,Smartphones,LG,S0075,385.32,1179.6,Active
P01896,SKU-01896,Nike Accessorie 1896,Electronics,Accessories,Nike,S0355,524.26,378.45,Active
P01897,SKU-01897,Dell Accessorie 1897,Electronics,Accessories,Dell,S0430,1396.32,996.67,Active
P01898,SKU-01898,Philips Accessorie 1898,Electronics,Accessories,Philips,S0327,138.69,211.37,Active
P01899,SKU-01899,Sony Accessorie 1899,Electronics,Accessories,Sony,S0196,1147.53,788.49,Active
P01900,SKU-01900,Philips Accessorie 1900,Electronics,Accessories,Philips,S0024,1196.54,341.09,Active
P01901,SKU-01901,HP Laptop 1901,Electronics,Laptops,HP,S0037,115.16,18.93,Active
P01902,SKU-01902,LG Accessorie 1902,Electronics,Accessories,LG,S0392,1056.13,460.98,Active
P01903,SKU-01903,Apple Smartphone 1903,Electronics,Smartphones,Apple,S0088,796.29,1467.51,Active
P01904,SKU-01904,Sony Laptop 1904,Electronics,Laptops,Sony,S0460,275.96,10.05,Active
P01905,SKU-01905,Apple Laptop 1905,Electronics,Laptops,Apple,S0195,845.12,84.3,Active
P01906,SKU-01906,Nike Accessorie 1906,Electronics,Accessories,Nike,S0349,1536.62,1397.14,Active
P01907,SKU-01907,Adidas Laptop 1907,Electronics,Laptops,Adidas,S0002,506.2,1064.28,Active
P01908,SKU-01908,Philips Accessorie 1908,Electronics,Accessories,Philips,S0096,1231.88,93.99,Active
P01909,SKU-01909,Nike Accessorie 1909,Electronics,Accessories,Nike,S0395,558.34,790.72,Active
P01910,SKU-01910,HP Smartphone 1910,Electronics,Smartphones,HP,S0454,44.17,784.14,Active
P01911,SKU-01911,Samsung Laptop 1911,Electronics,Laptops,Samsung,S0189,781.65,646.84,Active
P01912,SKU-01912,Nike Smartphone 1912,Electronics,Smartphones,Nike,S0418,387.22,838.99,Active
P01913,SKU-01913,Adidas Laptop 1913,Electronics,Laptops,Adidas,S0249,663.22,257.57,Active
P01914,SKU-01914,LG Smartphone 1914,Electronics,Smartphones,LG,S0500,61.03,143.81,Active
P01915,SKU-01915,Dell Smartphone 1915,Electronics,Smartphones,Dell,S0122,1750.67,22.29,Active
P01916,SKU-01916,Dell Laptop 1916,Electronics,Laptops,Dell,S0091,99.16,321.38,Active
P01917,SKU-01917,Nike Accessorie 1917,Electronics,Accessories,Nike,S0281,130.61,956.36,Active
P01918,SKU-01918,Sony Accessorie 1918,Electronics,Accessories,Sony,S0023,1410.83,134.88,Active
P01919,SKU-01919,Dell Laptop 1919,Electronics,Laptops,Dell,S0216,1086.68,937.6,Active
P01920,SKU-01920,Adidas Smartphone 1920,Electronics,Smartphones,Adidas,S0403,104.05,733.15,Active
P01921,SKU-01921,Nike Smartphone 1921,Electronics,Smartphones,Nike,S0368,825.57,231.17,Active
P01922,SKU-01922,Sony Accessorie 1922,Electronics,Accessories,Sony,S0483,378.13,346.18,Active
P01923,SKU-01923,Apple Laptop 1923,Electronics,Laptops,Apple,S0243,1709.35,1201.36,Active
P01924,SKU-01924,Adidas Smartphone 1924,Electronics,Smartphones,Adidas,S0395,1898.76,276.1,Active
P01925,SKU-01925,Dell Laptop 1925,Electronics,Laptops,Dell,S0261,684.99,367.42,Active
P01926,SKU-01926,Apple Laptop 1926,Electronics,Laptops,Apple,S0028,1762.86,366.12,Active
P01927,SKU-01927,Dell Laptop 1927,Electronics,Laptops,Dell,S0380,1419.05,1389.67,Active
P01928,SKU-01928,Loreal Accessorie 1928,Electronics,Accessories,Loreal,S0040,778.58,621.99,Active
P01929,SKU-01929,Loreal Laptop 1929,Electronics,Laptops,Loreal,S0370,1765.21,589.68,Active
P01930,SKU-01930,Adidas Laptop 1930,Electronics,Laptops,Adidas,S0064,824.04,1140.59,Active
P01931,SKU-01931,LG Accessorie 1931,Electronics,Accessories,LG,S0471,1733.48,1094.69,Active
P01932,SKU-01932,Samsung Accessorie 1932,Electronics,Accessories,Samsung,S0475,896.01,950.52,Active
P01933,SKU-01933,Loreal Laptop 1933,Electronics,Laptops,Loreal,S0380,1936.19,1320.69,Active
P01934,SKU-01934,Adidas Laptop 1934,Electronics,Laptops,Adidas,S0389,1398.42,584.86,Active
P01935,SKU-01935,LG Accessorie 1935,Electronics,Accessories,LG,S0130,779.97,758.74,Active
P01936,SKU-01936,Dell Smartphone 1936,Electronics,Smartphones,Dell,S0289,1745.62,1072.56,Active
P01937,SKU-01937,Loreal Smartphone 1937,Electronics,Smartphones,Loreal,S0032,629.03,482.79,Active
P01938,SKU-01938,Apple Laptop 1938,Electronics,Laptops,Apple,S0212,666.92,757.11,Active
P01939,SKU-01939,HP Laptop 1939,Electronics,Laptops,HP,S0490,1935.23,203.1,Active
P01940,SKU-01940,Nike Smartphone 1940,Electronics,Smartphones,Nike,S0428,1270.48,520.18,Active
P01941,SKU-01941,Samsung Accessorie 1941,Electronics,Accessories,Samsung,S0073,1000.51,82.62,Active
P01942,SKU-01942,Nike Accessorie 1942,Electronics,Accessories,Nike,S0444,1873.37,119.96,Active
P01943,SKU-01943,Nike Smartphone 1943,Electronics,Smartphones,Nike,S0049,863.91,470.02,Active
P01944,SKU-01944,LG Smartphone 1944,Electronics,Smartphones,LG,S0283,723.4,192.18,Active
P01945,SKU-01945,Sony Accessorie 1945,Electronics,Accessories,Sony,S0426,1591.28,1425.27,Active
P01946,SKU-01946,HP Accessorie 1946,Electronics,Accessories,HP,S0244,289.51,259.08,Active
P01947,SKU-01947,Philips Smartphone 1947,Electronics,Smartphones,Philips,S0468,1396.14,1064.57,Active
P01948,SKU-01948,Adidas Smartphone 1948,Electronics,Smartphones,Adidas,S0416,1077.86,1352.95,Active
P01949,SKU-01949,LG Accessorie 1949,Electronics,Accessories,LG,S0338,1969.09,1050.41,Active
P01950,SKU-01950,Samsung Accessorie 1950,Electronics,Accessories,Samsung,S0128,1871.16,305.81,Active
P01951,SKU-01951,Sony Laptop 1951,Electronics,Laptops,Sony,S0176,1738.0,1414.53,Active
P01952,SKU-01952,Sony Accessorie 1952,Electronics,Accessories,Sony,S0274,1935.27,255.01,Active
P01953,SKU-01953,Loreal Laptop 1953,Electronics,Laptops,Loreal,S0454,1208.26,271.1,Active
P01954,SKU-01954,Sony Smartphone 1954,Electronics,Smartphones,Sony,S0175,613.87,1373.66,Active
P01955,SKU-01955,Nike Accessorie 1955,Electronics,Accessories,Nike,S0131,646.25,754.36,Active
P01956,SKU-01956,Samsung Laptop 1956,Electronics,Laptops,Samsung,S0237,1074.86,160.86,Active
P01957,SKU-01957,HP Accessorie 1957,Electronics,Accessories,HP,S0148,1931.78,726.56,Active
P01958,SKU-01958,LG Accessorie 1958,Electronics,Accessories,LG,S0074,1193.99,651.63,Active
P01959,SKU-01959,Apple Laptop 1959,Electronics,Laptops,Apple,S0441,1670.72,207.27,Active
P01960,SKU-01960,Adidas Accessorie 1960,Electronics,Accessories,Adidas,S0411,845.46,851.61,Active
P01961,SKU-01961,Adidas Smartphone 1961,Electronics,Smartphones,Adidas,S0194,855.67,1042.66,Active
P01962,SKU-01962,LG Accessorie 1962,Electronics,Accessories,LG,S0441,644.8,1415.7,Active
P01963,SKU-01963,Loreal Accessorie 1963,Electronics,Accessories,Loreal,S0006,1893.98,299.76,Active
P01964,SKU-01964,Adidas Smartphone 1964,Electronics,Smartphones,Adidas,S0391,132.89,295.23,Active
P01965,SKU-01965,Adidas Smartphone 1965,Electronics,Smartphones,Adidas,S0359,644.1,1442.91,Active
P01966,SKU-01966,HP Accessorie 1966,Electronics,Accessories,HP,S0349,1231.83,235.43,Active
P01967,SKU-01967,Adidas Laptop 1967,Electronics,Laptops,Adidas,S0304,93.76,1377.24,Active
P01968,SKU-01968,Apple Laptop 1968,Electronics,Laptops,Apple,S0239,302.97,969.36,Active
P01969,SKU-01969,Nike Smartphone 1969,Electronics,Smartphones,Nike,S0183,1778.98,1059.64,Active
P01970,SKU-01970,Sony Smartphone 1970,Electronics,Smartphones,Sony,S0450,607.34,1418.1,Active
P01971,SKU-01971,Samsung Accessorie 1971,Electronics,Accessories,Samsung,S0262,939.0,1304.84,Active
P01972,SKU-01972,Sony Smartphone 1972,Electronics,Smartphones,Sony,S0224,814.59,69.65,Active
P01973,SKU-01973,LG Accessorie 1973,Electronics,Accessories,LG,S0317,1668.21,422.15,Active
P01974,SKU-01974,Samsung Laptop 1974,Electronics,Laptops,Samsung,S0328,989.34,667.3,Active
P01975,SKU-01975,LG Laptop 1975,Electronics,Laptops,LG,S0476,954.75,1173.55,Active
P01976,SKU-01976,Apple Smartphone 1976,Electronics,Smartphones,Apple,S0088,1033.44,172.23,Active
P01977,SKU-01977,LG Accessorie 1977,Electronics,Accessories,LG,S0103,375.06,952.36,Active
P01978,SKU-01978,Philips Laptop 1978,Electronics,Laptops,Philips,S0184,1084.75,189.36,Active
P01979,SKU-01979,Philips Accessorie 1979,Electronics,Accessories,Philips,S0215,831.79,1205.19,Active
P01980,SKU-01980,Philips Laptop 1980,Electronics,Laptops,Philips,S0053,1896.69,1320.55,Active
P01981,SKU-01981,Adidas Laptop 1981,Electronics,Laptops,Adidas,S0332,840.76,1421.82,Active
P01982,SKU-01982,Nike Smartphone 1982,Electronics,Smartphones,Nike,S0452,734.56,441.2,Active
P01983,SKU-01983,Dell Accessorie 1983,Electronics,Accessories,Dell,S0199,574.93,1435.35,Active
P01984,SKU-01984,Sony Smartphone 1984,Electronics,Smartphones,Sony,S0131,409.76,18.44,Active
P01985,SKU-01985,Nike Laptop 1985,Electronics,Laptops,Nike,S0389,608.03,729.33,Active
P01986,SKU-01986,Adidas Accessorie 1986,Electronics,Accessories,Adidas,S0176,1916.5,155.75,Active
P01987,SKU-01987,Samsung Laptop 1987,Electronics,Laptops,Samsung,S0335,34.91,381.1,Active
P01988,SKU-01988,HP Smartphone 1988,Electronics,Smartphones,HP,S0137,548.46,429.45,Active
P01989,SKU-01989,Loreal Accessorie 1989,Electronics,Accessories,Loreal,S0107,863.5,707.71,Active
P01990,SKU-01990,Loreal Smartphone 1990,Electronics,Smartphones,Loreal,S0379,1494.25,481.96,Active
P01991,SKU-01991,Samsung Smartphone 1991,Electronics,Smartphones,Samsung,S0013,1501.6,1134.2,Active
P01992,SKU-01992,LG Accessorie 1992,Electronics,Accessories,LG,S0136,1004.65,1395.26,Active
P01993,SKU-01993,Nike Laptop 1993,Electronics,Laptops,Nike,S0114,933.41,368.64,Active
P01994,SKU-01994,Sony Smartphone 1994,Electronics,Smartphones,Sony,S0074,1727.28,540.26,Active
P01995,SKU-01995,LG Smartphone 1995,Electronics,Smartphones,LG,S0421,130.77,759.78,Active
P01996,SKU-01996,Philips Smartphone 1996,Electronics,Smartphones,Philips,S0357,810.67,1001.53,Active
P01997,SKU-01997,Apple Accessorie 1997,Electronics,Accessories,Apple,S0376,1975.08,956.69,Active
P01998,SKU-01998,Sony Laptop 1998,Electronics,Laptops,Sony,S0286,831.77,1475.26,Active
P01999,SKU-01999,Samsung Laptop 1999,Electronics,Laptops,Samsung,S0315,1837.03,521.24,Active
P02000,SKU-02000,Dell Accessorie 2000,Electronics,Accessories,Dell,S0090,705.1,1496.56,Active
P02001,SKU-02001,Dell Clothing 2001,Fashion,Clothing,Dell,S0040,154.58,1362.58,Active
P02002,SKU-02002,Apple Shoe 2002,Fashion,Shoes,Apple,S0037,552.76,595.14,Active
P02003,SKU-02003,Sony Shoe 2003,Fashion,Shoes,Sony,S0394,1846.9,135.11,Active
P02004,SKU-02004,HP Shoe 2004,Fashion,Shoes,HP,S0168,643.04,977.72,Active
P02005,SKU-02005,Apple Clothing 2005,Fashion,Clothing,Apple,S0117,166.65,1165.45,Active
P02006,SKU-02006,HP Clothing 2006,Fashion,Clothing,HP,S0188,1906.71,153.95,Active
P02007,SKU-02007,Samsung Shoe 2007,Fashion,Shoes,Samsung,S0148,88.84,1007.13,Active
P02008,SKU-02008,Dell Clothing 2008,Fashion,Clothing,Dell,S0224,1203.32,986.05,Active
P02009,SKU-02009,Dell Clothing 2009,Fashion,Clothing,Dell,S0170,622.23,819.42,Active
P02010,SKU-02010,Nike Clothing 2010,Fashion,Clothing,Nike,S0035,1408.95,118.19,Active
P02011,SKU-02011,LG Clothing 2011,Fashion,Clothing,LG,S0284,785.42,894.02,Active
P02012,SKU-02012,Samsung Clothing 2012,Fashion,Clothing,Samsung,S0198,1442.78,38.89,Active
P02013,SKU-02013,HP Clothing 2013,Fashion,Clothing,HP,S0287,1373.09,327.03,Active
P02014,SKU-02014,Loreal Clothing 2014,Fashion,Clothing,Loreal,S0051,521.32,1479.8,Active
P02015,SKU-02015,Samsung Clothing 2015,Fashion,Clothing,Samsung,S0466,1024.22,1298.89,Active
P02016,SKU-02016,Loreal Clothing 2016,Fashion,Clothing,Loreal,S0099,1033.67,926.81,Active
P02017,SKU-02017,Sony Clothing 2017,Fashion,Clothing,Sony,S0324,324.56,412.54,Active
P02018,SKU-02018,Samsung Clothing 2018,Fashion,Clothing,Samsung,S0491,800.02,761.46,Active
P02019,SKU-02019,Adidas Shoe 2019,Fashion,Shoes,Adidas,S0204,672.63,1193.55,Active
P02020,SKU-02020,Dell Shoe 2020,Fashion,Shoes,Dell,S0172,521.32,714.63,Active
P02021,SKU-02021,Sony Shoe 2021,Fashion,Shoes,Sony,S0478,45.93,1133.79,Active
P02022,SKU-02022,Adidas Clothing 2022,Fashion,Clothing,Adidas,S0090,442.55,979.61,Active
P02023,SKU-02023,Samsung Shoe 2023,Fashion,Shoes,Samsung,S0346,351.13,707.04,Active
P02024,SKU-02024,Samsung Clothing 2024,Fashion,Clothing,Samsung,S0031,1562.49,855.8,Active
P02025,SKU-02025,Sony Shoe 2025,Fashion,Shoes,Sony,S0185,1180.61,1088.26,Active
P02026,SKU-02026,Samsung Shoe 2026,Fashion,Shoes,Samsung,S0019,398.88,99.13,Active
P02027,SKU-02027,HP Clothing 2027,Fashion,Clothing,HP,S0075,1956.86,949.48,Active
P02028,SKU-02028,Sony Clothing 2028,Fashion,Clothing,Sony,S0223,1447.98,536.29,Active
P02029,SKU-02029,Apple Shoe 2029,Fashion,Shoes,Apple,S0372,788.2,1351.57,Active
P02030,SKU-02030,Nike Clothing 2030,Fashion,Clothing,Nike,S0349,1288.7,372.54,Active
P02031,SKU-02031,Loreal Clothing 2031,Fashion,Clothing,Loreal,S0317,197.93,1130.74,Active
P02032,SKU-02032,Philips Clothing 2032,Fashion,Clothing,Philips,S0458,103.82,356.71,Active
P02033,SKU-02033,Philips Clothing 2033,Fashion,Clothing,Philips,S0447,1547.68,1251.83,Active
P02034,SKU-02034,Adidas Clothing 2034,Fashion,Clothing,Adidas,S0115,674.16,350.95,Active
P02035,SKU-02035,Nike Shoe 2035,Fashion,Shoes,Nike,S0100,1054.74,557.66,Active
P02036,SKU-02036,Apple Clothing 2036,Fashion,Clothing,Apple,S0010,1868.68,938.0,Active
P02037,SKU-02037,Adidas Clothing 2037,Fashion,Clothing,Adidas,S0344,531.64,614.08,Active
P02038,SKU-02038,Philips Shoe 2038,Fashion,Shoes,Philips,S0047,1924.33,455.94,Active
P02039,SKU-02039,LG Shoe 2039,Fashion,Shoes,LG,S0339,922.71,158.54,Active
P02040,SKU-02040,Adidas Clothing 2040,Fashion,Clothing,Adidas,S0005,138.34,29.85,Active
P02041,SKU-02041,Samsung Shoe 2041,Fashion,Shoes,Samsung,S0233,367.71,951.94,Active
P02042,SKU-02042,Sony Shoe 2042,Fashion,Shoes,Sony,S0369,1213.59,679.4,Active
P02043,SKU-02043,Adidas Shoe 2043,Fashion,Shoes,Adidas,S0207,17.37,542.67,Active
P02044,SKU-02044,Sony Clothing 2044,Fashion,Clothing,Sony,S0438,652.86,1432.18,Active
P02045,SKU-02045,Samsung Shoe 2045,Fashion,Shoes,Samsung,S0100,1778.53,14.88,Active
P02046,SKU-02046,Adidas Clothing 2046,Fashion,Clothing,Adidas,S0473,814.41,642.68,Active
P02047,SKU-02047,Dell Clothing 2047,Fashion,Clothing,Dell,S0253,944.33,494.52,Active
P02048,SKU-02048,LG Shoe 2048,Fashion,Shoes,LG,S0371,999.76,1380.41,Active
P02049,SKU-02049,LG Shoe 2049,Fashion,Shoes,LG,S0073,510.84,1479.64,Active
P02050,SKU-02050,LG Shoe 2050,Fashion,Shoes,LG,S0341,1763.53,665.13,Active
P02051,SKU-02051,Loreal Clothing 2051,Fashion,Clothing,Loreal,S0061,647.43,910.54,Active
P02052,SKU-02052,Apple Shoe 2052,Fashion,Shoes,Apple,S0019,238.43,423.73,Active
P02053,SKU-02053,HP Shoe 2053,Fashion,Shoes,HP,S0426,868.35,365.86,Active
P02054,SKU-02054,Loreal Clothing 2054,Fashion,Clothing,Loreal,S0497,1033.42,21.2,Active
P02055,SKU-02055,Dell Clothing 2055,Fashion,Clothing,Dell,S0006,412.6,270.0,Active
P02056,SKU-02056,Philips Clothing 2056,Fashion,Clothing,Philips,S0263,1222.1,1040.02,Active
P02057,SKU-02057,Nike Clothing 2057,Fashion,Clothing,Nike,S0486,690.81,359.1,Active
P02058,SKU-02058,Samsung Clothing 2058,Fashion,Clothing,Samsung,S0060,1528.57,945.55,Active
P02059,SKU-02059,Dell Shoe 2059,Fashion,Shoes,Dell,S0227,1438.03,1136.37,Active
P02060,SKU-02060,Loreal Clothing 2060,Fashion,Clothing,Loreal,S0124,1045.78,277.48,Active
P02061,SKU-02061,Dell Shoe 2061,Fashion,Shoes,Dell,S0325,1849.02,134.31,Active
P02062,SKU-02062,Philips Shoe 2062,Fashion,Shoes,Philips,S0368,1818.38,1026.72,Active
P02063,SKU-02063,Samsung Shoe 2063,Fashion,Shoes,Samsung,S0074,496.83,706.26,Active
P02064,SKU-02064,Adidas Shoe 2064,Fashion,Shoes,Adidas,S0204,1511.71,98.94,Active
P02065,SKU-02065,Apple Clothing 2065,Fashion,Clothing,Apple,S0022,1784.19,1124.34,Active
P02066,SKU-02066,Apple Shoe 2066,Fashion,Shoes,Apple,S0222,1433.19,241.92,Active
P02067,SKU-02067,Samsung Shoe 2067,Fashion,Shoes,Samsung,S0406,257.78,1388.12,Active
P02068,SKU-02068,Nike Shoe 2068,Fashion,Shoes,Nike,S0101,930.49,596.49,Active
P02069,SKU-02069,Dell Shoe 2069,Fashion,Shoes,Dell,S0479,1216.92,668.74,Active
P02070,SKU-02070,Nike Clothing 2070,Fashion,Clothing,Nike,S0447,639.36,734.96,Active
P02071,SKU-02071,Adidas Clothing 2071,Fashion,Clothing,Adidas,S0004,889.65,195.99,Active
P02072,SKU-02072,Dell Shoe 2072,Fashion,Shoes,Dell,S0253,1847.04,269.1,Active
P02073,SKU-02073,Apple Clothing 2073,Fashion,Clothing,Apple,S0120,768.44,72.96,Active
P02074,SKU-02074,LG Clothing 2074,Fashion,Clothing,LG,S0159,1545.67,1077.72,Active
P02075,SKU-02075,Adidas Shoe 2075,Fashion,Shoes,Adidas,S0321,1903.77,1367.39,Active
P02076,SKU-02076,Apple Shoe 2076,Fashion,Shoes,Apple,S0030,330.22,1488.91,Active
P02077,SKU-02077,Samsung Shoe 2077,Fashion,Shoes,Samsung,S0296,1543.47,378.28,Active
P02078,SKU-02078,Apple Shoe 2078,Fashion,Shoes,Apple,S0255,590.7,1485.31,Active
P02079,SKU-02079,Philips Shoe 2079,Fashion,Shoes,Philips,S0354,505.99,175.16,Active
P02080,SKU-02080,Nike Shoe 2080,Fashion,Shoes,Nike,S0385,515.4,217.83,Active
P02081,SKU-02081,Loreal Clothing 2081,Fashion,Clothing,Loreal,S0038,1765.05,1270.25,Active
P02082,SKU-02082,Samsung Shoe 2082,Fashion,Shoes,Samsung,S0083,1733.03,1169.73,Active
P02083,SKU-02083,Sony Clothing 2083,Fashion,Clothing,Sony,S0206,641.44,532.38,Active
P02084,SKU-02084,Philips Shoe 2084,Fashion,Shoes,Philips,S0114,583.15,382.87,Active
P02085,SKU-02085,Dell Clothing 2085,Fashion,Clothing,Dell,S0007,195.64,932.22,Active
P02086,SKU-02086,LG Clothing 2086,Fashion,Clothing,LG,S0255,1388.08,1079.16,Active
P02087,SKU-02087,Apple Clothing 2087,Fashion,Clothing,Apple,S0461,1592.45,997.36,Active
P02088,SKU-02088,Apple Clothing 2088,Fashion,Clothing,Apple,S0449,1312.68,1083.13,Active
P02089,SKU-02089,Sony Clothing 2089,Fashion,Clothing,Sony,S0259,496.44,965.35,Active
P02090,SKU-02090,Apple Clothing 2090,Fashion,Clothing,Apple,S0334,1263.27,1269.81,Active
P02091,SKU-02091,Dell Shoe 2091,Fashion,Shoes,Dell,S0186,291.34,1216.11,Active
P02092,SKU-02092,HP Clothing 2092,Fashion,Clothing,HP,S0117,877.61,1359.87,Active
P02093,SKU-02093,Adidas Clothing 2093,Fashion,Clothing,Adidas,S0366,1167.99,701.78,Active
P02094,SKU-02094,Loreal Clothing 2094,Fashion,Clothing,Loreal,S0489,569.45,1280.79,Active
P02095,SKU-02095,Philips Clothing 2095,Fashion,Clothing,Philips,S0407,86.12,621.87,Active
P02096,SKU-02096,Adidas Shoe 2096,Fashion,Shoes,Adidas,S0135,560.27,601.73,Active
P02097,SKU-02097,Adidas Clothing 2097,Fashion,Clothing,Adidas,S0383,1613.97,128.82,Active
P02098,SKU-02098,Samsung Shoe 2098,Fashion,Shoes,Samsung,S0464,1723.1,924.82,Active
P02099,SKU-02099,LG Shoe 2099,Fashion,Shoes,LG,S0384,1578.46,1490.9,Active
P02100,SKU-02100,Philips Shoe 2100,Fashion,Shoes,Philips,S0324,1689.36,1173.01,Active
P02101,SKU-02101,Apple Shoe 2101,Fashion,Shoes,Apple,S0061,535.22,693.17,Active
P02102,SKU-02102,Apple Clothing 2102,Fashion,Clothing,Apple,S0013,1561.08,666.26,Active
P02103,SKU-02103,Nike Clothing 2103,Fashion,Clothing,Nike,S0379,466.47,1291.61,Active
P02104,SKU-02104,HP Clothing 2104,Fashion,Clothing,HP,S0118,12.74,413.04,Active
P02105,SKU-02105,Adidas Clothing 2105,Fashion,Clothing,Adidas,S0281,1995.35,251.87,Active
P02106,SKU-02106,Apple Shoe 2106,Fashion,Shoes,Apple,S0474,942.92,700.25,Active
P02107,SKU-02107,HP Clothing 2107,Fashion,Clothing,HP,S0306,512.65,423.27,Active
P02108,SKU-02108,Samsung Clothing 2108,Fashion,Clothing,Samsung,S0253,20.03,733.93,Active
P02109,SKU-02109,Sony Shoe 2109,Fashion,Shoes,Sony,S0048,526.73,885.68,Active
P02110,SKU-02110,HP Shoe 2110,Fashion,Shoes,HP,S0468,589.04,691.33,Active
P02111,SKU-02111,Philips Clothing 2111,Fashion,Clothing,Philips,S0010,1718.76,911.68,Active
P02112,SKU-02112,Nike Shoe 2112,Fashion,Shoes,Nike,S0408,395.79,1107.97,Active
P02113,SKU-02113,LG Shoe 2113,Fashion,Shoes,LG,S0284,209.43,900.75,Active
P02114,SKU-02114,Apple Shoe 2114,Fashion,Shoes,Apple,S0271,759.81,861.16,Active
P02115,SKU-02115,Philips Clothing 2115,Fashion,Clothing,Philips,S0249,1826.33,618.5,Active
P02116,SKU-02116,Dell Clothing 2116,Fashion,Clothing,Dell,S0339,362.35,181.81,Active
P02117,SKU-02117,Sony Clothing 2117,Fashion,Clothing,Sony,S0054,1850.53,139.58,Active
P02118,SKU-02118,Dell Clothing 2118,Fashion,Clothing,Dell,S0201,1022.98,779.64,Active
P02119,SKU-02119,HP Clothing 2119,Fashion,Clothing,HP,S0370,418.96,799.97,Active
P02120,SKU-02120,Sony Clothing 2120,Fashion,Clothing,Sony,S0301,1797.02,589.56,Active
P02121,SKU-02121,Loreal Shoe 2121,Fashion,Shoes,Loreal,S0181,1304.41,984.21,Active
P02122,SKU-02122,Apple Clothing 2122,Fashion,Clothing,Apple,S0392,813.64,566.52,Active
P02123,SKU-02123,Sony Shoe 2123,Fashion,Shoes,Sony,S0338,362.82,504.11,Active
P02124,SKU-02124,LG Clothing 2124,Fashion,Clothing,LG,S0094,1046.67,746.03,Active
P02125,SKU-02125,Sony Clothing 2125,Fashion,Clothing,Sony,S0068,765.39,945.68,Active
P02126,SKU-02126,Dell Clothing 2126,Fashion,Clothing,Dell,S0242,1776.3,859.14,Active
P02127,SKU-02127,Nike Shoe 2127,Fashion,Shoes,Nike,S0024,1036.92,597.85,Active
P02128,SKU-02128,HP Shoe 2128,Fashion,Shoes,HP,S0271,1759.92,1040.6,Active
P02129,SKU-02129,Adidas Clothing 2129,Fashion,Clothing,Adidas,S0193,169.63,639.51,Active
P02130,SKU-02130,LG Shoe 2130,Fashion,Shoes,LG,S0174,1139.6,39.97,Active
P02131,SKU-02131,LG Shoe 2131,Fashion,Shoes,LG,S0161,582.04,393.02,Active
P02132,SKU-02132,Nike Clothing 2132,Fashion,Clothing,Nike,S0038,59.4,98.82,Active
P02133,SKU-02133,Dell Clothing 2133,Fashion,Clothing,Dell,S0060,1805.58,174.43,Active
P02134,SKU-02134,Apple Clothing 2134,Fashion,Clothing,Apple,S0063,22.74,894.39,Active
P02135,SKU-02135,Adidas Clothing 2135,Fashion,Clothing,Adidas,S0114,510.62,975.66,Active
P02136,SKU-02136,Adidas Shoe 2136,Fashion,Shoes,Adidas,S0201,1838.76,1143.83,Active
P02137,SKU-02137,Samsung Shoe 2137,Fashion,Shoes,Samsung,S0023,954.84,608.94,Active
P02138,SKU-02138,LG Shoe 2138,Fashion,Shoes,LG,S0369,1270.91,692.94,Active
P02139,SKU-02139,HP Shoe 2139,Fashion,Shoes,HP,S0100,786.34,235.01,Active
P02140,SKU-02140,Adidas Shoe 2140,Fashion,Shoes,Adidas,S0308,1576.55,1021.39,Active
P02141,SKU-02141,Adidas Shoe 2141,Fashion,Shoes,Adidas,S0118,191.44,207.06,Active
P02142,SKU-02142,HP Clothing 2142,Fashion,Clothing,HP,S0056,267.2,226.14,Active
P02143,SKU-02143,Nike Shoe 2143,Fashion,Shoes,Nike,S0067,268.5,1359.43,Active
P02144,SKU-02144,Nike Clothing 2144,Fashion,Clothing,Nike,S0039,484.9,1452.57,Active
P02145,SKU-02145,Loreal Clothing 2145,Fashion,Clothing,Loreal,S0117,144.0,1329.62,Active
P02146,SKU-02146,HP Shoe 2146,Fashion,Shoes,HP,S0027,378.31,1472.59,Active
P02147,SKU-02147,Philips Clothing 2147,Fashion,Clothing,Philips,S0374,1860.41,955.77,Active
P02148,SKU-02148,Philips Clothing 2148,Fashion,Clothing,Philips,S0100,169.11,346.8,Active
P02149,SKU-02149,Apple Clothing 2149,Fashion,Clothing,Apple,S0062,1888.92,1407.84,Active
P02150,SKU-02150,HP Clothing 2150,Fashion,Clothing,HP,S0360,640.04,990.66,Active
P02151,SKU-02151,Dell Clothing 2151,Fashion,Clothing,Dell,S0065,1955.33,701.13,Active
P02152,SKU-02152,Adidas Clothing 2152,Fashion,Clothing,Adidas,S0103,339.07,417.81,Active
P02153,SKU-02153,Loreal Clothing 2153,Fashion,Clothing,Loreal,S0014,649.55,531.02,Active
P02154,SKU-02154,Apple Clothing 2154,Fashion,Clothing,Apple,S0270,1541.84,709.82,Active
P02155,SKU-02155,Sony Clothing 2155,Fashion,Clothing,Sony,S0117,1689.18,897.4,Active
P02156,SKU-02156,Loreal Shoe 2156,Fashion,Shoes,Loreal,S0178,435.04,939.94,Active
P02157,SKU-02157,LG Clothing 2157,Fashion,Clothing,LG,S0031,648.27,634.12,Active
P02158,SKU-02158,Adidas Shoe 2158,Fashion,Shoes,Adidas,S0344,1659.83,635.81,Active
P02159,SKU-02159,HP Clothing 2159,Fashion,Clothing,HP,S0139,60.71,879.12,Active
P02160,SKU-02160,LG Shoe 2160,Fashion,Shoes,LG,S0465,553.99,494.37,Active
P02161,SKU-02161,Sony Clothing 2161,Fashion,Clothing,Sony,S0172,1350.29,521.71,Active
P02162,SKU-02162,Loreal Clothing 2162,Fashion,Clothing,Loreal,S0362,629.86,1410.77,Active
P02163,SKU-02163,Samsung Clothing 2163,Fashion,Clothing,Samsung,S0292,858.59,1496.51,Active
P02164,SKU-02164,Samsung Clothing 2164,Fashion,Clothing,Samsung,S0124,28.71,1117.43,Active
P02165,SKU-02165,HP Shoe 2165,Fashion,Shoes,HP,S0045,1866.79,362.06,Active
P02166,SKU-02166,Apple Shoe 2166,Fashion,Shoes,Apple,S0421,1080.8,799.97,Active
P02167,SKU-02167,Philips Clothing 2167,Fashion,Clothing,Philips,S0154,162.06,880.9,Active
P02168,SKU-02168,Samsung Clothing 2168,Fashion,Clothing,Samsung,S0128,629.12,650.38,Active
P02169,SKU-02169,Apple Clothing 2169,Fashion,Clothing,Apple,S0497,1917.92,1137.23,Active
P02170,SKU-02170,LG Clothing 2170,Fashion,Clothing,LG,S0208,228.9,756.5,Active
P02171,SKU-02171,HP Clothing 2171,Fashion,Clothing,HP,S0050,1879.17,634.06,Active
P02172,SKU-02172,Samsung Clothing 2172,Fashion,Clothing,Samsung,S0124,399.3,701.82,Active
P02173,SKU-02173,Dell Shoe 2173,Fashion,Shoes,Dell,S0023,1832.07,312.97,Active
P02174,SKU-02174,LG Clothing 2174,Fashion,Clothing,LG,S0119,244.19,88.32,Active
P02175,SKU-02175,Samsung Shoe 2175,Fashion,Shoes,Samsung,S0309,1933.87,732.62,Active
P02176,SKU-02176,HP Shoe 2176,Fashion,Shoes,HP,S0190,223.76,153.28,Active
P02177,SKU-02177,Apple Shoe 2177,Fashion,Shoes,Apple,S0246,1169.35,506.95,Active
P02178,SKU-02178,Apple Clothing 2178,Fashion,Clothing,Apple,S0137,977.6,1029.36,Active
P02179,SKU-02179,Loreal Clothing 2179,Fashion,Clothing,Loreal,S0244,1851.83,656.81,Active
P02180,SKU-02180,Apple Shoe 2180,Fashion,Shoes,Apple,S0196,142.11,707.58,Active
P02181,SKU-02181,Nike Clothing 2181,Fashion,Clothing,Nike,S0354,1973.01,750.13,Active
P02182,SKU-02182,Philips Clothing 2182,Fashion,Clothing,Philips,S0462,1064.94,591.45,Active
P02183,SKU-02183,Dell Shoe 2183,Fashion,Shoes,Dell,S0352,1629.17,1443.34,Active
P02184,SKU-02184,Sony Clothing 2184,Fashion,Clothing,Sony,S0481,863.61,437.05,Active
P02185,SKU-02185,LG Clothing 2185,Fashion,Clothing,LG,S0355,1257.09,1237.4,Active
P02186,SKU-02186,Adidas Shoe 2186,Fashion,Shoes,Adidas,S0095,1713.22,1196.13,Active
P02187,SKU-02187,Sony Shoe 2187,Fashion,Shoes,Sony,S0160,1571.19,342.35,Active
P02188,SKU-02188,Dell Clothing 2188,Fashion,Clothing,Dell,S0263,374.62,787.11,Active
P02189,SKU-02189,Dell Clothing 2189,Fashion,Clothing,Dell,S0375,1594.53,709.36,Active
P02190,SKU-02190,Nike Shoe 2190,Fashion,Shoes,Nike,S0329,1504.69,1054.29,Active
P02191,SKU-02191,Sony Shoe 2191,Fashion,Shoes,Sony,S0371,1992.24,29.59,Active
P02192,SKU-02192,HP Clothing 2192,Fashion,Clothing,HP,S0202,1282.44,722.41,Active
P02193,SKU-02193,LG Shoe 2193,Fashion,Shoes,LG,S0191,361.43,995.17,Active
P02194,SKU-02194,Apple Clothing 2194,Fashion,Clothing,Apple,S0104,868.32,503.3,Active
P02195,SKU-02195,LG Clothing 2195,Fashion,Clothing,LG,S0001,766.13,760.53,Active
P02196,SKU-02196,Apple Clothing 2196,Fashion,Clothing,Apple,S0071,813.2,392.87,Active
P02197,SKU-02197,Apple Shoe 2197,Fashion,Shoes,Apple,S0282,1538.47,1477.54,Active
P02198,SKU-02198,Nike Shoe 2198,Fashion,Shoes,Nike,S0458,1834.58,440.66,Active
P02199,SKU-02199,LG Shoe 2199,Fashion,Shoes,LG,S0126,1805.43,1196.32,Active
P02200,SKU-02200,Philips Shoe 2200,Fashion,Shoes,Philips,S0274,1539.89,429.09,Active
P02201,SKU-02201,Sony Clothing 2201,Fashion,Clothing,Sony,S0282,852.23,1487.29,Active
P02202,SKU-02202,Apple Shoe 2202,Fashion,Shoes,Apple,S0451,1737.11,1312.3,Active
P02203,SKU-02203,Philips Shoe 2203,Fashion,Shoes,Philips,S0470,1716.26,1239.44,Active
P02204,SKU-02204,Adidas Clothing 2204,Fashion,Clothing,Adidas,S0129,1170.21,33.83,Active
P02205,SKU-02205,Dell Shoe 2205,Fashion,Shoes,Dell,S0104,219.35,1452.2,Active
P02206,SKU-02206,Sony Shoe 2206,Fashion,Shoes,Sony,S0225,1077.99,67.33,Active
P02207,SKU-02207,Dell Shoe 2207,Fashion,Shoes,Dell,S0208,1033.07,577.43,Active
P02208,SKU-02208,Adidas Clothing 2208,Fashion,Clothing,Adidas,S0155,35.94,107.05,Active
P02209,SKU-02209,HP Shoe 2209,Fashion,Shoes,HP,S0248,1492.1,1350.05,Active
P02210,SKU-02210,Nike Clothing 2210,Fashion,Clothing,Nike,S0104,474.76,1129.82,Active
P02211,SKU-02211,Loreal Shoe 2211,Fashion,Shoes,Loreal,S0353,1839.43,47.44,Active
P02212,SKU-02212,Samsung Shoe 2212,Fashion,Shoes,Samsung,S0383,1808.37,1026.94,Active
P02213,SKU-02213,Apple Shoe 2213,Fashion,Shoes,Apple,S0114,130.61,245.25,Active
P02214,SKU-02214,Philips Shoe 2214,Fashion,Shoes,Philips,S0099,1907.03,362.41,Active
P02215,SKU-02215,Adidas Shoe 2215,Fashion,Shoes,Adidas,S0181,958.87,139.1,Active
P02216,SKU-02216,Samsung Shoe 2216,Fashion,Shoes,Samsung,S0259,885.31,347.8,Active
P02217,SKU-02217,Adidas Clothing 2217,Fashion,Clothing,Adidas,S0134,914.19,1337.69,Active
P02218,SKU-02218,Apple Shoe 2218,Fashion,Shoes,Apple,S0069,1692.39,1357.56,Active
P02219,SKU-02219,Samsung Clothing 2219,Fashion,Clothing,Samsung,S0483,1704.06,1490.21,Active
P02220,SKU-02220,Loreal Clothing 2220,Fashion,Clothing,Loreal,S0005,430.59,1253.81,Active
P02221,SKU-02221,HP Shoe 2221,Fashion,Shoes,HP,S0460,466.96,133.55,Active
P02222,SKU-02222,Philips Shoe 2222,Fashion,Shoes,Philips,S0244,952.47,939.51,Active
P02223,SKU-02223,Philips Shoe 2223,Fashion,Shoes,Philips,S0275,633.61,51.68,Active
P02224,SKU-02224,Philips Clothing 2224,Fashion,Clothing,Philips,S0005,1356.69,651.57,Active
P02225,SKU-02225,Samsung Shoe 2225,Fashion,Shoes,Samsung,S0012,1677.45,145.25,Active
P02226,SKU-02226,HP Clothing 2226,Fashion,Clothing,HP,S0500,1782.24,1366.82,Active
P02227,SKU-02227,Sony Clothing 2227,Fashion,Clothing,Sony,S0001,841.11,1356.6,Active
P02228,SKU-02228,Philips Shoe 2228,Fashion,Shoes,Philips,S0468,1712.18,1111.64,Active
P02229,SKU-02229,Samsung Clothing 2229,Fashion,Clothing,Samsung,S0309,667.31,907.47,Active
P02230,SKU-02230,Adidas Clothing 2230,Fashion,Clothing,Adidas,S0345,1840.41,784.99,Active
P02231,SKU-02231,Apple Shoe 2231,Fashion,Shoes,Apple,S0210,1970.08,379.07,Active
P02232,SKU-02232,Loreal Clothing 2232,Fashion,Clothing,Loreal,S0451,1655.35,1188.48,Active
P02233,SKU-02233,Adidas Clothing 2233,Fashion,Clothing,Adidas,S0457,1414.86,298.77,Active
P02234,SKU-02234,Loreal Clothing 2234,Fashion,Clothing,Loreal,S0022,90.43,204.49,Active
P02235,SKU-02235,Sony Clothing 2235,Fashion,Clothing,Sony,S0313,1398.61,19.87,Active
P02236,SKU-02236,Philips Shoe 2236,Fashion,Shoes,Philips,S0075,759.21,466.38,Active
P02237,SKU-02237,Dell Shoe 2237,Fashion,Shoes,Dell,S0414,842.08,1150.91,Active
P02238,SKU-02238,Samsung Shoe 2238,Fashion,Shoes,Samsung,S0370,702.7,572.25,Active
P02239,SKU-02239,Samsung Clothing 2239,Fashion,Clothing,Samsung,S0203,1630.56,51.45,Active
P02240,SKU-02240,Nike Clothing 2240,Fashion,Clothing,Nike,S0194,735.32,1057.54,Active
P02241,SKU-02241,Dell Clothing 2241,Fashion,Clothing,Dell,S0229,735.98,847.17,Active
P02242,SKU-02242,Nike Shoe 2242,Fashion,Shoes,Nike,S0021,1392.88,566.31,Active
P02243,SKU-02243,Philips Shoe 2243,Fashion,Shoes,Philips,S0038,465.91,284.49,Active
P02244,SKU-02244,Samsung Clothing 2244,Fashion,Clothing,Samsung,S0231,768.55,956.05,Active
P02245,SKU-02245,Sony Clothing 2245,Fashion,Clothing,Sony,S0202,1594.2,768.26,Active
P02246,SKU-02246,Adidas Clothing 2246,Fashion,Clothing,Adidas,S0290,556.52,621.9,Active
P02247,SKU-02247,Dell Shoe 2247,Fashion,Shoes,Dell,S0302,1706.65,1006.61,Active
P02248,SKU-02248,Dell Shoe 2248,Fashion,Shoes,Dell,S0123,1332.91,227.93,Active
P02249,SKU-02249,Apple Clothing 2249,Fashion,Clothing,Apple,S0388,693.76,889.8,Active
P02250,SKU-02250,Dell Shoe 2250,Fashion,Shoes,Dell,S0284,779.37,30.58,Active
P02251,SKU-02251,Philips Shoe 2251,Fashion,Shoes,Philips,S0330,105.08,151.94,Active
P02252,SKU-02252,Dell Shoe 2252,Fashion,Shoes,Dell,S0387,1350.34,705.94,Active
P02253,SKU-02253,Nike Shoe 2253,Fashion,Shoes,Nike,S0415,1397.89,848.18,Active
P02254,SKU-02254,Apple Shoe 2254,Fashion,Shoes,Apple,S0170,891.74,27.53,Active
P02255,SKU-02255,Samsung Clothing 2255,Fashion,Clothing,Samsung,S0430,1475.84,789.9,Active
P02256,SKU-02256,HP Clothing 2256,Fashion,Clothing,HP,S0331,1670.01,961.53,Active
P02257,SKU-02257,Philips Clothing 2257,Fashion,Clothing,Philips,S0239,1444.51,787.6,Active
P02258,SKU-02258,Dell Shoe 2258,Fashion,Shoes,Dell,S0110,131.34,179.11,Active
P02259,SKU-02259,Philips Shoe 2259,Fashion,Shoes,Philips,S0497,1402.3,1256.55,Active
P02260,SKU-02260,HP Shoe 2260,Fashion,Shoes,HP,S0300,1142.49,23.84,Active
P02261,SKU-02261,Adidas Shoe 2261,Fashion,Shoes,Adidas,S0392,1515.71,578.79,Active
P02262,SKU-02262,Nike Clothing 2262,Fashion,Clothing,Nike,S0139,559.76,1350.09,Active
P02263,SKU-02263,Apple Shoe 2263,Fashion,Shoes,Apple,S0234,449.93,692.36,Active
P02264,SKU-02264,Apple Clothing 2264,Fashion,Clothing,Apple,S0162,94.56,243.86,Active
P02265,SKU-02265,Samsung Clothing 2265,Fashion,Clothing,Samsung,S0494,811.07,630.55,Active
P02266,SKU-02266,Apple Shoe 2266,Fashion,Shoes,Apple,S0161,266.41,456.78,Active
P02267,SKU-02267,Dell Shoe 2267,Fashion,Shoes,Dell,S0148,992.23,1414.45,Active
P02268,SKU-02268,HP Clothing 2268,Fashion,Clothing,HP,S0230,1035.81,590.56,Active
P02269,SKU-02269,LG Shoe 2269,Fashion,Shoes,LG,S0003,1752.2,994.73,Active
P02270,SKU-02270,Nike Clothing 2270,Fashion,Clothing,Nike,S0439,693.89,1252.11,Active
P02271,SKU-02271,Dell Clothing 2271,Fashion,Clothing,Dell,S0464,587.2,762.61,Active
P02272,SKU-02272,Adidas Clothing 2272,Fashion,Clothing,Adidas,S0326,936.15,873.49,Active
P02273,SKU-02273,Sony Clothing 2273,Fashion,Clothing,Sony,S0482,1465.6,172.93,Active
P02274,SKU-02274,Dell Shoe 2274,Fashion,Shoes,Dell,S0241,488.68,1455.07,Active
P02275,SKU-02275,Apple Clothing 2275,Fashion,Clothing,Apple,S0231,152.43,211.97,Active
P02276,SKU-02276,Samsung Clothing 2276,Fashion,Clothing,Samsung,S0372,984.53,948.45,Active
P02277,SKU-02277,Adidas Clothing 2277,Fashion,Clothing,Adidas,S0271,290.27,1320.83,Active
P02278,SKU-02278,Dell Clothing 2278,Fashion,Clothing,Dell,S0042,136.53,213.91,Active
P02279,SKU-02279,Sony Clothing 2279,Fashion,Clothing,Sony,S0178,88.6,763.89,Active
P02280,SKU-02280,Dell Shoe 2280,Fashion,Shoes,Dell,S0253,345.4,1170.15,Active
P02281,SKU-02281,LG Shoe 2281,Fashion,Shoes,LG,S0332,565.29,1477.46,Active
P02282,SKU-02282,Loreal Clothing 2282,Fashion,Clothing,Loreal,S0170,1502.81,86.11,Active
P02283,SKU-02283,Apple Clothing 2283,Fashion,Clothing,Apple,S0333,1844.97,1363.54,Active
P02284,SKU-02284,LG Clothing 2284,Fashion,Clothing,LG,S0417,631.59,266.58,Active
P02285,SKU-02285,Philips Shoe 2285,Fashion,Shoes,Philips,S0093,1588.98,454.0,Active
P02286,SKU-02286,Dell Clothing 2286,Fashion,Clothing,Dell,S0367,1109.23,552.13,Active
P02287,SKU-02287,Philips Shoe 2287,Fashion,Shoes,Philips,S0075,1121.12,117.03,Active
P02288,SKU-02288,HP Clothing 2288,Fashion,Clothing,HP,S0322,575.79,533.43,Active
P02289,SKU-02289,Samsung Shoe 2289,Fashion,Shoes,Samsung,S0329,24.12,1078.98,Active
P02290,SKU-02290,Loreal Clothing 2290,Fashion,Clothing,Loreal,S0349,1175.42,581.69,Active
P02291,SKU-02291,Apple Clothing 2291,Fashion,Clothing,Apple,S0116,451.67,623.74,Active
P02292,SKU-02292,Dell Clothing 2292,Fashion,Clothing,Dell,S0042,1208.64,1079.13,Active
P02293,SKU-02293,HP Shoe 2293,Fashion,Shoes,HP,S0007,189.35,1214.71,Active
P02294,SKU-02294,Loreal Shoe 2294,Fashion,Shoes,Loreal,S0342,1134.83,452.02,Active
P02295,SKU-02295,Apple Clothing 2295,Fashion,Clothing,Apple,S0386,961.22,628.34,Active
P02296,SKU-02296,Loreal Clothing 2296,Fashion,Clothing,Loreal,S0161,257.19,150.28,Active
P02297,SKU-02297,Dell Shoe 2297,Fashion,Shoes,Dell,S0140,1976.65,115.28,Active
P02298,SKU-02298,Philips Shoe 2298,Fashion,Shoes,Philips,S0378,325.84,1352.36,Active
P02299,SKU-02299,Loreal Clothing 2299,Fashion,Clothing,Loreal,S0354,1219.74,1341.67,Active
P02300,SKU-02300,LG Shoe 2300,Fashion,Shoes,LG,S0324,21.88,523.44,Active
P02301,SKU-02301,Sony Clothing 2301,Fashion,Clothing,Sony,S0234,194.35,904.24,Active
P02302,SKU-02302,Samsung Clothing 2302,Fashion,Clothing,Samsung,S0212,1081.48,1347.39,Active
P02303,SKU-02303,Loreal Clothing 2303,Fashion,Clothing,Loreal,S0241,519.04,676.48,Active
P02304,SKU-02304,Adidas Clothing 2304,Fashion,Clothing,Adidas,S0233,1216.73,320.07,Active
P02305,SKU-02305,Adidas Clothing 2305,Fashion,Clothing,Adidas,S0129,611.92,580.86,Active
P02306,SKU-02306,Loreal Shoe 2306,Fashion,Shoes,Loreal,S0313,1920.1,614.02,Active
P02307,SKU-02307,Philips Shoe 2307,Fashion,Shoes,Philips,S0190,1579.48,567.69,Active
P02308,SKU-02308,Adidas Clothing 2308,Fashion,Clothing,Adidas,S0464,103.19,843.56,Active
P02309,SKU-02309,Samsung Clothing 2309,Fashion,Clothing,Samsung,S0221,1287.17,913.21,Active
P02310,SKU-02310,Apple Shoe 2310,Fashion,Shoes,Apple,S0250,1143.68,554.33,Active
P02311,SKU-02311,Samsung Shoe 2311,Fashion,Shoes,Samsung,S0095,810.16,935.4,Active
P02312,SKU-02312,Sony Shoe 2312,Fashion,Shoes,Sony,S0269,1121.07,1304.99,Active
P02313,SKU-02313,Samsung Clothing 2313,Fashion,Clothing,Samsung,S0038,1670.3,873.37,Active
P02314,SKU-02314,Apple Clothing 2314,Fashion,Clothing,Apple,S0002,504.99,1445.88,Active
P02315,SKU-02315,Samsung Clothing 2315,Fashion,Clothing,Samsung,S0227,1099.32,392.66,Active
P02316,SKU-02316,LG Shoe 2316,Fashion,Shoes,LG,S0013,1241.43,7.34,Active
P02317,SKU-02317,Nike Shoe 2317,Fashion,Shoes,Nike,S0263,50.15,794.04,Active
P02318,SKU-02318,Adidas Clothing 2318,Fashion,Clothing,Adidas,S0424,1735.95,392.98,Active
P02319,SKU-02319,LG Shoe 2319,Fashion,Shoes,LG,S0118,1402.1,372.46,Active
P02320,SKU-02320,Philips Clothing 2320,Fashion,Clothing,Philips,S0491,237.18,814.28,Active
P02321,SKU-02321,Loreal Clothing 2321,Fashion,Clothing,Loreal,S0275,1789.27,840.16,Active
P02322,SKU-02322,Samsung Shoe 2322,Fashion,Shoes,Samsung,S0245,826.9,283.85,Active
P02323,SKU-02323,Adidas Shoe 2323,Fashion,Shoes,Adidas,S0463,1300.72,1051.3,Active
P02324,SKU-02324,Adidas Clothing 2324,Fashion,Clothing,Adidas,S0454,669.45,1194.99,Active
P02325,SKU-02325,Sony Shoe 2325,Fashion,Shoes,Sony,S0300,1555.46,1475.62,Active
P02326,SKU-02326,Nike Shoe 2326,Fashion,Shoes,Nike,S0278,1713.99,1318.7,Active
P02327,SKU-02327,Loreal Shoe 2327,Fashion,Shoes,Loreal,S0067,1809.73,921.24,Active
P02328,SKU-02328,Loreal Shoe 2328,Fashion,Shoes,Loreal,S0340,1207.77,1331.24,Active
P02329,SKU-02329,Sony Shoe 2329,Fashion,Shoes,Sony,S0003,1200.14,934.69,Active
P02330,SKU-02330,LG Shoe 2330,Fashion,Shoes,LG,S0380,1461.41,476.14,Active
P02331,SKU-02331,Nike Shoe 2331,Fashion,Shoes,Nike,S0161,1756.37,762.2,Active
P02332,SKU-02332,Loreal Shoe 2332,Fashion,Shoes,Loreal,S0246,995.56,50.41,Active
P02333,SKU-02333,HP Shoe 2333,Fashion,Shoes,HP,S0304,1345.94,303.4,Active
P02334,SKU-02334,Sony Shoe 2334,Fashion,Shoes,Sony,S0402,1361.5,136.0,Active
P02335,SKU-02335,Loreal Shoe 2335,Fashion,Shoes,Loreal,S0234,1518.44,1241.31,Active
P02336,SKU-02336,Apple Clothing 2336,Fashion,Clothing,Apple,S0305,1281.83,900.09,Active
P02337,SKU-02337,Samsung Clothing 2337,Fashion,Clothing,Samsung,S0430,1503.22,221.52,Active
P02338,SKU-02338,Philips Clothing 2338,Fashion,Clothing,Philips,S0484,1039.13,300.53,Active
P02339,SKU-02339,HP Shoe 2339,Fashion,Shoes,HP,S0155,1737.83,801.27,Active
P02340,SKU-02340,LG Clothing 2340,Fashion,Clothing,LG,S0135,130.11,607.47,Active
P02341,SKU-02341,LG Shoe 2341,Fashion,Shoes,LG,S0090,77.59,1456.39,Active
P02342,SKU-02342,LG Clothing 2342,Fashion,Clothing,LG,S0084,730.01,1376.06,Active
P02343,SKU-02343,Nike Shoe 2343,Fashion,Shoes,Nike,S0211,538.7,1439.54,Active
P02344,SKU-02344,Sony Shoe 2344,Fashion,Shoes,Sony,S0492,1225.76,300.31,Active
P02345,SKU-02345,LG Shoe 2345,Fashion,Shoes,LG,S0345,1703.91,1233.37,Active
P02346,SKU-02346,Dell Shoe 2346,Fashion,Shoes,Dell,S0147,1965.63,176.4,Active
P02347,SKU-02347,Apple Clothing 2347,Fashion,Clothing,Apple,S0020,701.03,219.27,Active
P02348,SKU-02348,LG Shoe 2348,Fashion,Shoes,LG,S0118,1462.42,1405.13,Active
P02349,SKU-02349,Adidas Clothing 2349,Fashion,Clothing,Adidas,S0466,349.56,1442.41,Active
P02350,SKU-02350,Philips Clothing 2350,Fashion,Clothing,Philips,S0316,1530.3,929.32,Active
P02351,SKU-02351,Philips Shoe 2351,Fashion,Shoes,Philips,S0187,1004.79,354.31,Active
P02352,SKU-02352,LG Shoe 2352,Fashion,Shoes,LG,S0212,1705.71,274.84,Active
P02353,SKU-02353,Loreal Clothing 2353,Fashion,Clothing,Loreal,S0425,102.52,280.9,Active
P02354,SKU-02354,LG Shoe 2354,Fashion,Shoes,LG,S0016,1497.83,1224.06,Active
P02355,SKU-02355,LG Shoe 2355,Fashion,Shoes,LG,S0411,48.3,761.15,Active
P02356,SKU-02356,Nike Clothing 2356,Fashion,Clothing,Nike,S0411,941.66,1413.97,Active
P02357,SKU-02357,Philips Clothing 2357,Fashion,Clothing,Philips,S0373,1892.49,1183.28,Active
P02358,SKU-02358,HP Clothing 2358,Fashion,Clothing,HP,S0261,1461.47,1345.67,Active
P02359,SKU-02359,Philips Clothing 2359,Fashion,Clothing,Philips,S0170,857.67,406.0,Active
P02360,SKU-02360,LG Shoe 2360,Fashion,Shoes,LG,S0491,918.83,1490.44,Active
P02361,SKU-02361,HP Shoe 2361,Fashion,Shoes,HP,S0464,1071.21,1357.77,Active
P02362,SKU-02362,Adidas Shoe 2362,Fashion,Shoes,Adidas,S0244,1987.77,1044.25,Active
P02363,SKU-02363,Nike Clothing 2363,Fashion,Clothing,Nike,S0170,1970.15,1303.05,Active
P02364,SKU-02364,Samsung Shoe 2364,Fashion,Shoes,Samsung,S0335,1968.88,81.71,Active
P02365,SKU-02365,Adidas Clothing 2365,Fashion,Clothing,Adidas,S0061,375.16,768.3,Active
P02366,SKU-02366,Sony Clothing 2366,Fashion,Clothing,Sony,S0129,192.39,802.84,Active
P02367,SKU-02367,Loreal Clothing 2367,Fashion,Clothing,Loreal,S0301,1159.45,446.92,Active
P02368,SKU-02368,Sony Shoe 2368,Fashion,Shoes,Sony,S0014,239.22,553.05,Active
P02369,SKU-02369,Apple Shoe 2369,Fashion,Shoes,Apple,S0335,1479.63,1023.18,Active
P02370,SKU-02370,Sony Shoe 2370,Fashion,Shoes,Sony,S0154,852.99,415.47,Active
P02371,SKU-02371,Nike Clothing 2371,Fashion,Clothing,Nike,S0291,1925.33,825.15,Active
P02372,SKU-02372,Philips Clothing 2372,Fashion,Clothing,Philips,S0256,258.86,1189.47,Active
P02373,SKU-02373,Dell Shoe 2373,Fashion,Shoes,Dell,S0076,354.98,405.86,Active
P02374,SKU-02374,Samsung Clothing 2374,Fashion,Clothing,Samsung,S0260,1106.01,41.39,Active
P02375,SKU-02375,Adidas Shoe 2375,Fashion,Shoes,Adidas,S0114,543.13,38.88,Active
P02376,SKU-02376,Loreal Shoe 2376,Fashion,Shoes,Loreal,S0032,1586.34,328.21,Active
P02377,SKU-02377,Sony Shoe 2377,Fashion,Shoes,Sony,S0102,1813.61,667.69,Active
P02378,SKU-02378,LG Shoe 2378,Fashion,Shoes,LG,S0359,349.22,1247.51,Active
P02379,SKU-02379,Adidas Clothing 2379,Fashion,Clothing,Adidas,S0266,250.37,141.31,Active
P02380,SKU-02380,Samsung Shoe 2380,Fashion,Shoes,Samsung,S0159,1067.11,1104.13,Active
P02381,SKU-02381,Adidas Shoe 2381,Fashion,Shoes,Adidas,S0037,715.99,1358.17,Active
P02382,SKU-02382,Philips Shoe 2382,Fashion,Shoes,Philips,S0486,1893.53,519.54,Active
P02383,SKU-02383,Apple Shoe 2383,Fashion,Shoes,Apple,S0463,1421.61,1082.02,Active
P02384,SKU-02384,Adidas Clothing 2384,Fashion,Clothing,Adidas,S0434,1029.07,108.82,Active
P02385,SKU-02385,LG Clothing 2385,Fashion,Clothing,LG,S0125,843.69,974.22,Active
P02386,SKU-02386,Philips Clothing 2386,Fashion,Clothing,Philips,S0230,344.18,264.82,Active
P02387,SKU-02387,Samsung Shoe 2387,Fashion,Shoes,Samsung,S0022,150.28,170.22,Active
P02388,SKU-02388,Samsung Shoe 2388,Fashion,Shoes,Samsung,S0411,226.88,1096.86,Active
P02389,SKU-02389,Loreal Shoe 2389,Fashion,Shoes,Loreal,S0154,1148.62,1346.86,Active
P02390,SKU-02390,Sony Clothing 2390,Fashion,Clothing,Sony,S0193,97.75,403.34,Active
P02391,SKU-02391,Apple Clothing 2391,Fashion,Clothing,Apple,S0406,1172.41,145.92,Active
P02392,SKU-02392,Nike Shoe 2392,Fashion,Shoes,Nike,S0333,98.62,1072.95,Active
P02393,SKU-02393,Adidas Clothing 2393,Fashion,Clothing,Adidas,S0212,1078.99,1266.94,Active
P02394,SKU-02394,HP Clothing 2394,Fashion,Clothing,HP,S0265,912.51,845.51,Active
P02395,SKU-02395,Dell Shoe 2395,Fashion,Shoes,Dell,S0491,17.71,569.81,Active
P02396,SKU-02396,Loreal Clothing 2396,Fashion,Clothing,Loreal,S0371,1954.88,491.82,Active
P02397,SKU-02397,Philips Shoe 2397,Fashion,Shoes,Philips,S0449,1553.28,443.88,Active
P02398,SKU-02398,Nike Clothing 2398,Fashion,Clothing,Nike,S0171,1627.41,997.67,Active
P02399,SKU-02399,Philips Shoe 2399,Fashion,Shoes,Philips,S0324,805.26,681.83,Active
P02400,SKU-02400,Apple Shoe 2400,Fashion,Shoes,Apple,S0029,30.87,875.7,Active
P02401,SKU-02401,Loreal Shoe 2401,Fashion,Shoes,Loreal,S0358,741.57,703.4,Active
P02402,SKU-02402,Sony Shoe 2402,Fashion,Shoes,Sony,S0040,65.83,1202.81,Active
P02403,SKU-02403,Adidas Shoe 2403,Fashion,Shoes,Adidas,S0038,1583.82,336.53,Active
P02404,SKU-02404,Philips Clothing 2404,Fashion,Clothing,Philips,S0082,85.79,1454.36,Active
P02405,SKU-02405,Loreal Clothing 2405,Fashion,Clothing,Loreal,S0381,857.93,314.21,Active
P02406,SKU-02406,HP Clothing 2406,Fashion,Clothing,HP,S0404,731.17,389.78,Active
P02407,SKU-02407,Nike Clothing 2407,Fashion,Clothing,Nike,S0251,1532.66,1284.14,Active
P02408,SKU-02408,HP Clothing 2408,Fashion,Clothing,HP,S0271,692.17,993.38,Active
P02409,SKU-02409,Loreal Shoe 2409,Fashion,Shoes,Loreal,S0032,1650.56,383.94,Active
P02410,SKU-02410,Adidas Shoe 2410,Fashion,Shoes,Adidas,S0438,1271.87,1487.06,Active
P02411,SKU-02411,Adidas Clothing 2411,Fashion,Clothing,Adidas,S0348,1315.42,125.98,Active
P02412,SKU-02412,Nike Clothing 2412,Fashion,Clothing,Nike,S0004,1079.22,60.03,Active
P02413,SKU-02413,Loreal Clothing 2413,Fashion,Clothing,Loreal,S0068,854.22,418.08,Active
P02414,SKU-02414,Dell Clothing 2414,Fashion,Clothing,Dell,S0408,1750.19,634.07,Active
P02415,SKU-02415,Sony Clothing 2415,Fashion,Clothing,Sony,S0415,15.99,1378.83,Active
P02416,SKU-02416,Loreal Clothing 2416,Fashion,Clothing,Loreal,S0194,116.92,1345.63,Active
P02417,SKU-02417,Apple Shoe 2417,Fashion,Shoes,Apple,S0212,1795.65,467.52,Active
P02418,SKU-02418,HP Shoe 2418,Fashion,Shoes,HP,S0071,1470.56,342.37,Active
P02419,SKU-02419,Samsung Clothing 2419,Fashion,Clothing,Samsung,S0461,1724.28,1162.9,Active
P02420,SKU-02420,Loreal Shoe 2420,Fashion,Shoes,Loreal,S0224,1311.82,328.14,Active
P02421,SKU-02421,Adidas Clothing 2421,Fashion,Clothing,Adidas,S0240,525.46,1269.55,Active
P02422,SKU-02422,Nike Shoe 2422,Fashion,Shoes,Nike,S0400,526.51,832.05,Active
P02423,SKU-02423,Adidas Shoe 2423,Fashion,Shoes,Adidas,S0267,244.31,984.25,Active
P02424,SKU-02424,Dell Clothing 2424,Fashion,Clothing,Dell,S0433,187.06,471.3,Active
P02425,SKU-02425,HP Shoe 2425,Fashion,Shoes,HP,S0392,421.85,1219.59,Active
P02426,SKU-02426,Samsung Shoe 2426,Fashion,Shoes,Samsung,S0240,1926.09,531.38,Active
P02427,SKU-02427,Sony Shoe 2427,Fashion,Shoes,Sony,S0213,1783.53,1348.52,Active
P02428,SKU-02428,Adidas Clothing 2428,Fashion,Clothing,Adidas,S0248,189.72,470.83,Active
P02429,SKU-02429,Nike Shoe 2429,Fashion,Shoes,Nike,S0415,1638.75,515.56,Active
P02430,SKU-02430,Philips Clothing 2430,Fashion,Clothing,Philips,S0469,652.91,86.27,Active
P02431,SKU-02431,Adidas Clothing 2431,Fashion,Clothing,Adidas,S0170,1646.08,764.23,Active
P02432,SKU-02432,Adidas Clothing 2432,Fashion,Clothing,Adidas,S0431,1648.66,962.53,Active
P02433,SKU-02433,Philips Clothing 2433,Fashion,Clothing,Philips,S0265,332.88,1326.2,Active
P02434,SKU-02434,Samsung Clothing 2434,Fashion,Clothing,Samsung,S0243,1684.81,228.59,Active
P02435,SKU-02435,Apple Clothing 2435,Fashion,Clothing,Apple,S0196,597.85,1145.17,Active
P02436,SKU-02436,Sony Shoe 2436,Fashion,Shoes,Sony,S0407,482.14,760.26,Active
P02437,SKU-02437,Nike Shoe 2437,Fashion,Shoes,Nike,S0490,593.88,454.03,Active
P02438,SKU-02438,Philips Shoe 2438,Fashion,Shoes,Philips,S0351,1886.15,455.0,Active
P02439,SKU-02439,Loreal Clothing 2439,Fashion,Clothing,Loreal,S0302,228.55,1145.78,Active
P02440,SKU-02440,LG Clothing 2440,Fashion,Clothing,LG,S0040,1294.85,1272.34,Active
P02441,SKU-02441,Philips Shoe 2441,Fashion,Shoes,Philips,S0269,1807.29,230.65,Active
P02442,SKU-02442,Nike Clothing 2442,Fashion,Clothing,Nike,S0224,1850.33,129.48,Active
P02443,SKU-02443,Apple Clothing 2443,Fashion,Clothing,Apple,S0057,698.71,471.31,Active
P02444,SKU-02444,LG Shoe 2444,Fashion,Shoes,LG,S0100,511.76,1313.94,Active
P02445,SKU-02445,HP Clothing 2445,Fashion,Clothing,HP,S0133,1092.98,364.3,Active
P02446,SKU-02446,Dell Shoe 2446,Fashion,Shoes,Dell,S0095,1749.94,80.53,Active
P02447,SKU-02447,Nike Clothing 2447,Fashion,Clothing,Nike,S0490,783.28,967.83,Active
P02448,SKU-02448,Nike Clothing 2448,Fashion,Clothing,Nike,S0048,1316.39,501.76,Active
P02449,SKU-02449,HP Clothing 2449,Fashion,Clothing,HP,S0329,740.41,802.46,Active
P02450,SKU-02450,Nike Clothing 2450,Fashion,Clothing,Nike,S0187,1285.06,1464.21,Active
P02451,SKU-02451,HP Clothing 2451,Fashion,Clothing,HP,S0359,1642.04,1340.9,Active
P02452,SKU-02452,Samsung Shoe 2452,Fashion,Shoes,Samsung,S0153,213.34,670.64,Active
P02453,SKU-02453,Sony Clothing 2453,Fashion,Clothing,Sony,S0087,657.41,1147.05,Active
P02454,SKU-02454,Samsung Shoe 2454,Fashion,Shoes,Samsung,S0467,1361.35,436.36,Active
P02455,SKU-02455,Adidas Shoe 2455,Fashion,Shoes,Adidas,S0496,1364.73,667.0,Active
P02456,SKU-02456,Sony Clothing 2456,Fashion,Clothing,Sony,S0246,584.44,153.0,Active
P02457,SKU-02457,Philips Shoe 2457,Fashion,Shoes,Philips,S0281,502.93,953.41,Active
P02458,SKU-02458,Philips Shoe 2458,Fashion,Shoes,Philips,S0209,817.27,107.85,Active
P02459,SKU-02459,Loreal Clothing 2459,Fashion,Clothing,Loreal,S0396,586.16,806.52,Active
P02460,SKU-02460,Samsung Clothing 2460,Fashion,Clothing,Samsung,S0118,1779.33,585.8,Active
P02461,SKU-02461,Dell Clothing 2461,Fashion,Clothing,Dell,S0448,1327.33,30.57,Active
P02462,SKU-02462,HP Shoe 2462,Fashion,Shoes,HP,S0376,991.05,289.82,Active
P02463,SKU-02463,Philips Shoe 2463,Fashion,Shoes,Philips,S0167,567.74,762.13,Active
P02464,SKU-02464,HP Shoe 2464,Fashion,Shoes,HP,S0276,912.15,1468.27,Active
P02465,SKU-02465,Sony Clothing 2465,Fashion,Clothing,Sony,S0287,457.78,663.62,Active
P02466,SKU-02466,Dell Clothing 2466,Fashion,Clothing,Dell,S0357,1396.4,1419.91,Active
P02467,SKU-02467,Sony Shoe 2467,Fashion,Shoes,Sony,S0278,11.6,1141.96,Active
P02468,SKU-02468,Loreal Clothing 2468,Fashion,Clothing,Loreal,S0478,1962.41,1443.84,Active
P02469,SKU-02469,Sony Shoe 2469,Fashion,Shoes,Sony,S0079,949.77,1412.74,Active
P02470,SKU-02470,Philips Clothing 2470,Fashion,Clothing,Philips,S0046,93.7,1091.74,Active
P02471,SKU-02471,Apple Shoe 2471,Fashion,Shoes,Apple,S0081,78.28,498.91,Active
P02472,SKU-02472,Nike Clothing 2472,Fashion,Clothing,Nike,S0018,980.28,965.87,Active
P02473,SKU-02473,Samsung Clothing 2473,Fashion,Clothing,Samsung,S0455,508.3,519.72,Active
P02474,SKU-02474,Loreal Shoe 2474,Fashion,Shoes,Loreal,S0085,568.32,700.36,Active
P02475,SKU-02475,LG Shoe 2475,Fashion,Shoes,LG,S0101,1788.38,119.75,Active
P02476,SKU-02476,Sony Clothing 2476,Fashion,Clothing,Sony,S0428,327.37,884.5,Active
P02477,SKU-02477,Apple Clothing 2477,Fashion,Clothing,Apple,S0134,844.94,947.21,Active
P02478,SKU-02478,Loreal Shoe 2478,Fashion,Shoes,Loreal,S0487,1632.45,1300.58,Active
P02479,SKU-02479,Loreal Shoe 2479,Fashion,Shoes,Loreal,S0217,1140.73,122.3,Active
P02480,SKU-02480,Philips Clothing 2480,Fashion,Clothing,Philips,S0069,422.34,1138.93,Active
P02481,SKU-02481,Adidas Shoe 2481,Fashion,Shoes,Adidas,S0076,658.22,193.51,Active
P02482,SKU-02482,Dell Clothing 2482,Fashion,Clothing,Dell,S0229,340.16,1147.26,Active
P02483,SKU-02483,Sony Shoe 2483,Fashion,Shoes,Sony,S0288,655.14,1191.32,Active
P02484,SKU-02484,LG Clothing 2484,Fashion,Clothing,LG,S0217,930.33,1187.32,Active
P02485,SKU-02485,Nike Clothing 2485,Fashion,Clothing,Nike,S0365,498.49,847.9,Active
P02486,SKU-02486,Loreal Clothing 2486,Fashion,Clothing,Loreal,S0046,1090.05,858.11,Active
P02487,SKU-02487,Philips Clothing 2487,Fashion,Clothing,Philips,S0255,1452.99,498.22,Active
P02488,SKU-02488,Adidas Clothing 2488,Fashion,Clothing,Adidas,S0486,1342.36,593.22,Active
P02489,SKU-02489,Loreal Clothing 2489,Fashion,Clothing,Loreal,S0358,1838.66,139.86,Active
P02490,SKU-02490,Sony Shoe 2490,Fashion,Shoes,Sony,S0066,1017.52,1465.7,Active
P02491,SKU-02491,Sony Clothing 2491,Fashion,Clothing,Sony,S0387,1744.24,1021.18,Active
P02492,SKU-02492,Loreal Shoe 2492,Fashion,Shoes,Loreal,S0316,1367.64,1484.3,Active
P02493,SKU-02493,Dell Clothing 2493,Fashion,Clothing,Dell,S0050,515.17,1181.14,Active
P02494,SKU-02494,Apple Clothing 2494,Fashion,Clothing,Apple,S0287,1324.85,676.69,Active
P02495,SKU-02495,Apple Shoe 2495,Fashion,Shoes,Apple,S0303,276.88,1385.57,Active
P02496,SKU-02496,Loreal Clothing 2496,Fashion,Clothing,Loreal,S0472,377.99,1122.6,Active
P02497,SKU-02497,Adidas Clothing 2497,Fashion,Clothing,Adidas,S0352,1788.77,533.06,Active
P02498,SKU-02498,Nike Shoe 2498,Fashion,Shoes,Nike,S0136,1775.66,1430.7,Active
P02499,SKU-02499,Adidas Shoe 2499,Fashion,Shoes,Adidas,S0051,1001.34,843.69,Active
P02500,SKU-02500,Dell Clothing 2500,Fashion,Clothing,Dell,S0217,1094.06,344.26,Active
P02501,SKU-02501,HP Clothing 2501,Fashion,Clothing,HP,S0445,1825.71,1419.34,Active
P02502,SKU-02502,Nike Shoe 2502,Fashion,Shoes,Nike,S0412,451.12,87.48,Active
P02503,SKU-02503,Nike Shoe 2503,Fashion,Shoes,Nike,S0287,1881.44,7.74,Active
P02504,SKU-02504,Philips Shoe 2504,Fashion,Shoes,Philips,S0215,1531.87,1473.37,Active
P02505,SKU-02505,Adidas Clothing 2505,Fashion,Clothing,Adidas,S0150,49.45,408.77,Active
P02506,SKU-02506,Loreal Clothing 2506,Fashion,Clothing,Loreal,S0319,1311.06,1353.36,Active
P02507,SKU-02507,HP Shoe 2507,Fashion,Shoes,HP,S0120,108.25,222.56,Active
P02508,SKU-02508,Sony Clothing 2508,Fashion,Clothing,Sony,S0464,458.68,254.31,Active
P02509,SKU-02509,Adidas Shoe 2509,Fashion,Shoes,Adidas,S0203,1282.44,1040.27,Active
P02510,SKU-02510,Samsung Shoe 2510,Fashion,Shoes,Samsung,S0112,553.57,1054.74,Active
P02511,SKU-02511,Samsung Clothing 2511,Fashion,Clothing,Samsung,S0350,105.19,239.82,Active
P02512,SKU-02512,Loreal Clothing 2512,Fashion,Clothing,Loreal,S0096,1376.18,960.13,Active
P02513,SKU-02513,Adidas Clothing 2513,Fashion,Clothing,Adidas,S0452,1082.78,197.21,Active
P02514,SKU-02514,Philips Clothing 2514,Fashion,Clothing,Philips,S0125,1154.08,1056.79,Active
P02515,SKU-02515,Dell Clothing 2515,Fashion,Clothing,Dell,S0377,812.92,890.98,Active
P02516,SKU-02516,HP Shoe 2516,Fashion,Shoes,HP,S0171,167.73,593.12,Active
P02517,SKU-02517,Dell Shoe 2517,Fashion,Shoes,Dell,S0097,1415.24,1400.86,Active
P02518,SKU-02518,Apple Shoe 2518,Fashion,Shoes,Apple,S0052,1991.81,1360.14,Active
P02519,SKU-02519,Philips Shoe 2519,Fashion,Shoes,Philips,S0390,1020.27,817.16,Active
P02520,SKU-02520,Apple Clothing 2520,Fashion,Clothing,Apple,S0484,1604.22,611.2,Active
P02521,SKU-02521,Dell Clothing 2521,Fashion,Clothing,Dell,S0048,1630.13,296.66,Active
P02522,SKU-02522,Adidas Clothing 2522,Fashion,Clothing,Adidas,S0376,1061.4,95.41,Active
P02523,SKU-02523,HP Shoe 2523,Fashion,Shoes,HP,S0376,664.72,969.78,Active
P02524,SKU-02524,Samsung Shoe 2524,Fashion,Shoes,Samsung,S0020,1615.82,321.77,Active
P02525,SKU-02525,Samsung Clothing 2525,Fashion,Clothing,Samsung,S0102,1845.09,1346.41,Active
P02526,SKU-02526,HP Shoe 2526,Fashion,Shoes,HP,S0063,1926.98,205.6,Active
P02527,SKU-02527,Philips Shoe 2527,Fashion,Shoes,Philips,S0084,326.44,118.76,Active
P02528,SKU-02528,Loreal Shoe 2528,Fashion,Shoes,Loreal,S0484,1940.12,1351.46,Active
P02529,SKU-02529,Adidas Shoe 2529,Fashion,Shoes,Adidas,S0003,630.16,1250.2,Active
P02530,SKU-02530,Nike Clothing 2530,Fashion,Clothing,Nike,S0229,35.7,585.61,Active
P02531,SKU-02531,Adidas Shoe 2531,Fashion,Shoes,Adidas,S0171,254.37,487.76,Active
P02532,SKU-02532,Apple Clothing 2532,Fashion,Clothing,Apple,S0002,760.37,692.33,Active
P02533,SKU-02533,Sony Clothing 2533,Fashion,Clothing,Sony,S0200,1248.02,1255.82,Active
P02534,SKU-02534,Adidas Shoe 2534,Fashion,Shoes,Adidas,S0482,73.2,1477.96,Active
P02535,SKU-02535,Loreal Shoe 2535,Fashion,Shoes,Loreal,S0256,999.11,307.24,Active
P02536,SKU-02536,Samsung Shoe 2536,Fashion,Shoes,Samsung,S0008,821.15,505.08,Active
P02537,SKU-02537,Apple Shoe 2537,Fashion,Shoes,Apple,S0126,1329.85,1260.97,Active
P02538,SKU-02538,Philips Shoe 2538,Fashion,Shoes,Philips,S0410,1103.15,460.94,Active
P02539,SKU-02539,Philips Shoe 2539,Fashion,Shoes,Philips,S0393,322.05,831.68,Active
P02540,SKU-02540,LG Clothing 2540,Fashion,Clothing,LG,S0428,688.65,728.65,Active
P02541,SKU-02541,HP Clothing 2541,Fashion,Clothing,HP,S0138,1124.57,1003.06,Active
P02542,SKU-02542,HP Shoe 2542,Fashion,Shoes,HP,S0439,609.13,834.78,Active
P02543,SKU-02543,HP Shoe 2543,Fashion,Shoes,HP,S0171,875.22,384.25,Active
P02544,SKU-02544,Adidas Shoe 2544,Fashion,Shoes,Adidas,S0155,1383.02,105.71,Active
P02545,SKU-02545,Adidas Shoe 2545,Fashion,Shoes,Adidas,S0062,1405.48,372.72,Active
P02546,SKU-02546,Philips Clothing 2546,Fashion,Clothing,Philips,S0356,78.75,843.63,Active
P02547,SKU-02547,LG Clothing 2547,Fashion,Clothing,LG,S0401,814.68,645.91,Active
P02548,SKU-02548,Adidas Clothing 2548,Fashion,Clothing,Adidas,S0488,527.18,508.38,Active
P02549,SKU-02549,Dell Shoe 2549,Fashion,Shoes,Dell,S0353,1789.02,717.72,Active
P02550,SKU-02550,Dell Clothing 2550,Fashion,Clothing,Dell,S0171,980.75,1173.81,Active
P02551,SKU-02551,Philips Clothing 2551,Fashion,Clothing,Philips,S0168,438.02,717.68,Active
P02552,SKU-02552,HP Shoe 2552,Fashion,Shoes,HP,S0358,622.86,861.83,Active
P02553,SKU-02553,Apple Clothing 2553,Fashion,Clothing,Apple,S0372,268.22,147.48,Active
P02554,SKU-02554,Philips Clothing 2554,Fashion,Clothing,Philips,S0107,717.25,390.33,Active
P02555,SKU-02555,Philips Shoe 2555,Fashion,Shoes,Philips,S0214,656.73,45.89,Active
P02556,SKU-02556,LG Clothing 2556,Fashion,Clothing,LG,S0120,614.27,916.23,Active
P02557,SKU-02557,HP Shoe 2557,Fashion,Shoes,HP,S0407,388.43,826.01,Active
P02558,SKU-02558,Samsung Shoe 2558,Fashion,Shoes,Samsung,S0010,99.72,1247.2,Active
P02559,SKU-02559,Apple Clothing 2559,Fashion,Clothing,Apple,S0354,1173.87,892.95,Active
P02560,SKU-02560,LG Clothing 2560,Fashion,Clothing,LG,S0244,1562.31,1017.58,Active
P02561,SKU-02561,Sony Clothing 2561,Fashion,Clothing,Sony,S0032,1870.44,1393.69,Active
P02562,SKU-02562,Samsung Shoe 2562,Fashion,Shoes,Samsung,S0012,355.76,1480.44,Active
P02563,SKU-02563,LG Clothing 2563,Fashion,Clothing,LG,S0374,1296.05,442.24,Active
P02564,SKU-02564,Sony Clothing 2564,Fashion,Clothing,Sony,S0139,1204.69,866.22,Active
P02565,SKU-02565,Philips Shoe 2565,Fashion,Shoes,Philips,S0411,956.16,470.89,Active
P02566,SKU-02566,Loreal Clothing 2566,Fashion,Clothing,Loreal,S0160,1960.68,928.32,Active
P02567,SKU-02567,HP Clothing 2567,Fashion,Clothing,HP,S0476,185.66,558.08,Active
P02568,SKU-02568,Loreal Shoe 2568,Fashion,Shoes,Loreal,S0370,1887.28,1463.58,Active
P02569,SKU-02569,Dell Shoe 2569,Fashion,Shoes,Dell,S0346,1878.94,664.68,Active
P02570,SKU-02570,Dell Shoe 2570,Fashion,Shoes,Dell,S0461,459.58,94.69,Active
P02571,SKU-02571,Dell Shoe 2571,Fashion,Shoes,Dell,S0339,171.29,1206.56,Active
P02572,SKU-02572,HP Shoe 2572,Fashion,Shoes,HP,S0098,1977.1,403.74,Active
P02573,SKU-02573,HP Clothing 2573,Fashion,Clothing,HP,S0094,1701.4,685.61,Active
P02574,SKU-02574,Adidas Clothing 2574,Fashion,Clothing,Adidas,S0127,1356.36,381.52,Active
P02575,SKU-02575,Apple Shoe 2575,Fashion,Shoes,Apple,S0093,702.11,1231.56,Active
P02576,SKU-02576,HP Shoe 2576,Fashion,Shoes,HP,S0472,1030.75,518.26,Active
P02577,SKU-02577,Samsung Clothing 2577,Fashion,Clothing,Samsung,S0069,753.33,520.86,Active
P02578,SKU-02578,Adidas Clothing 2578,Fashion,Clothing,Adidas,S0095,1571.42,1099.74,Active
P02579,SKU-02579,Adidas Clothing 2579,Fashion,Clothing,Adidas,S0175,917.7,747.61,Active
P02580,SKU-02580,Nike Shoe 2580,Fashion,Shoes,Nike,S0428,1806.49,478.63,Active
P02581,SKU-02581,Loreal Clothing 2581,Fashion,Clothing,Loreal,S0270,1927.68,251.85,Active
P02582,SKU-02582,Samsung Shoe 2582,Fashion,Shoes,Samsung,S0482,59.94,929.86,Active
P02583,SKU-02583,HP Clothing 2583,Fashion,Clothing,HP,S0342,1132.22,454.84,Active
P02584,SKU-02584,Dell Shoe 2584,Fashion,Shoes,Dell,S0283,921.73,1103.12,Active
P02585,SKU-02585,Philips Clothing 2585,Fashion,Clothing,Philips,S0447,592.16,294.79,Active
P02586,SKU-02586,Dell Clothing 2586,Fashion,Clothing,Dell,S0172,1551.48,525.02,Active
P02587,SKU-02587,LG Shoe 2587,Fashion,Shoes,LG,S0489,706.57,131.04,Active
P02588,SKU-02588,Sony Clothing 2588,Fashion,Clothing,Sony,S0306,1288.83,1345.92,Active
P02589,SKU-02589,Adidas Shoe 2589,Fashion,Shoes,Adidas,S0211,1026.72,913.64,Active
P02590,SKU-02590,Adidas Shoe 2590,Fashion,Shoes,Adidas,S0167,583.26,476.52,Active
P02591,SKU-02591,Philips Clothing 2591,Fashion,Clothing,Philips,S0239,1904.55,1465.85,Active
P02592,SKU-02592,Sony Clothing 2592,Fashion,Clothing,Sony,S0478,507.14,58.43,Active
P02593,SKU-02593,Philips Shoe 2593,Fashion,Shoes,Philips,S0308,1070.03,499.86,Active
P02594,SKU-02594,Loreal Shoe 2594,Fashion,Shoes,Loreal,S0450,136.49,595.0,Active
P02595,SKU-02595,Dell Clothing 2595,Fashion,Clothing,Dell,S0251,620.25,1241.52,Active
P02596,SKU-02596,Loreal Shoe 2596,Fashion,Shoes,Loreal,S0257,1337.62,187.21,Active
P02597,SKU-02597,HP Shoe 2597,Fashion,Shoes,HP,S0172,1183.13,21.67,Active
P02598,SKU-02598,HP Clothing 2598,Fashion,Clothing,HP,S0290,875.95,954.76,Active
P02599,SKU-02599,Loreal Shoe 2599,Fashion,Shoes,Loreal,S0208,651.4,238.09,Active
P02600,SKU-02600,LG Shoe 2600,Fashion,Shoes,LG,S0155,1029.76,914.44,Active
P02601,SKU-02601,Loreal Shoe 2601,Fashion,Shoes,Loreal,S0312,1644.76,745.65,Active
P02602,SKU-02602,Loreal Shoe 2602,Fashion,Shoes,Loreal,S0079,769.04,1272.45,Active
P02603,SKU-02603,Samsung Clothing 2603,Fashion,Clothing,Samsung,S0108,236.46,1124.04,Active
P02604,SKU-02604,Loreal Clothing 2604,Fashion,Clothing,Loreal,S0329,1693.03,966.84,Active
P02605,SKU-02605,Dell Shoe 2605,Fashion,Shoes,Dell,S0142,89.03,1106.89,Active
P02606,SKU-02606,Nike Shoe 2606,Fashion,Shoes,Nike,S0059,337.76,257.04,Active
P02607,SKU-02607,Sony Clothing 2607,Fashion,Clothing,Sony,S0371,525.32,702.6,Active
P02608,SKU-02608,Adidas Clothing 2608,Fashion,Clothing,Adidas,S0479,1177.83,1480.38,Active
P02609,SKU-02609,HP Clothing 2609,Fashion,Clothing,HP,S0268,406.36,1258.13,Active
P02610,SKU-02610,Philips Clothing 2610,Fashion,Clothing,Philips,S0392,458.67,1229.96,Active
P02611,SKU-02611,Adidas Shoe 2611,Fashion,Shoes,Adidas,S0078,869.6,749.89,Active
P02612,SKU-02612,Samsung Shoe 2612,Fashion,Shoes,Samsung,S0358,1659.81,1371.0,Active
P02613,SKU-02613,Samsung Clothing 2613,Fashion,Clothing,Samsung,S0063,1952.08,1239.4,Active
P02614,SKU-02614,Adidas Shoe 2614,Fashion,Shoes,Adidas,S0165,423.93,466.48,Active
P02615,SKU-02615,HP Shoe 2615,Fashion,Shoes,HP,S0402,1383.98,823.0,Active
P02616,SKU-02616,Apple Clothing 2616,Fashion,Clothing,Apple,S0178,1025.76,280.35,Active
P02617,SKU-02617,Samsung Shoe 2617,Fashion,Shoes,Samsung,S0441,1999.93,334.94,Active
P02618,SKU-02618,Loreal Clothing 2618,Fashion,Clothing,Loreal,S0454,1329.57,866.58,Active
P02619,SKU-02619,Samsung Shoe 2619,Fashion,Shoes,Samsung,S0291,1878.76,1097.63,Active
P02620,SKU-02620,Apple Shoe 2620,Fashion,Shoes,Apple,S0269,223.08,395.38,Active
P02621,SKU-02621,Samsung Shoe 2621,Fashion,Shoes,Samsung,S0070,974.3,748.22,Active
P02622,SKU-02622,Adidas Shoe 2622,Fashion,Shoes,Adidas,S0121,1049.94,1446.48,Active
P02623,SKU-02623,Nike Shoe 2623,Fashion,Shoes,Nike,S0153,316.55,418.7,Active
P02624,SKU-02624,Samsung Clothing 2624,Fashion,Clothing,Samsung,S0081,1866.84,1389.82,Active
P02625,SKU-02625,Nike Shoe 2625,Fashion,Shoes,Nike,S0190,812.91,214.71,Active
P02626,SKU-02626,Sony Clothing 2626,Fashion,Clothing,Sony,S0321,458.71,287.23,Active
P02627,SKU-02627,Adidas Shoe 2627,Fashion,Shoes,Adidas,S0216,1851.68,577.84,Active
P02628,SKU-02628,Samsung Clothing 2628,Fashion,Clothing,Samsung,S0372,1355.9,43.19,Active
P02629,SKU-02629,Apple Clothing 2629,Fashion,Clothing,Apple,S0451,1225.69,42.21,Active
P02630,SKU-02630,Loreal Clothing 2630,Fashion,Clothing,Loreal,S0217,1600.34,1083.94,Active
P02631,SKU-02631,Dell Shoe 2631,Fashion,Shoes,Dell,S0228,1123.95,914.29,Active
P02632,SKU-02632,Samsung Clothing 2632,Fashion,Clothing,Samsung,S0332,133.57,578.44,Active
P02633,SKU-02633,HP Shoe 2633,Fashion,Shoes,HP,S0113,289.13,556.38,Active
P02634,SKU-02634,Samsung Shoe 2634,Fashion,Shoes,Samsung,S0494,729.16,1186.19,Active
P02635,SKU-02635,HP Shoe 2635,Fashion,Shoes,HP,S0280,1174.84,905.52,Active
P02636,SKU-02636,HP Clothing 2636,Fashion,Clothing,HP,S0075,901.75,70.12,Active
P02637,SKU-02637,Nike Shoe 2637,Fashion,Shoes,Nike,S0428,19.41,158.71,Active
P02638,SKU-02638,Dell Shoe 2638,Fashion,Shoes,Dell,S0109,546.74,1114.19,Active
P02639,SKU-02639,Philips Shoe 2639,Fashion,Shoes,Philips,S0484,671.19,1342.53,Active
P02640,SKU-02640,Sony Shoe 2640,Fashion,Shoes,Sony,S0459,197.16,713.15,Active
P02641,SKU-02641,Apple Shoe 2641,Fashion,Shoes,Apple,S0268,1822.29,1282.89,Active
P02642,SKU-02642,Philips Shoe 2642,Fashion,Shoes,Philips,S0266,1878.33,1027.41,Active
P02643,SKU-02643,Sony Clothing 2643,Fashion,Clothing,Sony,S0061,214.06,614.77,Active
P02644,SKU-02644,LG Clothing 2644,Fashion,Clothing,LG,S0027,941.96,71.63,Active
P02645,SKU-02645,HP Shoe 2645,Fashion,Shoes,HP,S0328,1020.46,482.97,Active
P02646,SKU-02646,Nike Clothing 2646,Fashion,Clothing,Nike,S0275,13.59,243.23,Active
P02647,SKU-02647,Dell Shoe 2647,Fashion,Shoes,Dell,S0138,1425.16,1428.06,Active
P02648,SKU-02648,Philips Shoe 2648,Fashion,Shoes,Philips,S0404,1991.03,515.77,Active
P02649,SKU-02649,Loreal Clothing 2649,Fashion,Clothing,Loreal,S0264,1985.31,1334.59,Active
P02650,SKU-02650,Nike Clothing 2650,Fashion,Clothing,Nike,S0464,451.89,121.11,Active
P02651,SKU-02651,LG Shoe 2651,Fashion,Shoes,LG,S0110,1971.9,1486.45,Active
P02652,SKU-02652,Loreal Shoe 2652,Fashion,Shoes,Loreal,S0073,663.21,657.6,Active
P02653,SKU-02653,Sony Shoe 2653,Fashion,Shoes,Sony,S0266,1004.74,1469.24,Active
P02654,SKU-02654,LG Clothing 2654,Fashion,Clothing,LG,S0069,1446.91,1480.84,Active
P02655,SKU-02655,Sony Clothing 2655,Fashion,Clothing,Sony,S0201,1842.62,540.66,Active
P02656,SKU-02656,LG Shoe 2656,Fashion,Shoes,LG,S0111,1176.34,868.68,Active
P02657,SKU-02657,Nike Shoe 2657,Fashion,Shoes,Nike,S0084,1058.01,53.66,Active
P02658,SKU-02658,Adidas Shoe 2658,Fashion,Shoes,Adidas,S0490,1154.82,165.43,Active
P02659,SKU-02659,LG Clothing 2659,Fashion,Clothing,LG,S0149,1600.05,69.59,Active
P02660,SKU-02660,Apple Shoe 2660,Fashion,Shoes,Apple,S0042,1168.58,703.45,Active
P02661,SKU-02661,Nike Shoe 2661,Fashion,Shoes,Nike,S0124,16.07,895.63,Active
P02662,SKU-02662,Nike Shoe 2662,Fashion,Shoes,Nike,S0462,1299.37,695.42,Active
P02663,SKU-02663,Samsung Shoe 2663,Fashion,Shoes,Samsung,S0461,1563.69,415.86,Active
P02664,SKU-02664,LG Clothing 2664,Fashion,Clothing,LG,S0086,1796.8,12.82,Active
P02665,SKU-02665,Philips Shoe 2665,Fashion,Shoes,Philips,S0220,520.29,1225.32,Active
P02666,SKU-02666,HP Clothing 2666,Fashion,Clothing,HP,S0267,1887.28,663.82,Active
P02667,SKU-02667,HP Clothing 2667,Fashion,Clothing,HP,S0447,1645.08,937.28,Active
P02668,SKU-02668,Loreal Clothing 2668,Fashion,Clothing,Loreal,S0464,1614.03,1376.22,Active
P02669,SKU-02669,Sony Clothing 2669,Fashion,Clothing,Sony,S0081,1514.67,1021.8,Active
P02670,SKU-02670,Nike Shoe 2670,Fashion,Shoes,Nike,S0031,1958.96,527.03,Active
P02671,SKU-02671,Nike Shoe 2671,Fashion,Shoes,Nike,S0441,1991.46,422.67,Active
P02672,SKU-02672,Sony Shoe 2672,Fashion,Shoes,Sony,S0392,25.73,450.96,Active
P02673,SKU-02673,Adidas Shoe 2673,Fashion,Shoes,Adidas,S0063,1955.26,55.92,Active
P02674,SKU-02674,LG Shoe 2674,Fashion,Shoes,LG,S0198,1766.97,854.66,Active
P02675,SKU-02675,Philips Shoe 2675,Fashion,Shoes,Philips,S0432,251.42,1136.63,Active
P02676,SKU-02676,Loreal Clothing 2676,Fashion,Clothing,Loreal,S0054,674.16,1299.53,Active
P02677,SKU-02677,HP Shoe 2677,Fashion,Shoes,HP,S0255,1174.45,1142.25,Active
P02678,SKU-02678,LG Shoe 2678,Fashion,Shoes,LG,S0274,414.86,183.78,Active
P02679,SKU-02679,Dell Clothing 2679,Fashion,Clothing,Dell,S0257,198.32,284.38,Active
P02680,SKU-02680,Dell Shoe 2680,Fashion,Shoes,Dell,S0080,766.56,946.65,Active
P02681,SKU-02681,Samsung Shoe 2681,Fashion,Shoes,Samsung,S0449,1207.29,345.23,Active
P02682,SKU-02682,Loreal Clothing 2682,Fashion,Clothing,Loreal,S0131,753.45,1140.6,Active
P02683,SKU-02683,Apple Clothing 2683,Fashion,Clothing,Apple,S0415,772.51,438.53,Active
P02684,SKU-02684,LG Shoe 2684,Fashion,Shoes,LG,S0210,219.36,1318.44,Active
P02685,SKU-02685,Dell Shoe 2685,Fashion,Shoes,Dell,S0432,1932.7,91.11,Active
P02686,SKU-02686,Apple Clothing 2686,Fashion,Clothing,Apple,S0284,378.6,77.31,Active
P02687,SKU-02687,Samsung Clothing 2687,Fashion,Clothing,Samsung,S0013,944.17,1288.27,Active
P02688,SKU-02688,Nike Shoe 2688,Fashion,Shoes,Nike,S0420,55.52,976.71,Active
P02689,SKU-02689,Dell Clothing 2689,Fashion,Clothing,Dell,S0067,1414.14,1270.57,Active
P02690,SKU-02690,Sony Clothing 2690,Fashion,Clothing,Sony,S0032,1392.45,553.81,Active
P02691,SKU-02691,Philips Shoe 2691,Fashion,Shoes,Philips,S0248,1893.17,1146.15,Active
P02692,SKU-02692,Dell Shoe 2692,Fashion,Shoes,Dell,S0268,1200.7,199.71,Active
P02693,SKU-02693,Loreal Clothing 2693,Fashion,Clothing,Loreal,S0473,1022.78,407.87,Active
P02694,SKU-02694,LG Clothing 2694,Fashion,Clothing,LG,S0490,603.91,1271.19,Active
P02695,SKU-02695,Nike Clothing 2695,Fashion,Clothing,Nike,S0113,1366.6,947.61,Active
P02696,SKU-02696,Samsung Shoe 2696,Fashion,Shoes,Samsung,S0485,1632.07,662.66,Active
P02697,SKU-02697,Philips Clothing 2697,Fashion,Clothing,Philips,S0013,1748.45,693.89,Active
P02698,SKU-02698,Adidas Shoe 2698,Fashion,Shoes,Adidas,S0482,1226.93,218.48,Active
P02699,SKU-02699,Adidas Shoe 2699,Fashion,Shoes,Adidas,S0320,590.82,1019.86,Active
P02700,SKU-02700,LG Clothing 2700,Fashion,Clothing,LG,S0490,1992.13,642.9,Active
P02701,SKU-02701,Philips Shoe 2701,Fashion,Shoes,Philips,S0276,660.13,494.11,Active
P02702,SKU-02702,Nike Clothing 2702,Fashion,Clothing,Nike,S0286,1698.66,475.83,Active
P02703,SKU-02703,Dell Clothing 2703,Fashion,Clothing,Dell,S0113,696.96,325.23,Active
P02704,SKU-02704,Nike Shoe 2704,Fashion,Shoes,Nike,S0469,939.88,859.69,Active
P02705,SKU-02705,Philips Clothing 2705,Fashion,Clothing,Philips,S0454,1691.26,1053.8,Active
P02706,SKU-02706,Loreal Shoe 2706,Fashion,Shoes,Loreal,S0416,1923.88,255.52,Active
P02707,SKU-02707,Nike Shoe 2707,Fashion,Shoes,Nike,S0283,1768.9,16.28,Active
P02708,SKU-02708,Adidas Clothing 2708,Fashion,Clothing,Adidas,S0146,1625.08,25.7,Active
P02709,SKU-02709,Samsung Shoe 2709,Fashion,Shoes,Samsung,S0247,1792.53,59.38,Active
P02710,SKU-02710,Loreal Shoe 2710,Fashion,Shoes,Loreal,S0310,901.48,93.19,Active
P02711,SKU-02711,LG Clothing 2711,Fashion,Clothing,LG,S0350,1110.7,1443.39,Active
P02712,SKU-02712,Nike Shoe 2712,Fashion,Shoes,Nike,S0176,1949.55,190.93,Active
P02713,SKU-02713,Sony Shoe 2713,Fashion,Shoes,Sony,S0378,1820.17,786.96,Active
P02714,SKU-02714,Dell Shoe 2714,Fashion,Shoes,Dell,S0106,1178.09,236.79,Active
P02715,SKU-02715,Apple Shoe 2715,Fashion,Shoes,Apple,S0232,1475.45,580.01,Active
P02716,SKU-02716,Samsung Shoe 2716,Fashion,Shoes,Samsung,S0224,1048.75,1344.08,Active
P02717,SKU-02717,HP Shoe 2717,Fashion,Shoes,HP,S0132,1520.71,285.16,Active
P02718,SKU-02718,Samsung Shoe 2718,Fashion,Shoes,Samsung,S0092,784.34,551.95,Active
P02719,SKU-02719,Apple Clothing 2719,Fashion,Clothing,Apple,S0370,1551.95,519.33,Active
P02720,SKU-02720,Adidas Shoe 2720,Fashion,Shoes,Adidas,S0300,1329.47,1106.73,Active
P02721,SKU-02721,Sony Shoe 2721,Fashion,Shoes,Sony,S0080,688.25,644.64,Active
P02722,SKU-02722,Nike Clothing 2722,Fashion,Clothing,Nike,S0304,1324.15,624.62,Active
P02723,SKU-02723,HP Shoe 2723,Fashion,Shoes,HP,S0172,1133.51,510.81,Active
P02724,SKU-02724,Dell Shoe 2724,Fashion,Shoes,Dell,S0439,898.55,53.04,Active
P02725,SKU-02725,Dell Clothing 2725,Fashion,Clothing,Dell,S0185,1416.19,765.23,Active
P02726,SKU-02726,Dell Shoe 2726,Fashion,Shoes,Dell,S0454,1226.84,731.01,Active
P02727,SKU-02727,Samsung Shoe 2727,Fashion,Shoes,Samsung,S0261,1462.5,1234.45,Active
P02728,SKU-02728,Sony Clothing 2728,Fashion,Clothing,Sony,S0345,1415.29,1095.66,Active
P02729,SKU-02729,Nike Shoe 2729,Fashion,Shoes,Nike,S0382,414.04,150.53,Active
P02730,SKU-02730,Loreal Shoe 2730,Fashion,Shoes,Loreal,S0222,1658.67,605.38,Active
P02731,SKU-02731,LG Clothing 2731,Fashion,Clothing,LG,S0056,1090.96,640.0,Active
P02732,SKU-02732,Samsung Shoe 2732,Fashion,Shoes,Samsung,S0264,1217.22,136.85,Active
P02733,SKU-02733,Sony Shoe 2733,Fashion,Shoes,Sony,S0329,469.2,1079.71,Active
P02734,SKU-02734,Samsung Shoe 2734,Fashion,Shoes,Samsung,S0020,1700.99,552.07,Active
P02735,SKU-02735,Philips Shoe 2735,Fashion,Shoes,Philips,S0129,917.84,561.81,Active
P02736,SKU-02736,Loreal Shoe 2736,Fashion,Shoes,Loreal,S0020,652.41,267.0,Active
P02737,SKU-02737,Sony Shoe 2737,Fashion,Shoes,Sony,S0448,778.02,1482.38,Active
P02738,SKU-02738,Loreal Shoe 2738,Fashion,Shoes,Loreal,S0258,592.01,900.55,Active
P02739,SKU-02739,Loreal Clothing 2739,Fashion,Clothing,Loreal,S0492,1858.99,214.4,Active
P02740,SKU-02740,Samsung Shoe 2740,Fashion,Shoes,Samsung,S0119,363.28,1095.39,Active
P02741,SKU-02741,Samsung Clothing 2741,Fashion,Clothing,Samsung,S0365,1536.83,708.3,Active
P02742,SKU-02742,Loreal Clothing 2742,Fashion,Clothing,Loreal,S0275,555.15,654.93,Active
P02743,SKU-02743,Philips Shoe 2743,Fashion,Shoes,Philips,S0221,475.38,1143.37,Active
P02744,SKU-02744,Sony Shoe 2744,Fashion,Shoes,Sony,S0338,310.03,661.77,Active
P02745,SKU-02745,Philips Clothing 2745,Fashion,Clothing,Philips,S0233,509.42,898.51,Active
P02746,SKU-02746,LG Clothing 2746,Fashion,Clothing,LG,S0353,1879.25,1261.23,Active
P02747,SKU-02747,Dell Shoe 2747,Fashion,Shoes,Dell,S0016,899.62,652.57,Active
P02748,SKU-02748,Sony Shoe 2748,Fashion,Shoes,Sony,S0203,1122.19,745.53,Active
P02749,SKU-02749,Samsung Shoe 2749,Fashion,Shoes,Samsung,S0295,1297.66,1487.94,Active
P02750,SKU-02750,Adidas Clothing 2750,Fashion,Clothing,Adidas,S0296,1616.98,464.7,Active
P02751,SKU-02751,LG Shoe 2751,Fashion,Shoes,LG,S0488,134.03,1391.3,Active
P02752,SKU-02752,LG Shoe 2752,Fashion,Shoes,LG,S0285,944.02,179.2,Active
P02753,SKU-02753,Sony Clothing 2753,Fashion,Clothing,Sony,S0322,1242.2,921.0,Active
P02754,SKU-02754,Sony Shoe 2754,Fashion,Shoes,Sony,S0328,1127.05,1264.93,Active
P02755,SKU-02755,Nike Clothing 2755,Fashion,Clothing,Nike,S0405,579.98,597.37,Active
P02756,SKU-02756,HP Shoe 2756,Fashion,Shoes,HP,S0052,143.61,64.98,Active
P02757,SKU-02757,Apple Shoe 2757,Fashion,Shoes,Apple,S0178,1609.51,1315.34,Active
P02758,SKU-02758,Samsung Shoe 2758,Fashion,Shoes,Samsung,S0081,1593.08,475.33,Active
P02759,SKU-02759,Samsung Shoe 2759,Fashion,Shoes,Samsung,S0113,623.27,36.46,Active
P02760,SKU-02760,HP Shoe 2760,Fashion,Shoes,HP,S0068,827.61,785.12,Active
P02761,SKU-02761,Dell Shoe 2761,Fashion,Shoes,Dell,S0041,185.21,631.34,Active
P02762,SKU-02762,Dell Clothing 2762,Fashion,Clothing,Dell,S0123,210.71,1493.78,Active
P02763,SKU-02763,Apple Shoe 2763,Fashion,Shoes,Apple,S0267,1286.02,1497.99,Active
P02764,SKU-02764,HP Shoe 2764,Fashion,Shoes,HP,S0257,99.66,807.87,Active
P02765,SKU-02765,Loreal Clothing 2765,Fashion,Clothing,Loreal,S0097,810.91,963.01,Active
P02766,SKU-02766,LG Shoe 2766,Fashion,Shoes,LG,S0347,1627.81,1429.16,Active
P02767,SKU-02767,HP Clothing 2767,Fashion,Clothing,HP,S0058,176.1,960.6,Active
P02768,SKU-02768,Philips Shoe 2768,Fashion,Shoes,Philips,S0178,544.79,1364.36,Active
P02769,SKU-02769,Sony Shoe 2769,Fashion,Shoes,Sony,S0047,1108.88,499.69,Active
P02770,SKU-02770,Apple Clothing 2770,Fashion,Clothing,Apple,S0363,928.2,261.41,Active
P02771,SKU-02771,HP Clothing 2771,Fashion,Clothing,HP,S0387,197.01,633.52,Active
P02772,SKU-02772,Nike Shoe 2772,Fashion,Shoes,Nike,S0270,1777.86,487.2,Active
P02773,SKU-02773,Adidas Shoe 2773,Fashion,Shoes,Adidas,S0340,151.35,1142.6,Active
P02774,SKU-02774,LG Shoe 2774,Fashion,Shoes,LG,S0110,996.37,24.85,Active
P02775,SKU-02775,Loreal Clothing 2775,Fashion,Clothing,Loreal,S0032,1111.25,719.22,Active
P02776,SKU-02776,Apple Clothing 2776,Fashion,Clothing,Apple,S0278,91.31,1028.74,Active
P02777,SKU-02777,HP Shoe 2777,Fashion,Shoes,HP,S0306,120.03,951.09,Active
P02778,SKU-02778,Apple Shoe 2778,Fashion,Shoes,Apple,S0382,179.64,826.97,Active
P02779,SKU-02779,Philips Shoe 2779,Fashion,Shoes,Philips,S0391,787.06,683.55,Active
P02780,SKU-02780,Philips Clothing 2780,Fashion,Clothing,Philips,S0093,605.88,462.79,Active
P02781,SKU-02781,Philips Shoe 2781,Fashion,Shoes,Philips,S0462,865.12,672.45,Active
P02782,SKU-02782,Loreal Shoe 2782,Fashion,Shoes,Loreal,S0058,480.53,1149.9,Active
P02783,SKU-02783,Philips Shoe 2783,Fashion,Shoes,Philips,S0234,1511.89,635.0,Active
P02784,SKU-02784,Nike Shoe 2784,Fashion,Shoes,Nike,S0253,1137.29,1299.16,Active
P02785,SKU-02785,Adidas Shoe 2785,Fashion,Shoes,Adidas,S0239,977.48,255.39,Active
P02786,SKU-02786,Philips Clothing 2786,Fashion,Clothing,Philips,S0486,553.63,416.89,Active
P02787,SKU-02787,Samsung Clothing 2787,Fashion,Clothing,Samsung,S0307,1733.74,175.9,Active
P02788,SKU-02788,Adidas Shoe 2788,Fashion,Shoes,Adidas,S0341,506.37,1131.1,Active
P02789,SKU-02789,Samsung Shoe 2789,Fashion,Shoes,Samsung,S0118,1730.39,441.35,Active
P02790,SKU-02790,Nike Shoe 2790,Fashion,Shoes,Nike,S0006,12.93,1183.79,Active
P02791,SKU-02791,Samsung Shoe 2791,Fashion,Shoes,Samsung,S0024,1348.48,491.25,Active
P02792,SKU-02792,Samsung Clothing 2792,Fashion,Clothing,Samsung,S0214,1518.4,845.19,Active
P02793,SKU-02793,Adidas Clothing 2793,Fashion,Clothing,Adidas,S0285,1294.73,1299.55,Active
P02794,SKU-02794,HP Clothing 2794,Fashion,Clothing,HP,S0426,879.32,763.86,Active
P02795,SKU-02795,Nike Clothing 2795,Fashion,Clothing,Nike,S0132,1460.64,327.23,Active
P02796,SKU-02796,Samsung Clothing 2796,Fashion,Clothing,Samsung,S0001,626.04,1490.99,Active
P02797,SKU-02797,Samsung Clothing 2797,Fashion,Clothing,Samsung,S0164,470.9,716.43,Active
P02798,SKU-02798,Philips Shoe 2798,Fashion,Shoes,Philips,S0330,996.49,987.62,Active
P02799,SKU-02799,LG Shoe 2799,Fashion,Shoes,LG,S0077,1847.27,772.22,Active
P02800,SKU-02800,HP Shoe 2800,Fashion,Shoes,HP,S0176,1569.24,183.73,Active
P02801,SKU-02801,Dell Shoe 2801,Fashion,Shoes,Dell,S0389,1835.77,1224.55,Active
P02802,SKU-02802,Apple Clothing 2802,Fashion,Clothing,Apple,S0411,1128.58,1067.77,Active
P02803,SKU-02803,Samsung Shoe 2803,Fashion,Shoes,Samsung,S0048,316.41,182.47,Active
P02804,SKU-02804,Adidas Shoe 2804,Fashion,Shoes,Adidas,S0402,1949.06,278.54,Active
P02805,SKU-02805,Dell Shoe 2805,Fashion,Shoes,Dell,S0385,1571.43,463.24,Active
P02806,SKU-02806,Dell Clothing 2806,Fashion,Clothing,Dell,S0005,1393.2,1494.06,Active
P02807,SKU-02807,LG Shoe 2807,Fashion,Shoes,LG,S0087,1032.92,979.02,Active
P02808,SKU-02808,Adidas Clothing 2808,Fashion,Clothing,Adidas,S0215,1211.98,820.31,Active
P02809,SKU-02809,Philips Shoe 2809,Fashion,Shoes,Philips,S0272,393.08,66.9,Active
P02810,SKU-02810,Philips Shoe 2810,Fashion,Shoes,Philips,S0076,1297.13,1190.72,Active
P02811,SKU-02811,Sony Shoe 2811,Fashion,Shoes,Sony,S0124,1134.25,289.08,Active
P02812,SKU-02812,Samsung Shoe 2812,Fashion,Shoes,Samsung,S0490,1846.04,1428.94,Active
P02813,SKU-02813,Philips Shoe 2813,Fashion,Shoes,Philips,S0287,1597.91,869.64,Active
P02814,SKU-02814,Loreal Shoe 2814,Fashion,Shoes,Loreal,S0466,220.08,210.95,Active
P02815,SKU-02815,Loreal Shoe 2815,Fashion,Shoes,Loreal,S0500,1743.9,915.45,Active
P02816,SKU-02816,Samsung Clothing 2816,Fashion,Clothing,Samsung,S0123,947.2,702.0,Active
P02817,SKU-02817,LG Shoe 2817,Fashion,Shoes,LG,S0055,1287.37,304.06,Active
P02818,SKU-02818,Philips Shoe 2818,Fashion,Shoes,Philips,S0264,78.59,1380.31,Active
P02819,SKU-02819,Nike Clothing 2819,Fashion,Clothing,Nike,S0011,465.62,831.31,Active
P02820,SKU-02820,Dell Shoe 2820,Fashion,Shoes,Dell,S0410,777.92,610.19,Active
P02821,SKU-02821,HP Clothing 2821,Fashion,Clothing,HP,S0299,995.96,284.14,Active
P02822,SKU-02822,LG Shoe 2822,Fashion,Shoes,LG,S0193,1067.45,867.41,Active
P02823,SKU-02823,Nike Clothing 2823,Fashion,Clothing,Nike,S0327,1912.03,1321.25,Active
P02824,SKU-02824,Philips Clothing 2824,Fashion,Clothing,Philips,S0319,899.72,602.51,Active
P02825,SKU-02825,Philips Clothing 2825,Fashion,Clothing,Philips,S0495,466.18,1163.81,Active
P02826,SKU-02826,Nike Shoe 2826,Fashion,Shoes,Nike,S0034,942.44,1029.5,Active
P02827,SKU-02827,Apple Shoe 2827,Fashion,Shoes,Apple,S0379,1041.42,673.61,Active
P02828,SKU-02828,Apple Clothing 2828,Fashion,Clothing,Apple,S0060,1523.26,1092.05,Active
P02829,SKU-02829,Dell Clothing 2829,Fashion,Clothing,Dell,S0311,133.37,840.07,Active
P02830,SKU-02830,Adidas Shoe 2830,Fashion,Shoes,Adidas,S0182,1983.87,442.94,Active
P02831,SKU-02831,Samsung Shoe 2831,Fashion,Shoes,Samsung,S0317,1360.98,741.68,Active
P02832,SKU-02832,Dell Shoe 2832,Fashion,Shoes,Dell,S0438,1006.42,378.98,Active
P02833,SKU-02833,Samsung Clothing 2833,Fashion,Clothing,Samsung,S0392,1191.69,1441.39,Active
P02834,SKU-02834,LG Shoe 2834,Fashion,Shoes,LG,S0364,723.05,121.42,Active
P02835,SKU-02835,Sony Clothing 2835,Fashion,Clothing,Sony,S0396,683.22,1310.9,Active
P02836,SKU-02836,Sony Clothing 2836,Fashion,Clothing,Sony,S0471,1820.66,1250.3,Active
P02837,SKU-02837,Dell Clothing 2837,Fashion,Clothing,Dell,S0405,1206.93,697.65,Active
P02838,SKU-02838,Loreal Clothing 2838,Fashion,Clothing,Loreal,S0272,1102.6,221.11,Active
P02839,SKU-02839,LG Clothing 2839,Fashion,Clothing,LG,S0099,882.87,702.27,Active
P02840,SKU-02840,LG Shoe 2840,Fashion,Shoes,LG,S0162,637.77,548.05,Active
P02841,SKU-02841,HP Clothing 2841,Fashion,Clothing,HP,S0431,953.73,1071.52,Active
P02842,SKU-02842,Adidas Clothing 2842,Fashion,Clothing,Adidas,S0188,1019.12,1437.55,Active
P02843,SKU-02843,HP Clothing 2843,Fashion,Clothing,HP,S0082,29.85,886.75,Active
P02844,SKU-02844,Loreal Shoe 2844,Fashion,Shoes,Loreal,S0406,259.19,591.31,Active
P02845,SKU-02845,Sony Clothing 2845,Fashion,Clothing,Sony,S0488,889.74,491.33,Active
P02846,SKU-02846,Philips Shoe 2846,Fashion,Shoes,Philips,S0324,543.48,455.23,Active
P02847,SKU-02847,HP Shoe 2847,Fashion,Shoes,HP,S0093,1086.43,241.18,Active
P02848,SKU-02848,Dell Clothing 2848,Fashion,Clothing,Dell,S0453,1132.15,1412.13,Active
P02849,SKU-02849,Dell Clothing 2849,Fashion,Clothing,Dell,S0375,191.31,482.87,Active
P02850,SKU-02850,Sony Shoe 2850,Fashion,Shoes,Sony,S0472,859.97,900.23,Active
P02851,SKU-02851,Loreal Shoe 2851,Fashion,Shoes,Loreal,S0155,776.3,906.94,Active
P02852,SKU-02852,Apple Clothing 2852,Fashion,Clothing,Apple,S0471,1118.62,576.11,Active
P02853,SKU-02853,HP Clothing 2853,Fashion,Clothing,HP,S0326,1046.28,831.52,Active
P02854,SKU-02854,Nike Clothing 2854,Fashion,Clothing,Nike,S0439,16.28,275.47,Active
P02855,SKU-02855,Samsung Shoe 2855,Fashion,Shoes,Samsung,S0024,784.95,682.92,Active
P02856,SKU-02856,Loreal Shoe 2856,Fashion,Shoes,Loreal,S0168,749.04,56.73,Active
P02857,SKU-02857,Philips Shoe 2857,Fashion,Shoes,Philips,S0079,1760.07,1435.97,Active
P02858,SKU-02858,Samsung Shoe 2858,Fashion,Shoes,Samsung,S0031,443.57,1089.66,Active
P02859,SKU-02859,Nike Clothing 2859,Fashion,Clothing,Nike,S0315,1028.45,87.95,Active
P02860,SKU-02860,Philips Shoe 2860,Fashion,Shoes,Philips,S0146,1891.18,39.05,Active
P02861,SKU-02861,Philips Clothing 2861,Fashion,Clothing,Philips,S0312,1937.26,90.49,Active
P02862,SKU-02862,Nike Clothing 2862,Fashion,Clothing,Nike,S0015,77.72,1101.21,Active
P02863,SKU-02863,Samsung Shoe 2863,Fashion,Shoes,Samsung,S0067,327.33,1414.87,Active
P02864,SKU-02864,Sony Shoe 2864,Fashion,Shoes,Sony,S0245,1827.8,1237.11,Active
P02865,SKU-02865,Adidas Shoe 2865,Fashion,Shoes,Adidas,S0414,586.44,874.91,Active
P02866,SKU-02866,Loreal Clothing 2866,Fashion,Clothing,Loreal,S0039,381.43,1019.25,Active
P02867,SKU-02867,Philips Clothing 2867,Fashion,Clothing,Philips,S0355,1894.98,1445.63,Active
P02868,SKU-02868,Apple Shoe 2868,Fashion,Shoes,Apple,S0164,496.13,112.1,Active
P02869,SKU-02869,Samsung Shoe 2869,Fashion,Shoes,Samsung,S0317,196.51,1460.14,Active
P02870,SKU-02870,Loreal Shoe 2870,Fashion,Shoes,Loreal,S0237,1148.03,281.35,Active
P02871,SKU-02871,LG Shoe 2871,Fashion,Shoes,LG,S0358,1648.76,729.72,Active
P02872,SKU-02872,HP Shoe 2872,Fashion,Shoes,HP,S0204,1716.11,1086.75,Active
P02873,SKU-02873,Dell Clothing 2873,Fashion,Clothing,Dell,S0368,1514.38,639.83,Active
P02874,SKU-02874,Adidas Clothing 2874,Fashion,Clothing,Adidas,S0390,1399.57,1255.95,Active
P02875,SKU-02875,Samsung Clothing 2875,Fashion,Clothing,Samsung,S0196,563.84,1107.17,Active
P02876,SKU-02876,Nike Shoe 2876,Fashion,Shoes,Nike,S0377,1798.75,780.08,Active
P02877,SKU-02877,Philips Clothing 2877,Fashion,Clothing,Philips,S0309,433.49,117.43,Active
P02878,SKU-02878,Nike Shoe 2878,Fashion,Shoes,Nike,S0278,606.71,571.27,Active
P02879,SKU-02879,Loreal Shoe 2879,Fashion,Shoes,Loreal,S0222,1242.91,1463.91,Active
P02880,SKU-02880,Dell Shoe 2880,Fashion,Shoes,Dell,S0473,692.22,275.54,Active
P02881,SKU-02881,Sony Shoe 2881,Fashion,Shoes,Sony,S0372,437.95,204.31,Active
P02882,SKU-02882,Adidas Shoe 2882,Fashion,Shoes,Adidas,S0387,305.68,1431.49,Active
P02883,SKU-02883,Adidas Shoe 2883,Fashion,Shoes,Adidas,S0358,701.78,135.3,Active
P02884,SKU-02884,Adidas Shoe 2884,Fashion,Shoes,Adidas,S0426,551.43,397.96,Active
P02885,SKU-02885,Dell Shoe 2885,Fashion,Shoes,Dell,S0275,230.93,1122.06,Active
P02886,SKU-02886,Nike Clothing 2886,Fashion,Clothing,Nike,S0041,938.52,261.64,Active
P02887,SKU-02887,Dell Shoe 2887,Fashion,Shoes,Dell,S0072,1478.69,1100.8,Active
P02888,SKU-02888,Philips Clothing 2888,Fashion,Clothing,Philips,S0387,1125.69,1230.16,Active
P02889,SKU-02889,LG Clothing 2889,Fashion,Clothing,LG,S0368,631.14,785.67,Active
P02890,SKU-02890,Sony Clothing 2890,Fashion,Clothing,Sony,S0345,1182.03,1261.43,Active
P02891,SKU-02891,Philips Clothing 2891,Fashion,Clothing,Philips,S0495,1215.39,828.39,Active
P02892,SKU-02892,LG Shoe 2892,Fashion,Shoes,LG,S0001,1993.25,1216.29,Active
P02893,SKU-02893,Dell Clothing 2893,Fashion,Clothing,Dell,S0175,768.06,982.0,Active
P02894,SKU-02894,Philips Clothing 2894,Fashion,Clothing,Philips,S0213,1964.59,827.13,Active
P02895,SKU-02895,Loreal Shoe 2895,Fashion,Shoes,Loreal,S0123,1359.88,566.25,Active
P02896,SKU-02896,Philips Shoe 2896,Fashion,Shoes,Philips,S0072,550.9,1053.59,Active
P02897,SKU-02897,HP Clothing 2897,Fashion,Clothing,HP,S0341,1231.07,431.35,Active
P02898,SKU-02898,Sony Clothing 2898,Fashion,Clothing,Sony,S0278,20.45,433.48,Active
P02899,SKU-02899,Dell Shoe 2899,Fashion,Shoes,Dell,S0352,183.67,1499.83,Active
P02900,SKU-02900,Loreal Shoe 2900,Fashion,Shoes,Loreal,S0204,1664.38,1430.79,Active
P02901,SKU-02901,Sony Shoe 2901,Fashion,Shoes,Sony,S0331,1396.09,103.56,Active
P02902,SKU-02902,Adidas Clothing 2902,Fashion,Clothing,Adidas,S0216,434.79,1384.63,Active
P02903,SKU-02903,HP Clothing 2903,Fashion,Clothing,HP,S0012,1241.46,1418.96,Active
P02904,SKU-02904,Loreal Shoe 2904,Fashion,Shoes,Loreal,S0065,977.53,584.38,Active
P02905,SKU-02905,Philips Clothing 2905,Fashion,Clothing,Philips,S0229,636.86,406.42,Active
P02906,SKU-02906,Nike Clothing 2906,Fashion,Clothing,Nike,S0090,711.8,1408.49,Active
P02907,SKU-02907,Sony Clothing 2907,Fashion,Clothing,Sony,S0028,1070.63,1418.48,Active
P02908,SKU-02908,Dell Shoe 2908,Fashion,Shoes,Dell,S0094,1168.64,1242.82,Active
P02909,SKU-02909,HP Clothing 2909,Fashion,Clothing,HP,S0380,251.71,877.13,Active
P02910,SKU-02910,Apple Shoe 2910,Fashion,Shoes,Apple,S0176,1460.08,1472.17,Active
P02911,SKU-02911,Samsung Shoe 2911,Fashion,Shoes,Samsung,S0135,661.05,56.42,Active
P02912,SKU-02912,Sony Shoe 2912,Fashion,Shoes,Sony,S0308,362.68,481.8,Active
P02913,SKU-02913,Sony Shoe 2913,Fashion,Shoes,Sony,S0090,1842.07,568.9,Active
P02914,SKU-02914,Apple Shoe 2914,Fashion,Shoes,Apple,S0495,25.12,1223.89,Active
P02915,SKU-02915,Dell Clothing 2915,Fashion,Clothing,Dell,S0003,245.71,854.39,Active
P02916,SKU-02916,HP Shoe 2916,Fashion,Shoes,HP,S0105,1016.93,7.71,Active
P02917,SKU-02917,Nike Clothing 2917,Fashion,Clothing,Nike,S0379,1308.43,733.88,Active
P02918,SKU-02918,Adidas Shoe 2918,Fashion,Shoes,Adidas,S0330,1861.6,843.97,Active
P02919,SKU-02919,Sony Shoe 2919,Fashion,Shoes,Sony,S0099,631.25,1470.59,Active
P02920,SKU-02920,Sony Shoe 2920,Fashion,Shoes,Sony,S0211,242.78,988.49,Active
P02921,SKU-02921,Nike Shoe 2921,Fashion,Shoes,Nike,S0152,1200.56,108.92,Active
P02922,SKU-02922,Adidas Shoe 2922,Fashion,Shoes,Adidas,S0037,993.04,1115.77,Active
P02923,SKU-02923,Sony Shoe 2923,Fashion,Shoes,Sony,S0009,1021.99,684.08,Active
P02924,SKU-02924,HP Clothing 2924,Fashion,Clothing,HP,S0164,1649.11,1458.92,Active
P02925,SKU-02925,LG Shoe 2925,Fashion,Shoes,LG,S0470,1493.36,220.15,Active
P02926,SKU-02926,Apple Shoe 2926,Fashion,Shoes,Apple,S0217,1771.87,513.88,Active
P02927,SKU-02927,Adidas Shoe 2927,Fashion,Shoes,Adidas,S0432,1982.69,1320.18,Active
P02928,SKU-02928,Nike Clothing 2928,Fashion,Clothing,Nike,S0489,577.63,1191.17,Active
P02929,SKU-02929,Philips Clothing 2929,Fashion,Clothing,Philips,S0030,417.52,1228.8,Active
P02930,SKU-02930,Dell Shoe 2930,Fashion,Shoes,Dell,S0102,1010.36,95.21,Active
P02931,SKU-02931,Philips Shoe 2931,Fashion,Shoes,Philips,S0337,368.47,1223.39,Active
P02932,SKU-02932,Sony Shoe 2932,Fashion,Shoes,Sony,S0146,943.39,982.99,Active
P02933,SKU-02933,LG Clothing 2933,Fashion,Clothing,LG,S0311,1835.69,1354.74,Active
P02934,SKU-02934,Dell Clothing 2934,Fashion,Clothing,Dell,S0428,1479.6,103.53,Active
P02935,SKU-02935,Dell Clothing 2935,Fashion,Clothing,Dell,S0461,1953.45,518.51,Active
P02936,SKU-02936,Loreal Clothing 2936,Fashion,Clothing,Loreal,S0073,192.12,511.71,Active
P02937,SKU-02937,Dell Clothing 2937,Fashion,Clothing,Dell,S0451,567.97,411.22,Active
P02938,SKU-02938,Nike Shoe 2938,Fashion,Shoes,Nike,S0067,721.65,121.16,Active
P02939,SKU-02939,Nike Shoe 2939,Fashion,Shoes,Nike,S0277,727.91,309.32,Active
P02940,SKU-02940,Nike Shoe 2940,Fashion,Shoes,Nike,S0453,1965.75,414.71,Active
P02941,SKU-02941,Apple Clothing 2941,Fashion,Clothing,Apple,S0167,1027.37,284.86,Active
P02942,SKU-02942,HP Shoe 2942,Fashion,Shoes,HP,S0002,114.81,1114.92,Active
P02943,SKU-02943,Loreal Clothing 2943,Fashion,Clothing,Loreal,S0147,735.24,1294.47,Active
P02944,SKU-02944,HP Clothing 2944,Fashion,Clothing,HP,S0321,1611.88,1350.97,Active
P02945,SKU-02945,Adidas Shoe 2945,Fashion,Shoes,Adidas,S0176,945.84,1317.77,Active
P02946,SKU-02946,Dell Clothing 2946,Fashion,Clothing,Dell,S0020,1307.7,914.86,Active
P02947,SKU-02947,Nike Clothing 2947,Fashion,Clothing,Nike,S0358,804.36,674.05,Active
P02948,SKU-02948,LG Shoe 2948,Fashion,Shoes,LG,S0496,1893.71,956.53,Active
P02949,SKU-02949,Dell Clothing 2949,Fashion,Clothing,Dell,S0379,1230.17,573.71,Active
P02950,SKU-02950,Nike Shoe 2950,Fashion,Shoes,Nike,S0397,1886.01,929.45,Active
P02951,SKU-02951,Nike Clothing 2951,Fashion,Clothing,Nike,S0001,1736.03,325.66,Active
P02952,SKU-02952,Philips Shoe 2952,Fashion,Shoes,Philips,S0083,130.18,40.12,Active
P02953,SKU-02953,Samsung Shoe 2953,Fashion,Shoes,Samsung,S0151,314.02,429.35,Active
P02954,SKU-02954,Apple Shoe 2954,Fashion,Shoes,Apple,S0144,1943.07,1062.32,Active
P02955,SKU-02955,Nike Clothing 2955,Fashion,Clothing,Nike,S0008,1578.26,1494.75,Active
P02956,SKU-02956,Apple Clothing 2956,Fashion,Clothing,Apple,S0014,1427.81,556.85,Active
P02957,SKU-02957,Apple Clothing 2957,Fashion,Clothing,Apple,S0424,610.0,1437.04,Active
P02958,SKU-02958,Samsung Shoe 2958,Fashion,Shoes,Samsung,S0438,543.23,976.07,Active
P02959,SKU-02959,Samsung Shoe 2959,Fashion,Shoes,Samsung,S0042,1494.76,1343.99,Active
P02960,SKU-02960,HP Shoe 2960,Fashion,Shoes,HP,S0326,1192.16,434.36,Active
P02961,SKU-02961,Philips Shoe 2961,Fashion,Shoes,Philips,S0188,1654.81,316.15,Active
P02962,SKU-02962,Loreal Clothing 2962,Fashion,Clothing,Loreal,S0261,1367.55,1474.05,Active
P02963,SKU-02963,Sony Shoe 2963,Fashion,Shoes,Sony,S0012,149.39,1350.67,Active
P02964,SKU-02964,HP Clothing 2964,Fashion,Clothing,HP,S0401,1432.32,1244.33,Active
P02965,SKU-02965,Samsung Clothing 2965,Fashion,Clothing,Samsung,S0210,1749.74,787.59,Active
P02966,SKU-02966,Dell Clothing 2966,Fashion,Clothing,Dell,S0269,1271.47,561.34,Active
P02967,SKU-02967,HP Shoe 2967,Fashion,Shoes,HP,S0100,408.79,468.88,Active
P02968,SKU-02968,Adidas Clothing 2968,Fashion,Clothing,Adidas,S0159,342.16,1319.9,Active
P02969,SKU-02969,Sony Clothing 2969,Fashion,Clothing,Sony,S0209,670.27,1481.73,Active
P02970,SKU-02970,Samsung Clothing 2970,Fashion,Clothing,Samsung,S0128,277.42,669.69,Active
P02971,SKU-02971,Nike Clothing 2971,Fashion,Clothing,Nike,S0441,452.73,1358.59,Active
P02972,SKU-02972,Loreal Shoe 2972,Fashion,Shoes,Loreal,S0192,1782.15,1390.89,Active
P02973,SKU-02973,Apple Clothing 2973,Fashion,Clothing,Apple,S0161,214.75,21.33,Active
P02974,SKU-02974,HP Clothing 2974,Fashion,Clothing,HP,S0181,1264.23,1307.92,Active
P02975,SKU-02975,Sony Clothing 2975,Fashion,Clothing,Sony,S0296,1201.05,1376.61,Active
P02976,SKU-02976,Adidas Shoe 2976,Fashion,Shoes,Adidas,S0087,1479.24,786.38,Active
P02977,SKU-02977,HP Clothing 2977,Fashion,Clothing,HP,S0190,1247.2,623.34,Active
P02978,SKU-02978,Sony Shoe 2978,Fashion,Shoes,Sony,S0458,129.88,155.4,Active
P02979,SKU-02979,LG Clothing 2979,Fashion,Clothing,LG,S0032,807.72,434.86,Active
P02980,SKU-02980,Loreal Shoe 2980,Fashion,Shoes,Loreal,S0403,190.81,128.29,Active
P02981,SKU-02981,Samsung Shoe 2981,Fashion,Shoes,Samsung,S0021,1947.25,852.53,Active
P02982,SKU-02982,Philips Clothing 2982,Fashion,Clothing,Philips,S0364,1368.91,463.17,Active
P02983,SKU-02983,Sony Shoe 2983,Fashion,Shoes,Sony,S0296,1273.75,1209.9,Active
P02984,SKU-02984,Samsung Clothing 2984,Fashion,Clothing,Samsung,S0086,230.88,216.42,Active
P02985,SKU-02985,Loreal Shoe 2985,Fashion,Shoes,Loreal,S0283,701.16,1112.17,Active
P02986,SKU-02986,Nike Clothing 2986,Fashion,Clothing,Nike,S0241,1736.16,537.36,Active
P02987,SKU-02987,Philips Shoe 2987,Fashion,Shoes,Philips,S0160,1259.93,484.69,Active
P02988,SKU-02988,Adidas Shoe 2988,Fashion,Shoes,Adidas,S0465,277.21,694.38,Active
P02989,SKU-02989,Apple Clothing 2989,Fashion,Clothing,Apple,S0489,785.73,615.32,Active
P02990,SKU-02990,Adidas Clothing 2990,Fashion,Clothing,Adidas,S0323,553.94,441.92,Active
P02991,SKU-02991,Philips Clothing 2991,Fashion,Clothing,Philips,S0018,614.97,634.08,Active
P02992,SKU-02992,Samsung Shoe 2992,Fashion,Shoes,Samsung,S0255,767.49,87.42,Active
P02993,SKU-02993,Dell Shoe 2993,Fashion,Shoes,Dell,S0191,1914.88,220.59,Active
P02994,SKU-02994,Nike Clothing 2994,Fashion,Clothing,Nike,S0247,1045.16,1267.25,Active
P02995,SKU-02995,LG Shoe 2995,Fashion,Shoes,LG,S0176,849.47,570.72,Active
P02996,SKU-02996,Adidas Clothing 2996,Fashion,Clothing,Adidas,S0339,755.7,668.91,Active
P02997,SKU-02997,Dell Clothing 2997,Fashion,Clothing,Dell,S0293,526.58,416.62,Active
P02998,SKU-02998,Loreal Shoe 2998,Fashion,Shoes,Loreal,S0486,1025.14,1474.55,Active
P02999,SKU-02999,Apple Clothing 2999,Fashion,Clothing,Apple,S0380,739.35,562.13,Active
P03000,SKU-03000,LG Shoe 3000,Fashion,Shoes,LG,S0236,1155.08,1064.44,Active
P03001,SKU-03001,LG Shoe 3001,Fashion,Shoes,LG,S0405,1051.56,918.21,Active
P03002,SKU-03002,LG Shoe 3002,Fashion,Shoes,LG,S0044,463.49,1395.18,Active
P03003,SKU-03003,Samsung Shoe 3003,Fashion,Shoes,Samsung,S0355,1192.92,953.27,Active
P03004,SKU-03004,Dell Clothing 3004,Fashion,Clothing,Dell,S0314,1733.01,1344.03,Active
P03005,SKU-03005,Sony Clothing 3005,Fashion,Clothing,Sony,S0128,950.28,824.3,Active
P03006,SKU-03006,Adidas Shoe 3006,Fashion,Shoes,Adidas,S0353,1520.75,520.93,Active
P03007,SKU-03007,LG Shoe 3007,Fashion,Shoes,LG,S0458,1598.28,1209.98,Active
P03008,SKU-03008,HP Clothing 3008,Fashion,Clothing,HP,S0182,928.26,1467.27,Active
P03009,SKU-03009,Adidas Shoe 3009,Fashion,Shoes,Adidas,S0484,1004.59,275.85,Active
P03010,SKU-03010,Sony Shoe 3010,Fashion,Shoes,Sony,S0448,1351.28,608.79,Active
P03011,SKU-03011,Adidas Clothing 3011,Fashion,Clothing,Adidas,S0143,1706.29,1418.82,Active
P03012,SKU-03012,Apple Shoe 3012,Fashion,Shoes,Apple,S0044,331.06,874.58,Active
P03013,SKU-03013,Samsung Shoe 3013,Fashion,Shoes,Samsung,S0091,1175.57,1197.18,Active
P03014,SKU-03014,Apple Shoe 3014,Fashion,Shoes,Apple,S0003,1984.98,1252.25,Active
P03015,SKU-03015,Loreal Clothing 3015,Fashion,Clothing,Loreal,S0430,84.11,708.6,Active
P03016,SKU-03016,Philips Clothing 3016,Fashion,Clothing,Philips,S0054,1872.8,1434.37,Active
P03017,SKU-03017,Philips Clothing 3017,Fashion,Clothing,Philips,S0218,76.41,800.67,Active
P03018,SKU-03018,Samsung Clothing 3018,Fashion,Clothing,Samsung,S0301,1762.28,1479.99,Active
P03019,SKU-03019,Nike Shoe 3019,Fashion,Shoes,Nike,S0447,953.52,1314.29,Active
P03020,SKU-03020,Samsung Shoe 3020,Fashion,Shoes,Samsung,S0226,378.54,1239.4,Active
P03021,SKU-03021,Loreal Shoe 3021,Fashion,Shoes,Loreal,S0464,299.95,1446.75,Active
P03022,SKU-03022,Loreal Shoe 3022,Fashion,Shoes,Loreal,S0371,344.15,989.37,Active
P03023,SKU-03023,Sony Shoe 3023,Fashion,Shoes,Sony,S0152,334.49,217.71,Active
P03024,SKU-03024,Apple Shoe 3024,Fashion,Shoes,Apple,S0085,1072.62,624.77,Active
P03025,SKU-03025,HP Clothing 3025,Fashion,Clothing,HP,S0231,1010.82,1332.42,Active
P03026,SKU-03026,Samsung Shoe 3026,Fashion,Shoes,Samsung,S0401,335.49,157.2,Active
P03027,SKU-03027,Philips Shoe 3027,Fashion,Shoes,Philips,S0326,15.12,1207.33,Active
P03028,SKU-03028,Samsung Shoe 3028,Fashion,Shoes,Samsung,S0273,1602.22,1236.88,Active
P03029,SKU-03029,HP Clothing 3029,Fashion,Clothing,HP,S0055,950.47,31.83,Active
P03030,SKU-03030,HP Clothing 3030,Fashion,Clothing,HP,S0267,429.89,170.94,Active
P03031,SKU-03031,Philips Clothing 3031,Fashion,Clothing,Philips,S0370,825.72,282.25,Active
P03032,SKU-03032,HP Clothing 3032,Fashion,Clothing,HP,S0255,1274.51,186.21,Active
P03033,SKU-03033,Philips Clothing 3033,Fashion,Clothing,Philips,S0109,186.94,1352.23,Active
P03034,SKU-03034,HP Shoe 3034,Fashion,Shoes,HP,S0490,787.0,360.22,Active
P03035,SKU-03035,HP Clothing 3035,Fashion,Clothing,HP,S0287,75.93,1236.05,Active
P03036,SKU-03036,HP Clothing 3036,Fashion,Clothing,HP,S0260,1053.36,623.15,Active
P03037,SKU-03037,Dell Shoe 3037,Fashion,Shoes,Dell,S0247,1092.44,175.33,Active
P03038,SKU-03038,Apple Shoe 3038,Fashion,Shoes,Apple,S0102,1717.17,836.23,Active
P03039,SKU-03039,Nike Clothing 3039,Fashion,Clothing,Nike,S0302,56.11,1179.16,Active
P03040,SKU-03040,Philips Clothing 3040,Fashion,Clothing,Philips,S0406,1618.43,307.05,Active
P03041,SKU-03041,Adidas Clothing 3041,Fashion,Clothing,Adidas,S0377,236.48,500.73,Active
P03042,SKU-03042,Apple Clothing 3042,Fashion,Clothing,Apple,S0427,1894.42,1262.29,Active
P03043,SKU-03043,Nike Shoe 3043,Fashion,Shoes,Nike,S0087,1970.82,1358.58,Active
P03044,SKU-03044,HP Clothing 3044,Fashion,Clothing,HP,S0087,848.55,338.24,Active
P03045,SKU-03045,Sony Shoe 3045,Fashion,Shoes,Sony,S0165,1685.78,1327.28,Active
P03046,SKU-03046,Philips Shoe 3046,Fashion,Shoes,Philips,S0396,791.32,204.06,Active
P03047,SKU-03047,Samsung Clothing 3047,Fashion,Clothing,Samsung,S0264,1030.32,841.2,Active
P03048,SKU-03048,LG Shoe 3048,Fashion,Shoes,LG,S0085,1649.18,48.15,Active
P03049,SKU-03049,Loreal Clothing 3049,Fashion,Clothing,Loreal,S0014,103.26,1121.19,Active
P03050,SKU-03050,Sony Clothing 3050,Fashion,Clothing,Sony,S0435,1837.5,263.48,Active
P03051,SKU-03051,Philips Shoe 3051,Fashion,Shoes,Philips,S0137,185.64,1467.47,Active
P03052,SKU-03052,Loreal Shoe 3052,Fashion,Shoes,Loreal,S0251,74.3,558.34,Active
P03053,SKU-03053,Apple Shoe 3053,Fashion,Shoes,Apple,S0439,121.44,70.44,Active
P03054,SKU-03054,Philips Clothing 3054,Fashion,Clothing,Philips,S0169,988.93,1207.26,Active
P03055,SKU-03055,Loreal Clothing 3055,Fashion,Clothing,Loreal,S0120,1158.97,1375.22,Active
P03056,SKU-03056,Nike Shoe 3056,Fashion,Shoes,Nike,S0414,72.65,810.08,Active
P03057,SKU-03057,Philips Clothing 3057,Fashion,Clothing,Philips,S0009,1146.45,1028.73,Active
P03058,SKU-03058,HP Clothing 3058,Fashion,Clothing,HP,S0055,1236.78,391.0,Active
P03059,SKU-03059,LG Clothing 3059,Fashion,Clothing,LG,S0160,1820.79,808.58,Active
P03060,SKU-03060,Philips Clothing 3060,Fashion,Clothing,Philips,S0270,914.2,971.17,Active
P03061,SKU-03061,Samsung Clothing 3061,Fashion,Clothing,Samsung,S0134,301.91,570.92,Active
P03062,SKU-03062,Samsung Clothing 3062,Fashion,Clothing,Samsung,S0313,1875.08,1142.64,Active
P03063,SKU-03063,HP Shoe 3063,Fashion,Shoes,HP,S0443,1055.35,1035.01,Active
P03064,SKU-03064,HP Shoe 3064,Fashion,Shoes,HP,S0005,1432.44,32.41,Active
P03065,SKU-03065,Sony Shoe 3065,Fashion,Shoes,Sony,S0038,1260.61,195.8,Active
P03066,SKU-03066,Apple Shoe 3066,Fashion,Shoes,Apple,S0496,1050.49,1177.21,Active
P03067,SKU-03067,HP Clothing 3067,Fashion,Clothing,HP,S0017,1861.07,1054.91,Active
P03068,SKU-03068,Samsung Clothing 3068,Fashion,Clothing,Samsung,S0186,654.9,1429.31,Active
P03069,SKU-03069,Adidas Clothing 3069,Fashion,Clothing,Adidas,S0260,398.97,1319.91,Active
P03070,SKU-03070,HP Clothing 3070,Fashion,Clothing,HP,S0433,699.91,742.61,Active
P03071,SKU-03071,HP Clothing 3071,Fashion,Clothing,HP,S0017,1271.0,834.04,Active
P03072,SKU-03072,Apple Clothing 3072,Fashion,Clothing,Apple,S0118,652.65,623.16,Active
P03073,SKU-03073,Nike Shoe 3073,Fashion,Shoes,Nike,S0122,750.72,1008.54,Active
P03074,SKU-03074,Apple Shoe 3074,Fashion,Shoes,Apple,S0145,781.9,567.47,Active
P03075,SKU-03075,HP Clothing 3075,Fashion,Clothing,HP,S0385,523.85,472.35,Active
P03076,SKU-03076,Apple Clothing 3076,Fashion,Clothing,Apple,S0269,1101.93,516.99,Active
P03077,SKU-03077,Adidas Shoe 3077,Fashion,Shoes,Adidas,S0286,1218.35,809.39,Active
P03078,SKU-03078,Dell Clothing 3078,Fashion,Clothing,Dell,S0490,251.27,752.4,Active
P03079,SKU-03079,Philips Clothing 3079,Fashion,Clothing,Philips,S0132,1790.53,586.34,Active
P03080,SKU-03080,LG Clothing 3080,Fashion,Clothing,LG,S0244,1883.95,992.92,Active
P03081,SKU-03081,Sony Shoe 3081,Fashion,Shoes,Sony,S0013,1984.83,374.43,Active
P03082,SKU-03082,Sony Clothing 3082,Fashion,Clothing,Sony,S0087,1541.08,689.29,Active
P03083,SKU-03083,Dell Shoe 3083,Fashion,Shoes,Dell,S0209,970.09,497.84,Active
P03084,SKU-03084,Loreal Clothing 3084,Fashion,Clothing,Loreal,S0149,1056.82,209.82,Active
P03085,SKU-03085,LG Shoe 3085,Fashion,Shoes,LG,S0354,1047.22,1440.32,Active
P03086,SKU-03086,LG Shoe 3086,Fashion,Shoes,LG,S0222,866.13,832.5,Active
P03087,SKU-03087,Apple Clothing 3087,Fashion,Clothing,Apple,S0353,93.41,805.94,Active
P03088,SKU-03088,HP Shoe 3088,Fashion,Shoes,HP,S0434,109.35,1170.75,Active
P03089,SKU-03089,Sony Shoe 3089,Fashion,Shoes,Sony,S0305,776.65,947.44,Active
P03090,SKU-03090,Philips Clothing 3090,Fashion,Clothing,Philips,S0148,623.8,815.69,Active
P03091,SKU-03091,Loreal Clothing 3091,Fashion,Clothing,Loreal,S0183,959.85,739.37,Active
P03092,SKU-03092,LG Shoe 3092,Fashion,Shoes,LG,S0234,329.24,1303.28,Active
P03093,SKU-03093,Adidas Shoe 3093,Fashion,Shoes,Adidas,S0249,1070.98,1437.39,Active
P03094,SKU-03094,Samsung Shoe 3094,Fashion,Shoes,Samsung,S0125,140.65,59.51,Active
P03095,SKU-03095,Sony Clothing 3095,Fashion,Clothing,Sony,S0470,134.8,844.73,Active
P03096,SKU-03096,Philips Clothing 3096,Fashion,Clothing,Philips,S0392,1688.71,746.91,Active
P03097,SKU-03097,Apple Clothing 3097,Fashion,Clothing,Apple,S0163,1813.29,883.14,Active
P03098,SKU-03098,Philips Clothing 3098,Fashion,Clothing,Philips,S0047,345.23,443.87,Active
P03099,SKU-03099,Loreal Clothing 3099,Fashion,Clothing,Loreal,S0059,737.47,1405.39,Active
P03100,SKU-03100,Apple Clothing 3100,Fashion,Clothing,Apple,S0131,887.28,1107.66,Active
P03101,SKU-03101,Sony Shoe 3101,Fashion,Shoes,Sony,S0054,1922.07,630.44,Active
P03102,SKU-03102,Apple Clothing 3102,Fashion,Clothing,Apple,S0072,377.48,1254.71,Active
P03103,SKU-03103,Loreal Shoe 3103,Fashion,Shoes,Loreal,S0363,945.54,1026.52,Active
P03104,SKU-03104,Apple Shoe 3104,Fashion,Shoes,Apple,S0425,1684.22,129.77,Active
P03105,SKU-03105,HP Shoe 3105,Fashion,Shoes,HP,S0433,1208.88,554.96,Active
P03106,SKU-03106,Nike Clothing 3106,Fashion,Clothing,Nike,S0293,1014.12,1372.57,Active
P03107,SKU-03107,Dell Shoe 3107,Fashion,Shoes,Dell,S0071,332.6,988.08,Active
P03108,SKU-03108,Apple Shoe 3108,Fashion,Shoes,Apple,S0045,1287.34,1215.03,Active
P03109,SKU-03109,Nike Shoe 3109,Fashion,Shoes,Nike,S0045,296.88,381.93,Active
P03110,SKU-03110,Adidas Shoe 3110,Fashion,Shoes,Adidas,S0192,579.49,503.65,Active
P03111,SKU-03111,Adidas Shoe 3111,Fashion,Shoes,Adidas,S0193,212.37,1419.35,Active
P03112,SKU-03112,Nike Clothing 3112,Fashion,Clothing,Nike,S0483,1025.52,858.96,Active
P03113,SKU-03113,Sony Shoe 3113,Fashion,Shoes,Sony,S0451,156.69,1420.63,Active
P03114,SKU-03114,Dell Shoe 3114,Fashion,Shoes,Dell,S0188,1524.08,1318.4,Active
P03115,SKU-03115,Apple Shoe 3115,Fashion,Shoes,Apple,S0391,1539.81,40.87,Active
P03116,SKU-03116,Dell Shoe 3116,Fashion,Shoes,Dell,S0066,1316.08,1075.21,Active
P03117,SKU-03117,Dell Clothing 3117,Fashion,Clothing,Dell,S0005,672.74,885.29,Active
P03118,SKU-03118,Loreal Clothing 3118,Fashion,Clothing,Loreal,S0106,1408.0,383.1,Active
P03119,SKU-03119,Apple Clothing 3119,Fashion,Clothing,Apple,S0135,1633.97,466.83,Active
P03120,SKU-03120,Adidas Shoe 3120,Fashion,Shoes,Adidas,S0266,1933.64,442.36,Active
P03121,SKU-03121,Adidas Clothing 3121,Fashion,Clothing,Adidas,S0204,1846.12,1396.96,Active
P03122,SKU-03122,Sony Clothing 3122,Fashion,Clothing,Sony,S0139,1595.56,981.91,Active
P03123,SKU-03123,Samsung Shoe 3123,Fashion,Shoes,Samsung,S0279,939.41,7.65,Active
P03124,SKU-03124,Apple Shoe 3124,Fashion,Shoes,Apple,S0151,1078.65,290.96,Active
P03125,SKU-03125,Nike Clothing 3125,Fashion,Clothing,Nike,S0345,1101.47,991.75,Active
P03126,SKU-03126,HP Shoe 3126,Fashion,Shoes,HP,S0192,1179.89,807.09,Active
P03127,SKU-03127,Adidas Shoe 3127,Fashion,Shoes,Adidas,S0043,193.0,749.57,Active
P03128,SKU-03128,Loreal Clothing 3128,Fashion,Clothing,Loreal,S0450,1473.59,560.5,Active
P03129,SKU-03129,Nike Shoe 3129,Fashion,Shoes,Nike,S0200,438.72,146.72,Active
P03130,SKU-03130,Samsung Clothing 3130,Fashion,Clothing,Samsung,S0332,53.72,1274.75,Active
P03131,SKU-03131,HP Shoe 3131,Fashion,Shoes,HP,S0355,1248.03,1041.74,Active
P03132,SKU-03132,Apple Shoe 3132,Fashion,Shoes,Apple,S0158,1926.41,1159.09,Active
P03133,SKU-03133,Apple Clothing 3133,Fashion,Clothing,Apple,S0076,1576.2,1304.09,Active
P03134,SKU-03134,Philips Clothing 3134,Fashion,Clothing,Philips,S0233,1735.72,1169.14,Active
P03135,SKU-03135,Adidas Clothing 3135,Fashion,Clothing,Adidas,S0358,949.14,27.53,Active
P03136,SKU-03136,Nike Clothing 3136,Fashion,Clothing,Nike,S0441,1400.62,1033.28,Active
P03137,SKU-03137,HP Clothing 3137,Fashion,Clothing,HP,S0338,1619.95,1400.54,Active
P03138,SKU-03138,Adidas Clothing 3138,Fashion,Clothing,Adidas,S0475,1889.64,626.91,Active
P03139,SKU-03139,LG Clothing 3139,Fashion,Clothing,LG,S0413,108.32,1278.86,Active
P03140,SKU-03140,Philips Clothing 3140,Fashion,Clothing,Philips,S0488,967.55,375.33,Active
P03141,SKU-03141,Samsung Clothing 3141,Fashion,Clothing,Samsung,S0082,1125.11,690.24,Active
P03142,SKU-03142,Samsung Shoe 3142,Fashion,Shoes,Samsung,S0383,1842.67,1367.84,Active
P03143,SKU-03143,HP Shoe 3143,Fashion,Shoes,HP,S0160,408.98,29.19,Active
P03144,SKU-03144,Sony Shoe 3144,Fashion,Shoes,Sony,S0116,741.02,561.34,Active
P03145,SKU-03145,Nike Shoe 3145,Fashion,Shoes,Nike,S0190,260.44,517.91,Active
P03146,SKU-03146,Adidas Clothing 3146,Fashion,Clothing,Adidas,S0228,155.35,618.67,Active
P03147,SKU-03147,Philips Shoe 3147,Fashion,Shoes,Philips,S0131,394.4,432.19,Active
P03148,SKU-03148,Dell Shoe 3148,Fashion,Shoes,Dell,S0137,1459.75,526.76,Active
P03149,SKU-03149,Philips Clothing 3149,Fashion,Clothing,Philips,S0219,868.08,906.75,Active
P03150,SKU-03150,Dell Clothing 3150,Fashion,Clothing,Dell,S0285,1077.48,1089.16,Active
P03151,SKU-03151,LG Clothing 3151,Fashion,Clothing,LG,S0144,1968.67,1077.7,Active
P03152,SKU-03152,Dell Shoe 3152,Fashion,Shoes,Dell,S0338,1287.89,594.41,Active
P03153,SKU-03153,Adidas Clothing 3153,Fashion,Clothing,Adidas,S0160,666.64,1309.79,Active
P03154,SKU-03154,HP Clothing 3154,Fashion,Clothing,HP,S0018,1116.85,708.67,Active
P03155,SKU-03155,Samsung Clothing 3155,Fashion,Clothing,Samsung,S0136,892.2,880.04,Active
P03156,SKU-03156,HP Shoe 3156,Fashion,Shoes,HP,S0006,1762.55,529.7,Active
P03157,SKU-03157,Philips Shoe 3157,Fashion,Shoes,Philips,S0192,920.36,377.22,Active
P03158,SKU-03158,Nike Clothing 3158,Fashion,Clothing,Nike,S0039,588.63,303.05,Active
P03159,SKU-03159,Loreal Clothing 3159,Fashion,Clothing,Loreal,S0189,1800.14,1066.36,Active
P03160,SKU-03160,Loreal Clothing 3160,Fashion,Clothing,Loreal,S0053,1651.13,305.89,Active
P03161,SKU-03161,Loreal Shoe 3161,Fashion,Shoes,Loreal,S0045,1917.55,1214.24,Active
P03162,SKU-03162,Apple Clothing 3162,Fashion,Clothing,Apple,S0387,190.12,902.65,Active
P03163,SKU-03163,Samsung Shoe 3163,Fashion,Shoes,Samsung,S0029,524.03,721.59,Active
P03164,SKU-03164,Apple Shoe 3164,Fashion,Shoes,Apple,S0452,1566.88,24.29,Active
P03165,SKU-03165,Adidas Clothing 3165,Fashion,Clothing,Adidas,S0208,1226.62,644.82,Active
P03166,SKU-03166,Sony Clothing 3166,Fashion,Clothing,Sony,S0104,45.15,140.85,Active
P03167,SKU-03167,HP Shoe 3167,Fashion,Shoes,HP,S0349,1726.27,119.25,Active
P03168,SKU-03168,Dell Shoe 3168,Fashion,Shoes,Dell,S0310,1599.59,258.74,Active
P03169,SKU-03169,HP Shoe 3169,Fashion,Shoes,HP,S0174,20.18,841.82,Active
P03170,SKU-03170,Samsung Clothing 3170,Fashion,Clothing,Samsung,S0300,1592.5,1131.06,Active
P03171,SKU-03171,Nike Clothing 3171,Fashion,Clothing,Nike,S0021,1242.53,1127.04,Active
P03172,SKU-03172,Adidas Shoe 3172,Fashion,Shoes,Adidas,S0152,1900.89,894.08,Active
P03173,SKU-03173,HP Clothing 3173,Fashion,Clothing,HP,S0011,122.01,1083.02,Active
P03174,SKU-03174,LG Clothing 3174,Fashion,Clothing,LG,S0297,246.03,147.02,Active
P03175,SKU-03175,Samsung Clothing 3175,Fashion,Clothing,Samsung,S0025,691.74,1000.58,Active
P03176,SKU-03176,Nike Clothing 3176,Fashion,Clothing,Nike,S0490,743.47,5.37,Active
P03177,SKU-03177,Apple Clothing 3177,Fashion,Clothing,Apple,S0242,348.11,1367.91,Active
P03178,SKU-03178,Apple Shoe 3178,Fashion,Shoes,Apple,S0317,297.87,683.84,Active
P03179,SKU-03179,Nike Clothing 3179,Fashion,Clothing,Nike,S0049,991.46,61.57,Active
P03180,SKU-03180,Samsung Clothing 3180,Fashion,Clothing,Samsung,S0423,371.18,1113.88,Active
P03181,SKU-03181,Dell Shoe 3181,Fashion,Shoes,Dell,S0131,314.12,138.88,Active
P03182,SKU-03182,Philips Shoe 3182,Fashion,Shoes,Philips,S0101,1320.48,984.45,Active
P03183,SKU-03183,LG Shoe 3183,Fashion,Shoes,LG,S0243,1344.64,344.97,Active
P03184,SKU-03184,Adidas Clothing 3184,Fashion,Clothing,Adidas,S0256,102.21,534.46,Active
P03185,SKU-03185,Philips Clothing 3185,Fashion,Clothing,Philips,S0428,1169.64,941.27,Active
P03186,SKU-03186,Philips Clothing 3186,Fashion,Clothing,Philips,S0472,677.4,272.88,Active
P03187,SKU-03187,Loreal Clothing 3187,Fashion,Clothing,Loreal,S0269,1145.98,215.1,Active
P03188,SKU-03188,Samsung Shoe 3188,Fashion,Shoes,Samsung,S0335,1382.88,1460.23,Active
P03189,SKU-03189,Loreal Shoe 3189,Fashion,Shoes,Loreal,S0313,530.98,54.48,Active
P03190,SKU-03190,Adidas Shoe 3190,Fashion,Shoes,Adidas,S0355,133.07,386.26,Active
P03191,SKU-03191,Loreal Clothing 3191,Fashion,Clothing,Loreal,S0500,790.92,140.75,Active
P03192,SKU-03192,HP Shoe 3192,Fashion,Shoes,HP,S0351,1803.51,1174.16,Active
P03193,SKU-03193,HP Shoe 3193,Fashion,Shoes,HP,S0126,1960.99,961.56,Active
P03194,SKU-03194,Nike Shoe 3194,Fashion,Shoes,Nike,S0199,711.91,39.72,Active
P03195,SKU-03195,Sony Shoe 3195,Fashion,Shoes,Sony,S0002,178.62,885.46,Active
P03196,SKU-03196,Loreal Clothing 3196,Fashion,Clothing,Loreal,S0457,993.37,1379.19,Active
P03197,SKU-03197,Loreal Clothing 3197,Fashion,Clothing,Loreal,S0127,1417.76,38.54,Active
P03198,SKU-03198,HP Clothing 3198,Fashion,Clothing,HP,S0143,378.23,1152.5,Active
P03199,SKU-03199,Dell Shoe 3199,Fashion,Shoes,Dell,S0190,462.5,168.56,Active
P03200,SKU-03200,Philips Clothing 3200,Fashion,Clothing,Philips,S0450,686.3,1293.47,Active
P03201,SKU-03201,LG Clothing 3201,Fashion,Clothing,LG,S0312,770.13,68.72,Active
P03202,SKU-03202,LG Shoe 3202,Fashion,Shoes,LG,S0285,866.12,769.97,Active
P03203,SKU-03203,Apple Clothing 3203,Fashion,Clothing,Apple,S0462,1590.15,711.56,Active
P03204,SKU-03204,Apple Clothing 3204,Fashion,Clothing,Apple,S0348,1526.23,1280.83,Active
P03205,SKU-03205,Nike Shoe 3205,Fashion,Shoes,Nike,S0348,1763.4,1265.44,Active
P03206,SKU-03206,Apple Shoe 3206,Fashion,Shoes,Apple,S0085,300.71,141.54,Active
P03207,SKU-03207,Adidas Shoe 3207,Fashion,Shoes,Adidas,S0477,1456.33,721.33,Active
P03208,SKU-03208,Sony Shoe 3208,Fashion,Shoes,Sony,S0425,877.09,655.16,Active
P03209,SKU-03209,Samsung Shoe 3209,Fashion,Shoes,Samsung,S0171,31.18,1363.88,Active
P03210,SKU-03210,Dell Clothing 3210,Fashion,Clothing,Dell,S0220,38.95,996.6,Active
P03211,SKU-03211,Sony Clothing 3211,Fashion,Clothing,Sony,S0421,1471.5,1270.0,Active
P03212,SKU-03212,Nike Shoe 3212,Fashion,Shoes,Nike,S0078,1031.36,1369.67,Active
P03213,SKU-03213,Sony Clothing 3213,Fashion,Clothing,Sony,S0326,377.89,1366.03,Active
P03214,SKU-03214,Philips Clothing 3214,Fashion,Clothing,Philips,S0197,1705.4,1435.09,Active
P03215,SKU-03215,Apple Clothing 3215,Fashion,Clothing,Apple,S0395,929.61,1249.18,Active
P03216,SKU-03216,Apple Shoe 3216,Fashion,Shoes,Apple,S0155,1408.81,1137.81,Active
P03217,SKU-03217,Samsung Shoe 3217,Fashion,Shoes,Samsung,S0017,530.46,1307.3,Active
P03218,SKU-03218,Adidas Shoe 3218,Fashion,Shoes,Adidas,S0118,828.72,986.25,Active
P03219,SKU-03219,Apple Shoe 3219,Fashion,Shoes,Apple,S0288,311.27,732.63,Active
P03220,SKU-03220,Sony Shoe 3220,Fashion,Shoes,Sony,S0056,1287.41,202.13,Active
P03221,SKU-03221,Apple Clothing 3221,Fashion,Clothing,Apple,S0194,1632.19,564.41,Active
P03222,SKU-03222,Sony Clothing 3222,Fashion,Clothing,Sony,S0170,1871.67,1257.78,Active
P03223,SKU-03223,LG Shoe 3223,Fashion,Shoes,LG,S0451,11.6,590.74,Active
P03224,SKU-03224,Adidas Shoe 3224,Fashion,Shoes,Adidas,S0002,1451.76,572.71,Active
P03225,SKU-03225,HP Shoe 3225,Fashion,Shoes,HP,S0353,813.25,683.75,Active
P03226,SKU-03226,HP Clothing 3226,Fashion,Clothing,HP,S0441,1594.61,761.44,Active
P03227,SKU-03227,Apple Shoe 3227,Fashion,Shoes,Apple,S0379,1514.49,359.09,Active
P03228,SKU-03228,Nike Clothing 3228,Fashion,Clothing,Nike,S0011,280.08,644.86,Active
P03229,SKU-03229,Sony Clothing 3229,Fashion,Clothing,Sony,S0355,1195.11,128.58,Active
P03230,SKU-03230,Loreal Shoe 3230,Fashion,Shoes,Loreal,S0128,717.84,769.5,Active
P03231,SKU-03231,Loreal Shoe 3231,Fashion,Shoes,Loreal,S0360,257.45,657.89,Active
P03232,SKU-03232,Philips Shoe 3232,Fashion,Shoes,Philips,S0489,1300.73,290.43,Active
P03233,SKU-03233,Adidas Clothing 3233,Fashion,Clothing,Adidas,S0402,1030.63,780.44,Active
P03234,SKU-03234,LG Clothing 3234,Fashion,Clothing,LG,S0246,1576.09,758.61,Active
P03235,SKU-03235,Dell Clothing 3235,Fashion,Clothing,Dell,S0055,1552.55,188.25,Active
P03236,SKU-03236,Dell Clothing 3236,Fashion,Clothing,Dell,S0378,584.1,25.32,Active
P03237,SKU-03237,Dell Clothing 3237,Fashion,Clothing,Dell,S0344,1326.88,182.48,Active
P03238,SKU-03238,Nike Shoe 3238,Fashion,Shoes,Nike,S0419,1893.8,1469.13,Active
P03239,SKU-03239,Samsung Clothing 3239,Fashion,Clothing,Samsung,S0237,635.98,976.86,Active
P03240,SKU-03240,Nike Shoe 3240,Fashion,Shoes,Nike,S0223,1958.2,182.03,Active
P03241,SKU-03241,Samsung Shoe 3241,Fashion,Shoes,Samsung,S0389,1409.76,1402.58,Active
P03242,SKU-03242,Nike Shoe 3242,Fashion,Shoes,Nike,S0301,508.42,444.02,Active
P03243,SKU-03243,Nike Shoe 3243,Fashion,Shoes,Nike,S0193,714.91,691.13,Active
P03244,SKU-03244,Philips Clothing 3244,Fashion,Clothing,Philips,S0030,771.6,812.24,Active
P03245,SKU-03245,LG Shoe 3245,Fashion,Shoes,LG,S0278,311.25,758.81,Active
P03246,SKU-03246,Dell Shoe 3246,Fashion,Shoes,Dell,S0340,1048.15,1187.14,Active
P03247,SKU-03247,Samsung Clothing 3247,Fashion,Clothing,Samsung,S0253,1157.2,495.46,Active
P03248,SKU-03248,Philips Clothing 3248,Fashion,Clothing,Philips,S0299,1909.99,581.06,Active
P03249,SKU-03249,Dell Clothing 3249,Fashion,Clothing,Dell,S0411,1576.28,1157.86,Active
P03250,SKU-03250,LG Shoe 3250,Fashion,Shoes,LG,S0300,1483.76,870.39,Active
P03251,SKU-03251,Philips Clothing 3251,Fashion,Clothing,Philips,S0394,1717.03,1170.75,Active
P03252,SKU-03252,Nike Clothing 3252,Fashion,Clothing,Nike,S0017,912.37,484.33,Active
P03253,SKU-03253,Dell Clothing 3253,Fashion,Clothing,Dell,S0012,709.48,325.55,Active
P03254,SKU-03254,Samsung Shoe 3254,Fashion,Shoes,Samsung,S0441,662.72,524.85,Active
P03255,SKU-03255,HP Clothing 3255,Fashion,Clothing,HP,S0070,1610.82,802.28,Active
P03256,SKU-03256,Nike Clothing 3256,Fashion,Clothing,Nike,S0111,681.22,914.67,Active
P03257,SKU-03257,HP Shoe 3257,Fashion,Shoes,HP,S0353,1357.91,910.94,Active
P03258,SKU-03258,Dell Clothing 3258,Fashion,Clothing,Dell,S0066,1289.83,856.26,Active
P03259,SKU-03259,Adidas Shoe 3259,Fashion,Shoes,Adidas,S0201,1234.15,1441.73,Active
P03260,SKU-03260,Apple Clothing 3260,Fashion,Clothing,Apple,S0361,1949.85,727.76,Active
P03261,SKU-03261,HP Clothing 3261,Fashion,Clothing,HP,S0038,1877.92,1067.2,Active
P03262,SKU-03262,Sony Clothing 3262,Fashion,Clothing,Sony,S0053,1720.08,684.97,Active
P03263,SKU-03263,Sony Shoe 3263,Fashion,Shoes,Sony,S0196,1540.88,717.99,Active
P03264,SKU-03264,Adidas Clothing 3264,Fashion,Clothing,Adidas,S0301,229.42,56.94,Active
P03265,SKU-03265,Dell Shoe 3265,Fashion,Shoes,Dell,S0300,957.95,1400.99,Active
P03266,SKU-03266,Nike Shoe 3266,Fashion,Shoes,Nike,S0452,25.62,434.52,Active
P03267,SKU-03267,Adidas Shoe 3267,Fashion,Shoes,Adidas,S0045,345.54,276.31,Active
P03268,SKU-03268,LG Clothing 3268,Fashion,Clothing,LG,S0261,928.64,922.69,Active
P03269,SKU-03269,Nike Clothing 3269,Fashion,Clothing,Nike,S0364,1191.77,1025.15,Active
P03270,SKU-03270,Philips Clothing 3270,Fashion,Clothing,Philips,S0180,1491.73,219.0,Active
P03271,SKU-03271,Loreal Clothing 3271,Fashion,Clothing,Loreal,S0039,1759.89,821.91,Active
P03272,SKU-03272,Philips Shoe 3272,Fashion,Shoes,Philips,S0199,1208.46,356.35,Active
P03273,SKU-03273,Apple Clothing 3273,Fashion,Clothing,Apple,S0414,816.9,1096.55,Active
P03274,SKU-03274,Samsung Clothing 3274,Fashion,Clothing,Samsung,S0184,1248.66,239.92,Active
P03275,SKU-03275,Dell Shoe 3275,Fashion,Shoes,Dell,S0284,1418.42,1120.79,Active
P03276,SKU-03276,HP Shoe 3276,Fashion,Shoes,HP,S0291,1998.34,739.82,Active
P03277,SKU-03277,Nike Clothing 3277,Fashion,Clothing,Nike,S0422,1843.69,247.76,Active
P03278,SKU-03278,LG Clothing 3278,Fashion,Clothing,LG,S0426,1531.76,610.51,Active
P03279,SKU-03279,Samsung Clothing 3279,Fashion,Clothing,Samsung,S0402,1328.16,1107.09,Active
P03280,SKU-03280,Samsung Shoe 3280,Fashion,Shoes,Samsung,S0370,1618.29,394.02,Active
P03281,SKU-03281,Adidas Clothing 3281,Fashion,Clothing,Adidas,S0188,472.29,320.75,Active
P03282,SKU-03282,Nike Clothing 3282,Fashion,Clothing,Nike,S0009,282.41,1122.76,Active
P03283,SKU-03283,Apple Shoe 3283,Fashion,Shoes,Apple,S0225,1049.06,1096.59,Active
P03284,SKU-03284,Philips Clothing 3284,Fashion,Clothing,Philips,S0483,471.39,484.77,Active
P03285,SKU-03285,Dell Shoe 3285,Fashion,Shoes,Dell,S0100,779.02,1489.75,Active
P03286,SKU-03286,Samsung Shoe 3286,Fashion,Shoes,Samsung,S0418,610.28,1097.14,Active
P03287,SKU-03287,Sony Clothing 3287,Fashion,Clothing,Sony,S0310,1621.68,1359.03,Active
P03288,SKU-03288,Loreal Clothing 3288,Fashion,Clothing,Loreal,S0230,1448.06,771.18,Active
P03289,SKU-03289,HP Shoe 3289,Fashion,Shoes,HP,S0452,1347.54,697.02,Active
P03290,SKU-03290,Loreal Clothing 3290,Fashion,Clothing,Loreal,S0154,661.12,1284.04,Active
P03291,SKU-03291,Sony Clothing 3291,Fashion,Clothing,Sony,S0286,1234.84,774.46,Active
P03292,SKU-03292,Adidas Clothing 3292,Fashion,Clothing,Adidas,S0354,1580.23,1380.51,Active
P03293,SKU-03293,Philips Shoe 3293,Fashion,Shoes,Philips,S0458,1057.98,948.99,Active
P03294,SKU-03294,Dell Clothing 3294,Fashion,Clothing,Dell,S0221,378.12,1326.35,Active
P03295,SKU-03295,Apple Shoe 3295,Fashion,Shoes,Apple,S0239,667.6,420.8,Active
P03296,SKU-03296,Nike Clothing 3296,Fashion,Clothing,Nike,S0130,87.04,1155.17,Active
P03297,SKU-03297,Loreal Clothing 3297,Fashion,Clothing,Loreal,S0221,217.81,500.81,Active
P03298,SKU-03298,HP Clothing 3298,Fashion,Clothing,HP,S0192,1648.89,699.39,Active
P03299,SKU-03299,LG Clothing 3299,Fashion,Clothing,LG,S0098,538.45,450.8,Active
P03300,SKU-03300,LG Shoe 3300,Fashion,Shoes,LG,S0421,963.9,107.8,Active
P03301,SKU-03301,LG Shoe 3301,Fashion,Shoes,LG,S0103,243.42,787.93,Active
P03302,SKU-03302,LG Shoe 3302,Fashion,Shoes,LG,S0424,717.05,24.91,Active
P03303,SKU-03303,Sony Clothing 3303,Fashion,Clothing,Sony,S0360,216.39,340.75,Active
P03304,SKU-03304,LG Shoe 3304,Fashion,Shoes,LG,S0071,1371.28,684.62,Active
P03305,SKU-03305,Sony Clothing 3305,Fashion,Clothing,Sony,S0225,1709.8,269.04,Active
P03306,SKU-03306,HP Shoe 3306,Fashion,Shoes,HP,S0071,1708.18,1100.95,Active
P03307,SKU-03307,Apple Clothing 3307,Fashion,Clothing,Apple,S0471,1026.21,930.12,Active
P03308,SKU-03308,Adidas Shoe 3308,Fashion,Shoes,Adidas,S0372,1718.9,492.59,Active
P03309,SKU-03309,Dell Clothing 3309,Fashion,Clothing,Dell,S0193,53.02,1468.76,Active
P03310,SKU-03310,Nike Clothing 3310,Fashion,Clothing,Nike,S0291,1913.02,786.86,Active
P03311,SKU-03311,HP Clothing 3311,Fashion,Clothing,HP,S0231,1886.12,859.23,Active
P03312,SKU-03312,Nike Clothing 3312,Fashion,Clothing,Nike,S0407,342.65,987.57,Active
P03313,SKU-03313,Dell Clothing 3313,Fashion,Clothing,Dell,S0196,1379.4,457.71,Active
P03314,SKU-03314,Adidas Clothing 3314,Fashion,Clothing,Adidas,S0360,562.66,256.81,Active
P03315,SKU-03315,Sony Clothing 3315,Fashion,Clothing,Sony,S0093,763.32,1292.73,Active
P03316,SKU-03316,LG Shoe 3316,Fashion,Shoes,LG,S0274,1774.43,956.81,Active
P03317,SKU-03317,Dell Shoe 3317,Fashion,Shoes,Dell,S0335,1258.5,685.1,Active
P03318,SKU-03318,LG Clothing 3318,Fashion,Clothing,LG,S0196,922.45,594.73,Active
P03319,SKU-03319,Loreal Clothing 3319,Fashion,Clothing,Loreal,S0246,852.6,1297.05,Active
P03320,SKU-03320,LG Clothing 3320,Fashion,Clothing,LG,S0411,1352.98,699.91,Active
P03321,SKU-03321,Nike Shoe 3321,Fashion,Shoes,Nike,S0114,249.26,217.83,Active
P03322,SKU-03322,HP Clothing 3322,Fashion,Clothing,HP,S0260,1792.58,1070.79,Active
P03323,SKU-03323,Adidas Clothing 3323,Fashion,Clothing,Adidas,S0481,1558.95,1297.22,Active
P03324,SKU-03324,Samsung Clothing 3324,Fashion,Clothing,Samsung,S0067,171.03,612.5,Active
P03325,SKU-03325,Apple Shoe 3325,Fashion,Shoes,Apple,S0476,34.61,753.16,Active
P03326,SKU-03326,Samsung Clothing 3326,Fashion,Clothing,Samsung,S0158,866.26,300.15,Active
P03327,SKU-03327,Philips Shoe 3327,Fashion,Shoes,Philips,S0307,1155.29,1022.51,Active
P03328,SKU-03328,Dell Clothing 3328,Fashion,Clothing,Dell,S0439,1614.08,1176.95,Active
P03329,SKU-03329,Sony Clothing 3329,Fashion,Clothing,Sony,S0294,1044.48,1394.07,Active
P03330,SKU-03330,Samsung Clothing 3330,Fashion,Clothing,Samsung,S0401,1180.12,402.41,Active
P03331,SKU-03331,Loreal Clothing 3331,Fashion,Clothing,Loreal,S0410,569.23,724.11,Active
P03332,SKU-03332,Loreal Clothing 3332,Fashion,Clothing,Loreal,S0094,1964.64,743.6,Active
P03333,SKU-03333,Sony Shoe 3333,Fashion,Shoes,Sony,S0248,1990.96,1019.77,Active
P03334,SKU-03334,Sony Clothing 3334,Fashion,Clothing,Sony,S0039,64.65,518.0,Active
P03335,SKU-03335,Nike Clothing 3335,Fashion,Clothing,Nike,S0202,29.1,926.39,Active
P03336,SKU-03336,HP Shoe 3336,Fashion,Shoes,HP,S0239,1828.32,501.77,Active
P03337,SKU-03337,Sony Shoe 3337,Fashion,Shoes,Sony,S0063,1031.27,1045.62,Active
P03338,SKU-03338,LG Shoe 3338,Fashion,Shoes,LG,S0207,1078.42,197.57,Active
P03339,SKU-03339,Apple Clothing 3339,Fashion,Clothing,Apple,S0135,1630.46,385.83,Active
P03340,SKU-03340,Samsung Clothing 3340,Fashion,Clothing,Samsung,S0198,1871.22,844.54,Active
P03341,SKU-03341,Sony Clothing 3341,Fashion,Clothing,Sony,S0043,1801.89,466.63,Active
P03342,SKU-03342,Apple Shoe 3342,Fashion,Shoes,Apple,S0346,432.5,381.84,Active
P03343,SKU-03343,Philips Shoe 3343,Fashion,Shoes,Philips,S0361,66.59,1131.79,Active
P03344,SKU-03344,HP Clothing 3344,Fashion,Clothing,HP,S0202,240.47,924.25,Active
P03345,SKU-03345,Loreal Clothing 3345,Fashion,Clothing,Loreal,S0464,511.07,1351.17,Active
P03346,SKU-03346,LG Shoe 3346,Fashion,Shoes,LG,S0464,1386.74,1114.32,Active
P03347,SKU-03347,LG Clothing 3347,Fashion,Clothing,LG,S0058,415.78,492.83,Active
P03348,SKU-03348,Loreal Clothing 3348,Fashion,Clothing,Loreal,S0149,865.25,154.25,Active
P03349,SKU-03349,Nike Clothing 3349,Fashion,Clothing,Nike,S0485,1921.02,590.39,Active
P03350,SKU-03350,LG Shoe 3350,Fashion,Shoes,LG,S0377,624.28,753.62,Active
P03351,SKU-03351,Adidas Clothing 3351,Fashion,Clothing,Adidas,S0209,1504.55,479.48,Active
P03352,SKU-03352,LG Clothing 3352,Fashion,Clothing,LG,S0456,1086.3,386.85,Active
P03353,SKU-03353,Dell Shoe 3353,Fashion,Shoes,Dell,S0400,1362.85,334.74,Active
P03354,SKU-03354,Adidas Shoe 3354,Fashion,Shoes,Adidas,S0223,629.12,549.79,Active
P03355,SKU-03355,Sony Shoe 3355,Fashion,Shoes,Sony,S0403,1993.84,829.96,Active
P03356,SKU-03356,Nike Clothing 3356,Fashion,Clothing,Nike,S0315,30.34,648.77,Active
P03357,SKU-03357,Sony Clothing 3357,Fashion,Clothing,Sony,S0438,734.3,591.85,Active
P03358,SKU-03358,HP Shoe 3358,Fashion,Shoes,HP,S0291,1489.24,91.13,Active
P03359,SKU-03359,Sony Shoe 3359,Fashion,Shoes,Sony,S0399,818.57,784.86,Active
P03360,SKU-03360,Nike Shoe 3360,Fashion,Shoes,Nike,S0398,1643.61,1016.89,Active
P03361,SKU-03361,LG Shoe 3361,Fashion,Shoes,LG,S0102,861.12,306.48,Active
P03362,SKU-03362,Apple Shoe 3362,Fashion,Shoes,Apple,S0072,1819.28,1380.26,Active
P03363,SKU-03363,Nike Clothing 3363,Fashion,Clothing,Nike,S0421,336.22,704.55,Active
P03364,SKU-03364,LG Shoe 3364,Fashion,Shoes,LG,S0491,868.22,768.81,Active
P03365,SKU-03365,Samsung Clothing 3365,Fashion,Clothing,Samsung,S0140,376.94,1093.83,Active
P03366,SKU-03366,Sony Shoe 3366,Fashion,Shoes,Sony,S0474,348.3,1052.69,Active
P03367,SKU-03367,Sony Shoe 3367,Fashion,Shoes,Sony,S0446,1543.41,917.46,Active
P03368,SKU-03368,Loreal Clothing 3368,Fashion,Clothing,Loreal,S0325,71.28,841.5,Active
P03369,SKU-03369,Philips Shoe 3369,Fashion,Shoes,Philips,S0072,1956.91,187.65,Active
P03370,SKU-03370,Sony Clothing 3370,Fashion,Clothing,Sony,S0127,1206.99,411.46,Active
P03371,SKU-03371,Dell Shoe 3371,Fashion,Shoes,Dell,S0158,1296.94,860.94,Active
P03372,SKU-03372,Dell Clothing 3372,Fashion,Clothing,Dell,S0130,1251.52,1390.36,Active
P03373,SKU-03373,Dell Clothing 3373,Fashion,Clothing,Dell,S0195,477.78,250.13,Active
P03374,SKU-03374,Loreal Clothing 3374,Fashion,Clothing,Loreal,S0234,281.1,670.69,Active
P03375,SKU-03375,Loreal Clothing 3375,Fashion,Clothing,Loreal,S0027,1546.94,792.37,Active
P03376,SKU-03376,Samsung Shoe 3376,Fashion,Shoes,Samsung,S0347,1049.9,83.38,Active
P03377,SKU-03377,Loreal Clothing 3377,Fashion,Clothing,Loreal,S0255,1659.06,389.78,Active
P03378,SKU-03378,Apple Clothing 3378,Fashion,Clothing,Apple,S0388,1991.29,296.83,Active
P03379,SKU-03379,Nike Clothing 3379,Fashion,Clothing,Nike,S0453,1354.78,1450.04,Active
P03380,SKU-03380,Adidas Shoe 3380,Fashion,Shoes,Adidas,S0138,1501.31,198.77,Active
P03381,SKU-03381,LG Shoe 3381,Fashion,Shoes,LG,S0482,1394.67,347.79,Active
P03382,SKU-03382,Dell Clothing 3382,Fashion,Clothing,Dell,S0329,363.97,79.83,Active
P03383,SKU-03383,Nike Clothing 3383,Fashion,Clothing,Nike,S0051,1576.3,307.98,Active
P03384,SKU-03384,Dell Shoe 3384,Fashion,Shoes,Dell,S0133,778.57,1115.8,Active
P03385,SKU-03385,Loreal Clothing 3385,Fashion,Clothing,Loreal,S0006,1667.1,917.05,Active
P03386,SKU-03386,Adidas Clothing 3386,Fashion,Clothing,Adidas,S0009,1014.79,519.99,Active
P03387,SKU-03387,HP Clothing 3387,Fashion,Clothing,HP,S0123,1941.32,1433.68,Active
P03388,SKU-03388,Samsung Clothing 3388,Fashion,Clothing,Samsung,S0371,1190.98,10.43,Active
P03389,SKU-03389,Sony Shoe 3389,Fashion,Shoes,Sony,S0185,524.67,770.53,Active
P03390,SKU-03390,Loreal Clothing 3390,Fashion,Clothing,Loreal,S0324,893.45,401.18,Active
P03391,SKU-03391,Philips Shoe 3391,Fashion,Shoes,Philips,S0120,104.03,677.2,Active
P03392,SKU-03392,Loreal Shoe 3392,Fashion,Shoes,Loreal,S0448,1490.46,167.61,Active
P03393,SKU-03393,Loreal Shoe 3393,Fashion,Shoes,Loreal,S0497,1131.38,1220.09,Active
P03394,SKU-03394,LG Shoe 3394,Fashion,Shoes,LG,S0055,1130.14,535.37,Active
P03395,SKU-03395,Adidas Shoe 3395,Fashion,Shoes,Adidas,S0450,514.33,1257.17,Active
P03396,SKU-03396,Samsung Clothing 3396,Fashion,Clothing,Samsung,S0354,555.58,1091.58,Active
P03397,SKU-03397,Dell Shoe 3397,Fashion,Shoes,Dell,S0318,933.65,897.62,Active
P03398,SKU-03398,Nike Clothing 3398,Fashion,Clothing,Nike,S0017,129.15,176.56,Active
P03399,SKU-03399,Apple Clothing 3399,Fashion,Clothing,Apple,S0001,97.56,33.08,Active
P03400,SKU-03400,LG Shoe 3400,Fashion,Shoes,LG,S0319,1531.11,927.23,Active
P03401,SKU-03401,Apple Clothing 3401,Fashion,Clothing,Apple,S0206,440.07,922.63,Active
P03402,SKU-03402,Philips Shoe 3402,Fashion,Shoes,Philips,S0254,1218.88,285.71,Active
P03403,SKU-03403,Dell Shoe 3403,Fashion,Shoes,Dell,S0122,40.29,393.69,Active
P03404,SKU-03404,HP Shoe 3404,Fashion,Shoes,HP,S0238,1750.08,347.41,Active
P03405,SKU-03405,Adidas Clothing 3405,Fashion,Clothing,Adidas,S0151,474.89,21.19,Active
P03406,SKU-03406,Samsung Shoe 3406,Fashion,Shoes,Samsung,S0222,1162.79,702.52,Active
P03407,SKU-03407,Philips Shoe 3407,Fashion,Shoes,Philips,S0363,647.53,549.31,Active
P03408,SKU-03408,Nike Shoe 3408,Fashion,Shoes,Nike,S0304,820.97,637.36,Active
P03409,SKU-03409,Nike Shoe 3409,Fashion,Shoes,Nike,S0307,548.04,724.41,Active
P03410,SKU-03410,Sony Shoe 3410,Fashion,Shoes,Sony,S0299,12.39,1382.15,Active
P03411,SKU-03411,Philips Clothing 3411,Fashion,Clothing,Philips,S0053,479.8,1132.96,Active
P03412,SKU-03412,Dell Shoe 3412,Fashion,Shoes,Dell,S0329,1157.37,783.53,Active
P03413,SKU-03413,Sony Clothing 3413,Fashion,Clothing,Sony,S0016,1297.34,74.53,Active
P03414,SKU-03414,Sony Clothing 3414,Fashion,Clothing,Sony,S0330,441.79,431.66,Active
P03415,SKU-03415,Philips Clothing 3415,Fashion,Clothing,Philips,S0342,472.58,1479.59,Active
P03416,SKU-03416,Nike Clothing 3416,Fashion,Clothing,Nike,S0495,665.46,843.66,Active
P03417,SKU-03417,Sony Shoe 3417,Fashion,Shoes,Sony,S0039,415.82,1348.45,Active
P03418,SKU-03418,Samsung Shoe 3418,Fashion,Shoes,Samsung,S0460,1663.7,332.62,Active
P03419,SKU-03419,LG Shoe 3419,Fashion,Shoes,LG,S0350,1978.73,866.96,Active
P03420,SKU-03420,Loreal Shoe 3420,Fashion,Shoes,Loreal,S0265,937.2,7.04,Active
P03421,SKU-03421,Philips Shoe 3421,Fashion,Shoes,Philips,S0465,1385.7,366.06,Active
P03422,SKU-03422,Adidas Shoe 3422,Fashion,Shoes,Adidas,S0056,948.07,1301.85,Active
P03423,SKU-03423,HP Shoe 3423,Fashion,Shoes,HP,S0340,560.65,1436.05,Active
P03424,SKU-03424,Sony Clothing 3424,Fashion,Clothing,Sony,S0223,1046.47,965.97,Active
P03425,SKU-03425,LG Clothing 3425,Fashion,Clothing,LG,S0406,1357.74,471.49,Active
P03426,SKU-03426,Sony Shoe 3426,Fashion,Shoes,Sony,S0074,1096.68,594.03,Active
P03427,SKU-03427,HP Shoe 3427,Fashion,Shoes,HP,S0175,1646.06,1104.99,Active
P03428,SKU-03428,Adidas Clothing 3428,Fashion,Clothing,Adidas,S0295,744.23,250.84,Active
P03429,SKU-03429,Apple Clothing 3429,Fashion,Clothing,Apple,S0280,1869.08,906.48,Active
P03430,SKU-03430,Adidas Clothing 3430,Fashion,Clothing,Adidas,S0060,557.31,628.72,Active
P03431,SKU-03431,HP Shoe 3431,Fashion,Shoes,HP,S0352,1775.93,755.31,Active
P03432,SKU-03432,Philips Clothing 3432,Fashion,Clothing,Philips,S0419,275.9,112.07,Active
P03433,SKU-03433,HP Clothing 3433,Fashion,Clothing,HP,S0400,640.94,321.41,Active
P03434,SKU-03434,Adidas Shoe 3434,Fashion,Shoes,Adidas,S0145,133.62,635.25,Active
P03435,SKU-03435,Adidas Clothing 3435,Fashion,Clothing,Adidas,S0163,1710.48,1290.7,Active
P03436,SKU-03436,Loreal Shoe 3436,Fashion,Shoes,Loreal,S0148,1846.06,893.11,Active
P03437,SKU-03437,Sony Shoe 3437,Fashion,Shoes,Sony,S0324,703.95,745.72,Active
P03438,SKU-03438,Adidas Shoe 3438,Fashion,Shoes,Adidas,S0053,930.42,320.0,Active
P03439,SKU-03439,HP Shoe 3439,Fashion,Shoes,HP,S0049,471.84,319.9,Active
P03440,SKU-03440,Nike Clothing 3440,Fashion,Clothing,Nike,S0382,1319.23,145.93,Active
P03441,SKU-03441,LG Clothing 3441,Fashion,Clothing,LG,S0432,1336.72,1472.27,Active
P03442,SKU-03442,Dell Shoe 3442,Fashion,Shoes,Dell,S0140,511.3,251.79,Active
P03443,SKU-03443,Philips Shoe 3443,Fashion,Shoes,Philips,S0345,1175.33,14.44,Active
P03444,SKU-03444,Apple Shoe 3444,Fashion,Shoes,Apple,S0052,1916.14,234.88,Active
P03445,SKU-03445,Sony Clothing 3445,Fashion,Clothing,Sony,S0033,308.49,1327.93,Active
P03446,SKU-03446,Philips Clothing 3446,Fashion,Clothing,Philips,S0455,186.75,1084.91,Active
P03447,SKU-03447,Sony Shoe 3447,Fashion,Shoes,Sony,S0420,383.8,1337.39,Active
P03448,SKU-03448,Sony Clothing 3448,Fashion,Clothing,Sony,S0333,440.68,1303.12,Active
P03449,SKU-03449,Samsung Shoe 3449,Fashion,Shoes,Samsung,S0330,230.79,821.27,Active
P03450,SKU-03450,Apple Shoe 3450,Fashion,Shoes,Apple,S0255,1221.48,160.56,Active
P03451,SKU-03451,Samsung Shoe 3451,Fashion,Shoes,Samsung,S0087,1244.35,489.52,Active
P03452,SKU-03452,HP Clothing 3452,Fashion,Clothing,HP,S0215,1248.53,1153.54,Active
P03453,SKU-03453,Philips Clothing 3453,Fashion,Clothing,Philips,S0265,509.91,227.42,Active
P03454,SKU-03454,HP Shoe 3454,Fashion,Shoes,HP,S0311,997.29,1309.14,Active
P03455,SKU-03455,Sony Shoe 3455,Fashion,Shoes,Sony,S0498,399.64,336.36,Active
P03456,SKU-03456,Apple Clothing 3456,Fashion,Clothing,Apple,S0471,402.93,218.98,Active
P03457,SKU-03457,Apple Clothing 3457,Fashion,Clothing,Apple,S0294,1400.6,1401.42,Active
P03458,SKU-03458,Apple Clothing 3458,Fashion,Clothing,Apple,S0381,815.89,534.45,Active
P03459,SKU-03459,Sony Clothing 3459,Fashion,Clothing,Sony,S0406,1983.78,985.3,Active
P03460,SKU-03460,Adidas Clothing 3460,Fashion,Clothing,Adidas,S0439,1909.73,43.16,Active
P03461,SKU-03461,Apple Shoe 3461,Fashion,Shoes,Apple,S0115,1782.25,782.77,Active
P03462,SKU-03462,Nike Clothing 3462,Fashion,Clothing,Nike,S0009,871.11,1030.05,Active
P03463,SKU-03463,HP Clothing 3463,Fashion,Clothing,HP,S0213,616.98,1332.15,Active
P03464,SKU-03464,LG Shoe 3464,Fashion,Shoes,LG,S0108,1748.21,987.36,Active
P03465,SKU-03465,HP Shoe 3465,Fashion,Shoes,HP,S0031,1033.59,1353.45,Active
P03466,SKU-03466,Apple Shoe 3466,Fashion,Shoes,Apple,S0479,451.3,42.55,Active
P03467,SKU-03467,Sony Shoe 3467,Fashion,Shoes,Sony,S0055,649.81,61.63,Active
P03468,SKU-03468,Nike Shoe 3468,Fashion,Shoes,Nike,S0147,1335.17,733.38,Active
P03469,SKU-03469,LG Clothing 3469,Fashion,Clothing,LG,S0348,1300.72,434.3,Active
P03470,SKU-03470,Loreal Clothing 3470,Fashion,Clothing,Loreal,S0391,1654.83,287.41,Active
P03471,SKU-03471,Nike Clothing 3471,Fashion,Clothing,Nike,S0465,1718.4,1177.76,Active
P03472,SKU-03472,Dell Shoe 3472,Fashion,Shoes,Dell,S0037,1272.43,1435.42,Active
P03473,SKU-03473,Loreal Shoe 3473,Fashion,Shoes,Loreal,S0461,275.57,293.78,Active
P03474,SKU-03474,Sony Clothing 3474,Fashion,Clothing,Sony,S0309,1423.81,821.99,Active
P03475,SKU-03475,Apple Shoe 3475,Fashion,Shoes,Apple,S0231,56.58,1145.48,Active
P03476,SKU-03476,Loreal Clothing 3476,Fashion,Clothing,Loreal,S0084,1989.19,1019.82,Active
P03477,SKU-03477,Philips Shoe 3477,Fashion,Shoes,Philips,S0464,335.69,1242.19,Active
P03478,SKU-03478,Loreal Clothing 3478,Fashion,Clothing,Loreal,S0025,225.45,927.12,Active
P03479,SKU-03479,Dell Shoe 3479,Fashion,Shoes,Dell,S0127,1048.1,270.13,Active
P03480,SKU-03480,Apple Clothing 3480,Fashion,Clothing,Apple,S0084,234.25,945.69,Active
P03481,SKU-03481,Apple Shoe 3481,Fashion,Shoes,Apple,S0045,233.4,98.04,Active
P03482,SKU-03482,Philips Clothing 3482,Fashion,Clothing,Philips,S0084,160.86,441.3,Active
P03483,SKU-03483,Nike Clothing 3483,Fashion,Clothing,Nike,S0455,541.92,616.07,Active
P03484,SKU-03484,Sony Shoe 3484,Fashion,Shoes,Sony,S0251,984.26,691.18,Active
P03485,SKU-03485,Adidas Clothing 3485,Fashion,Clothing,Adidas,S0068,1007.06,457.82,Active
P03486,SKU-03486,Adidas Clothing 3486,Fashion,Clothing,Adidas,S0045,1292.63,1330.07,Active
P03487,SKU-03487,Sony Shoe 3487,Fashion,Shoes,Sony,S0134,1213.05,497.41,Active
P03488,SKU-03488,Adidas Shoe 3488,Fashion,Shoes,Adidas,S0280,416.91,617.03,Active
P03489,SKU-03489,Loreal Clothing 3489,Fashion,Clothing,Loreal,S0388,1782.47,241.26,Active
P03490,SKU-03490,Nike Shoe 3490,Fashion,Shoes,Nike,S0152,1083.73,711.28,Active
P03491,SKU-03491,LG Shoe 3491,Fashion,Shoes,LG,S0145,607.03,1294.46,Active
P03492,SKU-03492,Apple Shoe 3492,Fashion,Shoes,Apple,S0340,1328.85,984.82,Active
P03493,SKU-03493,Nike Clothing 3493,Fashion,Clothing,Nike,S0147,1289.41,1211.41,Active
P03494,SKU-03494,Apple Shoe 3494,Fashion,Shoes,Apple,S0233,1119.71,993.99,Active
P03495,SKU-03495,LG Shoe 3495,Fashion,Shoes,LG,S0346,1953.87,705.51,Active
P03496,SKU-03496,Samsung Shoe 3496,Fashion,Shoes,Samsung,S0074,656.95,973.53,Active
P03497,SKU-03497,LG Clothing 3497,Fashion,Clothing,LG,S0104,1197.19,300.1,Active
P03498,SKU-03498,Sony Shoe 3498,Fashion,Shoes,Sony,S0157,566.86,1493.94,Active
P03499,SKU-03499,Adidas Clothing 3499,Fashion,Clothing,Adidas,S0254,455.15,931.12,Active
P03500,SKU-03500,Sony Clothing 3500,Fashion,Clothing,Sony,S0048,47.81,131.79,Active
P03501,SKU-03501,Sony Shoe 3501,Fashion,Shoes,Sony,S0089,668.36,1124.76,Active
P03502,SKU-03502,Philips Clothing 3502,Fashion,Clothing,Philips,S0186,1638.32,587.42,Active
P03503,SKU-03503,Loreal Shoe 3503,Fashion,Shoes,Loreal,S0392,1357.16,273.79,Active
P03504,SKU-03504,Philips Shoe 3504,Fashion,Shoes,Philips,S0101,683.43,366.91,Active
P03505,SKU-03505,LG Clothing 3505,Fashion,Clothing,LG,S0473,1701.64,854.8,Active
P03506,SKU-03506,Nike Clothing 3506,Fashion,Clothing,Nike,S0459,1075.91,1023.44,Active
P03507,SKU-03507,Nike Shoe 3507,Fashion,Shoes,Nike,S0457,1649.76,354.58,Active
P03508,SKU-03508,HP Clothing 3508,Fashion,Clothing,HP,S0288,1991.56,1333.86,Active
P03509,SKU-03509,LG Clothing 3509,Fashion,Clothing,LG,S0063,1868.79,801.09,Active
P03510,SKU-03510,LG Clothing 3510,Fashion,Clothing,LG,S0021,1005.8,1088.59,Active
P03511,SKU-03511,Loreal Clothing 3511,Fashion,Clothing,Loreal,S0182,1996.04,612.32,Active
P03512,SKU-03512,LG Clothing 3512,Fashion,Clothing,LG,S0026,625.68,996.38,Active
P03513,SKU-03513,HP Shoe 3513,Fashion,Shoes,HP,S0153,208.08,1315.58,Active
P03514,SKU-03514,Samsung Shoe 3514,Fashion,Shoes,Samsung,S0071,582.48,761.58,Active
P03515,SKU-03515,Nike Shoe 3515,Fashion,Shoes,Nike,S0488,749.38,79.98,Active
P03516,SKU-03516,Dell Clothing 3516,Fashion,Clothing,Dell,S0244,1584.52,481.99,Active
P03517,SKU-03517,Dell Clothing 3517,Fashion,Clothing,Dell,S0458,1077.82,1465.96,Active
P03518,SKU-03518,Adidas Shoe 3518,Fashion,Shoes,Adidas,S0225,1010.31,1310.19,Active
P03519,SKU-03519,Loreal Clothing 3519,Fashion,Clothing,Loreal,S0419,1156.67,126.22,Active
P03520,SKU-03520,Sony Clothing 3520,Fashion,Clothing,Sony,S0204,1701.77,1114.21,Active
P03521,SKU-03521,Nike Clothing 3521,Fashion,Clothing,Nike,S0218,272.8,85.84,Active
P03522,SKU-03522,Sony Clothing 3522,Fashion,Clothing,Sony,S0196,587.14,999.84,Active
P03523,SKU-03523,Adidas Clothing 3523,Fashion,Clothing,Adidas,S0094,17.58,770.28,Active
P03524,SKU-03524,Adidas Shoe 3524,Fashion,Shoes,Adidas,S0222,603.46,1294.89,Active
P03525,SKU-03525,Philips Shoe 3525,Fashion,Shoes,Philips,S0061,1946.69,892.98,Active
P03526,SKU-03526,Dell Clothing 3526,Fashion,Clothing,Dell,S0203,1197.05,1493.54,Active
P03527,SKU-03527,Loreal Shoe 3527,Fashion,Shoes,Loreal,S0399,1442.03,1324.12,Active
P03528,SKU-03528,Apple Shoe 3528,Fashion,Shoes,Apple,S0274,1471.1,1251.17,Active
P03529,SKU-03529,Apple Clothing 3529,Fashion,Clothing,Apple,S0278,384.06,1029.42,Active
P03530,SKU-03530,Apple Shoe 3530,Fashion,Shoes,Apple,S0028,1655.58,805.0,Active
P03531,SKU-03531,Philips Shoe 3531,Fashion,Shoes,Philips,S0308,730.74,203.93,Active
P03532,SKU-03532,Philips Clothing 3532,Fashion,Clothing,Philips,S0471,18.38,451.15,Active
P03533,SKU-03533,HP Shoe 3533,Fashion,Shoes,HP,S0291,1886.93,1315.11,Active
P03534,SKU-03534,Loreal Shoe 3534,Fashion,Shoes,Loreal,S0058,1541.85,666.24,Active
P03535,SKU-03535,Sony Clothing 3535,Fashion,Clothing,Sony,S0233,1618.44,40.48,Active
P03536,SKU-03536,Samsung Clothing 3536,Fashion,Clothing,Samsung,S0207,943.18,1106.68,Active
P03537,SKU-03537,Sony Shoe 3537,Fashion,Shoes,Sony,S0452,1398.1,346.51,Active
P03538,SKU-03538,Apple Clothing 3538,Fashion,Clothing,Apple,S0385,1596.75,901.21,Active
P03539,SKU-03539,Samsung Shoe 3539,Fashion,Shoes,Samsung,S0019,1247.12,937.54,Active
P03540,SKU-03540,Sony Clothing 3540,Fashion,Clothing,Sony,S0443,1270.4,273.19,Active
P03541,SKU-03541,Loreal Shoe 3541,Fashion,Shoes,Loreal,S0497,153.23,240.82,Active
P03542,SKU-03542,Loreal Shoe 3542,Fashion,Shoes,Loreal,S0454,1172.16,881.13,Active
P03543,SKU-03543,HP Clothing 3543,Fashion,Clothing,HP,S0406,681.6,469.91,Active
P03544,SKU-03544,Nike Shoe 3544,Fashion,Shoes,Nike,S0352,1754.68,987.18,Active
P03545,SKU-03545,Adidas Shoe 3545,Fashion,Shoes,Adidas,S0384,524.79,192.51,Active
P03546,SKU-03546,Philips Shoe 3546,Fashion,Shoes,Philips,S0491,1084.4,831.18,Active
P03547,SKU-03547,Philips Shoe 3547,Fashion,Shoes,Philips,S0428,13.61,537.23,Active
P03548,SKU-03548,Nike Shoe 3548,Fashion,Shoes,Nike,S0497,58.81,677.25,Active
P03549,SKU-03549,Samsung Clothing 3549,Fashion,Clothing,Samsung,S0069,390.77,410.34,Active
P03550,SKU-03550,Apple Shoe 3550,Fashion,Shoes,Apple,S0119,1773.02,667.35,Active
P03551,SKU-03551,HP Shoe 3551,Fashion,Shoes,HP,S0079,735.59,702.84,Active
P03552,SKU-03552,Nike Clothing 3552,Fashion,Clothing,Nike,S0460,232.69,130.7,Active
P03553,SKU-03553,Sony Shoe 3553,Fashion,Shoes,Sony,S0128,924.73,151.38,Active
P03554,SKU-03554,Apple Shoe 3554,Fashion,Shoes,Apple,S0373,1575.96,179.21,Active
P03555,SKU-03555,Adidas Shoe 3555,Fashion,Shoes,Adidas,S0235,845.04,14.65,Active
P03556,SKU-03556,LG Clothing 3556,Fashion,Clothing,LG,S0346,1321.82,1212.69,Active
P03557,SKU-03557,Loreal Clothing 3557,Fashion,Clothing,Loreal,S0004,31.02,890.51,Active
P03558,SKU-03558,Apple Shoe 3558,Fashion,Shoes,Apple,S0201,445.54,674.43,Active
P03559,SKU-03559,Apple Shoe 3559,Fashion,Shoes,Apple,S0041,1397.56,1491.47,Active
P03560,SKU-03560,Philips Clothing 3560,Fashion,Clothing,Philips,S0407,396.29,688.49,Active
P03561,SKU-03561,Dell Clothing 3561,Fashion,Clothing,Dell,S0468,1441.32,192.5,Active
P03562,SKU-03562,Dell Shoe 3562,Fashion,Shoes,Dell,S0245,297.67,887.1,Active
P03563,SKU-03563,Loreal Shoe 3563,Fashion,Shoes,Loreal,S0005,728.97,519.45,Active
P03564,SKU-03564,Philips Clothing 3564,Fashion,Clothing,Philips,S0104,1728.02,725.52,Active
P03565,SKU-03565,LG Clothing 3565,Fashion,Clothing,LG,S0046,1571.19,1278.3,Active
P03566,SKU-03566,Philips Shoe 3566,Fashion,Shoes,Philips,S0361,1792.22,1345.82,Active
P03567,SKU-03567,Philips Clothing 3567,Fashion,Clothing,Philips,S0128,447.18,1324.91,Active
P03568,SKU-03568,Nike Shoe 3568,Fashion,Shoes,Nike,S0103,1066.88,1345.8,Active
P03569,SKU-03569,LG Clothing 3569,Fashion,Clothing,LG,S0439,1593.77,1215.71,Active
P03570,SKU-03570,Dell Clothing 3570,Fashion,Clothing,Dell,S0239,1374.39,176.11,Active
P03571,SKU-03571,Nike Clothing 3571,Fashion,Clothing,Nike,S0184,1289.75,117.76,Active
P03572,SKU-03572,Samsung Shoe 3572,Fashion,Shoes,Samsung,S0114,1323.98,127.19,Active
P03573,SKU-03573,Philips Shoe 3573,Fashion,Shoes,Philips,S0227,297.55,194.93,Active
P03574,SKU-03574,Loreal Shoe 3574,Fashion,Shoes,Loreal,S0263,481.34,992.23,Active
P03575,SKU-03575,LG Shoe 3575,Fashion,Shoes,LG,S0204,372.89,472.48,Active
P03576,SKU-03576,Sony Shoe 3576,Fashion,Shoes,Sony,S0304,1853.77,456.22,Active
P03577,SKU-03577,Adidas Shoe 3577,Fashion,Shoes,Adidas,S0301,1235.96,182.56,Active
P03578,SKU-03578,Sony Shoe 3578,Fashion,Shoes,Sony,S0310,709.07,378.98,Active
P03579,SKU-03579,HP Shoe 3579,Fashion,Shoes,HP,S0364,1080.6,1300.18,Active
P03580,SKU-03580,Nike Shoe 3580,Fashion,Shoes,Nike,S0043,560.27,330.56,Active
P03581,SKU-03581,Adidas Shoe 3581,Fashion,Shoes,Adidas,S0394,1540.22,84.46,Active
P03582,SKU-03582,Nike Clothing 3582,Fashion,Clothing,Nike,S0086,1767.71,598.3,Active
P03583,SKU-03583,Apple Clothing 3583,Fashion,Clothing,Apple,S0019,610.82,1017.22,Active
P03584,SKU-03584,Apple Clothing 3584,Fashion,Clothing,Apple,S0053,1649.14,1357.26,Active
P03585,SKU-03585,Sony Clothing 3585,Fashion,Clothing,Sony,S0320,1734.93,1045.35,Active
P03586,SKU-03586,Nike Shoe 3586,Fashion,Shoes,Nike,S0121,1125.44,77.97,Active
P03587,SKU-03587,HP Clothing 3587,Fashion,Clothing,HP,S0165,567.07,1369.48,Active
P03588,SKU-03588,LG Clothing 3588,Fashion,Clothing,LG,S0113,376.03,857.91,Active
P03589,SKU-03589,Adidas Clothing 3589,Fashion,Clothing,Adidas,S0222,874.67,527.1,Active
P03590,SKU-03590,Loreal Clothing 3590,Fashion,Clothing,Loreal,S0260,953.28,466.37,Active
P03591,SKU-03591,Sony Shoe 3591,Fashion,Shoes,Sony,S0400,584.46,1307.43,Active
P03592,SKU-03592,Loreal Clothing 3592,Fashion,Clothing,Loreal,S0362,1804.68,1264.93,Active
P03593,SKU-03593,Nike Clothing 3593,Fashion,Clothing,Nike,S0348,1080.35,923.73,Active
P03594,SKU-03594,Nike Shoe 3594,Fashion,Shoes,Nike,S0137,566.22,964.38,Active
P03595,SKU-03595,Philips Clothing 3595,Fashion,Clothing,Philips,S0178,1927.02,933.89,Active
P03596,SKU-03596,LG Shoe 3596,Fashion,Shoes,LG,S0040,944.24,585.69,Active
P03597,SKU-03597,Apple Clothing 3597,Fashion,Clothing,Apple,S0232,1636.81,281.57,Active
P03598,SKU-03598,Loreal Shoe 3598,Fashion,Shoes,Loreal,S0345,1277.86,1295.66,Active
P03599,SKU-03599,Loreal Clothing 3599,Fashion,Clothing,Loreal,S0179,483.17,569.57,Active
P03600,SKU-03600,Dell Shoe 3600,Fashion,Shoes,Dell,S0330,157.25,57.55,Active
P03601,SKU-03601,LG Shoe 3601,Fashion,Shoes,LG,S0491,1616.45,50.76,Active
P03602,SKU-03602,Loreal Shoe 3602,Fashion,Shoes,Loreal,S0146,117.36,1412.7,Active
P03603,SKU-03603,Apple Shoe 3603,Fashion,Shoes,Apple,S0401,39.27,766.67,Active
P03604,SKU-03604,Nike Shoe 3604,Fashion,Shoes,Nike,S0464,1245.32,123.67,Active
P03605,SKU-03605,LG Shoe 3605,Fashion,Shoes,LG,S0415,157.6,967.98,Active
P03606,SKU-03606,Loreal Shoe 3606,Fashion,Shoes,Loreal,S0455,1702.26,723.16,Active
P03607,SKU-03607,Sony Clothing 3607,Fashion,Clothing,Sony,S0201,1480.87,150.71,Active
P03608,SKU-03608,Sony Clothing 3608,Fashion,Clothing,Sony,S0356,1087.92,777.07,Active
P03609,SKU-03609,Philips Clothing 3609,Fashion,Clothing,Philips,S0395,254.37,996.8,Active
P03610,SKU-03610,Samsung Shoe 3610,Fashion,Shoes,Samsung,S0179,1103.99,264.16,Active
P03611,SKU-03611,Samsung Clothing 3611,Fashion,Clothing,Samsung,S0210,485.94,1281.11,Active
P03612,SKU-03612,Philips Shoe 3612,Fashion,Shoes,Philips,S0401,392.88,1180.43,Active
P03613,SKU-03613,LG Shoe 3613,Fashion,Shoes,LG,S0491,1191.48,1105.23,Active
P03614,SKU-03614,Nike Shoe 3614,Fashion,Shoes,Nike,S0266,1510.97,1003.01,Active
P03615,SKU-03615,Adidas Clothing 3615,Fashion,Clothing,Adidas,S0136,1795.42,596.69,Active
P03616,SKU-03616,Loreal Shoe 3616,Fashion,Shoes,Loreal,S0496,1426.26,240.29,Active
P03617,SKU-03617,Adidas Clothing 3617,Fashion,Clothing,Adidas,S0436,644.48,325.05,Active
P03618,SKU-03618,Nike Shoe 3618,Fashion,Shoes,Nike,S0150,1783.38,839.84,Active
P03619,SKU-03619,Loreal Clothing 3619,Fashion,Clothing,Loreal,S0260,882.32,1092.46,Active
P03620,SKU-03620,Samsung Clothing 3620,Fashion,Clothing,Samsung,S0261,1206.67,1354.93,Active
P03621,SKU-03621,HP Clothing 3621,Fashion,Clothing,HP,S0210,867.99,253.16,Active
P03622,SKU-03622,Adidas Shoe 3622,Fashion,Shoes,Adidas,S0289,540.36,274.86,Active
P03623,SKU-03623,LG Shoe 3623,Fashion,Shoes,LG,S0139,548.89,1316.47,Active
P03624,SKU-03624,Samsung Clothing 3624,Fashion,Clothing,Samsung,S0371,1615.66,413.51,Active
P03625,SKU-03625,LG Clothing 3625,Fashion,Clothing,LG,S0286,1885.15,1271.82,Active
P03626,SKU-03626,Loreal Shoe 3626,Fashion,Shoes,Loreal,S0231,1022.29,9.53,Active
P03627,SKU-03627,Sony Clothing 3627,Fashion,Clothing,Sony,S0327,1254.37,149.96,Active
P03628,SKU-03628,HP Shoe 3628,Fashion,Shoes,HP,S0471,209.32,1085.03,Active
P03629,SKU-03629,Philips Clothing 3629,Fashion,Clothing,Philips,S0263,1485.32,570.34,Active
P03630,SKU-03630,Philips Clothing 3630,Fashion,Clothing,Philips,S0412,444.77,884.64,Active
P03631,SKU-03631,Loreal Clothing 3631,Fashion,Clothing,Loreal,S0363,766.47,12.39,Active
P03632,SKU-03632,Sony Shoe 3632,Fashion,Shoes,Sony,S0195,327.79,755.61,Active
P03633,SKU-03633,Dell Shoe 3633,Fashion,Shoes,Dell,S0412,712.81,1344.76,Active
P03634,SKU-03634,HP Clothing 3634,Fashion,Clothing,HP,S0434,1967.36,473.48,Active
P03635,SKU-03635,Loreal Clothing 3635,Fashion,Clothing,Loreal,S0093,1072.5,865.08,Active
P03636,SKU-03636,HP Clothing 3636,Fashion,Clothing,HP,S0258,707.52,1476.75,Active
P03637,SKU-03637,Samsung Clothing 3637,Fashion,Clothing,Samsung,S0385,1392.59,981.46,Active
P03638,SKU-03638,Nike Shoe 3638,Fashion,Shoes,Nike,S0016,1172.68,657.31,Active
P03639,SKU-03639,Adidas Clothing 3639,Fashion,Clothing,Adidas,S0175,1682.06,1112.51,Active
P03640,SKU-03640,Philips Clothing 3640,Fashion,Clothing,Philips,S0337,144.14,849.41,Active
P03641,SKU-03641,Apple Clothing 3641,Fashion,Clothing,Apple,S0392,180.71,560.79,Active
P03642,SKU-03642,Dell Clothing 3642,Fashion,Clothing,Dell,S0420,204.01,592.92,Active
P03643,SKU-03643,HP Shoe 3643,Fashion,Shoes,HP,S0325,1451.02,75.56,Active
P03644,SKU-03644,LG Clothing 3644,Fashion,Clothing,LG,S0121,1012.57,763.01,Active
P03645,SKU-03645,Sony Shoe 3645,Fashion,Shoes,Sony,S0451,987.89,1119.82,Active
P03646,SKU-03646,Loreal Clothing 3646,Fashion,Clothing,Loreal,S0132,919.15,48.65,Active
P03647,SKU-03647,LG Clothing 3647,Fashion,Clothing,LG,S0310,1790.63,1133.19,Active
P03648,SKU-03648,Dell Shoe 3648,Fashion,Shoes,Dell,S0469,925.91,1471.62,Active
P03649,SKU-03649,Loreal Clothing 3649,Fashion,Clothing,Loreal,S0453,607.59,513.53,Active
P03650,SKU-03650,Samsung Shoe 3650,Fashion,Shoes,Samsung,S0445,1713.8,781.75,Active
P03651,SKU-03651,Adidas Shoe 3651,Fashion,Shoes,Adidas,S0078,254.03,1151.02,Active
P03652,SKU-03652,LG Clothing 3652,Fashion,Clothing,LG,S0298,1894.14,506.47,Active
P03653,SKU-03653,Apple Clothing 3653,Fashion,Clothing,Apple,S0367,645.45,419.58,Active
P03654,SKU-03654,Dell Clothing 3654,Fashion,Clothing,Dell,S0191,573.79,1089.95,Active
P03655,SKU-03655,LG Shoe 3655,Fashion,Shoes,LG,S0469,95.81,1021.57,Active
P03656,SKU-03656,Adidas Clothing 3656,Fashion,Clothing,Adidas,S0375,1074.61,349.23,Active
P03657,SKU-03657,Nike Shoe 3657,Fashion,Shoes,Nike,S0458,1587.39,1045.71,Active
P03658,SKU-03658,Philips Shoe 3658,Fashion,Shoes,Philips,S0018,1978.22,943.76,Active
P03659,SKU-03659,LG Shoe 3659,Fashion,Shoes,LG,S0427,1601.63,1380.56,Active
P03660,SKU-03660,Dell Clothing 3660,Fashion,Clothing,Dell,S0275,1837.75,1122.29,Active
P03661,SKU-03661,Samsung Clothing 3661,Fashion,Clothing,Samsung,S0113,307.15,1166.12,Active
P03662,SKU-03662,Samsung Shoe 3662,Fashion,Shoes,Samsung,S0280,1720.74,783.38,Active
P03663,SKU-03663,Loreal Clothing 3663,Fashion,Clothing,Loreal,S0104,1601.35,78.55,Active
P03664,SKU-03664,Sony Clothing 3664,Fashion,Clothing,Sony,S0382,105.08,422.03,Active
P03665,SKU-03665,Nike Clothing 3665,Fashion,Clothing,Nike,S0455,1615.67,869.67,Active
P03666,SKU-03666,Philips Clothing 3666,Fashion,Clothing,Philips,S0097,1456.23,664.18,Active
P03667,SKU-03667,Apple Shoe 3667,Fashion,Shoes,Apple,S0009,1196.84,117.27,Active
P03668,SKU-03668,Loreal Clothing 3668,Fashion,Clothing,Loreal,S0055,1846.18,667.97,Active
P03669,SKU-03669,Dell Clothing 3669,Fashion,Clothing,Dell,S0064,1137.42,282.94,Active
P03670,SKU-03670,LG Shoe 3670,Fashion,Shoes,LG,S0361,1032.08,447.54,Active
P03671,SKU-03671,Apple Shoe 3671,Fashion,Shoes,Apple,S0232,231.53,409.61,Active
P03672,SKU-03672,Apple Shoe 3672,Fashion,Shoes,Apple,S0081,484.37,174.92,Active
P03673,SKU-03673,Adidas Clothing 3673,Fashion,Clothing,Adidas,S0269,51.66,478.52,Active
P03674,SKU-03674,Apple Shoe 3674,Fashion,Shoes,Apple,S0052,477.88,598.68,Active
P03675,SKU-03675,HP Shoe 3675,Fashion,Shoes,HP,S0231,173.3,1349.3,Active
P03676,SKU-03676,Dell Clothing 3676,Fashion,Clothing,Dell,S0407,740.7,1141.05,Active
P03677,SKU-03677,HP Clothing 3677,Fashion,Clothing,HP,S0265,1759.61,1403.22,Active
P03678,SKU-03678,Samsung Shoe 3678,Fashion,Shoes,Samsung,S0461,439.18,188.99,Active
P03679,SKU-03679,Sony Clothing 3679,Fashion,Clothing,Sony,S0351,784.85,354.36,Active
P03680,SKU-03680,Sony Shoe 3680,Fashion,Shoes,Sony,S0016,434.04,1214.49,Active
P03681,SKU-03681,Apple Clothing 3681,Fashion,Clothing,Apple,S0003,1758.46,716.33,Active
P03682,SKU-03682,LG Shoe 3682,Fashion,Shoes,LG,S0332,732.01,413.01,Active
P03683,SKU-03683,Samsung Shoe 3683,Fashion,Shoes,Samsung,S0380,1657.19,1154.3,Active
P03684,SKU-03684,Sony Shoe 3684,Fashion,Shoes,Sony,S0228,598.01,374.6,Active
P03685,SKU-03685,Sony Shoe 3685,Fashion,Shoes,Sony,S0124,1378.29,416.06,Active
P03686,SKU-03686,Philips Clothing 3686,Fashion,Clothing,Philips,S0095,1636.06,1381.13,Active
P03687,SKU-03687,Dell Shoe 3687,Fashion,Shoes,Dell,S0012,323.54,393.16,Active
P03688,SKU-03688,Nike Shoe 3688,Fashion,Shoes,Nike,S0061,1319.63,743.49,Active
P03689,SKU-03689,Adidas Clothing 3689,Fashion,Clothing,Adidas,S0159,1134.37,445.3,Active
P03690,SKU-03690,Sony Clothing 3690,Fashion,Clothing,Sony,S0226,1149.78,203.08,Active
P03691,SKU-03691,Philips Shoe 3691,Fashion,Shoes,Philips,S0395,40.04,820.48,Active
P03692,SKU-03692,Adidas Shoe 3692,Fashion,Shoes,Adidas,S0213,891.93,1492.23,Active
P03693,SKU-03693,Loreal Clothing 3693,Fashion,Clothing,Loreal,S0395,255.94,312.23,Active
P03694,SKU-03694,Apple Shoe 3694,Fashion,Shoes,Apple,S0141,860.04,555.18,Active
P03695,SKU-03695,Apple Clothing 3695,Fashion,Clothing,Apple,S0264,614.05,413.51,Active
P03696,SKU-03696,Samsung Shoe 3696,Fashion,Shoes,Samsung,S0436,1019.22,432.28,Active
P03697,SKU-03697,Nike Clothing 3697,Fashion,Clothing,Nike,S0265,452.51,826.43,Active
P03698,SKU-03698,Samsung Clothing 3698,Fashion,Clothing,Samsung,S0373,731.37,742.9,Active
P03699,SKU-03699,Sony Shoe 3699,Fashion,Shoes,Sony,S0449,1656.33,1003.6,Active
P03700,SKU-03700,Samsung Shoe 3700,Fashion,Shoes,Samsung,S0243,1273.06,467.21,Active
P03701,SKU-03701,Sony Shoe 3701,Fashion,Shoes,Sony,S0121,111.29,218.91,Active
P03702,SKU-03702,Nike Shoe 3702,Fashion,Shoes,Nike,S0096,385.22,1006.98,Active
P03703,SKU-03703,Apple Clothing 3703,Fashion,Clothing,Apple,S0131,513.94,627.55,Active
P03704,SKU-03704,Apple Clothing 3704,Fashion,Clothing,Apple,S0319,1110.58,78.27,Active
P03705,SKU-03705,Sony Clothing 3705,Fashion,Clothing,Sony,S0373,848.11,397.9,Active
P03706,SKU-03706,Philips Shoe 3706,Fashion,Shoes,Philips,S0361,1308.51,897.66,Active
P03707,SKU-03707,Apple Clothing 3707,Fashion,Clothing,Apple,S0251,955.18,824.82,Active
P03708,SKU-03708,Loreal Shoe 3708,Fashion,Shoes,Loreal,S0132,1039.85,772.2,Active
P03709,SKU-03709,LG Shoe 3709,Fashion,Shoes,LG,S0464,481.27,163.6,Active
P03710,SKU-03710,Sony Clothing 3710,Fashion,Clothing,Sony,S0184,605.75,994.67,Active
P03711,SKU-03711,Apple Clothing 3711,Fashion,Clothing,Apple,S0455,137.51,32.55,Active
P03712,SKU-03712,Sony Clothing 3712,Fashion,Clothing,Sony,S0423,1286.1,1459.91,Active
P03713,SKU-03713,Loreal Clothing 3713,Fashion,Clothing,Loreal,S0188,19.48,141.0,Active
P03714,SKU-03714,Sony Clothing 3714,Fashion,Clothing,Sony,S0432,1648.69,340.94,Active
P03715,SKU-03715,Nike Shoe 3715,Fashion,Shoes,Nike,S0466,142.62,1332.57,Active
P03716,SKU-03716,HP Clothing 3716,Fashion,Clothing,HP,S0019,806.21,369.63,Active
P03717,SKU-03717,Adidas Shoe 3717,Fashion,Shoes,Adidas,S0261,1481.58,634.68,Active
P03718,SKU-03718,Apple Shoe 3718,Fashion,Shoes,Apple,S0049,388.21,847.34,Active
P03719,SKU-03719,Apple Shoe 3719,Fashion,Shoes,Apple,S0026,1565.84,132.71,Active
P03720,SKU-03720,Apple Clothing 3720,Fashion,Clothing,Apple,S0374,1156.71,292.47,Active
P03721,SKU-03721,Sony Shoe 3721,Fashion,Shoes,Sony,S0049,1467.28,1212.29,Active
P03722,SKU-03722,Nike Shoe 3722,Fashion,Shoes,Nike,S0221,1717.3,1077.68,Active
P03723,SKU-03723,Adidas Shoe 3723,Fashion,Shoes,Adidas,S0410,1131.42,620.75,Active
P03724,SKU-03724,Sony Shoe 3724,Fashion,Shoes,Sony,S0112,1142.75,980.25,Active
P03725,SKU-03725,Sony Clothing 3725,Fashion,Clothing,Sony,S0169,491.55,224.93,Active
P03726,SKU-03726,Apple Clothing 3726,Fashion,Clothing,Apple,S0434,1907.6,1171.84,Active
P03727,SKU-03727,Dell Clothing 3727,Fashion,Clothing,Dell,S0416,500.74,184.93,Active
P03728,SKU-03728,Apple Shoe 3728,Fashion,Shoes,Apple,S0240,457.88,1472.65,Active
P03729,SKU-03729,Apple Clothing 3729,Fashion,Clothing,Apple,S0338,1243.81,504.94,Active
P03730,SKU-03730,LG Clothing 3730,Fashion,Clothing,LG,S0368,611.26,1419.96,Active
P03731,SKU-03731,Nike Shoe 3731,Fashion,Shoes,Nike,S0425,914.63,1277.91,Active
P03732,SKU-03732,Samsung Clothing 3732,Fashion,Clothing,Samsung,S0319,942.07,942.74,Active
P03733,SKU-03733,Apple Clothing 3733,Fashion,Clothing,Apple,S0040,606.06,218.66,Active
P03734,SKU-03734,Apple Clothing 3734,Fashion,Clothing,Apple,S0001,1246.75,1323.64,Active
P03735,SKU-03735,Nike Shoe 3735,Fashion,Shoes,Nike,S0324,971.2,639.16,Active
P03736,SKU-03736,Loreal Shoe 3736,Fashion,Shoes,Loreal,S0152,190.86,1192.73,Active
P03737,SKU-03737,Loreal Clothing 3737,Fashion,Clothing,Loreal,S0482,965.66,991.08,Active
P03738,SKU-03738,Dell Shoe 3738,Fashion,Shoes,Dell,S0118,195.65,239.67,Active
P03739,SKU-03739,Philips Clothing 3739,Fashion,Clothing,Philips,S0393,1039.69,434.75,Active
P03740,SKU-03740,Philips Clothing 3740,Fashion,Clothing,Philips,S0436,1502.81,417.5,Active
P03741,SKU-03741,Samsung Shoe 3741,Fashion,Shoes,Samsung,S0317,1572.31,69.41,Active
P03742,SKU-03742,Philips Shoe 3742,Fashion,Shoes,Philips,S0468,1800.41,1036.58,Active
P03743,SKU-03743,Nike Shoe 3743,Fashion,Shoes,Nike,S0469,1784.0,1432.73,Active
P03744,SKU-03744,HP Clothing 3744,Fashion,Clothing,HP,S0471,895.09,882.71,Active
P03745,SKU-03745,Dell Shoe 3745,Fashion,Shoes,Dell,S0374,316.37,89.54,Active
P03746,SKU-03746,HP Shoe 3746,Fashion,Shoes,HP,S0115,833.35,1492.21,Active
P03747,SKU-03747,Adidas Shoe 3747,Fashion,Shoes,Adidas,S0137,1804.64,757.55,Active
P03748,SKU-03748,Apple Shoe 3748,Fashion,Shoes,Apple,S0257,1556.36,1399.09,Active
P03749,SKU-03749,Loreal Shoe 3749,Fashion,Shoes,Loreal,S0358,1965.49,1412.16,Active
P03750,SKU-03750,Loreal Shoe 3750,Fashion,Shoes,Loreal,S0480,660.93,1366.78,Active
P03751,SKU-03751,Dell Shoe 3751,Fashion,Shoes,Dell,S0268,990.56,1101.35,Active
P03752,SKU-03752,Adidas Shoe 3752,Fashion,Shoes,Adidas,S0306,1129.88,345.78,Active
P03753,SKU-03753,Nike Clothing 3753,Fashion,Clothing,Nike,S0215,792.28,748.43,Active
P03754,SKU-03754,Apple Shoe 3754,Fashion,Shoes,Apple,S0250,1292.27,197.66,Active
P03755,SKU-03755,HP Clothing 3755,Fashion,Clothing,HP,S0451,989.25,1402.77,Active
P03756,SKU-03756,Sony Clothing 3756,Fashion,Clothing,Sony,S0474,1423.45,196.66,Active
P03757,SKU-03757,Adidas Clothing 3757,Fashion,Clothing,Adidas,S0382,508.05,1179.02,Active
P03758,SKU-03758,HP Shoe 3758,Fashion,Shoes,HP,S0107,476.41,912.29,Active
P03759,SKU-03759,Loreal Clothing 3759,Fashion,Clothing,Loreal,S0076,179.01,239.91,Active
P03760,SKU-03760,Adidas Clothing 3760,Fashion,Clothing,Adidas,S0490,1067.19,1379.32,Active
P03761,SKU-03761,HP Clothing 3761,Fashion,Clothing,HP,S0485,1020.57,1025.43,Active
P03762,SKU-03762,Apple Shoe 3762,Fashion,Shoes,Apple,S0282,1985.66,1238.12,Active
P03763,SKU-03763,Dell Clothing 3763,Fashion,Clothing,Dell,S0134,1685.11,557.51,Active
P03764,SKU-03764,Nike Shoe 3764,Fashion,Shoes,Nike,S0293,160.03,396.83,Active
P03765,SKU-03765,Philips Clothing 3765,Fashion,Clothing,Philips,S0317,251.44,584.24,Active
P03766,SKU-03766,Sony Shoe 3766,Fashion,Shoes,Sony,S0167,170.98,1445.06,Active
P03767,SKU-03767,Samsung Shoe 3767,Fashion,Shoes,Samsung,S0250,942.87,733.89,Active
P03768,SKU-03768,Adidas Clothing 3768,Fashion,Clothing,Adidas,S0071,596.38,1310.43,Active
P03769,SKU-03769,HP Clothing 3769,Fashion,Clothing,HP,S0378,1838.89,476.69,Active
P03770,SKU-03770,Samsung Clothing 3770,Fashion,Clothing,Samsung,S0285,193.49,949.99,Active
P03771,SKU-03771,Nike Clothing 3771,Fashion,Clothing,Nike,S0064,445.83,611.42,Active
P03772,SKU-03772,Adidas Shoe 3772,Fashion,Shoes,Adidas,S0328,321.49,1457.91,Active
P03773,SKU-03773,Loreal Shoe 3773,Fashion,Shoes,Loreal,S0443,1845.02,83.54,Active
P03774,SKU-03774,Sony Shoe 3774,Fashion,Shoes,Sony,S0475,743.35,829.01,Active
P03775,SKU-03775,Adidas Shoe 3775,Fashion,Shoes,Adidas,S0434,955.42,685.62,Active
P03776,SKU-03776,LG Clothing 3776,Fashion,Clothing,LG,S0033,995.67,754.79,Active
P03777,SKU-03777,Dell Clothing 3777,Fashion,Clothing,Dell,S0056,1938.74,1440.94,Active
P03778,SKU-03778,Loreal Shoe 3778,Fashion,Shoes,Loreal,S0144,1494.42,772.03,Active
P03779,SKU-03779,Adidas Shoe 3779,Fashion,Shoes,Adidas,S0462,1045.76,448.38,Active
P03780,SKU-03780,HP Clothing 3780,Fashion,Clothing,HP,S0378,1851.76,1482.41,Active
P03781,SKU-03781,Sony Shoe 3781,Fashion,Shoes,Sony,S0064,1443.78,721.13,Active
P03782,SKU-03782,LG Shoe 3782,Fashion,Shoes,LG,S0475,662.67,214.22,Active
P03783,SKU-03783,Nike Clothing 3783,Fashion,Clothing,Nike,S0205,1867.39,492.09,Active
P03784,SKU-03784,Apple Shoe 3784,Fashion,Shoes,Apple,S0246,741.92,45.73,Active
P03785,SKU-03785,Dell Shoe 3785,Fashion,Shoes,Dell,S0314,1410.12,664.87,Active
P03786,SKU-03786,Apple Clothing 3786,Fashion,Clothing,Apple,S0415,491.06,1143.09,Active
P03787,SKU-03787,Adidas Clothing 3787,Fashion,Clothing,Adidas,S0245,190.49,180.95,Active
P03788,SKU-03788,Nike Clothing 3788,Fashion,Clothing,Nike,S0049,711.82,1458.51,Active
P03789,SKU-03789,Philips Clothing 3789,Fashion,Clothing,Philips,S0167,163.56,571.67,Active
P03790,SKU-03790,HP Shoe 3790,Fashion,Shoes,HP,S0446,1709.6,1166.55,Active
P03791,SKU-03791,LG Shoe 3791,Fashion,Shoes,LG,S0224,1575.07,1468.55,Active
P03792,SKU-03792,Samsung Clothing 3792,Fashion,Clothing,Samsung,S0197,1254.33,730.15,Active
P03793,SKU-03793,Samsung Clothing 3793,Fashion,Clothing,Samsung,S0325,1121.53,1276.48,Active
P03794,SKU-03794,LG Clothing 3794,Fashion,Clothing,LG,S0049,394.36,503.16,Active
P03795,SKU-03795,Apple Clothing 3795,Fashion,Clothing,Apple,S0292,1949.44,637.48,Active
P03796,SKU-03796,Samsung Clothing 3796,Fashion,Clothing,Samsung,S0347,1624.36,1343.16,Active
P03797,SKU-03797,Sony Clothing 3797,Fashion,Clothing,Sony,S0442,1826.14,993.23,Active
P03798,SKU-03798,Philips Clothing 3798,Fashion,Clothing,Philips,S0472,1152.28,1472.51,Active
P03799,SKU-03799,Dell Shoe 3799,Fashion,Shoes,Dell,S0001,559.4,199.42,Active
P03800,SKU-03800,Samsung Shoe 3800,Fashion,Shoes,Samsung,S0050,1664.8,400.93,Active
P03801,SKU-03801,Nike Clothing 3801,Fashion,Clothing,Nike,S0135,1867.24,927.86,Active
P03802,SKU-03802,HP Clothing 3802,Fashion,Clothing,HP,S0261,986.76,489.66,Active
P03803,SKU-03803,Dell Shoe 3803,Fashion,Shoes,Dell,S0054,1138.4,772.61,Active
P03804,SKU-03804,Nike Shoe 3804,Fashion,Shoes,Nike,S0041,1009.02,201.03,Active
P03805,SKU-03805,Sony Shoe 3805,Fashion,Shoes,Sony,S0495,1930.99,1450.07,Active
P03806,SKU-03806,Samsung Clothing 3806,Fashion,Clothing,Samsung,S0101,1449.75,1056.95,Active
P03807,SKU-03807,Dell Clothing 3807,Fashion,Clothing,Dell,S0069,992.5,582.26,Active
P03808,SKU-03808,LG Clothing 3808,Fashion,Clothing,LG,S0146,1086.8,515.91,Active
P03809,SKU-03809,HP Clothing 3809,Fashion,Clothing,HP,S0069,291.95,915.74,Active
P03810,SKU-03810,Philips Clothing 3810,Fashion,Clothing,Philips,S0408,1419.01,1282.87,Active
P03811,SKU-03811,Samsung Shoe 3811,Fashion,Shoes,Samsung,S0164,538.22,104.54,Active
P03812,SKU-03812,Nike Clothing 3812,Fashion,Clothing,Nike,S0339,1234.4,968.21,Active
P03813,SKU-03813,Nike Clothing 3813,Fashion,Clothing,Nike,S0046,71.98,719.08,Active
P03814,SKU-03814,Samsung Shoe 3814,Fashion,Shoes,Samsung,S0289,1509.76,496.03,Active
P03815,SKU-03815,Nike Shoe 3815,Fashion,Shoes,Nike,S0157,302.55,1008.51,Active
P03816,SKU-03816,LG Shoe 3816,Fashion,Shoes,LG,S0236,331.27,38.69,Active
P03817,SKU-03817,HP Clothing 3817,Fashion,Clothing,HP,S0478,1060.39,581.93,Active
P03818,SKU-03818,LG Clothing 3818,Fashion,Clothing,LG,S0228,1309.6,85.99,Active
P03819,SKU-03819,Adidas Clothing 3819,Fashion,Clothing,Adidas,S0421,1362.17,457.08,Active
P03820,SKU-03820,Dell Clothing 3820,Fashion,Clothing,Dell,S0269,238.12,197.05,Active
P03821,SKU-03821,Dell Clothing 3821,Fashion,Clothing,Dell,S0471,332.14,741.18,Active
P03822,SKU-03822,Sony Clothing 3822,Fashion,Clothing,Sony,S0394,378.86,912.72,Active
P03823,SKU-03823,HP Shoe 3823,Fashion,Shoes,HP,S0414,1656.73,1159.22,Active
P03824,SKU-03824,HP Clothing 3824,Fashion,Clothing,HP,S0423,1189.98,817.54,Active
P03825,SKU-03825,Sony Clothing 3825,Fashion,Clothing,Sony,S0012,600.81,415.46,Active
P03826,SKU-03826,LG Clothing 3826,Fashion,Clothing,LG,S0372,266.47,558.02,Active
P03827,SKU-03827,Dell Clothing 3827,Fashion,Clothing,Dell,S0354,116.51,905.29,Active
P03828,SKU-03828,Apple Shoe 3828,Fashion,Shoes,Apple,S0015,818.35,581.33,Active
P03829,SKU-03829,Dell Shoe 3829,Fashion,Shoes,Dell,S0393,104.65,35.18,Active
P03830,SKU-03830,Philips Clothing 3830,Fashion,Clothing,Philips,S0341,1707.59,579.21,Active
P03831,SKU-03831,LG Clothing 3831,Fashion,Clothing,LG,S0081,1559.07,425.23,Active
P03832,SKU-03832,Loreal Clothing 3832,Fashion,Clothing,Loreal,S0475,1814.59,1494.54,Active
P03833,SKU-03833,Nike Shoe 3833,Fashion,Shoes,Nike,S0016,1401.42,717.33,Active
P03834,SKU-03834,Adidas Clothing 3834,Fashion,Clothing,Adidas,S0367,1805.48,1372.4,Active
P03835,SKU-03835,Sony Shoe 3835,Fashion,Shoes,Sony,S0408,260.28,997.57,Active
P03836,SKU-03836,Nike Shoe 3836,Fashion,Shoes,Nike,S0353,1141.01,1442.97,Active
P03837,SKU-03837,Nike Clothing 3837,Fashion,Clothing,Nike,S0038,1279.99,920.27,Active
P03838,SKU-03838,Adidas Clothing 3838,Fashion,Clothing,Adidas,S0119,1327.84,493.94,Active
P03839,SKU-03839,Samsung Clothing 3839,Fashion,Clothing,Samsung,S0120,340.18,1462.24,Active
P03840,SKU-03840,LG Shoe 3840,Fashion,Shoes,LG,S0290,1994.67,1110.12,Active
P03841,SKU-03841,Apple Shoe 3841,Fashion,Shoes,Apple,S0192,142.56,1144.74,Active
P03842,SKU-03842,Sony Shoe 3842,Fashion,Shoes,Sony,S0438,368.97,326.49,Active
P03843,SKU-03843,Adidas Clothing 3843,Fashion,Clothing,Adidas,S0042,589.51,1205.07,Active
P03844,SKU-03844,Samsung Shoe 3844,Fashion,Shoes,Samsung,S0327,359.82,1088.17,Active
P03845,SKU-03845,Philips Clothing 3845,Fashion,Clothing,Philips,S0095,1471.16,12.29,Active
P03846,SKU-03846,Sony Shoe 3846,Fashion,Shoes,Sony,S0263,1800.03,418.17,Active
P03847,SKU-03847,LG Shoe 3847,Fashion,Shoes,LG,S0286,150.01,1137.62,Active
P03848,SKU-03848,Dell Shoe 3848,Fashion,Shoes,Dell,S0185,1413.94,836.49,Active
P03849,SKU-03849,Philips Shoe 3849,Fashion,Shoes,Philips,S0018,23.66,670.55,Active
P03850,SKU-03850,Dell Shoe 3850,Fashion,Shoes,Dell,S0093,465.07,267.55,Active
P03851,SKU-03851,Nike Clothing 3851,Fashion,Clothing,Nike,S0057,1892.02,889.26,Active
P03852,SKU-03852,Adidas Clothing 3852,Fashion,Clothing,Adidas,S0084,1540.43,323.62,Active
P03853,SKU-03853,Dell Shoe 3853,Fashion,Shoes,Dell,S0351,434.68,537.72,Active
P03854,SKU-03854,Dell Shoe 3854,Fashion,Shoes,Dell,S0457,1294.29,1036.14,Active
P03855,SKU-03855,Philips Clothing 3855,Fashion,Clothing,Philips,S0233,1348.63,1026.26,Active
P03856,SKU-03856,Sony Clothing 3856,Fashion,Clothing,Sony,S0002,33.46,532.65,Active
P03857,SKU-03857,Samsung Shoe 3857,Fashion,Shoes,Samsung,S0307,865.31,415.27,Active
P03858,SKU-03858,Loreal Shoe 3858,Fashion,Shoes,Loreal,S0184,215.05,869.91,Active
P03859,SKU-03859,Nike Clothing 3859,Fashion,Clothing,Nike,S0078,1475.85,1044.08,Active
P03860,SKU-03860,Sony Shoe 3860,Fashion,Shoes,Sony,S0073,520.97,800.08,Active
P03861,SKU-03861,Dell Clothing 3861,Fashion,Clothing,Dell,S0458,527.31,350.16,Active
P03862,SKU-03862,Sony Clothing 3862,Fashion,Clothing,Sony,S0148,1252.5,939.15,Active
P03863,SKU-03863,Sony Clothing 3863,Fashion,Clothing,Sony,S0296,1124.49,1372.42,Active
P03864,SKU-03864,Samsung Shoe 3864,Fashion,Shoes,Samsung,S0211,288.34,904.26,Active
P03865,SKU-03865,Loreal Clothing 3865,Fashion,Clothing,Loreal,S0461,1099.9,992.12,Active
P03866,SKU-03866,Samsung Shoe 3866,Fashion,Shoes,Samsung,S0122,1083.89,1262.91,Active
P03867,SKU-03867,LG Shoe 3867,Fashion,Shoes,LG,S0327,971.9,1255.08,Active
P03868,SKU-03868,LG Clothing 3868,Fashion,Clothing,LG,S0329,1343.27,807.76,Active
P03869,SKU-03869,Adidas Shoe 3869,Fashion,Shoes,Adidas,S0458,1385.17,559.17,Active
P03870,SKU-03870,Nike Shoe 3870,Fashion,Shoes,Nike,S0227,1652.56,1229.52,Active
P03871,SKU-03871,Dell Clothing 3871,Fashion,Clothing,Dell,S0074,378.15,31.93,Active
P03872,SKU-03872,Adidas Clothing 3872,Fashion,Clothing,Adidas,S0126,923.11,59.58,Active
P03873,SKU-03873,Loreal Shoe 3873,Fashion,Shoes,Loreal,S0404,1746.09,1188.3,Active
P03874,SKU-03874,Apple Shoe 3874,Fashion,Shoes,Apple,S0308,1569.27,1496.66,Active
P03875,SKU-03875,Samsung Shoe 3875,Fashion,Shoes,Samsung,S0481,636.45,245.43,Active
P03876,SKU-03876,Nike Shoe 3876,Fashion,Shoes,Nike,S0392,404.18,1480.92,Active
P03877,SKU-03877,Philips Clothing 3877,Fashion,Clothing,Philips,S0376,1156.67,1393.15,Active
P03878,SKU-03878,Apple Shoe 3878,Fashion,Shoes,Apple,S0299,428.17,218.13,Active
P03879,SKU-03879,Adidas Shoe 3879,Fashion,Shoes,Adidas,S0183,1203.41,286.38,Active
P03880,SKU-03880,LG Shoe 3880,Fashion,Shoes,LG,S0384,952.14,469.0,Active
P03881,SKU-03881,Loreal Shoe 3881,Fashion,Shoes,Loreal,S0187,205.13,267.9,Active
P03882,SKU-03882,Nike Clothing 3882,Fashion,Clothing,Nike,S0285,430.33,781.12,Active
P03883,SKU-03883,Loreal Shoe 3883,Fashion,Shoes,Loreal,S0474,734.9,245.03,Active
P03884,SKU-03884,Nike Clothing 3884,Fashion,Clothing,Nike,S0100,40.67,1338.18,Active
P03885,SKU-03885,Nike Shoe 3885,Fashion,Shoes,Nike,S0055,1337.87,1380.01,Active
P03886,SKU-03886,Dell Shoe 3886,Fashion,Shoes,Dell,S0170,582.59,437.86,Active
P03887,SKU-03887,Dell Clothing 3887,Fashion,Clothing,Dell,S0095,1514.42,1166.31,Active
P03888,SKU-03888,Philips Shoe 3888,Fashion,Shoes,Philips,S0274,1421.06,154.94,Active
P03889,SKU-03889,Philips Clothing 3889,Fashion,Clothing,Philips,S0292,564.6,44.72,Active
P03890,SKU-03890,Sony Shoe 3890,Fashion,Shoes,Sony,S0395,806.0,980.81,Active
P03891,SKU-03891,Apple Clothing 3891,Fashion,Clothing,Apple,S0168,453.89,1234.48,Active
P03892,SKU-03892,Nike Clothing 3892,Fashion,Clothing,Nike,S0198,666.74,795.5,Active
P03893,SKU-03893,Nike Clothing 3893,Fashion,Clothing,Nike,S0163,1254.63,1034.6,Active
P03894,SKU-03894,Dell Clothing 3894,Fashion,Clothing,Dell,S0487,1951.9,1170.32,Active
P03895,SKU-03895,Samsung Clothing 3895,Fashion,Clothing,Samsung,S0124,321.53,1465.39,Active
P03896,SKU-03896,Apple Clothing 3896,Fashion,Clothing,Apple,S0403,422.44,815.24,Active
P03897,SKU-03897,Loreal Shoe 3897,Fashion,Shoes,Loreal,S0182,1458.88,415.67,Active
P03898,SKU-03898,Philips Clothing 3898,Fashion,Clothing,Philips,S0015,976.14,370.19,Active
P03899,SKU-03899,HP Clothing 3899,Fashion,Clothing,HP,S0468,918.44,705.73,Active
P03900,SKU-03900,HP Shoe 3900,Fashion,Shoes,HP,S0020,512.03,1342.64,Active
P03901,SKU-03901,Nike Shoe 3901,Fashion,Shoes,Nike,S0104,69.12,1296.96,Active
P03902,SKU-03902,HP Clothing 3902,Fashion,Clothing,HP,S0169,505.25,1049.8,Active
P03903,SKU-03903,Sony Clothing 3903,Fashion,Clothing,Sony,S0239,722.59,1078.12,Active
P03904,SKU-03904,Loreal Shoe 3904,Fashion,Shoes,Loreal,S0026,1525.22,1162.98,Active
P03905,SKU-03905,Nike Clothing 3905,Fashion,Clothing,Nike,S0248,644.78,1379.5,Active
P03906,SKU-03906,Adidas Shoe 3906,Fashion,Shoes,Adidas,S0407,391.11,395.4,Active
P03907,SKU-03907,HP Shoe 3907,Fashion,Shoes,HP,S0428,875.53,74.23,Active
P03908,SKU-03908,Philips Shoe 3908,Fashion,Shoes,Philips,S0470,84.21,355.43,Active
P03909,SKU-03909,LG Clothing 3909,Fashion,Clothing,LG,S0302,841.88,435.58,Active
P03910,SKU-03910,Adidas Clothing 3910,Fashion,Clothing,Adidas,S0443,35.03,310.01,Active
P03911,SKU-03911,Samsung Shoe 3911,Fashion,Shoes,Samsung,S0390,122.76,698.19,Active
P03912,SKU-03912,Loreal Shoe 3912,Fashion,Shoes,Loreal,S0042,1722.67,1237.85,Active
P03913,SKU-03913,Nike Clothing 3913,Fashion,Clothing,Nike,S0262,1290.5,1137.35,Active
P03914,SKU-03914,LG Clothing 3914,Fashion,Clothing,LG,S0248,504.33,248.16,Active
P03915,SKU-03915,Sony Clothing 3915,Fashion,Clothing,Sony,S0440,1603.88,881.0,Active
P03916,SKU-03916,Apple Shoe 3916,Fashion,Shoes,Apple,S0097,910.73,1002.51,Active
P03917,SKU-03917,Samsung Shoe 3917,Fashion,Shoes,Samsung,S0111,1260.85,574.39,Active
P03918,SKU-03918,Philips Shoe 3918,Fashion,Shoes,Philips,S0166,287.76,1012.35,Active
P03919,SKU-03919,Nike Clothing 3919,Fashion,Clothing,Nike,S0103,898.77,964.98,Active
P03920,SKU-03920,LG Clothing 3920,Fashion,Clothing,LG,S0396,1614.16,1130.1,Active
P03921,SKU-03921,Apple Shoe 3921,Fashion,Shoes,Apple,S0218,1922.08,454.86,Active
P03922,SKU-03922,Nike Clothing 3922,Fashion,Clothing,Nike,S0417,1203.7,336.39,Active
P03923,SKU-03923,Dell Shoe 3923,Fashion,Shoes,Dell,S0063,166.0,1455.48,Active
P03924,SKU-03924,Sony Clothing 3924,Fashion,Clothing,Sony,S0447,99.36,301.54,Active
P03925,SKU-03925,LG Clothing 3925,Fashion,Clothing,LG,S0483,1410.15,90.23,Active
P03926,SKU-03926,Loreal Clothing 3926,Fashion,Clothing,Loreal,S0480,281.12,1382.52,Active
P03927,SKU-03927,Nike Shoe 3927,Fashion,Shoes,Nike,S0489,345.49,741.85,Active
P03928,SKU-03928,Dell Clothing 3928,Fashion,Clothing,Dell,S0121,1809.28,900.12,Active
P03929,SKU-03929,Samsung Shoe 3929,Fashion,Shoes,Samsung,S0487,1147.57,872.85,Active
P03930,SKU-03930,HP Shoe 3930,Fashion,Shoes,HP,S0288,1074.79,227.61,Active
P03931,SKU-03931,Adidas Shoe 3931,Fashion,Shoes,Adidas,S0081,1533.64,35.4,Active
P03932,SKU-03932,Philips Clothing 3932,Fashion,Clothing,Philips,S0371,1803.02,314.58,Active
P03933,SKU-03933,LG Shoe 3933,Fashion,Shoes,LG,S0446,1103.74,1396.58,Active
P03934,SKU-03934,Dell Shoe 3934,Fashion,Shoes,Dell,S0500,464.28,430.1,Active
P03935,SKU-03935,HP Shoe 3935,Fashion,Shoes,HP,S0313,1794.51,331.57,Active
P03936,SKU-03936,LG Shoe 3936,Fashion,Shoes,LG,S0126,982.25,614.07,Active
P03937,SKU-03937,Sony Shoe 3937,Fashion,Shoes,Sony,S0133,897.63,702.16,Active
P03938,SKU-03938,Sony Shoe 3938,Fashion,Shoes,Sony,S0128,187.77,229.62,Active
P03939,SKU-03939,Nike Clothing 3939,Fashion,Clothing,Nike,S0233,1982.86,813.33,Active
P03940,SKU-03940,Nike Shoe 3940,Fashion,Shoes,Nike,S0109,459.86,38.0,Active
P03941,SKU-03941,Sony Clothing 3941,Fashion,Clothing,Sony,S0195,852.45,1435.7,Active
P03942,SKU-03942,Adidas Shoe 3942,Fashion,Shoes,Adidas,S0499,41.02,1213.07,Active
P03943,SKU-03943,Philips Shoe 3943,Fashion,Shoes,Philips,S0031,1641.57,695.94,Active
P03944,SKU-03944,Nike Clothing 3944,Fashion,Clothing,Nike,S0391,1816.18,1327.45,Active
P03945,SKU-03945,Apple Clothing 3945,Fashion,Clothing,Apple,S0282,428.89,908.89,Active
P03946,SKU-03946,HP Shoe 3946,Fashion,Shoes,HP,S0394,1791.97,39.16,Active
P03947,SKU-03947,Adidas Clothing 3947,Fashion,Clothing,Adidas,S0143,1272.12,1345.36,Active
P03948,SKU-03948,Dell Shoe 3948,Fashion,Shoes,Dell,S0095,433.51,416.77,Active
P03949,SKU-03949,Apple Shoe 3949,Fashion,Shoes,Apple,S0066,242.54,368.23,Active
P03950,SKU-03950,Nike Shoe 3950,Fashion,Shoes,Nike,S0121,602.86,1287.93,Active
P03951,SKU-03951,Philips Clothing 3951,Fashion,Clothing,Philips,S0400,459.75,746.66,Active
P03952,SKU-03952,LG Shoe 3952,Fashion,Shoes,LG,S0067,787.28,506.18,Active
P03953,SKU-03953,Apple Clothing 3953,Fashion,Clothing,Apple,S0135,1606.51,1416.98,Active
P03954,SKU-03954,HP Clothing 3954,Fashion,Clothing,HP,S0445,252.85,836.12,Active
P03955,SKU-03955,LG Shoe 3955,Fashion,Shoes,LG,S0243,711.65,378.28,Active
P03956,SKU-03956,Nike Shoe 3956,Fashion,Shoes,Nike,S0238,300.48,1077.58,Active
P03957,SKU-03957,Sony Shoe 3957,Fashion,Shoes,Sony,S0359,1272.86,859.54,Active
P03958,SKU-03958,Sony Clothing 3958,Fashion,Clothing,Sony,S0244,1969.71,1222.4,Active
P03959,SKU-03959,LG Clothing 3959,Fashion,Clothing,LG,S0004,668.56,382.77,Active
P03960,SKU-03960,LG Clothing 3960,Fashion,Clothing,LG,S0285,1393.41,1165.29,Active
P03961,SKU-03961,Dell Shoe 3961,Fashion,Shoes,Dell,S0368,206.59,1423.2,Active
P03962,SKU-03962,Philips Shoe 3962,Fashion,Shoes,Philips,S0103,649.89,1203.24,Active
P03963,SKU-03963,Philips Clothing 3963,Fashion,Clothing,Philips,S0085,1746.01,595.38,Active
P03964,SKU-03964,Philips Clothing 3964,Fashion,Clothing,Philips,S0042,424.25,980.02,Active
P03965,SKU-03965,Philips Clothing 3965,Fashion,Clothing,Philips,S0027,940.41,182.14,Active
P03966,SKU-03966,Nike Clothing 3966,Fashion,Clothing,Nike,S0049,1379.39,175.82,Active
P03967,SKU-03967,Adidas Clothing 3967,Fashion,Clothing,Adidas,S0317,1560.93,533.65,Active
P03968,SKU-03968,Sony Shoe 3968,Fashion,Shoes,Sony,S0399,946.69,896.83,Active
P03969,SKU-03969,Loreal Shoe 3969,Fashion,Shoes,Loreal,S0291,1519.5,759.94,Active
P03970,SKU-03970,HP Clothing 3970,Fashion,Clothing,HP,S0076,479.25,404.57,Active
P03971,SKU-03971,Sony Shoe 3971,Fashion,Shoes,Sony,S0029,229.76,454.09,Active
P03972,SKU-03972,HP Clothing 3972,Fashion,Clothing,HP,S0191,1237.29,1058.28,Active
P03973,SKU-03973,Adidas Shoe 3973,Fashion,Shoes,Adidas,S0392,846.87,112.04,Active
P03974,SKU-03974,Adidas Shoe 3974,Fashion,Shoes,Adidas,S0314,1079.72,818.0,Active
P03975,SKU-03975,Adidas Shoe 3975,Fashion,Shoes,Adidas,S0107,1799.9,1109.69,Active
P03976,SKU-03976,Philips Shoe 3976,Fashion,Shoes,Philips,S0109,1249.77,66.18,Active
P03977,SKU-03977,Apple Clothing 3977,Fashion,Clothing,Apple,S0021,1255.84,1361.68,Active
P03978,SKU-03978,Loreal Clothing 3978,Fashion,Clothing,Loreal,S0263,646.8,1087.14,Active
P03979,SKU-03979,Philips Clothing 3979,Fashion,Clothing,Philips,S0404,394.85,237.34,Active
P03980,SKU-03980,Loreal Clothing 3980,Fashion,Clothing,Loreal,S0021,1438.04,559.74,Active
P03981,SKU-03981,Apple Shoe 3981,Fashion,Shoes,Apple,S0227,1682.57,1261.78,Active
P03982,SKU-03982,Nike Shoe 3982,Fashion,Shoes,Nike,S0493,335.08,869.38,Active
P03983,SKU-03983,Dell Clothing 3983,Fashion,Clothing,Dell,S0048,701.22,1037.11,Active
P03984,SKU-03984,Loreal Clothing 3984,Fashion,Clothing,Loreal,S0495,1394.86,305.83,Active
P03985,SKU-03985,Philips Shoe 3985,Fashion,Shoes,Philips,S0166,1979.03,367.26,Active
P03986,SKU-03986,HP Clothing 3986,Fashion,Clothing,HP,S0019,1972.98,561.14,Active
P03987,SKU-03987,Sony Shoe 3987,Fashion,Shoes,Sony,S0322,396.08,572.71,Active
P03988,SKU-03988,Sony Clothing 3988,Fashion,Clothing,Sony,S0152,1076.15,970.75,Active
P03989,SKU-03989,Dell Shoe 3989,Fashion,Shoes,Dell,S0317,934.41,1368.18,Active
P03990,SKU-03990,Dell Shoe 3990,Fashion,Shoes,Dell,S0362,1487.83,566.45,Active
P03991,SKU-03991,Loreal Shoe 3991,Fashion,Shoes,Loreal,S0352,524.87,164.3,Active
P03992,SKU-03992,LG Clothing 3992,Fashion,Clothing,LG,S0420,1229.41,1114.23,Active
P03993,SKU-03993,LG Clothing 3993,Fashion,Clothing,LG,S0454,383.2,24.43,Active
P03994,SKU-03994,Apple Clothing 3994,Fashion,Clothing,Apple,S0179,224.96,477.87,Active
P03995,SKU-03995,Nike Clothing 3995,Fashion,Clothing,Nike,S0207,1551.02,541.75,Active
P03996,SKU-03996,LG Clothing 3996,Fashion,Clothing,LG,S0445,1601.23,741.94,Active
P03997,SKU-03997,LG Clothing 3997,Fashion,Clothing,LG,S0399,854.89,1050.64,Active
P03998,SKU-03998,Dell Shoe 3998,Fashion,Shoes,Dell,S0065,838.64,1262.52,Active
P03999,SKU-03999,Adidas Clothing 3999,Fashion,Clothing,Adidas,S0001,1604.76,765.89,Active
P04000,SKU-04000,Adidas Clothing 4000,Fashion,Clothing,Adidas,S0209,1632.18,248.94,Active
P04001,SKU-04001,Dell Appliance 4001,Home & Kitchen,Appliances,Dell,S0166,1163.31,519.21,Active
P04002,SKU-04002,Loreal Cookware 4002,Home & Kitchen,Cookware,Loreal,S0012,304.92,239.76,Active
P04003,SKU-04003,LG Appliance 4003,Home & Kitchen,Appliances,LG,S0453,1852.2,292.95,Active
P04004,SKU-04004,Loreal Appliance 4004,Home & Kitchen,Appliances,Loreal,S0187,42.06,1251.43,Active
P04005,SKU-04005,Nike Cookware 4005,Home & Kitchen,Cookware,Nike,S0267,930.18,431.48,Active
P04006,SKU-04006,Philips Cookware 4006,Home & Kitchen,Cookware,Philips,S0468,1296.72,74.7,Active
P04007,SKU-04007,HP Appliance 4007,Home & Kitchen,Appliances,HP,S0144,1508.2,164.02,Active
P04008,SKU-04008,Loreal Appliance 4008,Home & Kitchen,Appliances,Loreal,S0182,766.82,846.88,Active
P04009,SKU-04009,LG Appliance 4009,Home & Kitchen,Appliances,LG,S0325,510.19,314.29,Active
P04010,SKU-04010,Sony Cookware 4010,Home & Kitchen,Cookware,Sony,S0358,1339.34,865.67,Active
P04011,SKU-04011,Nike Cookware 4011,Home & Kitchen,Cookware,Nike,S0193,557.86,676.47,Active
P04012,SKU-04012,Nike Appliance 4012,Home & Kitchen,Appliances,Nike,S0251,1194.86,1044.38,Active
P04013,SKU-04013,Adidas Appliance 4013,Home & Kitchen,Appliances,Adidas,S0437,131.34,428.14,Active
P04014,SKU-04014,Philips Cookware 4014,Home & Kitchen,Cookware,Philips,S0180,104.99,607.72,Active
P04015,SKU-04015,Apple Cookware 4015,Home & Kitchen,Cookware,Apple,S0382,221.61,507.58,Active
P04016,SKU-04016,Samsung Cookware 4016,Home & Kitchen,Cookware,Samsung,S0485,754.38,370.57,Active
P04017,SKU-04017,HP Appliance 4017,Home & Kitchen,Appliances,HP,S0085,517.78,947.13,Active
P04018,SKU-04018,Sony Cookware 4018,Home & Kitchen,Cookware,Sony,S0322,1627.11,1332.04,Active
P04019,SKU-04019,Dell Appliance 4019,Home & Kitchen,Appliances,Dell,S0343,1976.14,419.03,Active
P04020,SKU-04020,Nike Cookware 4020,Home & Kitchen,Cookware,Nike,S0414,688.66,1449.84,Active
P04021,SKU-04021,Philips Cookware 4021,Home & Kitchen,Cookware,Philips,S0081,239.74,1255.85,Active
P04022,SKU-04022,Sony Appliance 4022,Home & Kitchen,Appliances,Sony,S0368,586.97,1304.07,Active
P04023,SKU-04023,Dell Appliance 4023,Home & Kitchen,Appliances,Dell,S0225,1947.62,972.93,Active
P04024,SKU-04024,HP Appliance 4024,Home & Kitchen,Appliances,HP,S0174,23.87,809.6,Active
P04025,SKU-04025,Samsung Appliance 4025,Home & Kitchen,Appliances,Samsung,S0396,1821.03,257.59,Active
P04026,SKU-04026,Philips Appliance 4026,Home & Kitchen,Appliances,Philips,S0099,1060.9,665.13,Active
P04027,SKU-04027,Apple Cookware 4027,Home & Kitchen,Cookware,Apple,S0376,1892.53,770.55,Active
P04028,SKU-04028,Nike Appliance 4028,Home & Kitchen,Appliances,Nike,S0384,1651.27,422.44,Active
P04029,SKU-04029,Dell Appliance 4029,Home & Kitchen,Appliances,Dell,S0021,308.64,1048.63,Active
P04030,SKU-04030,Philips Cookware 4030,Home & Kitchen,Cookware,Philips,S0328,1162.79,1339.65,Active
P04031,SKU-04031,HP Cookware 4031,Home & Kitchen,Cookware,HP,S0127,363.81,670.92,Active
P04032,SKU-04032,Samsung Appliance 4032,Home & Kitchen,Appliances,Samsung,S0189,1770.77,1149.38,Active
P04033,SKU-04033,Apple Cookware 4033,Home & Kitchen,Cookware,Apple,S0029,807.15,7.97,Active
P04034,SKU-04034,Adidas Cookware 4034,Home & Kitchen,Cookware,Adidas,S0185,666.79,532.0,Active
P04035,SKU-04035,Adidas Appliance 4035,Home & Kitchen,Appliances,Adidas,S0406,925.82,1183.23,Active
P04036,SKU-04036,LG Appliance 4036,Home & Kitchen,Appliances,LG,S0257,1110.97,328.29,Active
P04037,SKU-04037,LG Cookware 4037,Home & Kitchen,Cookware,LG,S0349,1629.97,26.79,Active
P04038,SKU-04038,Samsung Appliance 4038,Home & Kitchen,Appliances,Samsung,S0423,539.3,994.2,Active
P04039,SKU-04039,Nike Appliance 4039,Home & Kitchen,Appliances,Nike,S0421,1329.0,1447.52,Active
P04040,SKU-04040,Nike Appliance 4040,Home & Kitchen,Appliances,Nike,S0335,112.4,656.4,Active
P04041,SKU-04041,Loreal Cookware 4041,Home & Kitchen,Cookware,Loreal,S0256,1605.7,9.5,Active
P04042,SKU-04042,Philips Appliance 4042,Home & Kitchen,Appliances,Philips,S0355,1688.41,525.41,Active
P04043,SKU-04043,Nike Cookware 4043,Home & Kitchen,Cookware,Nike,S0497,1887.89,1417.6,Active
P04044,SKU-04044,Adidas Appliance 4044,Home & Kitchen,Appliances,Adidas,S0129,1265.73,888.88,Active
P04045,SKU-04045,Loreal Cookware 4045,Home & Kitchen,Cookware,Loreal,S0414,576.36,545.39,Active
P04046,SKU-04046,Dell Cookware 4046,Home & Kitchen,Cookware,Dell,S0198,742.72,1028.72,Active
P04047,SKU-04047,Philips Appliance 4047,Home & Kitchen,Appliances,Philips,S0485,288.81,1347.17,Active
P04048,SKU-04048,HP Appliance 4048,Home & Kitchen,Appliances,HP,S0374,1247.95,1398.08,Active
P04049,SKU-04049,Philips Cookware 4049,Home & Kitchen,Cookware,Philips,S0464,355.75,12.19,Active
P04050,SKU-04050,Samsung Appliance 4050,Home & Kitchen,Appliances,Samsung,S0002,1052.2,831.76,Active
P04051,SKU-04051,Samsung Cookware 4051,Home & Kitchen,Cookware,Samsung,S0207,261.09,269.15,Active
P04052,SKU-04052,Adidas Cookware 4052,Home & Kitchen,Cookware,Adidas,S0122,197.04,1281.06,Active
P04053,SKU-04053,LG Cookware 4053,Home & Kitchen,Cookware,LG,S0216,1472.91,995.85,Active
P04054,SKU-04054,Samsung Cookware 4054,Home & Kitchen,Cookware,Samsung,S0236,1344.2,1255.52,Active
P04055,SKU-04055,Loreal Appliance 4055,Home & Kitchen,Appliances,Loreal,S0043,615.97,1086.11,Active
P04056,SKU-04056,Philips Appliance 4056,Home & Kitchen,Appliances,Philips,S0245,776.58,210.5,Active
P04057,SKU-04057,Adidas Cookware 4057,Home & Kitchen,Cookware,Adidas,S0036,1223.07,529.34,Active
P04058,SKU-04058,Philips Cookware 4058,Home & Kitchen,Cookware,Philips,S0105,1282.91,1306.28,Active
P04059,SKU-04059,Nike Cookware 4059,Home & Kitchen,Cookware,Nike,S0261,1530.6,1472.51,Active
P04060,SKU-04060,Adidas Cookware 4060,Home & Kitchen,Cookware,Adidas,S0063,1923.67,47.71,Active
P04061,SKU-04061,Loreal Appliance 4061,Home & Kitchen,Appliances,Loreal,S0034,1723.75,1067.36,Active
P04062,SKU-04062,Adidas Cookware 4062,Home & Kitchen,Cookware,Adidas,S0018,24.0,153.52,Active
P04063,SKU-04063,HP Appliance 4063,Home & Kitchen,Appliances,HP,S0064,1928.48,667.15,Active
P04064,SKU-04064,Dell Appliance 4064,Home & Kitchen,Appliances,Dell,S0400,683.29,1250.55,Active
P04065,SKU-04065,Samsung Cookware 4065,Home & Kitchen,Cookware,Samsung,S0157,1625.1,1132.7,Active
P04066,SKU-04066,Apple Cookware 4066,Home & Kitchen,Cookware,Apple,S0437,1789.67,1181.53,Active
P04067,SKU-04067,Adidas Cookware 4067,Home & Kitchen,Cookware,Adidas,S0204,468.51,485.6,Active
P04068,SKU-04068,LG Cookware 4068,Home & Kitchen,Cookware,LG,S0011,803.83,292.63,Active
P04069,SKU-04069,Loreal Appliance 4069,Home & Kitchen,Appliances,Loreal,S0376,1775.71,1158.43,Active
P04070,SKU-04070,Dell Appliance 4070,Home & Kitchen,Appliances,Dell,S0080,920.21,1353.4,Active
P04071,SKU-04071,Apple Cookware 4071,Home & Kitchen,Cookware,Apple,S0436,957.36,1104.85,Active
P04072,SKU-04072,HP Appliance 4072,Home & Kitchen,Appliances,HP,S0026,503.13,39.6,Active
P04073,SKU-04073,HP Appliance 4073,Home & Kitchen,Appliances,HP,S0269,1592.38,711.36,Active
P04074,SKU-04074,Nike Cookware 4074,Home & Kitchen,Cookware,Nike,S0110,162.12,808.52,Active
P04075,SKU-04075,Loreal Cookware 4075,Home & Kitchen,Cookware,Loreal,S0493,424.81,568.56,Active
P04076,SKU-04076,Adidas Cookware 4076,Home & Kitchen,Cookware,Adidas,S0487,1348.9,585.16,Active
P04077,SKU-04077,Dell Cookware 4077,Home & Kitchen,Cookware,Dell,S0121,1281.1,954.66,Active
P04078,SKU-04078,LG Appliance 4078,Home & Kitchen,Appliances,LG,S0354,720.56,1175.2,Active
P04079,SKU-04079,Loreal Appliance 4079,Home & Kitchen,Appliances,Loreal,S0128,395.06,169.67,Active
P04080,SKU-04080,Apple Appliance 4080,Home & Kitchen,Appliances,Apple,S0384,952.82,367.32,Active
P04081,SKU-04081,LG Cookware 4081,Home & Kitchen,Cookware,LG,S0281,1113.39,660.05,Active
P04082,SKU-04082,LG Appliance 4082,Home & Kitchen,Appliances,LG,S0157,842.9,1042.36,Active
P04083,SKU-04083,Nike Appliance 4083,Home & Kitchen,Appliances,Nike,S0418,1075.32,427.14,Active
P04084,SKU-04084,LG Appliance 4084,Home & Kitchen,Appliances,LG,S0395,1532.93,1151.63,Active
P04085,SKU-04085,Philips Cookware 4085,Home & Kitchen,Cookware,Philips,S0238,1786.88,1408.96,Active
P04086,SKU-04086,Adidas Cookware 4086,Home & Kitchen,Cookware,Adidas,S0322,1014.87,1404.72,Active
P04087,SKU-04087,Adidas Appliance 4087,Home & Kitchen,Appliances,Adidas,S0288,1470.7,1373.01,Active
P04088,SKU-04088,Dell Appliance 4088,Home & Kitchen,Appliances,Dell,S0196,20.24,334.95,Active
P04089,SKU-04089,Adidas Cookware 4089,Home & Kitchen,Cookware,Adidas,S0443,1572.98,1103.96,Active
P04090,SKU-04090,Nike Appliance 4090,Home & Kitchen,Appliances,Nike,S0150,492.7,218.95,Active
P04091,SKU-04091,Apple Cookware 4091,Home & Kitchen,Cookware,Apple,S0154,937.66,668.72,Active
P04092,SKU-04092,Dell Cookware 4092,Home & Kitchen,Cookware,Dell,S0007,1724.79,247.83,Active
P04093,SKU-04093,Loreal Cookware 4093,Home & Kitchen,Cookware,Loreal,S0389,1442.62,125.0,Active
P04094,SKU-04094,Sony Cookware 4094,Home & Kitchen,Cookware,Sony,S0276,440.27,1055.85,Active
P04095,SKU-04095,Dell Appliance 4095,Home & Kitchen,Appliances,Dell,S0107,1830.76,407.59,Active
P04096,SKU-04096,Apple Cookware 4096,Home & Kitchen,Cookware,Apple,S0455,741.69,1161.16,Active
P04097,SKU-04097,LG Appliance 4097,Home & Kitchen,Appliances,LG,S0015,1771.71,28.53,Active
P04098,SKU-04098,Samsung Cookware 4098,Home & Kitchen,Cookware,Samsung,S0480,853.79,591.35,Active
P04099,SKU-04099,Philips Appliance 4099,Home & Kitchen,Appliances,Philips,S0036,809.05,735.52,Active
P04100,SKU-04100,Loreal Cookware 4100,Home & Kitchen,Cookware,Loreal,S0251,1071.74,49.22,Active
P04101,SKU-04101,Loreal Appliance 4101,Home & Kitchen,Appliances,Loreal,S0317,258.8,1428.16,Active
P04102,SKU-04102,Dell Cookware 4102,Home & Kitchen,Cookware,Dell,S0064,34.14,100.71,Active
P04103,SKU-04103,Samsung Cookware 4103,Home & Kitchen,Cookware,Samsung,S0062,1850.6,1018.88,Active
P04104,SKU-04104,Adidas Cookware 4104,Home & Kitchen,Cookware,Adidas,S0114,1788.69,1297.02,Active
P04105,SKU-04105,HP Appliance 4105,Home & Kitchen,Appliances,HP,S0223,682.86,1330.15,Active
P04106,SKU-04106,Nike Cookware 4106,Home & Kitchen,Cookware,Nike,S0482,936.86,1377.86,Active
P04107,SKU-04107,Nike Cookware 4107,Home & Kitchen,Cookware,Nike,S0106,1506.31,1117.12,Active
P04108,SKU-04108,Nike Appliance 4108,Home & Kitchen,Appliances,Nike,S0097,1065.52,858.77,Active
P04109,SKU-04109,Nike Cookware 4109,Home & Kitchen,Cookware,Nike,S0489,232.83,352.38,Active
P04110,SKU-04110,HP Appliance 4110,Home & Kitchen,Appliances,HP,S0192,206.81,454.86,Active
P04111,SKU-04111,Philips Appliance 4111,Home & Kitchen,Appliances,Philips,S0346,787.3,993.04,Active
P04112,SKU-04112,Samsung Cookware 4112,Home & Kitchen,Cookware,Samsung,S0210,843.3,69.15,Active
P04113,SKU-04113,Dell Cookware 4113,Home & Kitchen,Cookware,Dell,S0084,1449.16,312.02,Active
P04114,SKU-04114,LG Cookware 4114,Home & Kitchen,Cookware,LG,S0421,684.57,610.64,Active
P04115,SKU-04115,LG Cookware 4115,Home & Kitchen,Cookware,LG,S0299,1969.11,510.02,Active
P04116,SKU-04116,Philips Appliance 4116,Home & Kitchen,Appliances,Philips,S0403,1233.46,368.83,Active
P04117,SKU-04117,Adidas Appliance 4117,Home & Kitchen,Appliances,Adidas,S0026,1862.72,1081.41,Active
P04118,SKU-04118,LG Appliance 4118,Home & Kitchen,Appliances,LG,S0380,1717.43,283.22,Active
P04119,SKU-04119,LG Cookware 4119,Home & Kitchen,Cookware,LG,S0473,996.78,1240.71,Active
P04120,SKU-04120,Adidas Cookware 4120,Home & Kitchen,Cookware,Adidas,S0118,1530.18,125.08,Active
P04121,SKU-04121,Adidas Appliance 4121,Home & Kitchen,Appliances,Adidas,S0222,1830.42,400.21,Active
P04122,SKU-04122,HP Cookware 4122,Home & Kitchen,Cookware,HP,S0004,71.97,219.86,Active
P04123,SKU-04123,LG Appliance 4123,Home & Kitchen,Appliances,LG,S0298,370.07,830.9,Active
P04124,SKU-04124,Philips Appliance 4124,Home & Kitchen,Appliances,Philips,S0281,1458.01,555.82,Active
P04125,SKU-04125,Dell Appliance 4125,Home & Kitchen,Appliances,Dell,S0488,1170.65,1475.97,Active
P04126,SKU-04126,Adidas Appliance 4126,Home & Kitchen,Appliances,Adidas,S0331,397.85,1067.91,Active
P04127,SKU-04127,Loreal Appliance 4127,Home & Kitchen,Appliances,Loreal,S0377,430.91,808.04,Active
P04128,SKU-04128,LG Appliance 4128,Home & Kitchen,Appliances,LG,S0411,1132.74,586.84,Active
P04129,SKU-04129,HP Appliance 4129,Home & Kitchen,Appliances,HP,S0191,695.94,1168.47,Active
P04130,SKU-04130,Loreal Appliance 4130,Home & Kitchen,Appliances,Loreal,S0173,1769.42,1403.82,Active
P04131,SKU-04131,Nike Appliance 4131,Home & Kitchen,Appliances,Nike,S0389,1940.47,1189.55,Active
P04132,SKU-04132,Sony Cookware 4132,Home & Kitchen,Cookware,Sony,S0305,1731.91,183.72,Active
P04133,SKU-04133,LG Appliance 4133,Home & Kitchen,Appliances,LG,S0367,1879.86,1194.89,Active
P04134,SKU-04134,Samsung Cookware 4134,Home & Kitchen,Cookware,Samsung,S0328,51.87,376.71,Active
P04135,SKU-04135,Sony Appliance 4135,Home & Kitchen,Appliances,Sony,S0080,1418.38,361.75,Active
P04136,SKU-04136,LG Appliance 4136,Home & Kitchen,Appliances,LG,S0046,1995.87,82.45,Active
P04137,SKU-04137,Adidas Appliance 4137,Home & Kitchen,Appliances,Adidas,S0471,279.54,801.31,Active
P04138,SKU-04138,Apple Cookware 4138,Home & Kitchen,Cookware,Apple,S0389,966.63,1035.64,Active
P04139,SKU-04139,HP Cookware 4139,Home & Kitchen,Cookware,HP,S0367,267.63,252.66,Active
P04140,SKU-04140,Loreal Cookware 4140,Home & Kitchen,Cookware,Loreal,S0452,484.2,34.85,Active
P04141,SKU-04141,Nike Appliance 4141,Home & Kitchen,Appliances,Nike,S0153,596.94,51.46,Active
P04142,SKU-04142,Dell Appliance 4142,Home & Kitchen,Appliances,Dell,S0480,935.02,1185.34,Active
P04143,SKU-04143,Samsung Cookware 4143,Home & Kitchen,Cookware,Samsung,S0312,161.2,537.55,Active
P04144,SKU-04144,Sony Cookware 4144,Home & Kitchen,Cookware,Sony,S0336,1079.4,954.46,Active
P04145,SKU-04145,LG Cookware 4145,Home & Kitchen,Cookware,LG,S0063,216.13,16.96,Active
P04146,SKU-04146,Dell Cookware 4146,Home & Kitchen,Cookware,Dell,S0461,1178.33,742.88,Active
P04147,SKU-04147,Adidas Cookware 4147,Home & Kitchen,Cookware,Adidas,S0096,1173.6,219.41,Active
P04148,SKU-04148,Nike Appliance 4148,Home & Kitchen,Appliances,Nike,S0211,1155.22,1445.68,Active
P04149,SKU-04149,LG Appliance 4149,Home & Kitchen,Appliances,LG,S0024,1497.78,371.83,Active
P04150,SKU-04150,Adidas Appliance 4150,Home & Kitchen,Appliances,Adidas,S0350,253.8,358.28,Active
P04151,SKU-04151,Sony Cookware 4151,Home & Kitchen,Cookware,Sony,S0458,348.72,740.45,Active
P04152,SKU-04152,Dell Cookware 4152,Home & Kitchen,Cookware,Dell,S0485,1688.4,1128.42,Active
P04153,SKU-04153,Samsung Cookware 4153,Home & Kitchen,Cookware,Samsung,S0336,869.72,709.23,Active
P04154,SKU-04154,Dell Cookware 4154,Home & Kitchen,Cookware,Dell,S0241,1849.39,1258.72,Active
P04155,SKU-04155,Loreal Appliance 4155,Home & Kitchen,Appliances,Loreal,S0138,682.35,1421.5,Active
P04156,SKU-04156,Apple Appliance 4156,Home & Kitchen,Appliances,Apple,S0331,1625.86,591.75,Active
P04157,SKU-04157,Sony Appliance 4157,Home & Kitchen,Appliances,Sony,S0035,300.55,365.78,Active
P04158,SKU-04158,Samsung Cookware 4158,Home & Kitchen,Cookware,Samsung,S0474,1768.67,858.11,Active
P04159,SKU-04159,Samsung Appliance 4159,Home & Kitchen,Appliances,Samsung,S0057,322.58,661.16,Active
P04160,SKU-04160,HP Appliance 4160,Home & Kitchen,Appliances,HP,S0407,1043.99,1431.19,Active
P04161,SKU-04161,HP Appliance 4161,Home & Kitchen,Appliances,HP,S0032,1117.13,772.93,Active
P04162,SKU-04162,Philips Appliance 4162,Home & Kitchen,Appliances,Philips,S0434,54.0,221.37,Active
P04163,SKU-04163,Loreal Cookware 4163,Home & Kitchen,Cookware,Loreal,S0369,159.58,1065.11,Active
P04164,SKU-04164,Loreal Cookware 4164,Home & Kitchen,Cookware,Loreal,S0406,1828.44,1116.51,Active
P04165,SKU-04165,Loreal Appliance 4165,Home & Kitchen,Appliances,Loreal,S0179,837.33,645.12,Active
P04166,SKU-04166,Loreal Appliance 4166,Home & Kitchen,Appliances,Loreal,S0249,488.5,601.17,Active
P04167,SKU-04167,Dell Cookware 4167,Home & Kitchen,Cookware,Dell,S0306,1379.68,736.79,Active
P04168,SKU-04168,Loreal Appliance 4168,Home & Kitchen,Appliances,Loreal,S0295,67.92,18.31,Active
P04169,SKU-04169,Nike Appliance 4169,Home & Kitchen,Appliances,Nike,S0450,586.72,970.31,Active
P04170,SKU-04170,Apple Cookware 4170,Home & Kitchen,Cookware,Apple,S0260,116.9,1422.56,Active
P04171,SKU-04171,HP Cookware 4171,Home & Kitchen,Cookware,HP,S0150,1810.78,956.11,Active
P04172,SKU-04172,Dell Cookware 4172,Home & Kitchen,Cookware,Dell,S0133,395.03,996.02,Active
P04173,SKU-04173,Nike Appliance 4173,Home & Kitchen,Appliances,Nike,S0440,622.48,1455.4,Active
P04174,SKU-04174,Sony Appliance 4174,Home & Kitchen,Appliances,Sony,S0076,420.68,145.49,Active
P04175,SKU-04175,Loreal Cookware 4175,Home & Kitchen,Cookware,Loreal,S0179,923.59,704.32,Active
P04176,SKU-04176,Dell Cookware 4176,Home & Kitchen,Cookware,Dell,S0342,967.71,842.82,Active
P04177,SKU-04177,Apple Appliance 4177,Home & Kitchen,Appliances,Apple,S0270,1409.38,492.78,Active
P04178,SKU-04178,LG Cookware 4178,Home & Kitchen,Cookware,LG,S0465,33.5,275.56,Active
P04179,SKU-04179,Adidas Appliance 4179,Home & Kitchen,Appliances,Adidas,S0079,1145.22,1123.42,Active
P04180,SKU-04180,Samsung Appliance 4180,Home & Kitchen,Appliances,Samsung,S0107,893.52,18.23,Active
P04181,SKU-04181,Samsung Appliance 4181,Home & Kitchen,Appliances,Samsung,S0474,484.87,435.9,Active
P04182,SKU-04182,Sony Appliance 4182,Home & Kitchen,Appliances,Sony,S0486,863.04,404.94,Active
P04183,SKU-04183,Adidas Appliance 4183,Home & Kitchen,Appliances,Adidas,S0254,1616.17,131.03,Active
P04184,SKU-04184,Sony Appliance 4184,Home & Kitchen,Appliances,Sony,S0461,840.02,1113.12,Active
P04185,SKU-04185,Apple Cookware 4185,Home & Kitchen,Cookware,Apple,S0348,1365.38,560.91,Active
P04186,SKU-04186,Nike Cookware 4186,Home & Kitchen,Cookware,Nike,S0011,227.15,355.0,Active
P04187,SKU-04187,LG Appliance 4187,Home & Kitchen,Appliances,LG,S0401,976.76,284.29,Active
P04188,SKU-04188,Nike Appliance 4188,Home & Kitchen,Appliances,Nike,S0376,1377.97,1261.63,Active
P04189,SKU-04189,Nike Cookware 4189,Home & Kitchen,Cookware,Nike,S0051,377.53,988.17,Active
P04190,SKU-04190,Sony Appliance 4190,Home & Kitchen,Appliances,Sony,S0068,101.14,1054.25,Active
P04191,SKU-04191,Dell Appliance 4191,Home & Kitchen,Appliances,Dell,S0421,1939.18,1065.78,Active
P04192,SKU-04192,Nike Appliance 4192,Home & Kitchen,Appliances,Nike,S0042,400.91,881.26,Active
P04193,SKU-04193,Philips Cookware 4193,Home & Kitchen,Cookware,Philips,S0004,823.47,148.45,Active
P04194,SKU-04194,Loreal Appliance 4194,Home & Kitchen,Appliances,Loreal,S0477,1168.87,914.49,Active
P04195,SKU-04195,HP Cookware 4195,Home & Kitchen,Cookware,HP,S0348,1717.01,861.57,Active
P04196,SKU-04196,Sony Appliance 4196,Home & Kitchen,Appliances,Sony,S0316,1081.14,1113.41,Active
P04197,SKU-04197,Loreal Appliance 4197,Home & Kitchen,Appliances,Loreal,S0334,1691.91,1040.46,Active
P04198,SKU-04198,Sony Cookware 4198,Home & Kitchen,Cookware,Sony,S0417,1946.09,858.7,Active
P04199,SKU-04199,Sony Cookware 4199,Home & Kitchen,Cookware,Sony,S0233,1484.9,336.67,Active
P04200,SKU-04200,Apple Appliance 4200,Home & Kitchen,Appliances,Apple,S0223,1000.3,277.46,Active
P04201,SKU-04201,LG Appliance 4201,Home & Kitchen,Appliances,LG,S0279,1772.25,151.52,Active
P04202,SKU-04202,Sony Appliance 4202,Home & Kitchen,Appliances,Sony,S0263,36.72,1498.51,Active
P04203,SKU-04203,Nike Appliance 4203,Home & Kitchen,Appliances,Nike,S0131,910.58,639.12,Active
P04204,SKU-04204,Sony Appliance 4204,Home & Kitchen,Appliances,Sony,S0029,1768.28,1113.98,Active
P04205,SKU-04205,Philips Cookware 4205,Home & Kitchen,Cookware,Philips,S0129,83.31,376.43,Active
P04206,SKU-04206,Adidas Appliance 4206,Home & Kitchen,Appliances,Adidas,S0288,1405.19,1289.84,Active
P04207,SKU-04207,Philips Appliance 4207,Home & Kitchen,Appliances,Philips,S0009,1642.6,1083.11,Active
P04208,SKU-04208,Adidas Appliance 4208,Home & Kitchen,Appliances,Adidas,S0052,336.76,1076.27,Active
P04209,SKU-04209,Loreal Cookware 4209,Home & Kitchen,Cookware,Loreal,S0489,135.36,223.74,Active
P04210,SKU-04210,Philips Appliance 4210,Home & Kitchen,Appliances,Philips,S0058,649.65,644.65,Active
P04211,SKU-04211,Samsung Appliance 4211,Home & Kitchen,Appliances,Samsung,S0189,477.65,536.18,Active
P04212,SKU-04212,Philips Appliance 4212,Home & Kitchen,Appliances,Philips,S0399,1655.0,1270.08,Active
P04213,SKU-04213,Dell Appliance 4213,Home & Kitchen,Appliances,Dell,S0431,1807.73,1373.88,Active
P04214,SKU-04214,Dell Appliance 4214,Home & Kitchen,Appliances,Dell,S0127,200.92,797.77,Active
P04215,SKU-04215,Apple Cookware 4215,Home & Kitchen,Cookware,Apple,S0186,1692.11,27.63,Active
P04216,SKU-04216,Loreal Appliance 4216,Home & Kitchen,Appliances,Loreal,S0090,388.58,220.8,Active
P04217,SKU-04217,Samsung Cookware 4217,Home & Kitchen,Cookware,Samsung,S0422,919.64,1157.46,Active
P04218,SKU-04218,HP Cookware 4218,Home & Kitchen,Cookware,HP,S0036,1784.97,1378.22,Active
P04219,SKU-04219,Sony Cookware 4219,Home & Kitchen,Cookware,Sony,S0416,254.09,652.28,Active
P04220,SKU-04220,Adidas Cookware 4220,Home & Kitchen,Cookware,Adidas,S0406,1186.49,488.21,Active
P04221,SKU-04221,Loreal Appliance 4221,Home & Kitchen,Appliances,Loreal,S0202,915.34,1013.54,Active
P04222,SKU-04222,Dell Appliance 4222,Home & Kitchen,Appliances,Dell,S0036,550.56,1351.77,Active
P04223,SKU-04223,Philips Cookware 4223,Home & Kitchen,Cookware,Philips,S0497,1588.04,639.98,Active
P04224,SKU-04224,Samsung Cookware 4224,Home & Kitchen,Cookware,Samsung,S0209,617.01,652.58,Active
P04225,SKU-04225,Adidas Appliance 4225,Home & Kitchen,Appliances,Adidas,S0311,1358.0,801.65,Active
P04226,SKU-04226,Dell Appliance 4226,Home & Kitchen,Appliances,Dell,S0473,413.17,73.52,Active
P04227,SKU-04227,HP Cookware 4227,Home & Kitchen,Cookware,HP,S0460,1726.33,735.79,Active
P04228,SKU-04228,Nike Cookware 4228,Home & Kitchen,Cookware,Nike,S0370,233.29,158.52,Active
P04229,SKU-04229,Samsung Cookware 4229,Home & Kitchen,Cookware,Samsung,S0465,191.16,1054.67,Active
P04230,SKU-04230,Dell Appliance 4230,Home & Kitchen,Appliances,Dell,S0033,1146.25,723.52,Active
P04231,SKU-04231,Dell Cookware 4231,Home & Kitchen,Cookware,Dell,S0133,1736.75,619.54,Active
P04232,SKU-04232,Adidas Appliance 4232,Home & Kitchen,Appliances,Adidas,S0310,1944.13,76.14,Active
P04233,SKU-04233,Loreal Appliance 4233,Home & Kitchen,Appliances,Loreal,S0084,1453.33,886.39,Active
P04234,SKU-04234,Adidas Appliance 4234,Home & Kitchen,Appliances,Adidas,S0298,1442.97,1370.67,Active
P04235,SKU-04235,Adidas Appliance 4235,Home & Kitchen,Appliances,Adidas,S0258,1415.32,867.74,Active
P04236,SKU-04236,LG Appliance 4236,Home & Kitchen,Appliances,LG,S0319,1106.88,25.14,Active
P04237,SKU-04237,Loreal Cookware 4237,Home & Kitchen,Cookware,Loreal,S0012,1478.53,903.02,Active
P04238,SKU-04238,LG Cookware 4238,Home & Kitchen,Cookware,LG,S0057,268.8,596.97,Active
P04239,SKU-04239,Nike Cookware 4239,Home & Kitchen,Cookware,Nike,S0380,1639.65,525.03,Active
P04240,SKU-04240,HP Appliance 4240,Home & Kitchen,Appliances,HP,S0256,1650.82,1203.15,Active
P04241,SKU-04241,LG Appliance 4241,Home & Kitchen,Appliances,LG,S0211,690.41,1442.25,Active
P04242,SKU-04242,Apple Appliance 4242,Home & Kitchen,Appliances,Apple,S0156,254.53,1104.33,Active
P04243,SKU-04243,Dell Cookware 4243,Home & Kitchen,Cookware,Dell,S0194,1670.19,1492.2,Active
P04244,SKU-04244,Loreal Appliance 4244,Home & Kitchen,Appliances,Loreal,S0194,734.06,1093.85,Active
P04245,SKU-04245,Sony Cookware 4245,Home & Kitchen,Cookware,Sony,S0418,1124.06,716.49,Active
P04246,SKU-04246,Apple Appliance 4246,Home & Kitchen,Appliances,Apple,S0328,349.28,330.15,Active
P04247,SKU-04247,LG Cookware 4247,Home & Kitchen,Cookware,LG,S0323,1765.5,1070.9,Active
P04248,SKU-04248,Philips Appliance 4248,Home & Kitchen,Appliances,Philips,S0049,1703.21,233.18,Active
P04249,SKU-04249,Dell Cookware 4249,Home & Kitchen,Cookware,Dell,S0210,1652.47,1240.71,Active
P04250,SKU-04250,Loreal Cookware 4250,Home & Kitchen,Cookware,Loreal,S0128,16.73,478.88,Active
P04251,SKU-04251,Nike Cookware 4251,Home & Kitchen,Cookware,Nike,S0318,1819.83,64.86,Active
P04252,SKU-04252,Adidas Cookware 4252,Home & Kitchen,Cookware,Adidas,S0016,506.53,73.35,Active
P04253,SKU-04253,Dell Cookware 4253,Home & Kitchen,Cookware,Dell,S0267,1746.72,872.25,Active
P04254,SKU-04254,Philips Cookware 4254,Home & Kitchen,Cookware,Philips,S0247,435.2,1293.14,Active
P04255,SKU-04255,LG Cookware 4255,Home & Kitchen,Cookware,LG,S0362,418.51,693.0,Active
P04256,SKU-04256,Adidas Cookware 4256,Home & Kitchen,Cookware,Adidas,S0106,38.46,1062.05,Active
P04257,SKU-04257,LG Appliance 4257,Home & Kitchen,Appliances,LG,S0028,1622.63,1025.5,Active
P04258,SKU-04258,Loreal Appliance 4258,Home & Kitchen,Appliances,Loreal,S0168,1094.84,626.48,Active
P04259,SKU-04259,Dell Cookware 4259,Home & Kitchen,Cookware,Dell,S0250,642.0,844.26,Active
P04260,SKU-04260,LG Appliance 4260,Home & Kitchen,Appliances,LG,S0341,1850.82,81.86,Active
P04261,SKU-04261,Dell Cookware 4261,Home & Kitchen,Cookware,Dell,S0343,1739.53,481.9,Active
P04262,SKU-04262,Dell Appliance 4262,Home & Kitchen,Appliances,Dell,S0040,1632.45,1112.39,Active
P04263,SKU-04263,HP Cookware 4263,Home & Kitchen,Cookware,HP,S0270,1095.22,906.25,Active
P04264,SKU-04264,LG Cookware 4264,Home & Kitchen,Cookware,LG,S0062,1688.72,893.57,Active
P04265,SKU-04265,LG Appliance 4265,Home & Kitchen,Appliances,LG,S0179,1429.43,1409.53,Active
P04266,SKU-04266,Loreal Cookware 4266,Home & Kitchen,Cookware,Loreal,S0460,285.55,617.95,Active
P04267,SKU-04267,Apple Appliance 4267,Home & Kitchen,Appliances,Apple,S0071,1334.62,1393.27,Active
P04268,SKU-04268,LG Appliance 4268,Home & Kitchen,Appliances,LG,S0449,729.6,1248.88,Active
P04269,SKU-04269,LG Appliance 4269,Home & Kitchen,Appliances,LG,S0329,1039.68,882.28,Active
P04270,SKU-04270,HP Cookware 4270,Home & Kitchen,Cookware,HP,S0271,1715.64,1223.95,Active
P04271,SKU-04271,Nike Cookware 4271,Home & Kitchen,Cookware,Nike,S0004,1862.88,1051.83,Active
P04272,SKU-04272,LG Cookware 4272,Home & Kitchen,Cookware,LG,S0108,137.62,116.33,Active
P04273,SKU-04273,Dell Cookware 4273,Home & Kitchen,Cookware,Dell,S0195,1381.35,542.97,Active
P04274,SKU-04274,Dell Cookware 4274,Home & Kitchen,Cookware,Dell,S0301,1047.77,804.56,Active
P04275,SKU-04275,HP Appliance 4275,Home & Kitchen,Appliances,HP,S0354,1601.34,981.52,Active
P04276,SKU-04276,Loreal Appliance 4276,Home & Kitchen,Appliances,Loreal,S0423,104.76,946.29,Active
P04277,SKU-04277,HP Appliance 4277,Home & Kitchen,Appliances,HP,S0454,1588.8,609.21,Active
P04278,SKU-04278,Adidas Appliance 4278,Home & Kitchen,Appliances,Adidas,S0214,1792.5,197.25,Active
P04279,SKU-04279,Loreal Cookware 4279,Home & Kitchen,Cookware,Loreal,S0052,1008.69,1009.47,Active
P04280,SKU-04280,Loreal Appliance 4280,Home & Kitchen,Appliances,Loreal,S0322,1890.09,17.02,Active
P04281,SKU-04281,Samsung Appliance 4281,Home & Kitchen,Appliances,Samsung,S0043,671.55,704.38,Active
P04282,SKU-04282,Apple Appliance 4282,Home & Kitchen,Appliances,Apple,S0019,1779.0,488.74,Active
P04283,SKU-04283,Loreal Appliance 4283,Home & Kitchen,Appliances,Loreal,S0046,352.72,837.88,Active
P04284,SKU-04284,Philips Appliance 4284,Home & Kitchen,Appliances,Philips,S0208,1798.28,1193.22,Active
P04285,SKU-04285,Dell Cookware 4285,Home & Kitchen,Cookware,Dell,S0461,1104.13,1051.74,Active
P04286,SKU-04286,Sony Cookware 4286,Home & Kitchen,Cookware,Sony,S0232,1177.31,1193.92,Active
P04287,SKU-04287,HP Cookware 4287,Home & Kitchen,Cookware,HP,S0450,699.11,1147.46,Active
P04288,SKU-04288,Samsung Cookware 4288,Home & Kitchen,Cookware,Samsung,S0184,1830.33,813.62,Active
P04289,SKU-04289,Adidas Cookware 4289,Home & Kitchen,Cookware,Adidas,S0386,1864.82,168.41,Active
P04290,SKU-04290,Nike Cookware 4290,Home & Kitchen,Cookware,Nike,S0479,1321.04,1402.1,Active
P04291,SKU-04291,Loreal Cookware 4291,Home & Kitchen,Cookware,Loreal,S0176,294.53,117.08,Active
P04292,SKU-04292,Loreal Cookware 4292,Home & Kitchen,Cookware,Loreal,S0317,1340.73,158.46,Active
P04293,SKU-04293,HP Cookware 4293,Home & Kitchen,Cookware,HP,S0105,991.7,1279.15,Active
P04294,SKU-04294,LG Appliance 4294,Home & Kitchen,Appliances,LG,S0304,317.37,39.98,Active
P04295,SKU-04295,Apple Cookware 4295,Home & Kitchen,Cookware,Apple,S0026,1463.97,737.81,Active
P04296,SKU-04296,Apple Cookware 4296,Home & Kitchen,Cookware,Apple,S0461,150.46,1162.1,Active
P04297,SKU-04297,Loreal Cookware 4297,Home & Kitchen,Cookware,Loreal,S0147,279.64,32.06,Active
P04298,SKU-04298,HP Cookware 4298,Home & Kitchen,Cookware,HP,S0397,413.67,1434.85,Active
P04299,SKU-04299,Loreal Cookware 4299,Home & Kitchen,Cookware,Loreal,S0289,72.96,1135.3,Active
P04300,SKU-04300,Nike Cookware 4300,Home & Kitchen,Cookware,Nike,S0193,1556.58,182.13,Active
P04301,SKU-04301,LG Appliance 4301,Home & Kitchen,Appliances,LG,S0107,708.37,97.64,Active
P04302,SKU-04302,Apple Appliance 4302,Home & Kitchen,Appliances,Apple,S0194,1775.95,1354.71,Active
P04303,SKU-04303,Apple Cookware 4303,Home & Kitchen,Cookware,Apple,S0472,15.58,969.95,Active
P04304,SKU-04304,Philips Appliance 4304,Home & Kitchen,Appliances,Philips,S0075,1112.61,840.84,Active
P04305,SKU-04305,Loreal Appliance 4305,Home & Kitchen,Appliances,Loreal,S0247,1947.95,1044.75,Active
P04306,SKU-04306,Samsung Appliance 4306,Home & Kitchen,Appliances,Samsung,S0289,818.41,1066.47,Active
P04307,SKU-04307,Samsung Appliance 4307,Home & Kitchen,Appliances,Samsung,S0422,1156.23,1239.65,Active
P04308,SKU-04308,Samsung Appliance 4308,Home & Kitchen,Appliances,Samsung,S0438,512.13,513.7,Active
P04309,SKU-04309,Sony Appliance 4309,Home & Kitchen,Appliances,Sony,S0078,967.79,484.72,Active
P04310,SKU-04310,Apple Cookware 4310,Home & Kitchen,Cookware,Apple,S0298,1090.52,360.17,Active
P04311,SKU-04311,HP Cookware 4311,Home & Kitchen,Cookware,HP,S0167,1610.17,95.36,Active
P04312,SKU-04312,Loreal Cookware 4312,Home & Kitchen,Cookware,Loreal,S0301,1608.97,1297.32,Active
P04313,SKU-04313,Apple Appliance 4313,Home & Kitchen,Appliances,Apple,S0166,1489.98,1006.13,Active
P04314,SKU-04314,Apple Appliance 4314,Home & Kitchen,Appliances,Apple,S0252,776.25,1489.2,Active
P04315,SKU-04315,LG Cookware 4315,Home & Kitchen,Cookware,LG,S0048,50.87,550.74,Active
P04316,SKU-04316,Nike Cookware 4316,Home & Kitchen,Cookware,Nike,S0313,1560.28,56.94,Active
P04317,SKU-04317,Loreal Appliance 4317,Home & Kitchen,Appliances,Loreal,S0471,1833.19,33.76,Active
P04318,SKU-04318,Loreal Appliance 4318,Home & Kitchen,Appliances,Loreal,S0064,939.37,196.84,Active
P04319,SKU-04319,Philips Appliance 4319,Home & Kitchen,Appliances,Philips,S0394,1495.16,67.67,Active
P04320,SKU-04320,Apple Appliance 4320,Home & Kitchen,Appliances,Apple,S0224,495.84,195.44,Active
P04321,SKU-04321,Philips Cookware 4321,Home & Kitchen,Cookware,Philips,S0088,458.56,850.46,Active
P04322,SKU-04322,LG Cookware 4322,Home & Kitchen,Cookware,LG,S0264,375.76,1240.65,Active
P04323,SKU-04323,Dell Appliance 4323,Home & Kitchen,Appliances,Dell,S0327,647.56,639.21,Active
P04324,SKU-04324,Philips Appliance 4324,Home & Kitchen,Appliances,Philips,S0058,329.23,1404.06,Active
P04325,SKU-04325,Samsung Appliance 4325,Home & Kitchen,Appliances,Samsung,S0391,475.17,723.33,Active
P04326,SKU-04326,Apple Appliance 4326,Home & Kitchen,Appliances,Apple,S0491,1910.75,229.48,Active
P04327,SKU-04327,HP Appliance 4327,Home & Kitchen,Appliances,HP,S0454,1949.52,892.69,Active
P04328,SKU-04328,Adidas Cookware 4328,Home & Kitchen,Cookware,Adidas,S0410,964.27,771.01,Active
P04329,SKU-04329,Loreal Cookware 4329,Home & Kitchen,Cookware,Loreal,S0299,791.49,333.5,Active
P04330,SKU-04330,Philips Appliance 4330,Home & Kitchen,Appliances,Philips,S0303,935.0,171.54,Active
P04331,SKU-04331,Adidas Cookware 4331,Home & Kitchen,Cookware,Adidas,S0468,267.61,344.01,Active
P04332,SKU-04332,Sony Appliance 4332,Home & Kitchen,Appliances,Sony,S0374,1266.55,1070.02,Active
P04333,SKU-04333,Philips Cookware 4333,Home & Kitchen,Cookware,Philips,S0320,358.8,888.32,Active
P04334,SKU-04334,Loreal Appliance 4334,Home & Kitchen,Appliances,Loreal,S0354,1479.98,949.85,Active
P04335,SKU-04335,Dell Cookware 4335,Home & Kitchen,Cookware,Dell,S0239,1732.17,1468.6,Active
P04336,SKU-04336,Samsung Cookware 4336,Home & Kitchen,Cookware,Samsung,S0397,800.21,533.37,Active
P04337,SKU-04337,Sony Appliance 4337,Home & Kitchen,Appliances,Sony,S0272,1505.34,680.59,Active
P04338,SKU-04338,Adidas Appliance 4338,Home & Kitchen,Appliances,Adidas,S0032,994.88,1031.99,Active
P04339,SKU-04339,Nike Appliance 4339,Home & Kitchen,Appliances,Nike,S0257,1839.78,617.39,Active
P04340,SKU-04340,Nike Appliance 4340,Home & Kitchen,Appliances,Nike,S0384,72.68,474.47,Active
P04341,SKU-04341,Dell Appliance 4341,Home & Kitchen,Appliances,Dell,S0301,1338.13,19.11,Active
P04342,SKU-04342,Dell Appliance 4342,Home & Kitchen,Appliances,Dell,S0043,1497.73,959.1,Active
P04343,SKU-04343,Loreal Appliance 4343,Home & Kitchen,Appliances,Loreal,S0089,425.59,1072.27,Active
P04344,SKU-04344,Nike Appliance 4344,Home & Kitchen,Appliances,Nike,S0155,29.13,982.94,Active
P04345,SKU-04345,Philips Cookware 4345,Home & Kitchen,Cookware,Philips,S0496,77.7,1298.39,Active
P04346,SKU-04346,Adidas Cookware 4346,Home & Kitchen,Cookware,Adidas,S0082,1336.61,661.12,Active
P04347,SKU-04347,Philips Appliance 4347,Home & Kitchen,Appliances,Philips,S0246,926.91,488.31,Active
P04348,SKU-04348,Dell Appliance 4348,Home & Kitchen,Appliances,Dell,S0499,1113.8,923.19,Active
P04349,SKU-04349,Sony Appliance 4349,Home & Kitchen,Appliances,Sony,S0278,1120.7,507.78,Active
P04350,SKU-04350,Dell Cookware 4350,Home & Kitchen,Cookware,Dell,S0229,268.23,895.0,Active
P04351,SKU-04351,Apple Appliance 4351,Home & Kitchen,Appliances,Apple,S0159,13.5,493.69,Active
P04352,SKU-04352,HP Cookware 4352,Home & Kitchen,Cookware,HP,S0038,457.61,899.52,Active
P04353,SKU-04353,HP Appliance 4353,Home & Kitchen,Appliances,HP,S0405,1876.01,1468.96,Active
P04354,SKU-04354,Philips Appliance 4354,Home & Kitchen,Appliances,Philips,S0310,1315.11,1269.24,Active
P04355,SKU-04355,Loreal Appliance 4355,Home & Kitchen,Appliances,Loreal,S0232,984.46,137.02,Active
P04356,SKU-04356,Sony Cookware 4356,Home & Kitchen,Cookware,Sony,S0188,1260.73,746.83,Active
P04357,SKU-04357,Dell Appliance 4357,Home & Kitchen,Appliances,Dell,S0024,277.92,456.96,Active
P04358,SKU-04358,LG Cookware 4358,Home & Kitchen,Cookware,LG,S0242,1305.59,1120.45,Active
P04359,SKU-04359,Adidas Cookware 4359,Home & Kitchen,Cookware,Adidas,S0384,208.64,1248.17,Active
P04360,SKU-04360,Nike Appliance 4360,Home & Kitchen,Appliances,Nike,S0219,372.18,775.91,Active
P04361,SKU-04361,Dell Appliance 4361,Home & Kitchen,Appliances,Dell,S0105,1797.22,200.7,Active
P04362,SKU-04362,Dell Cookware 4362,Home & Kitchen,Cookware,Dell,S0462,201.92,1453.56,Active
P04363,SKU-04363,LG Appliance 4363,Home & Kitchen,Appliances,LG,S0221,1583.07,861.64,Active
P04364,SKU-04364,Nike Appliance 4364,Home & Kitchen,Appliances,Nike,S0390,1664.45,1451.4,Active
P04365,SKU-04365,Nike Cookware 4365,Home & Kitchen,Cookware,Nike,S0103,1329.38,876.08,Active
P04366,SKU-04366,LG Appliance 4366,Home & Kitchen,Appliances,LG,S0146,1820.57,688.22,Active
P04367,SKU-04367,Adidas Cookware 4367,Home & Kitchen,Cookware,Adidas,S0448,1002.86,79.69,Active
P04368,SKU-04368,Apple Cookware 4368,Home & Kitchen,Cookware,Apple,S0308,794.7,801.25,Active
P04369,SKU-04369,Dell Appliance 4369,Home & Kitchen,Appliances,Dell,S0424,396.31,104.64,Active
P04370,SKU-04370,Loreal Appliance 4370,Home & Kitchen,Appliances,Loreal,S0103,168.84,76.96,Active
P04371,SKU-04371,Sony Appliance 4371,Home & Kitchen,Appliances,Sony,S0414,1811.37,773.67,Active
P04372,SKU-04372,Sony Appliance 4372,Home & Kitchen,Appliances,Sony,S0018,1761.08,1219.81,Active
P04373,SKU-04373,Apple Cookware 4373,Home & Kitchen,Cookware,Apple,S0324,172.91,1269.56,Active
P04374,SKU-04374,Loreal Cookware 4374,Home & Kitchen,Cookware,Loreal,S0221,1847.1,1324.65,Active
P04375,SKU-04375,Philips Cookware 4375,Home & Kitchen,Cookware,Philips,S0298,1087.43,1428.92,Active
P04376,SKU-04376,Adidas Appliance 4376,Home & Kitchen,Appliances,Adidas,S0006,483.84,1153.62,Active
P04377,SKU-04377,Adidas Cookware 4377,Home & Kitchen,Cookware,Adidas,S0034,164.82,601.33,Active
P04378,SKU-04378,Sony Cookware 4378,Home & Kitchen,Cookware,Sony,S0144,772.87,1398.49,Active
P04379,SKU-04379,Adidas Cookware 4379,Home & Kitchen,Cookware,Adidas,S0386,1898.3,801.89,Active
P04380,SKU-04380,Sony Cookware 4380,Home & Kitchen,Cookware,Sony,S0297,1198.91,651.64,Active
P04381,SKU-04381,LG Appliance 4381,Home & Kitchen,Appliances,LG,S0490,895.1,189.65,Active
P04382,SKU-04382,Adidas Appliance 4382,Home & Kitchen,Appliances,Adidas,S0209,1287.8,206.56,Active
P04383,SKU-04383,LG Cookware 4383,Home & Kitchen,Cookware,LG,S0021,723.94,690.92,Active
P04384,SKU-04384,Loreal Appliance 4384,Home & Kitchen,Appliances,Loreal,S0137,1055.5,1226.04,Active
P04385,SKU-04385,LG Appliance 4385,Home & Kitchen,Appliances,LG,S0263,1429.82,1170.32,Active
P04386,SKU-04386,Sony Appliance 4386,Home & Kitchen,Appliances,Sony,S0116,861.76,134.77,Active
P04387,SKU-04387,Adidas Appliance 4387,Home & Kitchen,Appliances,Adidas,S0370,451.31,1257.83,Active
P04388,SKU-04388,LG Appliance 4388,Home & Kitchen,Appliances,LG,S0141,984.48,498.35,Active
P04389,SKU-04389,Sony Appliance 4389,Home & Kitchen,Appliances,Sony,S0088,224.59,315.72,Active
P04390,SKU-04390,Loreal Cookware 4390,Home & Kitchen,Cookware,Loreal,S0493,458.35,193.52,Active
P04391,SKU-04391,LG Cookware 4391,Home & Kitchen,Cookware,LG,S0373,430.62,1341.45,Active
P04392,SKU-04392,Loreal Cookware 4392,Home & Kitchen,Cookware,Loreal,S0153,960.33,1462.96,Active
P04393,SKU-04393,Loreal Appliance 4393,Home & Kitchen,Appliances,Loreal,S0058,1582.81,580.92,Active
P04394,SKU-04394,Adidas Appliance 4394,Home & Kitchen,Appliances,Adidas,S0303,1379.43,314.2,Active
P04395,SKU-04395,Samsung Cookware 4395,Home & Kitchen,Cookware,Samsung,S0492,1753.04,1220.16,Active
P04396,SKU-04396,Samsung Cookware 4396,Home & Kitchen,Cookware,Samsung,S0228,1583.43,204.81,Active
P04397,SKU-04397,Apple Appliance 4397,Home & Kitchen,Appliances,Apple,S0102,292.92,1444.67,Active
P04398,SKU-04398,Sony Cookware 4398,Home & Kitchen,Cookware,Sony,S0349,600.67,393.87,Active
P04399,SKU-04399,Philips Cookware 4399,Home & Kitchen,Cookware,Philips,S0185,838.62,871.13,Active
P04400,SKU-04400,Philips Cookware 4400,Home & Kitchen,Cookware,Philips,S0118,1361.85,7.44,Active
P04401,SKU-04401,Dell Appliance 4401,Home & Kitchen,Appliances,Dell,S0354,519.37,1334.72,Active
P04402,SKU-04402,Apple Appliance 4402,Home & Kitchen,Appliances,Apple,S0003,533.47,250.76,Active
P04403,SKU-04403,Sony Cookware 4403,Home & Kitchen,Cookware,Sony,S0108,757.33,1319.48,Active
P04404,SKU-04404,Sony Appliance 4404,Home & Kitchen,Appliances,Sony,S0051,752.53,933.06,Active
P04405,SKU-04405,Nike Cookware 4405,Home & Kitchen,Cookware,Nike,S0225,42.38,697.39,Active
P04406,SKU-04406,Sony Cookware 4406,Home & Kitchen,Cookware,Sony,S0488,1528.52,1122.38,Active
P04407,SKU-04407,Sony Cookware 4407,Home & Kitchen,Cookware,Sony,S0308,1492.34,481.21,Active
P04408,SKU-04408,Nike Cookware 4408,Home & Kitchen,Cookware,Nike,S0065,821.93,580.74,Active
P04409,SKU-04409,Dell Appliance 4409,Home & Kitchen,Appliances,Dell,S0223,312.04,41.52,Active
P04410,SKU-04410,HP Cookware 4410,Home & Kitchen,Cookware,HP,S0490,1068.22,646.19,Active
P04411,SKU-04411,Philips Appliance 4411,Home & Kitchen,Appliances,Philips,S0311,1061.19,605.98,Active
P04412,SKU-04412,Dell Cookware 4412,Home & Kitchen,Cookware,Dell,S0328,209.36,276.01,Active
P04413,SKU-04413,Samsung Appliance 4413,Home & Kitchen,Appliances,Samsung,S0273,1353.94,625.16,Active
P04414,SKU-04414,Dell Appliance 4414,Home & Kitchen,Appliances,Dell,S0332,380.71,1259.66,Active
P04415,SKU-04415,Samsung Cookware 4415,Home & Kitchen,Cookware,Samsung,S0228,385.13,1122.52,Active
P04416,SKU-04416,Sony Cookware 4416,Home & Kitchen,Cookware,Sony,S0372,967.53,564.45,Active
P04417,SKU-04417,Samsung Appliance 4417,Home & Kitchen,Appliances,Samsung,S0085,1854.79,180.66,Active
P04418,SKU-04418,Sony Cookware 4418,Home & Kitchen,Cookware,Sony,S0332,689.68,1444.73,Active
P04419,SKU-04419,LG Cookware 4419,Home & Kitchen,Cookware,LG,S0472,1299.67,392.65,Active
P04420,SKU-04420,HP Appliance 4420,Home & Kitchen,Appliances,HP,S0182,1558.29,897.86,Active
P04421,SKU-04421,Nike Appliance 4421,Home & Kitchen,Appliances,Nike,S0437,590.47,420.54,Active
P04422,SKU-04422,Apple Cookware 4422,Home & Kitchen,Cookware,Apple,S0059,509.51,419.93,Active
P04423,SKU-04423,Dell Appliance 4423,Home & Kitchen,Appliances,Dell,S0044,386.78,834.18,Active
P04424,SKU-04424,Nike Cookware 4424,Home & Kitchen,Cookware,Nike,S0185,637.6,675.9,Active
P04425,SKU-04425,Dell Cookware 4425,Home & Kitchen,Cookware,Dell,S0261,439.96,1180.42,Active
P04426,SKU-04426,Dell Cookware 4426,Home & Kitchen,Cookware,Dell,S0383,14.87,560.45,Active
P04427,SKU-04427,Sony Cookware 4427,Home & Kitchen,Cookware,Sony,S0435,783.64,513.86,Active
P04428,SKU-04428,Samsung Appliance 4428,Home & Kitchen,Appliances,Samsung,S0445,1682.32,684.52,Active
P04429,SKU-04429,Apple Cookware 4429,Home & Kitchen,Cookware,Apple,S0341,1178.12,263.01,Active
P04430,SKU-04430,HP Appliance 4430,Home & Kitchen,Appliances,HP,S0419,984.39,1370.35,Active
P04431,SKU-04431,Apple Appliance 4431,Home & Kitchen,Appliances,Apple,S0233,509.24,126.31,Active
P04432,SKU-04432,Philips Cookware 4432,Home & Kitchen,Cookware,Philips,S0255,372.33,1282.04,Active
P04433,SKU-04433,Nike Cookware 4433,Home & Kitchen,Cookware,Nike,S0232,1019.19,539.48,Active
P04434,SKU-04434,Dell Cookware 4434,Home & Kitchen,Cookware,Dell,S0274,1878.53,692.64,Active
P04435,SKU-04435,Apple Appliance 4435,Home & Kitchen,Appliances,Apple,S0104,559.23,948.23,Active
P04436,SKU-04436,Loreal Cookware 4436,Home & Kitchen,Cookware,Loreal,S0111,700.26,651.95,Active
P04437,SKU-04437,Dell Cookware 4437,Home & Kitchen,Cookware,Dell,S0383,262.22,1394.78,Active
P04438,SKU-04438,Dell Cookware 4438,Home & Kitchen,Cookware,Dell,S0430,1560.17,93.12,Active
P04439,SKU-04439,Loreal Cookware 4439,Home & Kitchen,Cookware,Loreal,S0078,370.1,80.47,Active
P04440,SKU-04440,Sony Cookware 4440,Home & Kitchen,Cookware,Sony,S0166,1369.63,75.88,Active
P04441,SKU-04441,LG Appliance 4441,Home & Kitchen,Appliances,LG,S0053,1849.51,314.55,Active
P04442,SKU-04442,Samsung Appliance 4442,Home & Kitchen,Appliances,Samsung,S0419,789.85,692.33,Active
P04443,SKU-04443,LG Cookware 4443,Home & Kitchen,Cookware,LG,S0487,612.75,780.28,Active
P04444,SKU-04444,Loreal Appliance 4444,Home & Kitchen,Appliances,Loreal,S0189,1282.22,160.81,Active
P04445,SKU-04445,Sony Cookware 4445,Home & Kitchen,Cookware,Sony,S0165,386.39,182.81,Active
P04446,SKU-04446,Loreal Cookware 4446,Home & Kitchen,Cookware,Loreal,S0022,1268.69,102.28,Active
P04447,SKU-04447,Apple Appliance 4447,Home & Kitchen,Appliances,Apple,S0108,1621.92,725.05,Active
P04448,SKU-04448,HP Cookware 4448,Home & Kitchen,Cookware,HP,S0402,768.94,559.21,Active
P04449,SKU-04449,Adidas Cookware 4449,Home & Kitchen,Cookware,Adidas,S0075,1873.94,455.52,Active
P04450,SKU-04450,Adidas Cookware 4450,Home & Kitchen,Cookware,Adidas,S0166,1834.29,1212.16,Active
P04451,SKU-04451,Apple Appliance 4451,Home & Kitchen,Appliances,Apple,S0243,451.85,691.89,Active
P04452,SKU-04452,Samsung Appliance 4452,Home & Kitchen,Appliances,Samsung,S0077,879.89,203.64,Active
P04453,SKU-04453,LG Appliance 4453,Home & Kitchen,Appliances,LG,S0169,303.18,72.85,Active
P04454,SKU-04454,Apple Appliance 4454,Home & Kitchen,Appliances,Apple,S0093,233.05,1219.95,Active
P04455,SKU-04455,Nike Cookware 4455,Home & Kitchen,Cookware,Nike,S0269,1872.13,651.87,Active
P04456,SKU-04456,Apple Appliance 4456,Home & Kitchen,Appliances,Apple,S0437,146.41,396.57,Active
P04457,SKU-04457,Adidas Appliance 4457,Home & Kitchen,Appliances,Adidas,S0180,1960.94,384.59,Active
P04458,SKU-04458,Sony Cookware 4458,Home & Kitchen,Cookware,Sony,S0355,666.99,335.91,Active
P04459,SKU-04459,HP Appliance 4459,Home & Kitchen,Appliances,HP,S0174,1398.96,968.17,Active
P04460,SKU-04460,Nike Cookware 4460,Home & Kitchen,Cookware,Nike,S0385,617.35,559.43,Active
P04461,SKU-04461,LG Cookware 4461,Home & Kitchen,Cookware,LG,S0259,1095.39,169.34,Active
P04462,SKU-04462,Apple Cookware 4462,Home & Kitchen,Cookware,Apple,S0095,772.54,383.51,Active
P04463,SKU-04463,Samsung Appliance 4463,Home & Kitchen,Appliances,Samsung,S0220,1155.83,595.14,Active
P04464,SKU-04464,LG Cookware 4464,Home & Kitchen,Cookware,LG,S0206,1973.0,853.15,Active
P04465,SKU-04465,Sony Appliance 4465,Home & Kitchen,Appliances,Sony,S0207,66.55,28.39,Active
P04466,SKU-04466,Philips Appliance 4466,Home & Kitchen,Appliances,Philips,S0361,695.83,104.9,Active
P04467,SKU-04467,Adidas Appliance 4467,Home & Kitchen,Appliances,Adidas,S0201,1958.94,30.0,Active
P04468,SKU-04468,Dell Cookware 4468,Home & Kitchen,Cookware,Dell,S0022,912.59,1441.9,Active
P04469,SKU-04469,LG Cookware 4469,Home & Kitchen,Cookware,LG,S0027,1986.52,254.91,Active
P04470,SKU-04470,Nike Cookware 4470,Home & Kitchen,Cookware,Nike,S0004,492.51,1461.9,Active
P04471,SKU-04471,LG Cookware 4471,Home & Kitchen,Cookware,LG,S0010,136.03,817.31,Active
P04472,SKU-04472,Samsung Appliance 4472,Home & Kitchen,Appliances,Samsung,S0220,1695.55,705.52,Active
P04473,SKU-04473,Dell Appliance 4473,Home & Kitchen,Appliances,Dell,S0123,1601.89,978.0,Active
P04474,SKU-04474,HP Appliance 4474,Home & Kitchen,Appliances,HP,S0030,882.1,472.98,Active
P04475,SKU-04475,Philips Cookware 4475,Home & Kitchen,Cookware,Philips,S0423,1313.66,537.09,Active
P04476,SKU-04476,Sony Appliance 4476,Home & Kitchen,Appliances,Sony,S0159,1120.34,707.95,Active
P04477,SKU-04477,Samsung Appliance 4477,Home & Kitchen,Appliances,Samsung,S0367,1595.62,45.08,Active
P04478,SKU-04478,HP Cookware 4478,Home & Kitchen,Cookware,HP,S0021,979.99,227.97,Active
P04479,SKU-04479,Adidas Appliance 4479,Home & Kitchen,Appliances,Adidas,S0411,1816.74,1340.01,Active
P04480,SKU-04480,Dell Cookware 4480,Home & Kitchen,Cookware,Dell,S0175,1689.98,1057.15,Active
P04481,SKU-04481,Apple Cookware 4481,Home & Kitchen,Cookware,Apple,S0282,1537.77,1282.15,Active
P04482,SKU-04482,Nike Appliance 4482,Home & Kitchen,Appliances,Nike,S0304,1747.03,1413.17,Active
P04483,SKU-04483,Sony Appliance 4483,Home & Kitchen,Appliances,Sony,S0228,381.75,42.12,Active
P04484,SKU-04484,HP Appliance 4484,Home & Kitchen,Appliances,HP,S0122,1420.31,376.03,Active
P04485,SKU-04485,Nike Cookware 4485,Home & Kitchen,Cookware,Nike,S0110,519.0,1199.18,Active
P04486,SKU-04486,Adidas Appliance 4486,Home & Kitchen,Appliances,Adidas,S0034,634.97,1498.68,Active
P04487,SKU-04487,Nike Appliance 4487,Home & Kitchen,Appliances,Nike,S0167,1456.24,1045.88,Active
P04488,SKU-04488,Adidas Appliance 4488,Home & Kitchen,Appliances,Adidas,S0117,1215.71,107.01,Active
P04489,SKU-04489,Adidas Appliance 4489,Home & Kitchen,Appliances,Adidas,S0459,756.78,1447.8,Active
P04490,SKU-04490,HP Appliance 4490,Home & Kitchen,Appliances,HP,S0125,1886.84,683.7,Active
P04491,SKU-04491,HP Appliance 4491,Home & Kitchen,Appliances,HP,S0201,1774.66,474.35,Active
P04492,SKU-04492,Philips Cookware 4492,Home & Kitchen,Cookware,Philips,S0466,1029.04,557.43,Active
P04493,SKU-04493,Adidas Appliance 4493,Home & Kitchen,Appliances,Adidas,S0111,1173.47,1324.9,Active
P04494,SKU-04494,Sony Cookware 4494,Home & Kitchen,Cookware,Sony,S0187,1549.21,1237.26,Active
P04495,SKU-04495,Loreal Appliance 4495,Home & Kitchen,Appliances,Loreal,S0289,1203.43,184.15,Active
P04496,SKU-04496,Apple Appliance 4496,Home & Kitchen,Appliances,Apple,S0244,392.83,48.73,Active
P04497,SKU-04497,Samsung Cookware 4497,Home & Kitchen,Cookware,Samsung,S0352,1187.68,1333.53,Active
P04498,SKU-04498,LG Cookware 4498,Home & Kitchen,Cookware,LG,S0276,1674.82,1357.46,Active
P04499,SKU-04499,HP Appliance 4499,Home & Kitchen,Appliances,HP,S0341,234.89,18.87,Active
P04500,SKU-04500,LG Appliance 4500,Home & Kitchen,Appliances,LG,S0014,924.02,129.38,Active
P04501,SKU-04501,Apple Appliance 4501,Home & Kitchen,Appliances,Apple,S0111,361.18,856.22,Active
P04502,SKU-04502,Dell Cookware 4502,Home & Kitchen,Cookware,Dell,S0087,939.04,298.07,Active
P04503,SKU-04503,Sony Appliance 4503,Home & Kitchen,Appliances,Sony,S0143,1497.84,994.25,Active
P04504,SKU-04504,Sony Cookware 4504,Home & Kitchen,Cookware,Sony,S0470,670.38,320.82,Active
P04505,SKU-04505,Adidas Cookware 4505,Home & Kitchen,Cookware,Adidas,S0478,218.49,396.33,Active
P04506,SKU-04506,Philips Appliance 4506,Home & Kitchen,Appliances,Philips,S0436,791.21,1410.23,Active
P04507,SKU-04507,Philips Appliance 4507,Home & Kitchen,Appliances,Philips,S0043,220.96,1441.54,Active
P04508,SKU-04508,HP Appliance 4508,Home & Kitchen,Appliances,HP,S0153,1188.48,1087.2,Active
P04509,SKU-04509,Dell Cookware 4509,Home & Kitchen,Cookware,Dell,S0449,177.19,1464.14,Active
P04510,SKU-04510,Dell Cookware 4510,Home & Kitchen,Cookware,Dell,S0488,1685.52,851.35,Active
P04511,SKU-04511,Nike Cookware 4511,Home & Kitchen,Cookware,Nike,S0113,1878.2,484.41,Active
P04512,SKU-04512,Nike Cookware 4512,Home & Kitchen,Cookware,Nike,S0004,873.9,794.31,Active
P04513,SKU-04513,Apple Appliance 4513,Home & Kitchen,Appliances,Apple,S0149,1976.05,506.17,Active
P04514,SKU-04514,HP Cookware 4514,Home & Kitchen,Cookware,HP,S0205,811.97,147.77,Active
P04515,SKU-04515,Adidas Appliance 4515,Home & Kitchen,Appliances,Adidas,S0433,1183.03,1475.14,Active
P04516,SKU-04516,Philips Cookware 4516,Home & Kitchen,Cookware,Philips,S0289,515.01,365.81,Active
P04517,SKU-04517,LG Cookware 4517,Home & Kitchen,Cookware,LG,S0279,1196.39,890.99,Active
P04518,SKU-04518,Adidas Cookware 4518,Home & Kitchen,Cookware,Adidas,S0388,1594.46,494.51,Active
P04519,SKU-04519,Adidas Appliance 4519,Home & Kitchen,Appliances,Adidas,S0274,1784.99,539.19,Active
P04520,SKU-04520,Apple Cookware 4520,Home & Kitchen,Cookware,Apple,S0378,956.19,388.23,Active
P04521,SKU-04521,Apple Appliance 4521,Home & Kitchen,Appliances,Apple,S0230,1986.76,1190.96,Active
P04522,SKU-04522,HP Cookware 4522,Home & Kitchen,Cookware,HP,S0466,569.72,46.58,Active
P04523,SKU-04523,Apple Appliance 4523,Home & Kitchen,Appliances,Apple,S0139,1586.48,1404.01,Active
P04524,SKU-04524,HP Appliance 4524,Home & Kitchen,Appliances,HP,S0038,1881.45,1357.23,Active
P04525,SKU-04525,Sony Appliance 4525,Home & Kitchen,Appliances,Sony,S0276,1163.92,732.58,Active
P04526,SKU-04526,Dell Cookware 4526,Home & Kitchen,Cookware,Dell,S0244,527.54,1007.94,Active
P04527,SKU-04527,Philips Appliance 4527,Home & Kitchen,Appliances,Philips,S0213,307.51,887.55,Active
P04528,SKU-04528,Adidas Appliance 4528,Home & Kitchen,Appliances,Adidas,S0155,1881.53,1447.1,Active
P04529,SKU-04529,Nike Appliance 4529,Home & Kitchen,Appliances,Nike,S0147,725.04,513.21,Active
P04530,SKU-04530,Samsung Cookware 4530,Home & Kitchen,Cookware,Samsung,S0371,1944.75,29.3,Active
P04531,SKU-04531,HP Cookware 4531,Home & Kitchen,Cookware,HP,S0339,1582.02,549.14,Active
P04532,SKU-04532,Sony Appliance 4532,Home & Kitchen,Appliances,Sony,S0420,1414.47,311.23,Active
P04533,SKU-04533,Sony Appliance 4533,Home & Kitchen,Appliances,Sony,S0416,1121.83,928.16,Active
P04534,SKU-04534,Nike Cookware 4534,Home & Kitchen,Cookware,Nike,S0422,416.1,746.81,Active
P04535,SKU-04535,Philips Appliance 4535,Home & Kitchen,Appliances,Philips,S0150,683.86,827.4,Active
P04536,SKU-04536,Loreal Appliance 4536,Home & Kitchen,Appliances,Loreal,S0259,1877.1,501.84,Active
P04537,SKU-04537,Adidas Appliance 4537,Home & Kitchen,Appliances,Adidas,S0233,190.49,420.12,Active
P04538,SKU-04538,Samsung Cookware 4538,Home & Kitchen,Cookware,Samsung,S0295,1938.92,1333.22,Active
P04539,SKU-04539,Apple Cookware 4539,Home & Kitchen,Cookware,Apple,S0339,516.83,285.78,Active
P04540,SKU-04540,Sony Cookware 4540,Home & Kitchen,Cookware,Sony,S0470,1886.81,32.72,Active
P04541,SKU-04541,Nike Appliance 4541,Home & Kitchen,Appliances,Nike,S0038,1328.48,146.65,Active
P04542,SKU-04542,LG Cookware 4542,Home & Kitchen,Cookware,LG,S0494,546.15,524.45,Active
P04543,SKU-04543,Apple Cookware 4543,Home & Kitchen,Cookware,Apple,S0144,921.43,493.1,Active
P04544,SKU-04544,Loreal Appliance 4544,Home & Kitchen,Appliances,Loreal,S0263,873.05,972.46,Active
P04545,SKU-04545,Loreal Cookware 4545,Home & Kitchen,Cookware,Loreal,S0278,1818.92,1327.78,Active
P04546,SKU-04546,LG Cookware 4546,Home & Kitchen,Cookware,LG,S0215,1253.21,455.76,Active
P04547,SKU-04547,Philips Appliance 4547,Home & Kitchen,Appliances,Philips,S0031,251.11,527.07,Active
P04548,SKU-04548,Samsung Cookware 4548,Home & Kitchen,Cookware,Samsung,S0352,1090.92,1221.84,Active
P04549,SKU-04549,Apple Appliance 4549,Home & Kitchen,Appliances,Apple,S0069,525.78,792.68,Active
P04550,SKU-04550,Nike Appliance 4550,Home & Kitchen,Appliances,Nike,S0486,703.76,1112.66,Active
P04551,SKU-04551,Philips Appliance 4551,Home & Kitchen,Appliances,Philips,S0049,1276.39,609.1,Active
P04552,SKU-04552,LG Appliance 4552,Home & Kitchen,Appliances,LG,S0259,990.26,586.69,Active
P04553,SKU-04553,Adidas Cookware 4553,Home & Kitchen,Cookware,Adidas,S0109,343.55,850.0,Active
P04554,SKU-04554,Philips Appliance 4554,Home & Kitchen,Appliances,Philips,S0316,918.72,1367.33,Active
P04555,SKU-04555,LG Appliance 4555,Home & Kitchen,Appliances,LG,S0225,1842.73,1142.25,Active
P04556,SKU-04556,Dell Cookware 4556,Home & Kitchen,Cookware,Dell,S0414,67.92,933.88,Active
P04557,SKU-04557,Philips Appliance 4557,Home & Kitchen,Appliances,Philips,S0020,476.82,748.43,Active
P04558,SKU-04558,Sony Cookware 4558,Home & Kitchen,Cookware,Sony,S0109,1597.0,983.76,Active
P04559,SKU-04559,Loreal Cookware 4559,Home & Kitchen,Cookware,Loreal,S0130,110.93,961.32,Active
P04560,SKU-04560,Samsung Cookware 4560,Home & Kitchen,Cookware,Samsung,S0469,323.17,457.07,Active
P04561,SKU-04561,Dell Cookware 4561,Home & Kitchen,Cookware,Dell,S0077,1855.66,165.97,Active
P04562,SKU-04562,Sony Cookware 4562,Home & Kitchen,Cookware,Sony,S0065,1918.21,1134.68,Active
P04563,SKU-04563,Apple Cookware 4563,Home & Kitchen,Cookware,Apple,S0194,341.85,966.93,Active
P04564,SKU-04564,HP Cookware 4564,Home & Kitchen,Cookware,HP,S0172,747.74,1454.72,Active
P04565,SKU-04565,Samsung Appliance 4565,Home & Kitchen,Appliances,Samsung,S0050,1372.28,957.08,Active
P04566,SKU-04566,Adidas Appliance 4566,Home & Kitchen,Appliances,Adidas,S0289,1022.68,1002.21,Active
P04567,SKU-04567,Sony Appliance 4567,Home & Kitchen,Appliances,Sony,S0458,361.91,413.47,Active
P04568,SKU-04568,Philips Appliance 4568,Home & Kitchen,Appliances,Philips,S0261,1250.76,1359.37,Active
P04569,SKU-04569,Philips Appliance 4569,Home & Kitchen,Appliances,Philips,S0047,556.8,1488.26,Active
P04570,SKU-04570,Apple Appliance 4570,Home & Kitchen,Appliances,Apple,S0387,230.7,378.37,Active
P04571,SKU-04571,HP Cookware 4571,Home & Kitchen,Cookware,HP,S0327,1119.26,679.16,Active
P04572,SKU-04572,LG Cookware 4572,Home & Kitchen,Cookware,LG,S0252,1701.28,1167.43,Active
P04573,SKU-04573,Samsung Appliance 4573,Home & Kitchen,Appliances,Samsung,S0500,1647.58,1406.45,Active
P04574,SKU-04574,Dell Appliance 4574,Home & Kitchen,Appliances,Dell,S0129,1510.41,282.66,Active
P04575,SKU-04575,Adidas Appliance 4575,Home & Kitchen,Appliances,Adidas,S0495,1887.25,232.87,Active
P04576,SKU-04576,Adidas Appliance 4576,Home & Kitchen,Appliances,Adidas,S0276,1755.97,529.84,Active
P04577,SKU-04577,Nike Appliance 4577,Home & Kitchen,Appliances,Nike,S0202,1978.32,1004.53,Active
P04578,SKU-04578,Nike Appliance 4578,Home & Kitchen,Appliances,Nike,S0500,637.29,557.52,Active
P04579,SKU-04579,Philips Appliance 4579,Home & Kitchen,Appliances,Philips,S0247,477.94,1326.62,Active
P04580,SKU-04580,Apple Cookware 4580,Home & Kitchen,Cookware,Apple,S0408,837.15,57.71,Active
P04581,SKU-04581,LG Appliance 4581,Home & Kitchen,Appliances,LG,S0073,1004.93,103.74,Active
P04582,SKU-04582,Sony Cookware 4582,Home & Kitchen,Cookware,Sony,S0047,1714.74,1120.53,Active
P04583,SKU-04583,Sony Appliance 4583,Home & Kitchen,Appliances,Sony,S0457,1211.84,707.06,Active
P04584,SKU-04584,Apple Appliance 4584,Home & Kitchen,Appliances,Apple,S0364,1175.92,936.53,Active
P04585,SKU-04585,LG Appliance 4585,Home & Kitchen,Appliances,LG,S0334,425.27,883.32,Active
P04586,SKU-04586,Dell Cookware 4586,Home & Kitchen,Cookware,Dell,S0195,83.14,208.1,Active
P04587,SKU-04587,Adidas Appliance 4587,Home & Kitchen,Appliances,Adidas,S0339,336.87,1461.7,Active
P04588,SKU-04588,Philips Cookware 4588,Home & Kitchen,Cookware,Philips,S0015,1075.84,185.56,Active
P04589,SKU-04589,Loreal Appliance 4589,Home & Kitchen,Appliances,Loreal,S0297,491.82,690.15,Active
P04590,SKU-04590,Dell Appliance 4590,Home & Kitchen,Appliances,Dell,S0483,1011.03,1054.21,Active
P04591,SKU-04591,Philips Cookware 4591,Home & Kitchen,Cookware,Philips,S0274,1604.23,922.56,Active
P04592,SKU-04592,Apple Cookware 4592,Home & Kitchen,Cookware,Apple,S0116,490.03,1164.56,Active
P04593,SKU-04593,Philips Appliance 4593,Home & Kitchen,Appliances,Philips,S0202,1134.16,1248.26,Active
P04594,SKU-04594,Samsung Appliance 4594,Home & Kitchen,Appliances,Samsung,S0418,964.46,1090.12,Active
P04595,SKU-04595,Nike Cookware 4595,Home & Kitchen,Cookware,Nike,S0053,20.39,339.43,Active
P04596,SKU-04596,HP Cookware 4596,Home & Kitchen,Cookware,HP,S0118,445.93,1475.31,Active
P04597,SKU-04597,Loreal Cookware 4597,Home & Kitchen,Cookware,Loreal,S0032,1649.53,594.29,Active
P04598,SKU-04598,Nike Appliance 4598,Home & Kitchen,Appliances,Nike,S0475,1688.56,1005.29,Active
P04599,SKU-04599,Dell Appliance 4599,Home & Kitchen,Appliances,Dell,S0184,1018.84,1337.42,Active
P04600,SKU-04600,Adidas Cookware 4600,Home & Kitchen,Cookware,Adidas,S0057,557.13,1087.01,Active
P04601,SKU-04601,Dell Appliance 4601,Home & Kitchen,Appliances,Dell,S0252,1673.59,1268.69,Active
P04602,SKU-04602,Apple Appliance 4602,Home & Kitchen,Appliances,Apple,S0386,212.16,61.85,Active
P04603,SKU-04603,Adidas Cookware 4603,Home & Kitchen,Cookware,Adidas,S0092,233.98,1152.29,Active
P04604,SKU-04604,Sony Appliance 4604,Home & Kitchen,Appliances,Sony,S0062,642.74,1495.44,Active
P04605,SKU-04605,Nike Cookware 4605,Home & Kitchen,Cookware,Nike,S0411,621.3,818.66,Active
P04606,SKU-04606,Samsung Appliance 4606,Home & Kitchen,Appliances,Samsung,S0209,733.23,791.54,Active
P04607,SKU-04607,Loreal Cookware 4607,Home & Kitchen,Cookware,Loreal,S0463,1618.82,832.09,Active
P04608,SKU-04608,Dell Cookware 4608,Home & Kitchen,Cookware,Dell,S0484,98.23,322.76,Active
P04609,SKU-04609,Nike Cookware 4609,Home & Kitchen,Cookware,Nike,S0476,72.13,317.37,Active
P04610,SKU-04610,LG Cookware 4610,Home & Kitchen,Cookware,LG,S0238,829.69,1273.03,Active
P04611,SKU-04611,LG Cookware 4611,Home & Kitchen,Cookware,LG,S0188,1090.68,131.61,Active
P04612,SKU-04612,HP Appliance 4612,Home & Kitchen,Appliances,HP,S0481,1595.8,858.99,Active
P04613,SKU-04613,Nike Appliance 4613,Home & Kitchen,Appliances,Nike,S0092,20.96,881.14,Active
P04614,SKU-04614,LG Appliance 4614,Home & Kitchen,Appliances,LG,S0412,1990.87,117.83,Active
P04615,SKU-04615,Nike Cookware 4615,Home & Kitchen,Cookware,Nike,S0140,1628.13,65.44,Active
P04616,SKU-04616,Dell Cookware 4616,Home & Kitchen,Cookware,Dell,S0132,111.38,1095.51,Active
P04617,SKU-04617,Loreal Appliance 4617,Home & Kitchen,Appliances,Loreal,S0308,1660.5,1490.3,Active
P04618,SKU-04618,Apple Appliance 4618,Home & Kitchen,Appliances,Apple,S0457,1313.22,68.94,Active
P04619,SKU-04619,HP Cookware 4619,Home & Kitchen,Cookware,HP,S0179,538.98,311.44,Active
P04620,SKU-04620,Adidas Cookware 4620,Home & Kitchen,Cookware,Adidas,S0203,1873.52,913.53,Active
P04621,SKU-04621,Dell Appliance 4621,Home & Kitchen,Appliances,Dell,S0011,675.91,402.65,Active
P04622,SKU-04622,LG Cookware 4622,Home & Kitchen,Cookware,LG,S0373,1550.72,748.08,Active
P04623,SKU-04623,HP Appliance 4623,Home & Kitchen,Appliances,HP,S0417,1208.22,689.04,Active
P04624,SKU-04624,LG Cookware 4624,Home & Kitchen,Cookware,LG,S0386,1133.39,702.66,Active
P04625,SKU-04625,HP Cookware 4625,Home & Kitchen,Cookware,HP,S0438,357.83,1167.42,Active
P04626,SKU-04626,HP Appliance 4626,Home & Kitchen,Appliances,HP,S0436,792.05,428.6,Active
P04627,SKU-04627,Apple Appliance 4627,Home & Kitchen,Appliances,Apple,S0173,1888.65,125.15,Active
P04628,SKU-04628,Samsung Cookware 4628,Home & Kitchen,Cookware,Samsung,S0422,1760.3,510.28,Active
P04629,SKU-04629,Samsung Cookware 4629,Home & Kitchen,Cookware,Samsung,S0004,23.31,1080.6,Active
P04630,SKU-04630,Samsung Appliance 4630,Home & Kitchen,Appliances,Samsung,S0483,694.93,893.61,Active
P04631,SKU-04631,Samsung Appliance 4631,Home & Kitchen,Appliances,Samsung,S0292,1153.37,661.66,Active
P04632,SKU-04632,HP Cookware 4632,Home & Kitchen,Cookware,HP,S0262,1905.29,699.57,Active
P04633,SKU-04633,Nike Cookware 4633,Home & Kitchen,Cookware,Nike,S0424,709.91,975.76,Active
P04634,SKU-04634,Samsung Appliance 4634,Home & Kitchen,Appliances,Samsung,S0063,1386.85,664.4,Active
P04635,SKU-04635,Sony Cookware 4635,Home & Kitchen,Cookware,Sony,S0254,553.77,34.26,Active
P04636,SKU-04636,Adidas Appliance 4636,Home & Kitchen,Appliances,Adidas,S0369,898.83,728.17,Active
P04637,SKU-04637,Dell Cookware 4637,Home & Kitchen,Cookware,Dell,S0012,1790.89,1288.76,Active
P04638,SKU-04638,Samsung Appliance 4638,Home & Kitchen,Appliances,Samsung,S0298,1071.11,921.58,Active
P04639,SKU-04639,Dell Cookware 4639,Home & Kitchen,Cookware,Dell,S0257,490.05,1487.51,Active
P04640,SKU-04640,Apple Appliance 4640,Home & Kitchen,Appliances,Apple,S0114,566.98,918.13,Active
P04641,SKU-04641,Sony Appliance 4641,Home & Kitchen,Appliances,Sony,S0204,541.22,280.22,Active
P04642,SKU-04642,Philips Appliance 4642,Home & Kitchen,Appliances,Philips,S0249,382.34,294.1,Active
P04643,SKU-04643,Philips Appliance 4643,Home & Kitchen,Appliances,Philips,S0261,1959.49,1096.62,Active
P04644,SKU-04644,Samsung Appliance 4644,Home & Kitchen,Appliances,Samsung,S0485,1055.46,180.58,Active
P04645,SKU-04645,LG Cookware 4645,Home & Kitchen,Cookware,LG,S0126,1395.66,1127.66,Active
P04646,SKU-04646,Adidas Appliance 4646,Home & Kitchen,Appliances,Adidas,S0060,1368.21,194.46,Active
P04647,SKU-04647,Sony Appliance 4647,Home & Kitchen,Appliances,Sony,S0233,1593.76,1118.24,Active
P04648,SKU-04648,Dell Appliance 4648,Home & Kitchen,Appliances,Dell,S0288,22.4,469.7,Active
P04649,SKU-04649,Samsung Cookware 4649,Home & Kitchen,Cookware,Samsung,S0135,499.13,719.07,Active
P04650,SKU-04650,Nike Cookware 4650,Home & Kitchen,Cookware,Nike,S0334,1636.6,1251.55,Active
P04651,SKU-04651,Sony Cookware 4651,Home & Kitchen,Cookware,Sony,S0322,1706.48,936.35,Active
P04652,SKU-04652,LG Cookware 4652,Home & Kitchen,Cookware,LG,S0342,1880.09,213.27,Active
P04653,SKU-04653,Sony Appliance 4653,Home & Kitchen,Appliances,Sony,S0086,1095.15,1497.3,Active
P04654,SKU-04654,Philips Cookware 4654,Home & Kitchen,Cookware,Philips,S0326,539.98,938.9,Active
P04655,SKU-04655,Sony Cookware 4655,Home & Kitchen,Cookware,Sony,S0307,1030.67,655.07,Active
P04656,SKU-04656,Loreal Appliance 4656,Home & Kitchen,Appliances,Loreal,S0426,1572.49,685.04,Active
P04657,SKU-04657,Dell Cookware 4657,Home & Kitchen,Cookware,Dell,S0008,700.81,235.35,Active
P04658,SKU-04658,Dell Cookware 4658,Home & Kitchen,Cookware,Dell,S0189,1615.05,1010.12,Active
P04659,SKU-04659,Apple Appliance 4659,Home & Kitchen,Appliances,Apple,S0349,1723.76,808.25,Active
P04660,SKU-04660,Nike Cookware 4660,Home & Kitchen,Cookware,Nike,S0143,1478.07,1333.87,Active
P04661,SKU-04661,LG Appliance 4661,Home & Kitchen,Appliances,LG,S0315,158.56,769.16,Active
P04662,SKU-04662,Dell Appliance 4662,Home & Kitchen,Appliances,Dell,S0055,1674.8,453.81,Active
P04663,SKU-04663,LG Cookware 4663,Home & Kitchen,Cookware,LG,S0465,1514.02,870.97,Active
P04664,SKU-04664,Samsung Cookware 4664,Home & Kitchen,Cookware,Samsung,S0361,785.54,578.56,Active
P04665,SKU-04665,Dell Cookware 4665,Home & Kitchen,Cookware,Dell,S0323,1558.38,291.15,Active
P04666,SKU-04666,Sony Cookware 4666,Home & Kitchen,Cookware,Sony,S0307,150.42,71.35,Active
P04667,SKU-04667,LG Cookware 4667,Home & Kitchen,Cookware,LG,S0278,1639.72,1124.96,Active
P04668,SKU-04668,Adidas Cookware 4668,Home & Kitchen,Cookware,Adidas,S0063,203.29,393.38,Active
P04669,SKU-04669,Sony Cookware 4669,Home & Kitchen,Cookware,Sony,S0343,805.56,831.77,Active
P04670,SKU-04670,Apple Appliance 4670,Home & Kitchen,Appliances,Apple,S0354,415.85,822.23,Active
P04671,SKU-04671,Apple Cookware 4671,Home & Kitchen,Cookware,Apple,S0401,70.76,667.95,Active
P04672,SKU-04672,Sony Cookware 4672,Home & Kitchen,Cookware,Sony,S0143,783.46,1263.03,Active
P04673,SKU-04673,HP Appliance 4673,Home & Kitchen,Appliances,HP,S0405,908.81,69.22,Active
P04674,SKU-04674,Philips Appliance 4674,Home & Kitchen,Appliances,Philips,S0397,317.58,1337.19,Active
P04675,SKU-04675,Loreal Appliance 4675,Home & Kitchen,Appliances,Loreal,S0012,1430.96,1460.59,Active
P04676,SKU-04676,Adidas Appliance 4676,Home & Kitchen,Appliances,Adidas,S0034,1970.01,761.95,Active
P04677,SKU-04677,Samsung Cookware 4677,Home & Kitchen,Cookware,Samsung,S0492,1863.63,867.14,Active
P04678,SKU-04678,Loreal Appliance 4678,Home & Kitchen,Appliances,Loreal,S0368,1911.74,881.13,Active
P04679,SKU-04679,Nike Appliance 4679,Home & Kitchen,Appliances,Nike,S0490,446.35,109.27,Active
P04680,SKU-04680,Sony Cookware 4680,Home & Kitchen,Cookware,Sony,S0209,1391.93,1382.62,Active
P04681,SKU-04681,Philips Cookware 4681,Home & Kitchen,Cookware,Philips,S0295,1145.44,33.95,Active
P04682,SKU-04682,Nike Appliance 4682,Home & Kitchen,Appliances,Nike,S0228,211.18,658.26,Active
P04683,SKU-04683,Samsung Appliance 4683,Home & Kitchen,Appliances,Samsung,S0143,190.54,965.76,Active
P04684,SKU-04684,LG Appliance 4684,Home & Kitchen,Appliances,LG,S0290,448.34,1146.87,Active
P04685,SKU-04685,Loreal Appliance 4685,Home & Kitchen,Appliances,Loreal,S0293,1494.68,1189.09,Active
P04686,SKU-04686,HP Appliance 4686,Home & Kitchen,Appliances,HP,S0153,173.56,952.71,Active
P04687,SKU-04687,Sony Cookware 4687,Home & Kitchen,Cookware,Sony,S0066,777.26,105.88,Active
P04688,SKU-04688,Loreal Cookware 4688,Home & Kitchen,Cookware,Loreal,S0499,1687.82,457.45,Active
P04689,SKU-04689,LG Cookware 4689,Home & Kitchen,Cookware,LG,S0493,162.33,1471.17,Active
P04690,SKU-04690,Nike Cookware 4690,Home & Kitchen,Cookware,Nike,S0058,1191.07,1378.54,Active
P04691,SKU-04691,Dell Appliance 4691,Home & Kitchen,Appliances,Dell,S0276,1167.12,113.99,Active
P04692,SKU-04692,Adidas Cookware 4692,Home & Kitchen,Cookware,Adidas,S0498,226.98,112.12,Active
P04693,SKU-04693,Samsung Appliance 4693,Home & Kitchen,Appliances,Samsung,S0090,941.1,1181.99,Active
P04694,SKU-04694,Adidas Cookware 4694,Home & Kitchen,Cookware,Adidas,S0022,98.74,409.1,Active
P04695,SKU-04695,Samsung Cookware 4695,Home & Kitchen,Cookware,Samsung,S0258,1066.91,1496.95,Active
P04696,SKU-04696,LG Cookware 4696,Home & Kitchen,Cookware,LG,S0484,1951.84,684.97,Active
P04697,SKU-04697,Sony Cookware 4697,Home & Kitchen,Cookware,Sony,S0138,27.45,413.85,Active
P04698,SKU-04698,Samsung Cookware 4698,Home & Kitchen,Cookware,Samsung,S0070,1647.75,1437.7,Active
P04699,SKU-04699,Adidas Cookware 4699,Home & Kitchen,Cookware,Adidas,S0466,30.15,1096.79,Active
P04700,SKU-04700,Philips Appliance 4700,Home & Kitchen,Appliances,Philips,S0378,947.41,932.66,Active
P04701,SKU-04701,LG Cookware 4701,Home & Kitchen,Cookware,LG,S0332,818.27,450.55,Active
P04702,SKU-04702,Nike Appliance 4702,Home & Kitchen,Appliances,Nike,S0372,1803.62,1151.09,Active
P04703,SKU-04703,Dell Cookware 4703,Home & Kitchen,Cookware,Dell,S0462,1124.42,669.3,Active
P04704,SKU-04704,Philips Appliance 4704,Home & Kitchen,Appliances,Philips,S0472,1091.56,156.47,Active
P04705,SKU-04705,Loreal Appliance 4705,Home & Kitchen,Appliances,Loreal,S0307,1926.79,394.75,Active
P04706,SKU-04706,Adidas Cookware 4706,Home & Kitchen,Cookware,Adidas,S0371,1166.85,1076.44,Active
P04707,SKU-04707,HP Appliance 4707,Home & Kitchen,Appliances,HP,S0361,1835.88,954.18,Active
P04708,SKU-04708,Dell Appliance 4708,Home & Kitchen,Appliances,Dell,S0376,270.14,645.89,Active
P04709,SKU-04709,Adidas Cookware 4709,Home & Kitchen,Cookware,Adidas,S0416,1249.57,99.57,Active
P04710,SKU-04710,LG Cookware 4710,Home & Kitchen,Cookware,LG,S0025,356.22,566.41,Active
P04711,SKU-04711,Nike Cookware 4711,Home & Kitchen,Cookware,Nike,S0377,321.04,606.35,Active
P04712,SKU-04712,Apple Appliance 4712,Home & Kitchen,Appliances,Apple,S0306,1950.15,1332.31,Active
P04713,SKU-04713,Sony Appliance 4713,Home & Kitchen,Appliances,Sony,S0328,1504.33,1000.65,Active
P04714,SKU-04714,LG Cookware 4714,Home & Kitchen,Cookware,LG,S0428,1753.6,916.37,Active
P04715,SKU-04715,Samsung Appliance 4715,Home & Kitchen,Appliances,Samsung,S0210,82.41,1491.65,Active
P04716,SKU-04716,Dell Appliance 4716,Home & Kitchen,Appliances,Dell,S0012,440.32,74.75,Active
P04717,SKU-04717,Loreal Cookware 4717,Home & Kitchen,Cookware,Loreal,S0447,349.17,97.8,Active
P04718,SKU-04718,HP Appliance 4718,Home & Kitchen,Appliances,HP,S0235,1347.61,1425.87,Active
P04719,SKU-04719,HP Cookware 4719,Home & Kitchen,Cookware,HP,S0070,116.04,595.64,Active
P04720,SKU-04720,Philips Appliance 4720,Home & Kitchen,Appliances,Philips,S0328,356.15,1017.12,Active
P04721,SKU-04721,HP Cookware 4721,Home & Kitchen,Cookware,HP,S0408,566.17,316.21,Active
P04722,SKU-04722,LG Appliance 4722,Home & Kitchen,Appliances,LG,S0054,724.89,1079.56,Active
P04723,SKU-04723,Sony Appliance 4723,Home & Kitchen,Appliances,Sony,S0429,1536.44,88.48,Active
P04724,SKU-04724,Sony Cookware 4724,Home & Kitchen,Cookware,Sony,S0499,1562.96,1204.86,Active
P04725,SKU-04725,Philips Appliance 4725,Home & Kitchen,Appliances,Philips,S0227,502.94,933.49,Active
P04726,SKU-04726,Nike Appliance 4726,Home & Kitchen,Appliances,Nike,S0390,1617.29,1414.81,Active
P04727,SKU-04727,Adidas Appliance 4727,Home & Kitchen,Appliances,Adidas,S0120,1148.33,634.83,Active
P04728,SKU-04728,Nike Appliance 4728,Home & Kitchen,Appliances,Nike,S0334,1686.02,18.67,Active
P04729,SKU-04729,Sony Appliance 4729,Home & Kitchen,Appliances,Sony,S0296,917.81,664.54,Active
P04730,SKU-04730,HP Appliance 4730,Home & Kitchen,Appliances,HP,S0135,1286.65,75.59,Active
P04731,SKU-04731,Apple Appliance 4731,Home & Kitchen,Appliances,Apple,S0349,100.72,1360.9,Active
P04732,SKU-04732,HP Cookware 4732,Home & Kitchen,Cookware,HP,S0187,1499.9,743.64,Active
P04733,SKU-04733,Apple Appliance 4733,Home & Kitchen,Appliances,Apple,S0397,429.75,579.54,Active
P04734,SKU-04734,Philips Cookware 4734,Home & Kitchen,Cookware,Philips,S0307,303.26,169.99,Active
P04735,SKU-04735,Loreal Cookware 4735,Home & Kitchen,Cookware,Loreal,S0367,1292.92,823.88,Active
P04736,SKU-04736,Sony Cookware 4736,Home & Kitchen,Cookware,Sony,S0362,1244.19,593.14,Active
P04737,SKU-04737,Philips Appliance 4737,Home & Kitchen,Appliances,Philips,S0349,1151.78,1306.13,Active
P04738,SKU-04738,Dell Cookware 4738,Home & Kitchen,Cookware,Dell,S0034,210.11,123.78,Active
P04739,SKU-04739,Nike Appliance 4739,Home & Kitchen,Appliances,Nike,S0460,287.73,418.0,Active
P04740,SKU-04740,Sony Appliance 4740,Home & Kitchen,Appliances,Sony,S0044,71.8,1463.28,Active
P04741,SKU-04741,Samsung Cookware 4741,Home & Kitchen,Cookware,Samsung,S0263,1650.27,799.1,Active
P04742,SKU-04742,Samsung Appliance 4742,Home & Kitchen,Appliances,Samsung,S0223,1588.93,1386.33,Active
P04743,SKU-04743,Nike Cookware 4743,Home & Kitchen,Cookware,Nike,S0402,1150.08,353.91,Active
P04744,SKU-04744,HP Cookware 4744,Home & Kitchen,Cookware,HP,S0213,1634.49,852.72,Active
P04745,SKU-04745,Sony Cookware 4745,Home & Kitchen,Cookware,Sony,S0442,842.5,889.49,Active
P04746,SKU-04746,Nike Cookware 4746,Home & Kitchen,Cookware,Nike,S0357,1344.26,304.1,Active
P04747,SKU-04747,HP Cookware 4747,Home & Kitchen,Cookware,HP,S0457,1914.86,160.02,Active
P04748,SKU-04748,Apple Cookware 4748,Home & Kitchen,Cookware,Apple,S0012,1398.15,443.87,Active
P04749,SKU-04749,Nike Cookware 4749,Home & Kitchen,Cookware,Nike,S0118,1455.73,96.68,Active
P04750,SKU-04750,Sony Cookware 4750,Home & Kitchen,Cookware,Sony,S0244,159.2,48.12,Active
P04751,SKU-04751,LG Appliance 4751,Home & Kitchen,Appliances,LG,S0256,1339.25,798.13,Active
P04752,SKU-04752,Nike Appliance 4752,Home & Kitchen,Appliances,Nike,S0141,1498.94,1009.25,Active
P04753,SKU-04753,HP Appliance 4753,Home & Kitchen,Appliances,HP,S0498,1683.84,505.86,Active
P04754,SKU-04754,LG Appliance 4754,Home & Kitchen,Appliances,LG,S0470,1358.55,672.45,Active
P04755,SKU-04755,HP Cookware 4755,Home & Kitchen,Cookware,HP,S0444,1677.67,1465.61,Active
P04756,SKU-04756,Sony Cookware 4756,Home & Kitchen,Cookware,Sony,S0282,1238.47,1207.64,Active
P04757,SKU-04757,Loreal Appliance 4757,Home & Kitchen,Appliances,Loreal,S0397,725.05,77.97,Active
P04758,SKU-04758,Philips Cookware 4758,Home & Kitchen,Cookware,Philips,S0072,97.07,1293.85,Active
P04759,SKU-04759,Adidas Cookware 4759,Home & Kitchen,Cookware,Adidas,S0204,837.1,832.35,Active
P04760,SKU-04760,Philips Cookware 4760,Home & Kitchen,Cookware,Philips,S0151,237.44,627.91,Active
P04761,SKU-04761,Samsung Cookware 4761,Home & Kitchen,Cookware,Samsung,S0469,518.93,1036.66,Active
P04762,SKU-04762,Adidas Appliance 4762,Home & Kitchen,Appliances,Adidas,S0150,1993.85,596.83,Active
P04763,SKU-04763,LG Cookware 4763,Home & Kitchen,Cookware,LG,S0339,1032.47,1473.29,Active
P04764,SKU-04764,LG Appliance 4764,Home & Kitchen,Appliances,LG,S0485,804.31,717.58,Active
P04765,SKU-04765,HP Appliance 4765,Home & Kitchen,Appliances,HP,S0395,1988.07,859.22,Active
P04766,SKU-04766,LG Cookware 4766,Home & Kitchen,Cookware,LG,S0271,40.62,1087.23,Active
P04767,SKU-04767,Loreal Appliance 4767,Home & Kitchen,Appliances,Loreal,S0388,1586.27,1444.97,Active
P04768,SKU-04768,Dell Appliance 4768,Home & Kitchen,Appliances,Dell,S0211,1216.58,627.14,Active
P04769,SKU-04769,Apple Appliance 4769,Home & Kitchen,Appliances,Apple,S0146,1411.55,825.61,Active
P04770,SKU-04770,Apple Cookware 4770,Home & Kitchen,Cookware,Apple,S0412,1268.26,843.98,Active
P04771,SKU-04771,LG Cookware 4771,Home & Kitchen,Cookware,LG,S0320,779.12,844.93,Active
P04772,SKU-04772,LG Appliance 4772,Home & Kitchen,Appliances,LG,S0088,1742.32,686.85,Active
P04773,SKU-04773,Loreal Cookware 4773,Home & Kitchen,Cookware,Loreal,S0262,1225.9,1011.57,Active
P04774,SKU-04774,Adidas Appliance 4774,Home & Kitchen,Appliances,Adidas,S0358,1279.75,875.98,Active
P04775,SKU-04775,Adidas Appliance 4775,Home & Kitchen,Appliances,Adidas,S0301,747.85,354.92,Active
P04776,SKU-04776,Apple Appliance 4776,Home & Kitchen,Appliances,Apple,S0451,1090.8,471.42,Active
P04777,SKU-04777,Apple Cookware 4777,Home & Kitchen,Cookware,Apple,S0208,538.49,1165.65,Active
P04778,SKU-04778,Sony Appliance 4778,Home & Kitchen,Appliances,Sony,S0316,632.59,689.73,Active
P04779,SKU-04779,HP Appliance 4779,Home & Kitchen,Appliances,HP,S0349,828.71,699.29,Active
P04780,SKU-04780,HP Appliance 4780,Home & Kitchen,Appliances,HP,S0261,1793.01,742.82,Active
P04781,SKU-04781,LG Appliance 4781,Home & Kitchen,Appliances,LG,S0281,677.48,1116.99,Active
P04782,SKU-04782,Nike Cookware 4782,Home & Kitchen,Cookware,Nike,S0099,948.37,618.36,Active
P04783,SKU-04783,Dell Appliance 4783,Home & Kitchen,Appliances,Dell,S0275,1706.92,1442.05,Active
P04784,SKU-04784,Samsung Cookware 4784,Home & Kitchen,Cookware,Samsung,S0364,315.92,22.59,Active
P04785,SKU-04785,Loreal Appliance 4785,Home & Kitchen,Appliances,Loreal,S0302,1043.05,372.02,Active
P04786,SKU-04786,Loreal Cookware 4786,Home & Kitchen,Cookware,Loreal,S0163,556.22,849.78,Active
P04787,SKU-04787,Samsung Appliance 4787,Home & Kitchen,Appliances,Samsung,S0176,15.72,376.94,Active
P04788,SKU-04788,Loreal Appliance 4788,Home & Kitchen,Appliances,Loreal,S0425,236.99,1325.87,Active
P04789,SKU-04789,Nike Cookware 4789,Home & Kitchen,Cookware,Nike,S0184,1423.21,992.77,Active
P04790,SKU-04790,Apple Cookware 4790,Home & Kitchen,Cookware,Apple,S0020,10.6,1255.99,Active
P04791,SKU-04791,Adidas Cookware 4791,Home & Kitchen,Cookware,Adidas,S0003,478.31,1198.59,Active
P04792,SKU-04792,Nike Appliance 4792,Home & Kitchen,Appliances,Nike,S0265,393.54,1306.92,Active
P04793,SKU-04793,Dell Cookware 4793,Home & Kitchen,Cookware,Dell,S0214,1343.82,480.63,Active
P04794,SKU-04794,Adidas Cookware 4794,Home & Kitchen,Cookware,Adidas,S0377,1335.62,159.63,Active
P04795,SKU-04795,Philips Appliance 4795,Home & Kitchen,Appliances,Philips,S0086,1150.53,517.94,Active
P04796,SKU-04796,Philips Cookware 4796,Home & Kitchen,Cookware,Philips,S0300,748.65,970.59,Active
P04797,SKU-04797,Dell Cookware 4797,Home & Kitchen,Cookware,Dell,S0265,881.75,522.27,Active
P04798,SKU-04798,Loreal Cookware 4798,Home & Kitchen,Cookware,Loreal,S0500,1657.91,1091.8,Active
P04799,SKU-04799,Sony Cookware 4799,Home & Kitchen,Cookware,Sony,S0052,375.12,1032.64,Active
P04800,SKU-04800,Nike Cookware 4800,Home & Kitchen,Cookware,Nike,S0260,24.71,745.71,Active
P04801,SKU-04801,Samsung Cookware 4801,Home & Kitchen,Cookware,Samsung,S0392,1143.3,1439.87,Active
P04802,SKU-04802,Sony Appliance 4802,Home & Kitchen,Appliances,Sony,S0399,868.95,622.09,Active
P04803,SKU-04803,Apple Cookware 4803,Home & Kitchen,Cookware,Apple,S0014,727.67,171.13,Active
P04804,SKU-04804,Samsung Appliance 4804,Home & Kitchen,Appliances,Samsung,S0361,933.91,995.23,Active
P04805,SKU-04805,LG Cookware 4805,Home & Kitchen,Cookware,LG,S0379,92.42,20.11,Active
P04806,SKU-04806,Apple Cookware 4806,Home & Kitchen,Cookware,Apple,S0174,1687.5,167.02,Active
P04807,SKU-04807,Philips Cookware 4807,Home & Kitchen,Cookware,Philips,S0079,359.22,651.12,Active
P04808,SKU-04808,Loreal Cookware 4808,Home & Kitchen,Cookware,Loreal,S0347,1927.61,386.55,Active
P04809,SKU-04809,Nike Cookware 4809,Home & Kitchen,Cookware,Nike,S0293,915.54,69.41,Active
P04810,SKU-04810,Philips Appliance 4810,Home & Kitchen,Appliances,Philips,S0051,1734.74,178.34,Active
P04811,SKU-04811,HP Cookware 4811,Home & Kitchen,Cookware,HP,S0366,746.46,14.7,Active
P04812,SKU-04812,Loreal Cookware 4812,Home & Kitchen,Cookware,Loreal,S0458,1708.58,1325.01,Active
P04813,SKU-04813,LG Appliance 4813,Home & Kitchen,Appliances,LG,S0342,1970.46,839.31,Active
P04814,SKU-04814,Apple Appliance 4814,Home & Kitchen,Appliances,Apple,S0417,1349.4,698.19,Active
P04815,SKU-04815,LG Appliance 4815,Home & Kitchen,Appliances,LG,S0390,890.89,5.08,Active
P04816,SKU-04816,HP Appliance 4816,Home & Kitchen,Appliances,HP,S0415,1170.91,1292.35,Active
P04817,SKU-04817,Samsung Appliance 4817,Home & Kitchen,Appliances,Samsung,S0287,1967.62,24.56,Active
P04818,SKU-04818,Loreal Cookware 4818,Home & Kitchen,Cookware,Loreal,S0096,1133.44,1330.38,Active
P04819,SKU-04819,Loreal Appliance 4819,Home & Kitchen,Appliances,Loreal,S0418,990.01,1053.14,Active
P04820,SKU-04820,Dell Cookware 4820,Home & Kitchen,Cookware,Dell,S0378,1556.16,229.33,Active
P04821,SKU-04821,HP Appliance 4821,Home & Kitchen,Appliances,HP,S0276,1569.0,813.21,Active
P04822,SKU-04822,Adidas Appliance 4822,Home & Kitchen,Appliances,Adidas,S0454,1595.84,192.44,Active
P04823,SKU-04823,Samsung Cookware 4823,Home & Kitchen,Cookware,Samsung,S0475,1001.46,1095.78,Active
P04824,SKU-04824,Sony Appliance 4824,Home & Kitchen,Appliances,Sony,S0476,1173.37,90.58,Active
P04825,SKU-04825,Apple Appliance 4825,Home & Kitchen,Appliances,Apple,S0079,194.97,558.9,Active
P04826,SKU-04826,Nike Cookware 4826,Home & Kitchen,Cookware,Nike,S0311,1886.98,1299.83,Active
P04827,SKU-04827,Adidas Cookware 4827,Home & Kitchen,Cookware,Adidas,S0475,1863.0,248.83,Active
P04828,SKU-04828,LG Cookware 4828,Home & Kitchen,Cookware,LG,S0396,826.8,600.61,Active
P04829,SKU-04829,Loreal Cookware 4829,Home & Kitchen,Cookware,Loreal,S0304,831.57,382.65,Active
P04830,SKU-04830,HP Cookware 4830,Home & Kitchen,Cookware,HP,S0233,1858.98,1484.13,Active
P04831,SKU-04831,Philips Appliance 4831,Home & Kitchen,Appliances,Philips,S0343,335.26,359.93,Active
P04832,SKU-04832,Apple Appliance 4832,Home & Kitchen,Appliances,Apple,S0133,1357.81,638.23,Active
P04833,SKU-04833,Adidas Appliance 4833,Home & Kitchen,Appliances,Adidas,S0403,116.82,414.05,Active
P04834,SKU-04834,Samsung Appliance 4834,Home & Kitchen,Appliances,Samsung,S0271,1561.63,331.96,Active
P04835,SKU-04835,Dell Appliance 4835,Home & Kitchen,Appliances,Dell,S0423,1630.9,1147.67,Active
P04836,SKU-04836,Nike Cookware 4836,Home & Kitchen,Cookware,Nike,S0051,879.45,405.37,Active
P04837,SKU-04837,Adidas Cookware 4837,Home & Kitchen,Cookware,Adidas,S0349,1549.39,1107.58,Active
P04838,SKU-04838,Dell Appliance 4838,Home & Kitchen,Appliances,Dell,S0318,1418.64,648.58,Active
P04839,SKU-04839,Adidas Appliance 4839,Home & Kitchen,Appliances,Adidas,S0309,1685.34,64.48,Active
P04840,SKU-04840,LG Appliance 4840,Home & Kitchen,Appliances,LG,S0207,1786.86,164.12,Active
P04841,SKU-04841,Loreal Cookware 4841,Home & Kitchen,Cookware,Loreal,S0363,1853.75,1075.1,Active
P04842,SKU-04842,Sony Cookware 4842,Home & Kitchen,Cookware,Sony,S0187,1253.14,1101.92,Active
P04843,SKU-04843,Adidas Appliance 4843,Home & Kitchen,Appliances,Adidas,S0260,413.4,316.61,Active
P04844,SKU-04844,Nike Appliance 4844,Home & Kitchen,Appliances,Nike,S0393,588.78,146.72,Active
P04845,SKU-04845,Dell Appliance 4845,Home & Kitchen,Appliances,Dell,S0207,799.24,1490.5,Active
P04846,SKU-04846,Dell Appliance 4846,Home & Kitchen,Appliances,Dell,S0332,1995.82,1115.99,Active
P04847,SKU-04847,HP Appliance 4847,Home & Kitchen,Appliances,HP,S0448,513.19,84.07,Active
P04848,SKU-04848,Adidas Appliance 4848,Home & Kitchen,Appliances,Adidas,S0266,1191.37,1316.0,Active
P04849,SKU-04849,Adidas Appliance 4849,Home & Kitchen,Appliances,Adidas,S0481,454.81,861.06,Active
P04850,SKU-04850,Nike Appliance 4850,Home & Kitchen,Appliances,Nike,S0123,1717.14,1493.43,Active
P04851,SKU-04851,Nike Appliance 4851,Home & Kitchen,Appliances,Nike,S0047,399.12,690.23,Active
P04852,SKU-04852,Apple Appliance 4852,Home & Kitchen,Appliances,Apple,S0476,1961.34,978.54,Active
P04853,SKU-04853,Apple Appliance 4853,Home & Kitchen,Appliances,Apple,S0443,1114.31,890.72,Active
P04854,SKU-04854,HP Appliance 4854,Home & Kitchen,Appliances,HP,S0482,1707.06,1162.86,Active
P04855,SKU-04855,Samsung Appliance 4855,Home & Kitchen,Appliances,Samsung,S0475,687.15,700.36,Active
P04856,SKU-04856,Nike Appliance 4856,Home & Kitchen,Appliances,Nike,S0173,294.15,201.61,Active
P04857,SKU-04857,Adidas Appliance 4857,Home & Kitchen,Appliances,Adidas,S0192,60.53,285.42,Active
P04858,SKU-04858,Dell Appliance 4858,Home & Kitchen,Appliances,Dell,S0208,657.58,890.49,Active
P04859,SKU-04859,Philips Appliance 4859,Home & Kitchen,Appliances,Philips,S0023,867.29,834.26,Active
P04860,SKU-04860,Samsung Cookware 4860,Home & Kitchen,Cookware,Samsung,S0271,217.03,112.94,Active
P04861,SKU-04861,Sony Appliance 4861,Home & Kitchen,Appliances,Sony,S0268,451.76,95.48,Active
P04862,SKU-04862,Adidas Cookware 4862,Home & Kitchen,Cookware,Adidas,S0181,234.34,1145.66,Active
P04863,SKU-04863,HP Cookware 4863,Home & Kitchen,Cookware,HP,S0007,1607.91,1328.72,Active
P04864,SKU-04864,Nike Cookware 4864,Home & Kitchen,Cookware,Nike,S0364,1392.11,400.71,Active
P04865,SKU-04865,Nike Cookware 4865,Home & Kitchen,Cookware,Nike,S0453,620.59,927.79,Active
P04866,SKU-04866,Samsung Cookware 4866,Home & Kitchen,Cookware,Samsung,S0405,1080.99,1203.12,Active
P04867,SKU-04867,Sony Appliance 4867,Home & Kitchen,Appliances,Sony,S0376,784.86,484.86,Active
P04868,SKU-04868,Adidas Appliance 4868,Home & Kitchen,Appliances,Adidas,S0207,504.36,1160.46,Active
P04869,SKU-04869,Nike Cookware 4869,Home & Kitchen,Cookware,Nike,S0421,1933.32,603.79,Active
P04870,SKU-04870,Nike Appliance 4870,Home & Kitchen,Appliances,Nike,S0413,1392.43,703.51,Active
P04871,SKU-04871,Loreal Appliance 4871,Home & Kitchen,Appliances,Loreal,S0107,163.22,1446.53,Active
P04872,SKU-04872,Adidas Cookware 4872,Home & Kitchen,Cookware,Adidas,S0482,1650.77,677.49,Active
P04873,SKU-04873,Loreal Cookware 4873,Home & Kitchen,Cookware,Loreal,S0330,124.86,1014.4,Active
P04874,SKU-04874,Nike Cookware 4874,Home & Kitchen,Cookware,Nike,S0287,175.25,158.59,Active
P04875,SKU-04875,HP Cookware 4875,Home & Kitchen,Cookware,HP,S0180,1954.76,756.36,Active
P04876,SKU-04876,LG Cookware 4876,Home & Kitchen,Cookware,LG,S0009,647.36,355.27,Active
P04877,SKU-04877,HP Appliance 4877,Home & Kitchen,Appliances,HP,S0233,255.67,1154.16,Active
P04878,SKU-04878,Adidas Cookware 4878,Home & Kitchen,Cookware,Adidas,S0085,1107.56,1297.05,Active
P04879,SKU-04879,LG Appliance 4879,Home & Kitchen,Appliances,LG,S0475,476.02,969.41,Active
P04880,SKU-04880,Dell Appliance 4880,Home & Kitchen,Appliances,Dell,S0120,53.4,163.94,Active
P04881,SKU-04881,Sony Appliance 4881,Home & Kitchen,Appliances,Sony,S0499,1225.79,831.93,Active
P04882,SKU-04882,Nike Cookware 4882,Home & Kitchen,Cookware,Nike,S0017,666.55,131.12,Active
P04883,SKU-04883,Nike Appliance 4883,Home & Kitchen,Appliances,Nike,S0266,1781.16,646.56,Active
P04884,SKU-04884,HP Appliance 4884,Home & Kitchen,Appliances,HP,S0019,525.87,714.31,Active
P04885,SKU-04885,Apple Appliance 4885,Home & Kitchen,Appliances,Apple,S0330,123.01,999.61,Active
P04886,SKU-04886,Dell Cookware 4886,Home & Kitchen,Cookware,Dell,S0336,1897.29,570.85,Active
P04887,SKU-04887,Sony Cookware 4887,Home & Kitchen,Cookware,Sony,S0026,391.26,1384.86,Active
P04888,SKU-04888,Nike Appliance 4888,Home & Kitchen,Appliances,Nike,S0277,1966.65,59.58,Active
P04889,SKU-04889,Adidas Cookware 4889,Home & Kitchen,Cookware,Adidas,S0043,522.04,1019.35,Active
P04890,SKU-04890,Samsung Appliance 4890,Home & Kitchen,Appliances,Samsung,S0042,333.24,1095.42,Active
P04891,SKU-04891,Dell Cookware 4891,Home & Kitchen,Cookware,Dell,S0071,22.01,1079.95,Active
P04892,SKU-04892,Samsung Cookware 4892,Home & Kitchen,Cookware,Samsung,S0221,1984.96,97.1,Active
P04893,SKU-04893,Loreal Appliance 4893,Home & Kitchen,Appliances,Loreal,S0113,1313.63,902.61,Active
P04894,SKU-04894,Sony Appliance 4894,Home & Kitchen,Appliances,Sony,S0437,1724.55,1089.94,Active
P04895,SKU-04895,Samsung Cookware 4895,Home & Kitchen,Cookware,Samsung,S0270,116.02,890.11,Active
P04896,SKU-04896,HP Cookware 4896,Home & Kitchen,Cookware,HP,S0218,1921.25,1154.3,Active
P04897,SKU-04897,Philips Cookware 4897,Home & Kitchen,Cookware,Philips,S0034,1471.14,370.08,Active
P04898,SKU-04898,HP Cookware 4898,Home & Kitchen,Cookware,HP,S0157,1019.37,1463.93,Active
P04899,SKU-04899,HP Appliance 4899,Home & Kitchen,Appliances,HP,S0494,668.57,209.69,Active
P04900,SKU-04900,Dell Appliance 4900,Home & Kitchen,Appliances,Dell,S0468,699.79,1423.07,Active
P04901,SKU-04901,Adidas Cookware 4901,Home & Kitchen,Cookware,Adidas,S0163,914.26,211.54,Active
P04902,SKU-04902,Apple Appliance 4902,Home & Kitchen,Appliances,Apple,S0280,166.01,1088.54,Active
P04903,SKU-04903,Philips Appliance 4903,Home & Kitchen,Appliances,Philips,S0194,81.35,52.65,Active
P04904,SKU-04904,Philips Cookware 4904,Home & Kitchen,Cookware,Philips,S0279,1701.32,340.38,Active
P04905,SKU-04905,Samsung Appliance 4905,Home & Kitchen,Appliances,Samsung,S0127,553.89,240.19,Active
P04906,SKU-04906,Samsung Appliance 4906,Home & Kitchen,Appliances,Samsung,S0161,1153.94,1151.18,Active
P04907,SKU-04907,Sony Cookware 4907,Home & Kitchen,Cookware,Sony,S0276,1508.5,734.11,Active
P04908,SKU-04908,Sony Appliance 4908,Home & Kitchen,Appliances,Sony,S0244,987.6,806.61,Active
P04909,SKU-04909,Adidas Appliance 4909,Home & Kitchen,Appliances,Adidas,S0094,263.0,1418.56,Active
P04910,SKU-04910,Samsung Cookware 4910,Home & Kitchen,Cookware,Samsung,S0083,1139.5,1216.13,Active
P04911,SKU-04911,LG Cookware 4911,Home & Kitchen,Cookware,LG,S0226,1873.35,667.37,Active
P04912,SKU-04912,Dell Appliance 4912,Home & Kitchen,Appliances,Dell,S0274,155.77,683.74,Active
P04913,SKU-04913,Apple Appliance 4913,Home & Kitchen,Appliances,Apple,S0005,1323.15,955.5,Active
P04914,SKU-04914,Philips Cookware 4914,Home & Kitchen,Cookware,Philips,S0247,1191.05,1194.51,Active
P04915,SKU-04915,Nike Appliance 4915,Home & Kitchen,Appliances,Nike,S0439,1918.12,379.63,Active
P04916,SKU-04916,Adidas Cookware 4916,Home & Kitchen,Cookware,Adidas,S0124,823.97,523.78,Active
P04917,SKU-04917,Nike Cookware 4917,Home & Kitchen,Cookware,Nike,S0242,1191.05,1147.4,Active
P04918,SKU-04918,Loreal Appliance 4918,Home & Kitchen,Appliances,Loreal,S0269,666.03,1142.69,Active
P04919,SKU-04919,Apple Cookware 4919,Home & Kitchen,Cookware,Apple,S0187,870.64,331.8,Active
P04920,SKU-04920,Dell Appliance 4920,Home & Kitchen,Appliances,Dell,S0170,864.5,299.42,Active
P04921,SKU-04921,HP Appliance 4921,Home & Kitchen,Appliances,HP,S0182,679.93,277.16,Active
P04922,SKU-04922,Philips Cookware 4922,Home & Kitchen,Cookware,Philips,S0311,1527.18,549.01,Active
P04923,SKU-04923,LG Appliance 4923,Home & Kitchen,Appliances,LG,S0490,1158.66,306.69,Active
P04924,SKU-04924,HP Cookware 4924,Home & Kitchen,Cookware,HP,S0199,476.3,712.15,Active
P04925,SKU-04925,Adidas Appliance 4925,Home & Kitchen,Appliances,Adidas,S0263,814.29,1113.74,Active
P04926,SKU-04926,Philips Cookware 4926,Home & Kitchen,Cookware,Philips,S0003,1828.35,621.42,Active
P04927,SKU-04927,Loreal Cookware 4927,Home & Kitchen,Cookware,Loreal,S0132,485.99,83.99,Active
P04928,SKU-04928,Samsung Cookware 4928,Home & Kitchen,Cookware,Samsung,S0078,192.92,377.66,Active
P04929,SKU-04929,Samsung Appliance 4929,Home & Kitchen,Appliances,Samsung,S0089,1393.89,89.9,Active
P04930,SKU-04930,Dell Cookware 4930,Home & Kitchen,Cookware,Dell,S0155,1701.92,322.86,Active
P04931,SKU-04931,LG Cookware 4931,Home & Kitchen,Cookware,LG,S0413,1469.78,1493.06,Active
P04932,SKU-04932,HP Cookware 4932,Home & Kitchen,Cookware,HP,S0337,272.5,1317.37,Active
P04933,SKU-04933,Loreal Appliance 4933,Home & Kitchen,Appliances,Loreal,S0040,319.11,1361.28,Active
P04934,SKU-04934,Adidas Cookware 4934,Home & Kitchen,Cookware,Adidas,S0133,227.39,1139.98,Active
P04935,SKU-04935,Loreal Appliance 4935,Home & Kitchen,Appliances,Loreal,S0228,800.33,86.16,Active
P04936,SKU-04936,LG Cookware 4936,Home & Kitchen,Cookware,LG,S0098,595.43,341.06,Active
P04937,SKU-04937,Samsung Cookware 4937,Home & Kitchen,Cookware,Samsung,S0039,1336.35,844.07,Active
P04938,SKU-04938,Dell Appliance 4938,Home & Kitchen,Appliances,Dell,S0105,1281.02,576.76,Active
P04939,SKU-04939,Philips Appliance 4939,Home & Kitchen,Appliances,Philips,S0118,1494.47,493.09,Active
P04940,SKU-04940,Sony Cookware 4940,Home & Kitchen,Cookware,Sony,S0461,1703.54,191.51,Active
P04941,SKU-04941,Nike Appliance 4941,Home & Kitchen,Appliances,Nike,S0266,146.51,387.89,Active
P04942,SKU-04942,Nike Cookware 4942,Home & Kitchen,Cookware,Nike,S0015,1628.55,161.32,Active
P04943,SKU-04943,Samsung Appliance 4943,Home & Kitchen,Appliances,Samsung,S0032,968.07,611.76,Active
P04944,SKU-04944,LG Appliance 4944,Home & Kitchen,Appliances,LG,S0031,275.35,176.92,Active
P04945,SKU-04945,Dell Cookware 4945,Home & Kitchen,Cookware,Dell,S0257,347.77,986.17,Active
P04946,SKU-04946,Philips Cookware 4946,Home & Kitchen,Cookware,Philips,S0460,392.75,937.98,Active
P04947,SKU-04947,LG Appliance 4947,Home & Kitchen,Appliances,LG,S0225,696.17,700.23,Active
P04948,SKU-04948,Adidas Appliance 4948,Home & Kitchen,Appliances,Adidas,S0369,533.89,215.43,Active
P04949,SKU-04949,Loreal Cookware 4949,Home & Kitchen,Cookware,Loreal,S0385,1921.34,996.98,Active
P04950,SKU-04950,Apple Appliance 4950,Home & Kitchen,Appliances,Apple,S0189,147.21,1126.93,Active
P04951,SKU-04951,Sony Appliance 4951,Home & Kitchen,Appliances,Sony,S0424,1672.59,447.32,Active
P04952,SKU-04952,Adidas Cookware 4952,Home & Kitchen,Cookware,Adidas,S0323,1051.59,1171.89,Active
P04953,SKU-04953,Adidas Cookware 4953,Home & Kitchen,Cookware,Adidas,S0275,969.53,1087.47,Active
P04954,SKU-04954,LG Cookware 4954,Home & Kitchen,Cookware,LG,S0175,1315.1,1165.49,Active
P04955,SKU-04955,Sony Cookware 4955,Home & Kitchen,Cookware,Sony,S0041,571.91,772.04,Active
P04956,SKU-04956,LG Appliance 4956,Home & Kitchen,Appliances,LG,S0216,1327.61,1340.26,Active
P04957,SKU-04957,Adidas Cookware 4957,Home & Kitchen,Cookware,Adidas,S0234,602.42,562.59,Active
P04958,SKU-04958,HP Appliance 4958,Home & Kitchen,Appliances,HP,S0219,627.35,837.64,Active
P04959,SKU-04959,Nike Appliance 4959,Home & Kitchen,Appliances,Nike,S0035,1999.1,586.54,Active
P04960,SKU-04960,LG Appliance 4960,Home & Kitchen,Appliances,LG,S0201,1188.82,673.38,Active
P04961,SKU-04961,Sony Appliance 4961,Home & Kitchen,Appliances,Sony,S0282,1214.37,1245.15,Active
P04962,SKU-04962,Loreal Appliance 4962,Home & Kitchen,Appliances,Loreal,S0057,74.77,850.66,Active
P04963,SKU-04963,Loreal Appliance 4963,Home & Kitchen,Appliances,Loreal,S0169,641.59,593.41,Active
P04964,SKU-04964,Philips Cookware 4964,Home & Kitchen,Cookware,Philips,S0479,721.92,910.14,Active
P04965,SKU-04965,Loreal Appliance 4965,Home & Kitchen,Appliances,Loreal,S0312,1122.42,542.41,Active
P04966,SKU-04966,LG Cookware 4966,Home & Kitchen,Cookware,LG,S0325,1575.43,1417.58,Active
P04967,SKU-04967,Dell Cookware 4967,Home & Kitchen,Cookware,Dell,S0149,1253.71,325.97,Active
P04968,SKU-04968,Philips Appliance 4968,Home & Kitchen,Appliances,Philips,S0406,1279.24,543.26,Active
P04969,SKU-04969,Loreal Appliance 4969,Home & Kitchen,Appliances,Loreal,S0273,958.15,69.71,Active
P04970,SKU-04970,LG Appliance 4970,Home & Kitchen,Appliances,LG,S0461,1360.37,1057.29,Active
P04971,SKU-04971,Philips Appliance 4971,Home & Kitchen,Appliances,Philips,S0219,238.69,910.78,Active
P04972,SKU-04972,Philips Cookware 4972,Home & Kitchen,Cookware,Philips,S0139,828.79,755.62,Active
P04973,SKU-04973,Adidas Appliance 4973,Home & Kitchen,Appliances,Adidas,S0043,1831.72,1489.75,Active
P04974,SKU-04974,Apple Cookware 4974,Home & Kitchen,Cookware,Apple,S0449,1036.18,998.13,Active
P04975,SKU-04975,Philips Cookware 4975,Home & Kitchen,Cookware,Philips,S0353,914.28,119.93,Active
P04976,SKU-04976,LG Cookware 4976,Home & Kitchen,Cookware,LG,S0229,940.27,181.8,Active
P04977,SKU-04977,Samsung Cookware 4977,Home & Kitchen,Cookware,Samsung,S0236,1406.11,1431.67,Active
P04978,SKU-04978,HP Cookware 4978,Home & Kitchen,Cookware,HP,S0461,656.45,561.37,Active
P04979,SKU-04979,Philips Appliance 4979,Home & Kitchen,Appliances,Philips,S0103,12.63,1047.73,Active
P04980,SKU-04980,Sony Appliance 4980,Home & Kitchen,Appliances,Sony,S0385,797.5,1101.61,Active
P04981,SKU-04981,LG Cookware 4981,Home & Kitchen,Cookware,LG,S0424,174.48,1164.26,Active
P04982,SKU-04982,Apple Appliance 4982,Home & Kitchen,Appliances,Apple,S0022,1150.0,635.33,Active
P04983,SKU-04983,Philips Cookware 4983,Home & Kitchen,Cookware,Philips,S0273,1669.45,1313.67,Active
P04984,SKU-04984,Nike Appliance 4984,Home & Kitchen,Appliances,Nike,S0038,1973.23,317.24,Active
P04985,SKU-04985,Sony Cookware 4985,Home & Kitchen,Cookware,Sony,S0448,364.1,1268.29,Active
P04986,SKU-04986,Samsung Cookware 4986,Home & Kitchen,Cookware,Samsung,S0333,1302.93,1178.25,Active
P04987,SKU-04987,HP Cookware 4987,Home & Kitchen,Cookware,HP,S0393,467.87,1301.98,Active
P04988,SKU-04988,Loreal Appliance 4988,Home & Kitchen,Appliances,Loreal,S0199,1390.26,1004.49,Active
P04989,SKU-04989,HP Cookware 4989,Home & Kitchen,Cookware,HP,S0439,1651.83,228.11,Active
P04990,SKU-04990,Dell Appliance 4990,Home & Kitchen,Appliances,Dell,S0445,1427.23,250.9,Active
P04991,SKU-04991,Apple Cookware 4991,Home & Kitchen,Cookware,Apple,S0129,437.03,1244.88,Active
P04992,SKU-04992,Philips Cookware 4992,Home & Kitchen,Cookware,Philips,S0097,220.53,139.58,Active
P04993,SKU-04993,HP Appliance 4993,Home & Kitchen,Appliances,HP,S0322,844.04,760.31,Active
P04994,SKU-04994,Adidas Cookware 4994,Home & Kitchen,Cookware,Adidas,S0065,331.16,1404.38,Active
P04995,SKU-04995,Philips Cookware 4995,Home & Kitchen,Cookware,Philips,S0017,1857.71,373.59,Active
P04996,SKU-04996,Adidas Cookware 4996,Home & Kitchen,Cookware,Adidas,S0499,1957.75,567.66,Active
P04997,SKU-04997,Loreal Appliance 4997,Home & Kitchen,Appliances,Loreal,S0096,1044.08,666.27,Active
P04998,SKU-04998,Apple Appliance 4998,Home & Kitchen,Appliances,Apple,S0272,1432.69,1311.29,Active
P04999,SKU-04999,Adidas Appliance 4999,Home & Kitchen,Appliances,Adidas,S0038,1214.6,980.06,Active
P05000,SKU-05000,Sony Cookware 5000,Home & Kitchen,Cookware,Sony,S0029,1900.47,810.23,Active
P05001,SKU-05001,Nike Cookware 5001,Home & Kitchen,Cookware,Nike,S0012,1148.52,1245.02,Active
P05002,SKU-05002,Apple Cookware 5002,Home & Kitchen,Cookware,Apple,S0242,1171.42,870.49,Active
P05003,SKU-05003,Adidas Appliance 5003,Home & Kitchen,Appliances,Adidas,S0004,1899.22,897.32,Active
P05004,SKU-05004,Dell Cookware 5004,Home & Kitchen,Cookware,Dell,S0488,1970.8,273.0,Active
P05005,SKU-05005,Dell Cookware 5005,Home & Kitchen,Cookware,Dell,S0237,515.4,1309.69,Active
P05006,SKU-05006,LG Cookware 5006,Home & Kitchen,Cookware,LG,S0004,1440.27,1449.73,Active
P05007,SKU-05007,Samsung Cookware 5007,Home & Kitchen,Cookware,Samsung,S0089,698.01,1130.62,Active
P05008,SKU-05008,Samsung Cookware 5008,Home & Kitchen,Cookware,Samsung,S0175,62.24,255.44,Active
P05009,SKU-05009,Philips Appliance 5009,Home & Kitchen,Appliances,Philips,S0290,796.21,227.62,Active
P05010,SKU-05010,Apple Cookware 5010,Home & Kitchen,Cookware,Apple,S0466,613.56,214.88,Active
P05011,SKU-05011,Philips Cookware 5011,Home & Kitchen,Cookware,Philips,S0034,203.85,541.57,Active
P05012,SKU-05012,LG Cookware 5012,Home & Kitchen,Cookware,LG,S0230,1354.78,1402.73,Active
P05013,SKU-05013,Sony Appliance 5013,Home & Kitchen,Appliances,Sony,S0460,1186.82,1009.72,Active
P05014,SKU-05014,Adidas Cookware 5014,Home & Kitchen,Cookware,Adidas,S0152,1705.53,1364.94,Active
P05015,SKU-05015,Adidas Cookware 5015,Home & Kitchen,Cookware,Adidas,S0467,1645.53,1231.21,Active
P05016,SKU-05016,Apple Appliance 5016,Home & Kitchen,Appliances,Apple,S0173,1198.05,908.79,Active
P05017,SKU-05017,LG Cookware 5017,Home & Kitchen,Cookware,LG,S0225,1241.23,163.61,Active
P05018,SKU-05018,Apple Cookware 5018,Home & Kitchen,Cookware,Apple,S0014,1750.38,638.2,Active
P05019,SKU-05019,HP Cookware 5019,Home & Kitchen,Cookware,HP,S0464,338.26,574.66,Active
P05020,SKU-05020,Loreal Appliance 5020,Home & Kitchen,Appliances,Loreal,S0458,1807.27,1399.89,Active
P05021,SKU-05021,Philips Cookware 5021,Home & Kitchen,Cookware,Philips,S0359,454.89,11.64,Active
P05022,SKU-05022,Dell Appliance 5022,Home & Kitchen,Appliances,Dell,S0308,964.75,1187.71,Active
P05023,SKU-05023,Samsung Appliance 5023,Home & Kitchen,Appliances,Samsung,S0446,634.06,742.21,Active
P05024,SKU-05024,Samsung Cookware 5024,Home & Kitchen,Cookware,Samsung,S0383,518.7,1239.29,Active
P05025,SKU-05025,Loreal Cookware 5025,Home & Kitchen,Cookware,Loreal,S0039,1900.03,273.9,Active
P05026,SKU-05026,Nike Appliance 5026,Home & Kitchen,Appliances,Nike,S0321,542.14,455.72,Active
P05027,SKU-05027,LG Appliance 5027,Home & Kitchen,Appliances,LG,S0344,1354.21,300.01,Active
P05028,SKU-05028,HP Cookware 5028,Home & Kitchen,Cookware,HP,S0170,1269.62,1436.54,Active
P05029,SKU-05029,Dell Cookware 5029,Home & Kitchen,Cookware,Dell,S0377,163.7,408.23,Active
P05030,SKU-05030,Philips Appliance 5030,Home & Kitchen,Appliances,Philips,S0363,1136.46,1065.89,Active
P05031,SKU-05031,Dell Appliance 5031,Home & Kitchen,Appliances,Dell,S0472,891.25,630.14,Active
P05032,SKU-05032,Loreal Appliance 5032,Home & Kitchen,Appliances,Loreal,S0326,507.43,987.06,Active
P05033,SKU-05033,Philips Appliance 5033,Home & Kitchen,Appliances,Philips,S0150,258.77,1185.09,Active
P05034,SKU-05034,Philips Cookware 5034,Home & Kitchen,Cookware,Philips,S0109,88.52,981.56,Active
P05035,SKU-05035,Philips Cookware 5035,Home & Kitchen,Cookware,Philips,S0112,1696.97,628.54,Active
P05036,SKU-05036,Samsung Cookware 5036,Home & Kitchen,Cookware,Samsung,S0288,829.13,57.26,Active
P05037,SKU-05037,Nike Appliance 5037,Home & Kitchen,Appliances,Nike,S0200,501.84,351.14,Active
P05038,SKU-05038,Dell Cookware 5038,Home & Kitchen,Cookware,Dell,S0098,1883.65,272.38,Active
P05039,SKU-05039,Samsung Cookware 5039,Home & Kitchen,Cookware,Samsung,S0104,1367.13,704.41,Active
P05040,SKU-05040,Philips Cookware 5040,Home & Kitchen,Cookware,Philips,S0022,35.68,697.51,Active
P05041,SKU-05041,HP Appliance 5041,Home & Kitchen,Appliances,HP,S0279,1879.21,66.39,Active
P05042,SKU-05042,Nike Cookware 5042,Home & Kitchen,Cookware,Nike,S0146,370.98,592.19,Active
P05043,SKU-05043,LG Cookware 5043,Home & Kitchen,Cookware,LG,S0082,1629.97,1090.59,Active
P05044,SKU-05044,HP Appliance 5044,Home & Kitchen,Appliances,HP,S0335,670.37,735.8,Active
P05045,SKU-05045,HP Appliance 5045,Home & Kitchen,Appliances,HP,S0375,1121.87,1429.88,Active
P05046,SKU-05046,Apple Cookware 5046,Home & Kitchen,Cookware,Apple,S0464,1729.25,1434.97,Active
P05047,SKU-05047,Philips Cookware 5047,Home & Kitchen,Cookware,Philips,S0296,1447.1,977.94,Active
P05048,SKU-05048,Nike Cookware 5048,Home & Kitchen,Cookware,Nike,S0398,415.77,1024.37,Active
P05049,SKU-05049,Dell Appliance 5049,Home & Kitchen,Appliances,Dell,S0453,1295.55,16.06,Active
P05050,SKU-05050,Apple Cookware 5050,Home & Kitchen,Cookware,Apple,S0325,1604.31,11.75,Active
P05051,SKU-05051,Dell Cookware 5051,Home & Kitchen,Cookware,Dell,S0475,143.27,1202.82,Active
P05052,SKU-05052,Samsung Cookware 5052,Home & Kitchen,Cookware,Samsung,S0069,1513.43,1212.63,Active
P05053,SKU-05053,LG Cookware 5053,Home & Kitchen,Cookware,LG,S0052,824.57,1359.44,Active
P05054,SKU-05054,Samsung Cookware 5054,Home & Kitchen,Cookware,Samsung,S0307,410.23,642.37,Active
P05055,SKU-05055,Nike Appliance 5055,Home & Kitchen,Appliances,Nike,S0271,1602.88,1083.75,Active
P05056,SKU-05056,HP Appliance 5056,Home & Kitchen,Appliances,HP,S0388,1507.33,1111.98,Active
P05057,SKU-05057,Dell Appliance 5057,Home & Kitchen,Appliances,Dell,S0024,1904.61,900.99,Active
P05058,SKU-05058,Philips Appliance 5058,Home & Kitchen,Appliances,Philips,S0025,1464.57,1034.53,Active
P05059,SKU-05059,Sony Appliance 5059,Home & Kitchen,Appliances,Sony,S0375,51.02,174.79,Active
P05060,SKU-05060,Loreal Appliance 5060,Home & Kitchen,Appliances,Loreal,S0421,435.74,230.35,Active
P05061,SKU-05061,Nike Cookware 5061,Home & Kitchen,Cookware,Nike,S0279,1178.88,1488.81,Active
P05062,SKU-05062,Philips Cookware 5062,Home & Kitchen,Cookware,Philips,S0029,999.82,131.63,Active
P05063,SKU-05063,Samsung Cookware 5063,Home & Kitchen,Cookware,Samsung,S0469,1870.33,468.81,Active
P05064,SKU-05064,HP Cookware 5064,Home & Kitchen,Cookware,HP,S0028,33.69,393.13,Active
P05065,SKU-05065,Adidas Cookware 5065,Home & Kitchen,Cookware,Adidas,S0445,275.67,1320.74,Active
P05066,SKU-05066,Apple Cookware 5066,Home & Kitchen,Cookware,Apple,S0133,1037.21,992.74,Active
P05067,SKU-05067,HP Appliance 5067,Home & Kitchen,Appliances,HP,S0004,1887.42,235.38,Active
P05068,SKU-05068,Apple Cookware 5068,Home & Kitchen,Cookware,Apple,S0159,1244.43,641.0,Active
P05069,SKU-05069,Sony Cookware 5069,Home & Kitchen,Cookware,Sony,S0083,1094.59,379.01,Active
P05070,SKU-05070,Dell Appliance 5070,Home & Kitchen,Appliances,Dell,S0406,571.27,7.78,Active
P05071,SKU-05071,Philips Cookware 5071,Home & Kitchen,Cookware,Philips,S0085,352.15,136.41,Active
P05072,SKU-05072,Philips Appliance 5072,Home & Kitchen,Appliances,Philips,S0498,922.53,12.08,Active
P05073,SKU-05073,Nike Appliance 5073,Home & Kitchen,Appliances,Nike,S0362,424.56,402.01,Active
P05074,SKU-05074,Sony Cookware 5074,Home & Kitchen,Cookware,Sony,S0413,257.05,685.26,Active
P05075,SKU-05075,Loreal Cookware 5075,Home & Kitchen,Cookware,Loreal,S0389,22.34,1019.25,Active
P05076,SKU-05076,LG Cookware 5076,Home & Kitchen,Cookware,LG,S0117,807.42,29.06,Active
P05077,SKU-05077,Loreal Appliance 5077,Home & Kitchen,Appliances,Loreal,S0022,1401.95,84.41,Active
P05078,SKU-05078,Adidas Appliance 5078,Home & Kitchen,Appliances,Adidas,S0330,338.82,823.53,Active
P05079,SKU-05079,Loreal Cookware 5079,Home & Kitchen,Cookware,Loreal,S0331,1495.03,1347.07,Active
P05080,SKU-05080,Philips Cookware 5080,Home & Kitchen,Cookware,Philips,S0016,322.6,177.03,Active
P05081,SKU-05081,Dell Cookware 5081,Home & Kitchen,Cookware,Dell,S0099,264.85,598.58,Active
P05082,SKU-05082,Nike Appliance 5082,Home & Kitchen,Appliances,Nike,S0400,626.52,1480.76,Active
P05083,SKU-05083,Adidas Cookware 5083,Home & Kitchen,Cookware,Adidas,S0071,1497.28,566.59,Active
P05084,SKU-05084,Apple Appliance 5084,Home & Kitchen,Appliances,Apple,S0169,546.83,290.56,Active
P05085,SKU-05085,Loreal Cookware 5085,Home & Kitchen,Cookware,Loreal,S0397,267.39,645.62,Active
P05086,SKU-05086,Dell Appliance 5086,Home & Kitchen,Appliances,Dell,S0499,751.69,188.92,Active
P05087,SKU-05087,Philips Appliance 5087,Home & Kitchen,Appliances,Philips,S0266,474.75,394.62,Active
P05088,SKU-05088,Apple Appliance 5088,Home & Kitchen,Appliances,Apple,S0157,206.9,530.5,Active
P05089,SKU-05089,Loreal Cookware 5089,Home & Kitchen,Cookware,Loreal,S0066,789.62,259.63,Active
P05090,SKU-05090,Adidas Appliance 5090,Home & Kitchen,Appliances,Adidas,S0180,741.33,243.91,Active
P05091,SKU-05091,Loreal Cookware 5091,Home & Kitchen,Cookware,Loreal,S0385,135.28,805.97,Active
P05092,SKU-05092,Loreal Cookware 5092,Home & Kitchen,Cookware,Loreal,S0386,302.06,756.71,Active
P05093,SKU-05093,Adidas Cookware 5093,Home & Kitchen,Cookware,Adidas,S0435,1928.09,656.83,Active
P05094,SKU-05094,Loreal Cookware 5094,Home & Kitchen,Cookware,Loreal,S0015,1245.41,541.78,Active
P05095,SKU-05095,Samsung Cookware 5095,Home & Kitchen,Cookware,Samsung,S0027,331.14,1256.73,Active
P05096,SKU-05096,Philips Cookware 5096,Home & Kitchen,Cookware,Philips,S0276,54.4,97.49,Active
P05097,SKU-05097,Apple Appliance 5097,Home & Kitchen,Appliances,Apple,S0151,1959.91,498.61,Active
P05098,SKU-05098,Loreal Cookware 5098,Home & Kitchen,Cookware,Loreal,S0235,333.96,307.78,Active
P05099,SKU-05099,Dell Appliance 5099,Home & Kitchen,Appliances,Dell,S0438,1907.6,374.18,Active
P05100,SKU-05100,Sony Cookware 5100,Home & Kitchen,Cookware,Sony,S0284,1403.71,696.48,Active
P05101,SKU-05101,Apple Cookware 5101,Home & Kitchen,Cookware,Apple,S0425,1615.17,652.39,Active
P05102,SKU-05102,Adidas Appliance 5102,Home & Kitchen,Appliances,Adidas,S0269,787.37,651.13,Active
P05103,SKU-05103,Adidas Appliance 5103,Home & Kitchen,Appliances,Adidas,S0244,1283.65,1033.86,Active
P05104,SKU-05104,LG Appliance 5104,Home & Kitchen,Appliances,LG,S0283,1087.94,341.37,Active
P05105,SKU-05105,LG Appliance 5105,Home & Kitchen,Appliances,LG,S0088,1373.37,723.11,Active
P05106,SKU-05106,Apple Cookware 5106,Home & Kitchen,Cookware,Apple,S0232,845.7,735.69,Active
P05107,SKU-05107,HP Cookware 5107,Home & Kitchen,Cookware,HP,S0003,303.99,606.87,Active
P05108,SKU-05108,Apple Cookware 5108,Home & Kitchen,Cookware,Apple,S0045,943.92,146.99,Active
P05109,SKU-05109,Apple Cookware 5109,Home & Kitchen,Cookware,Apple,S0222,1990.86,450.52,Active
P05110,SKU-05110,Nike Cookware 5110,Home & Kitchen,Cookware,Nike,S0284,1283.28,53.96,Active
P05111,SKU-05111,HP Appliance 5111,Home & Kitchen,Appliances,HP,S0312,1333.71,125.5,Active
P05112,SKU-05112,LG Cookware 5112,Home & Kitchen,Cookware,LG,S0004,644.4,837.69,Active
P05113,SKU-05113,Nike Appliance 5113,Home & Kitchen,Appliances,Nike,S0480,1468.03,1378.62,Active
P05114,SKU-05114,Philips Cookware 5114,Home & Kitchen,Cookware,Philips,S0251,739.58,1025.38,Active
P05115,SKU-05115,HP Cookware 5115,Home & Kitchen,Cookware,HP,S0253,708.75,342.28,Active
P05116,SKU-05116,LG Appliance 5116,Home & Kitchen,Appliances,LG,S0466,1968.83,1396.69,Active
P05117,SKU-05117,Samsung Cookware 5117,Home & Kitchen,Cookware,Samsung,S0275,763.4,142.79,Active
P05118,SKU-05118,Adidas Cookware 5118,Home & Kitchen,Cookware,Adidas,S0128,245.63,1236.88,Active
P05119,SKU-05119,Samsung Appliance 5119,Home & Kitchen,Appliances,Samsung,S0225,72.32,1477.24,Active
P05120,SKU-05120,Loreal Cookware 5120,Home & Kitchen,Cookware,Loreal,S0358,1469.78,769.03,Active
P05121,SKU-05121,Sony Cookware 5121,Home & Kitchen,Cookware,Sony,S0228,771.27,872.35,Active
P05122,SKU-05122,Nike Appliance 5122,Home & Kitchen,Appliances,Nike,S0252,1999.16,436.49,Active
P05123,SKU-05123,Loreal Appliance 5123,Home & Kitchen,Appliances,Loreal,S0266,207.0,1023.37,Active
P05124,SKU-05124,Adidas Cookware 5124,Home & Kitchen,Cookware,Adidas,S0324,1908.95,890.75,Active
P05125,SKU-05125,Loreal Appliance 5125,Home & Kitchen,Appliances,Loreal,S0174,1238.03,213.62,Active
P05126,SKU-05126,Philips Appliance 5126,Home & Kitchen,Appliances,Philips,S0436,430.67,1309.99,Active
P05127,SKU-05127,Samsung Cookware 5127,Home & Kitchen,Cookware,Samsung,S0439,637.04,1148.97,Active
P05128,SKU-05128,HP Appliance 5128,Home & Kitchen,Appliances,HP,S0029,716.39,772.16,Active
P05129,SKU-05129,Philips Appliance 5129,Home & Kitchen,Appliances,Philips,S0189,95.74,902.87,Active
P05130,SKU-05130,Philips Cookware 5130,Home & Kitchen,Cookware,Philips,S0443,278.51,1057.24,Active
P05131,SKU-05131,LG Appliance 5131,Home & Kitchen,Appliances,LG,S0120,1340.39,1014.95,Active
P05132,SKU-05132,LG Cookware 5132,Home & Kitchen,Cookware,LG,S0396,291.34,278.86,Active
P05133,SKU-05133,Sony Appliance 5133,Home & Kitchen,Appliances,Sony,S0301,21.44,531.01,Active
P05134,SKU-05134,Apple Cookware 5134,Home & Kitchen,Cookware,Apple,S0453,249.77,1480.97,Active
P05135,SKU-05135,Nike Cookware 5135,Home & Kitchen,Cookware,Nike,S0423,80.96,544.76,Active
P05136,SKU-05136,Adidas Cookware 5136,Home & Kitchen,Cookware,Adidas,S0259,1005.6,663.25,Active
P05137,SKU-05137,Nike Appliance 5137,Home & Kitchen,Appliances,Nike,S0085,784.67,857.16,Active
P05138,SKU-05138,Apple Appliance 5138,Home & Kitchen,Appliances,Apple,S0438,1076.75,58.78,Active
P05139,SKU-05139,Samsung Cookware 5139,Home & Kitchen,Cookware,Samsung,S0346,1404.28,622.92,Active
P05140,SKU-05140,Apple Cookware 5140,Home & Kitchen,Cookware,Apple,S0228,1067.78,850.11,Active
P05141,SKU-05141,Dell Appliance 5141,Home & Kitchen,Appliances,Dell,S0356,1584.08,767.13,Active
P05142,SKU-05142,Sony Cookware 5142,Home & Kitchen,Cookware,Sony,S0137,305.56,45.44,Active
P05143,SKU-05143,LG Cookware 5143,Home & Kitchen,Cookware,LG,S0172,1354.91,1362.92,Active
P05144,SKU-05144,Adidas Appliance 5144,Home & Kitchen,Appliances,Adidas,S0335,369.13,47.29,Active
P05145,SKU-05145,HP Appliance 5145,Home & Kitchen,Appliances,HP,S0213,1650.19,426.76,Active
P05146,SKU-05146,Adidas Appliance 5146,Home & Kitchen,Appliances,Adidas,S0162,310.28,1133.14,Active
P05147,SKU-05147,Nike Appliance 5147,Home & Kitchen,Appliances,Nike,S0294,1057.15,1175.35,Active
P05148,SKU-05148,Sony Appliance 5148,Home & Kitchen,Appliances,Sony,S0259,72.41,1235.56,Active
P05149,SKU-05149,Apple Appliance 5149,Home & Kitchen,Appliances,Apple,S0447,240.23,144.12,Active
P05150,SKU-05150,HP Cookware 5150,Home & Kitchen,Cookware,HP,S0025,1363.21,1064.49,Active
P05151,SKU-05151,Adidas Cookware 5151,Home & Kitchen,Cookware,Adidas,S0474,1906.49,457.34,Active
P05152,SKU-05152,Adidas Appliance 5152,Home & Kitchen,Appliances,Adidas,S0251,382.08,928.04,Active
P05153,SKU-05153,Samsung Appliance 5153,Home & Kitchen,Appliances,Samsung,S0053,817.48,180.93,Active
P05154,SKU-05154,HP Appliance 5154,Home & Kitchen,Appliances,HP,S0157,367.59,853.97,Active
P05155,SKU-05155,Nike Cookware 5155,Home & Kitchen,Cookware,Nike,S0487,938.44,106.88,Active
P05156,SKU-05156,Adidas Cookware 5156,Home & Kitchen,Cookware,Adidas,S0466,159.63,820.44,Active
P05157,SKU-05157,Nike Cookware 5157,Home & Kitchen,Cookware,Nike,S0409,1059.05,302.59,Active
P05158,SKU-05158,Loreal Cookware 5158,Home & Kitchen,Cookware,Loreal,S0320,1610.65,450.45,Active
P05159,SKU-05159,Sony Appliance 5159,Home & Kitchen,Appliances,Sony,S0006,1516.07,328.11,Active
P05160,SKU-05160,Nike Appliance 5160,Home & Kitchen,Appliances,Nike,S0290,1854.04,847.9,Active
P05161,SKU-05161,Sony Cookware 5161,Home & Kitchen,Cookware,Sony,S0453,1074.62,761.05,Active
P05162,SKU-05162,LG Appliance 5162,Home & Kitchen,Appliances,LG,S0410,1907.33,1487.31,Active
P05163,SKU-05163,Philips Appliance 5163,Home & Kitchen,Appliances,Philips,S0282,1686.85,1326.95,Active
P05164,SKU-05164,Nike Appliance 5164,Home & Kitchen,Appliances,Nike,S0482,1675.19,1190.56,Active
P05165,SKU-05165,Nike Appliance 5165,Home & Kitchen,Appliances,Nike,S0346,1847.06,103.32,Active
P05166,SKU-05166,Nike Cookware 5166,Home & Kitchen,Cookware,Nike,S0023,1715.74,1349.1,Active
P05167,SKU-05167,Apple Cookware 5167,Home & Kitchen,Cookware,Apple,S0059,1990.18,26.91,Active
P05168,SKU-05168,Dell Appliance 5168,Home & Kitchen,Appliances,Dell,S0274,79.72,567.59,Active
P05169,SKU-05169,Loreal Appliance 5169,Home & Kitchen,Appliances,Loreal,S0430,1780.51,64.35,Active
P05170,SKU-05170,Apple Appliance 5170,Home & Kitchen,Appliances,Apple,S0224,1748.57,1049.33,Active
P05171,SKU-05171,Apple Appliance 5171,Home & Kitchen,Appliances,Apple,S0205,510.71,709.79,Active
P05172,SKU-05172,Sony Cookware 5172,Home & Kitchen,Cookware,Sony,S0009,1190.68,680.71,Active
P05173,SKU-05173,Philips Appliance 5173,Home & Kitchen,Appliances,Philips,S0265,914.76,276.64,Active
P05174,SKU-05174,Dell Appliance 5174,Home & Kitchen,Appliances,Dell,S0073,1349.95,885.26,Active
P05175,SKU-05175,LG Cookware 5175,Home & Kitchen,Cookware,LG,S0319,1484.7,160.27,Active
P05176,SKU-05176,Apple Appliance 5176,Home & Kitchen,Appliances,Apple,S0308,739.16,844.61,Active
P05177,SKU-05177,Dell Cookware 5177,Home & Kitchen,Cookware,Dell,S0215,288.59,139.53,Active
P05178,SKU-05178,Samsung Cookware 5178,Home & Kitchen,Cookware,Samsung,S0053,50.55,903.61,Active
P05179,SKU-05179,Loreal Cookware 5179,Home & Kitchen,Cookware,Loreal,S0068,1649.35,993.45,Active
P05180,SKU-05180,Nike Cookware 5180,Home & Kitchen,Cookware,Nike,S0440,476.68,303.71,Active
P05181,SKU-05181,Apple Cookware 5181,Home & Kitchen,Cookware,Apple,S0232,1032.46,1297.1,Active
P05182,SKU-05182,Sony Cookware 5182,Home & Kitchen,Cookware,Sony,S0449,739.87,452.35,Active
P05183,SKU-05183,LG Cookware 5183,Home & Kitchen,Cookware,LG,S0287,1483.29,1213.85,Active
P05184,SKU-05184,LG Appliance 5184,Home & Kitchen,Appliances,LG,S0456,1267.48,573.6,Active
P05185,SKU-05185,Samsung Appliance 5185,Home & Kitchen,Appliances,Samsung,S0204,1321.02,873.13,Active
P05186,SKU-05186,Nike Appliance 5186,Home & Kitchen,Appliances,Nike,S0043,717.02,173.02,Active
P05187,SKU-05187,Sony Appliance 5187,Home & Kitchen,Appliances,Sony,S0457,716.88,1011.2,Active
P05188,SKU-05188,Samsung Cookware 5188,Home & Kitchen,Cookware,Samsung,S0375,72.32,100.1,Active
P05189,SKU-05189,Sony Appliance 5189,Home & Kitchen,Appliances,Sony,S0305,479.9,222.48,Active
P05190,SKU-05190,Philips Cookware 5190,Home & Kitchen,Cookware,Philips,S0474,1769.01,419.25,Active
P05191,SKU-05191,Loreal Appliance 5191,Home & Kitchen,Appliances,Loreal,S0018,1430.43,636.92,Active
P05192,SKU-05192,Adidas Appliance 5192,Home & Kitchen,Appliances,Adidas,S0087,1256.5,922.05,Active
P05193,SKU-05193,Apple Appliance 5193,Home & Kitchen,Appliances,Apple,S0316,1855.92,1465.25,Active
P05194,SKU-05194,Adidas Cookware 5194,Home & Kitchen,Cookware,Adidas,S0218,567.66,989.38,Active
P05195,SKU-05195,Samsung Appliance 5195,Home & Kitchen,Appliances,Samsung,S0275,1105.9,980.61,Active
P05196,SKU-05196,Philips Appliance 5196,Home & Kitchen,Appliances,Philips,S0248,678.22,812.16,Active
P05197,SKU-05197,Sony Appliance 5197,Home & Kitchen,Appliances,Sony,S0200,1211.47,1290.12,Active
P05198,SKU-05198,Apple Appliance 5198,Home & Kitchen,Appliances,Apple,S0421,1815.16,30.42,Active
P05199,SKU-05199,Loreal Cookware 5199,Home & Kitchen,Cookware,Loreal,S0391,1846.56,688.33,Active
P05200,SKU-05200,Philips Cookware 5200,Home & Kitchen,Cookware,Philips,S0439,615.81,30.57,Active
P05201,SKU-05201,Nike Cookware 5201,Home & Kitchen,Cookware,Nike,S0256,1307.84,1000.73,Active
P05202,SKU-05202,Nike Cookware 5202,Home & Kitchen,Cookware,Nike,S0086,1557.38,1226.51,Active
P05203,SKU-05203,Sony Appliance 5203,Home & Kitchen,Appliances,Sony,S0463,943.89,513.92,Active
P05204,SKU-05204,Samsung Cookware 5204,Home & Kitchen,Cookware,Samsung,S0091,120.98,122.06,Active
P05205,SKU-05205,Loreal Appliance 5205,Home & Kitchen,Appliances,Loreal,S0212,725.44,588.03,Active
P05206,SKU-05206,Sony Appliance 5206,Home & Kitchen,Appliances,Sony,S0370,468.5,1283.64,Active
P05207,SKU-05207,Apple Cookware 5207,Home & Kitchen,Cookware,Apple,S0229,271.77,333.86,Active
P05208,SKU-05208,Dell Appliance 5208,Home & Kitchen,Appliances,Dell,S0489,649.03,750.0,Active
P05209,SKU-05209,Nike Appliance 5209,Home & Kitchen,Appliances,Nike,S0465,1564.88,1392.28,Active
P05210,SKU-05210,LG Cookware 5210,Home & Kitchen,Cookware,LG,S0393,914.61,1450.09,Active
P05211,SKU-05211,Sony Cookware 5211,Home & Kitchen,Cookware,Sony,S0146,1550.59,707.87,Active
P05212,SKU-05212,Adidas Appliance 5212,Home & Kitchen,Appliances,Adidas,S0189,213.59,548.44,Active
P05213,SKU-05213,Philips Cookware 5213,Home & Kitchen,Cookware,Philips,S0033,1045.25,719.55,Active
P05214,SKU-05214,Sony Cookware 5214,Home & Kitchen,Cookware,Sony,S0171,1948.98,561.46,Active
P05215,SKU-05215,HP Appliance 5215,Home & Kitchen,Appliances,HP,S0187,642.55,574.38,Active
P05216,SKU-05216,LG Appliance 5216,Home & Kitchen,Appliances,LG,S0005,776.78,662.89,Active
P05217,SKU-05217,Philips Appliance 5217,Home & Kitchen,Appliances,Philips,S0247,1569.69,1354.52,Active
P05218,SKU-05218,Philips Cookware 5218,Home & Kitchen,Cookware,Philips,S0466,372.06,892.44,Active
P05219,SKU-05219,Samsung Appliance 5219,Home & Kitchen,Appliances,Samsung,S0068,1423.37,930.99,Active
P05220,SKU-05220,Nike Appliance 5220,Home & Kitchen,Appliances,Nike,S0202,242.43,87.69,Active
P05221,SKU-05221,Sony Appliance 5221,Home & Kitchen,Appliances,Sony,S0047,751.95,193.65,Active
P05222,SKU-05222,Philips Appliance 5222,Home & Kitchen,Appliances,Philips,S0408,79.79,381.73,Active
P05223,SKU-05223,Sony Cookware 5223,Home & Kitchen,Cookware,Sony,S0368,394.37,1071.71,Active
P05224,SKU-05224,Samsung Cookware 5224,Home & Kitchen,Cookware,Samsung,S0045,1682.1,1451.55,Active
P05225,SKU-05225,Dell Appliance 5225,Home & Kitchen,Appliances,Dell,S0042,960.9,1425.58,Active
P05226,SKU-05226,Philips Cookware 5226,Home & Kitchen,Cookware,Philips,S0257,248.75,722.04,Active
P05227,SKU-05227,Philips Appliance 5227,Home & Kitchen,Appliances,Philips,S0146,25.57,329.02,Active
P05228,SKU-05228,Apple Cookware 5228,Home & Kitchen,Cookware,Apple,S0380,1348.33,274.97,Active
P05229,SKU-05229,Adidas Cookware 5229,Home & Kitchen,Cookware,Adidas,S0315,1289.31,1331.42,Active
P05230,SKU-05230,Apple Appliance 5230,Home & Kitchen,Appliances,Apple,S0035,1034.71,1010.09,Active
P05231,SKU-05231,Apple Appliance 5231,Home & Kitchen,Appliances,Apple,S0223,976.84,1112.43,Active
P05232,SKU-05232,Dell Cookware 5232,Home & Kitchen,Cookware,Dell,S0465,441.99,714.58,Active
P05233,SKU-05233,Sony Appliance 5233,Home & Kitchen,Appliances,Sony,S0442,199.03,1351.2,Active
P05234,SKU-05234,Nike Appliance 5234,Home & Kitchen,Appliances,Nike,S0478,1163.55,30.46,Active
P05235,SKU-05235,LG Cookware 5235,Home & Kitchen,Cookware,LG,S0356,423.45,1367.97,Active
P05236,SKU-05236,Dell Appliance 5236,Home & Kitchen,Appliances,Dell,S0436,1127.1,995.87,Active
P05237,SKU-05237,Dell Appliance 5237,Home & Kitchen,Appliances,Dell,S0278,1584.79,514.09,Active
P05238,SKU-05238,Loreal Appliance 5238,Home & Kitchen,Appliances,Loreal,S0398,1533.39,260.53,Active
P05239,SKU-05239,Dell Appliance 5239,Home & Kitchen,Appliances,Dell,S0136,392.27,550.16,Active
P05240,SKU-05240,Loreal Appliance 5240,Home & Kitchen,Appliances,Loreal,S0272,1489.3,132.6,Active
P05241,SKU-05241,Samsung Cookware 5241,Home & Kitchen,Cookware,Samsung,S0489,1459.73,267.57,Active
P05242,SKU-05242,Samsung Cookware 5242,Home & Kitchen,Cookware,Samsung,S0170,976.78,404.05,Active
P05243,SKU-05243,Dell Appliance 5243,Home & Kitchen,Appliances,Dell,S0075,1847.75,1270.25,Active
P05244,SKU-05244,Loreal Cookware 5244,Home & Kitchen,Cookware,Loreal,S0018,37.71,409.83,Active
P05245,SKU-05245,Sony Cookware 5245,Home & Kitchen,Cookware,Sony,S0154,423.79,668.61,Active
P05246,SKU-05246,HP Cookware 5246,Home & Kitchen,Cookware,HP,S0284,1584.66,1009.81,Active
P05247,SKU-05247,Philips Appliance 5247,Home & Kitchen,Appliances,Philips,S0052,1049.58,367.29,Active
P05248,SKU-05248,Adidas Appliance 5248,Home & Kitchen,Appliances,Adidas,S0326,1956.04,1082.51,Active
P05249,SKU-05249,Apple Appliance 5249,Home & Kitchen,Appliances,Apple,S0149,172.63,667.0,Active
P05250,SKU-05250,Apple Cookware 5250,Home & Kitchen,Cookware,Apple,S0042,230.92,331.76,Active
P05251,SKU-05251,Apple Appliance 5251,Home & Kitchen,Appliances,Apple,S0144,1977.07,927.09,Active
P05252,SKU-05252,Apple Appliance 5252,Home & Kitchen,Appliances,Apple,S0164,1696.09,1464.63,Active
P05253,SKU-05253,Sony Appliance 5253,Home & Kitchen,Appliances,Sony,S0412,833.89,465.59,Active
P05254,SKU-05254,Nike Cookware 5254,Home & Kitchen,Cookware,Nike,S0018,282.67,1051.07,Active
P05255,SKU-05255,Samsung Appliance 5255,Home & Kitchen,Appliances,Samsung,S0013,572.55,207.11,Active
P05256,SKU-05256,LG Cookware 5256,Home & Kitchen,Cookware,LG,S0054,1206.74,30.21,Active
P05257,SKU-05257,Loreal Cookware 5257,Home & Kitchen,Cookware,Loreal,S0446,221.35,1449.7,Active
P05258,SKU-05258,Samsung Appliance 5258,Home & Kitchen,Appliances,Samsung,S0002,221.72,1439.36,Active
P05259,SKU-05259,Apple Cookware 5259,Home & Kitchen,Cookware,Apple,S0223,334.28,585.11,Active
P05260,SKU-05260,Loreal Appliance 5260,Home & Kitchen,Appliances,Loreal,S0051,1662.37,1183.48,Active
P05261,SKU-05261,Apple Appliance 5261,Home & Kitchen,Appliances,Apple,S0336,829.03,1476.91,Active
P05262,SKU-05262,Apple Appliance 5262,Home & Kitchen,Appliances,Apple,S0003,1443.67,405.33,Active
P05263,SKU-05263,Samsung Cookware 5263,Home & Kitchen,Cookware,Samsung,S0254,1715.58,1335.61,Active
P05264,SKU-05264,Loreal Appliance 5264,Home & Kitchen,Appliances,Loreal,S0401,1595.56,620.89,Active
P05265,SKU-05265,LG Appliance 5265,Home & Kitchen,Appliances,LG,S0269,938.34,1470.75,Active
P05266,SKU-05266,Adidas Cookware 5266,Home & Kitchen,Cookware,Adidas,S0058,430.76,933.27,Active
P05267,SKU-05267,LG Cookware 5267,Home & Kitchen,Cookware,LG,S0367,1775.83,70.94,Active
P05268,SKU-05268,Nike Cookware 5268,Home & Kitchen,Cookware,Nike,S0204,1525.54,233.15,Active
P05269,SKU-05269,Philips Cookware 5269,Home & Kitchen,Cookware,Philips,S0343,245.65,559.97,Active
P05270,SKU-05270,Loreal Cookware 5270,Home & Kitchen,Cookware,Loreal,S0116,1625.0,609.24,Active
P05271,SKU-05271,HP Cookware 5271,Home & Kitchen,Cookware,HP,S0312,1973.41,617.5,Active
P05272,SKU-05272,HP Appliance 5272,Home & Kitchen,Appliances,HP,S0190,1304.56,464.07,Active
P05273,SKU-05273,Adidas Appliance 5273,Home & Kitchen,Appliances,Adidas,S0313,15.78,840.03,Active
P05274,SKU-05274,Adidas Cookware 5274,Home & Kitchen,Cookware,Adidas,S0472,988.27,62.51,Active
P05275,SKU-05275,Dell Appliance 5275,Home & Kitchen,Appliances,Dell,S0175,1726.26,991.2,Active
P05276,SKU-05276,Loreal Appliance 5276,Home & Kitchen,Appliances,Loreal,S0025,1814.16,99.28,Active
P05277,SKU-05277,Sony Appliance 5277,Home & Kitchen,Appliances,Sony,S0255,1069.98,904.23,Active
P05278,SKU-05278,LG Appliance 5278,Home & Kitchen,Appliances,LG,S0424,569.77,1153.79,Active
P05279,SKU-05279,LG Appliance 5279,Home & Kitchen,Appliances,LG,S0070,1189.83,1378.41,Active
P05280,SKU-05280,Philips Cookware 5280,Home & Kitchen,Cookware,Philips,S0476,711.49,1390.21,Active
P05281,SKU-05281,HP Appliance 5281,Home & Kitchen,Appliances,HP,S0155,714.01,1340.07,Active
P05282,SKU-05282,Dell Cookware 5282,Home & Kitchen,Cookware,Dell,S0070,383.33,362.05,Active
P05283,SKU-05283,Nike Appliance 5283,Home & Kitchen,Appliances,Nike,S0253,1584.0,1256.48,Active
P05284,SKU-05284,Philips Cookware 5284,Home & Kitchen,Cookware,Philips,S0250,547.78,925.46,Active
P05285,SKU-05285,Loreal Cookware 5285,Home & Kitchen,Cookware,Loreal,S0129,105.25,800.07,Active
P05286,SKU-05286,Apple Appliance 5286,Home & Kitchen,Appliances,Apple,S0475,414.1,1169.86,Active
P05287,SKU-05287,Nike Appliance 5287,Home & Kitchen,Appliances,Nike,S0359,939.54,51.71,Active
P05288,SKU-05288,Loreal Cookware 5288,Home & Kitchen,Cookware,Loreal,S0134,1757.97,828.82,Active
P05289,SKU-05289,Nike Cookware 5289,Home & Kitchen,Cookware,Nike,S0191,292.05,1258.98,Active
P05290,SKU-05290,Dell Cookware 5290,Home & Kitchen,Cookware,Dell,S0368,1738.53,612.9,Active
P05291,SKU-05291,Apple Appliance 5291,Home & Kitchen,Appliances,Apple,S0307,619.92,1132.2,Active
P05292,SKU-05292,LG Appliance 5292,Home & Kitchen,Appliances,LG,S0048,1696.59,739.36,Active
P05293,SKU-05293,Adidas Appliance 5293,Home & Kitchen,Appliances,Adidas,S0448,1519.68,1056.56,Active
P05294,SKU-05294,Apple Appliance 5294,Home & Kitchen,Appliances,Apple,S0034,302.94,418.3,Active
P05295,SKU-05295,Samsung Appliance 5295,Home & Kitchen,Appliances,Samsung,S0062,512.67,946.85,Active
P05296,SKU-05296,Sony Appliance 5296,Home & Kitchen,Appliances,Sony,S0179,1586.32,1376.86,Active
P05297,SKU-05297,Sony Cookware 5297,Home & Kitchen,Cookware,Sony,S0080,790.51,381.82,Active
P05298,SKU-05298,Adidas Appliance 5298,Home & Kitchen,Appliances,Adidas,S0149,1430.13,1308.43,Active
P05299,SKU-05299,Dell Cookware 5299,Home & Kitchen,Cookware,Dell,S0090,1484.35,1184.12,Active
P05300,SKU-05300,Apple Cookware 5300,Home & Kitchen,Cookware,Apple,S0033,1507.8,205.38,Active
P05301,SKU-05301,Sony Cookware 5301,Home & Kitchen,Cookware,Sony,S0306,1664.47,996.69,Active
P05302,SKU-05302,Sony Cookware 5302,Home & Kitchen,Cookware,Sony,S0325,962.88,1262.63,Active
P05303,SKU-05303,Sony Cookware 5303,Home & Kitchen,Cookware,Sony,S0294,1644.96,1053.58,Active
P05304,SKU-05304,HP Appliance 5304,Home & Kitchen,Appliances,HP,S0044,1641.37,814.2,Active
P05305,SKU-05305,LG Cookware 5305,Home & Kitchen,Cookware,LG,S0133,1977.56,152.7,Active
P05306,SKU-05306,Sony Appliance 5306,Home & Kitchen,Appliances,Sony,S0340,105.26,364.41,Active
P05307,SKU-05307,HP Cookware 5307,Home & Kitchen,Cookware,HP,S0359,1669.05,378.94,Active
P05308,SKU-05308,Loreal Appliance 5308,Home & Kitchen,Appliances,Loreal,S0366,1454.11,1486.03,Active
P05309,SKU-05309,Adidas Cookware 5309,Home & Kitchen,Cookware,Adidas,S0443,1910.1,848.86,Active
P05310,SKU-05310,LG Cookware 5310,Home & Kitchen,Cookware,LG,S0297,1224.0,43.55,Active
P05311,SKU-05311,Apple Appliance 5311,Home & Kitchen,Appliances,Apple,S0346,1163.22,667.51,Active
P05312,SKU-05312,Dell Appliance 5312,Home & Kitchen,Appliances,Dell,S0001,1809.11,54.95,Active
P05313,SKU-05313,Adidas Cookware 5313,Home & Kitchen,Cookware,Adidas,S0484,825.85,281.61,Active
P05314,SKU-05314,Adidas Cookware 5314,Home & Kitchen,Cookware,Adidas,S0047,831.84,420.21,Active
P05315,SKU-05315,Dell Cookware 5315,Home & Kitchen,Cookware,Dell,S0269,978.12,1344.03,Active
P05316,SKU-05316,Philips Appliance 5316,Home & Kitchen,Appliances,Philips,S0391,1502.98,1214.39,Active
P05317,SKU-05317,Loreal Appliance 5317,Home & Kitchen,Appliances,Loreal,S0464,1967.72,741.4,Active
P05318,SKU-05318,HP Appliance 5318,Home & Kitchen,Appliances,HP,S0339,1671.02,716.82,Active
P05319,SKU-05319,Loreal Cookware 5319,Home & Kitchen,Cookware,Loreal,S0346,1458.69,513.5,Active
P05320,SKU-05320,Samsung Appliance 5320,Home & Kitchen,Appliances,Samsung,S0478,661.82,1492.98,Active
P05321,SKU-05321,Loreal Appliance 5321,Home & Kitchen,Appliances,Loreal,S0272,1884.96,1095.71,Active
P05322,SKU-05322,Dell Appliance 5322,Home & Kitchen,Appliances,Dell,S0048,1183.94,837.76,Active
P05323,SKU-05323,HP Appliance 5323,Home & Kitchen,Appliances,HP,S0375,980.64,1459.19,Active
P05324,SKU-05324,Apple Appliance 5324,Home & Kitchen,Appliances,Apple,S0465,1681.1,1104.66,Active
P05325,SKU-05325,Dell Cookware 5325,Home & Kitchen,Cookware,Dell,S0303,84.66,971.95,Active
P05326,SKU-05326,Samsung Cookware 5326,Home & Kitchen,Cookware,Samsung,S0131,1067.95,107.22,Active
P05327,SKU-05327,Adidas Cookware 5327,Home & Kitchen,Cookware,Adidas,S0115,929.64,216.43,Active
P05328,SKU-05328,LG Cookware 5328,Home & Kitchen,Cookware,LG,S0303,1936.76,1370.61,Active
P05329,SKU-05329,HP Appliance 5329,Home & Kitchen,Appliances,HP,S0051,1635.58,631.3,Active
P05330,SKU-05330,Sony Appliance 5330,Home & Kitchen,Appliances,Sony,S0389,577.19,476.83,Active
P05331,SKU-05331,Adidas Cookware 5331,Home & Kitchen,Cookware,Adidas,S0119,1349.5,165.13,Active
P05332,SKU-05332,Loreal Cookware 5332,Home & Kitchen,Cookware,Loreal,S0299,976.12,918.73,Active
P05333,SKU-05333,Philips Appliance 5333,Home & Kitchen,Appliances,Philips,S0435,1300.72,379.99,Active
P05334,SKU-05334,HP Cookware 5334,Home & Kitchen,Cookware,HP,S0185,1853.85,861.25,Active
P05335,SKU-05335,Apple Appliance 5335,Home & Kitchen,Appliances,Apple,S0157,474.52,1430.5,Active
P05336,SKU-05336,Adidas Appliance 5336,Home & Kitchen,Appliances,Adidas,S0136,630.65,607.44,Active
P05337,SKU-05337,Adidas Cookware 5337,Home & Kitchen,Cookware,Adidas,S0295,970.89,758.92,Active
P05338,SKU-05338,LG Cookware 5338,Home & Kitchen,Cookware,LG,S0486,1249.5,1433.83,Active
P05339,SKU-05339,Dell Appliance 5339,Home & Kitchen,Appliances,Dell,S0108,212.48,1112.54,Active
P05340,SKU-05340,Adidas Appliance 5340,Home & Kitchen,Appliances,Adidas,S0006,175.66,962.72,Active
P05341,SKU-05341,HP Appliance 5341,Home & Kitchen,Appliances,HP,S0172,1025.24,1412.74,Active
P05342,SKU-05342,Loreal Cookware 5342,Home & Kitchen,Cookware,Loreal,S0208,1549.91,700.87,Active
P05343,SKU-05343,LG Appliance 5343,Home & Kitchen,Appliances,LG,S0279,220.16,234.2,Active
P05344,SKU-05344,Samsung Appliance 5344,Home & Kitchen,Appliances,Samsung,S0189,1257.68,1144.55,Active
P05345,SKU-05345,Dell Appliance 5345,Home & Kitchen,Appliances,Dell,S0253,1941.2,1326.3,Active
P05346,SKU-05346,Samsung Cookware 5346,Home & Kitchen,Cookware,Samsung,S0049,723.23,922.16,Active
P05347,SKU-05347,Samsung Appliance 5347,Home & Kitchen,Appliances,Samsung,S0492,809.89,1119.23,Active
P05348,SKU-05348,Loreal Cookware 5348,Home & Kitchen,Cookware,Loreal,S0004,944.01,47.87,Active
P05349,SKU-05349,Samsung Cookware 5349,Home & Kitchen,Cookware,Samsung,S0154,911.15,766.2,Active
P05350,SKU-05350,Samsung Appliance 5350,Home & Kitchen,Appliances,Samsung,S0058,1530.77,511.33,Active
P05351,SKU-05351,Samsung Cookware 5351,Home & Kitchen,Cookware,Samsung,S0080,1700.01,56.05,Active
P05352,SKU-05352,Nike Cookware 5352,Home & Kitchen,Cookware,Nike,S0059,428.37,1406.72,Active
P05353,SKU-05353,Philips Appliance 5353,Home & Kitchen,Appliances,Philips,S0466,425.27,1210.89,Active
P05354,SKU-05354,LG Cookware 5354,Home & Kitchen,Cookware,LG,S0424,1714.14,11.2,Active
P05355,SKU-05355,Apple Appliance 5355,Home & Kitchen,Appliances,Apple,S0368,342.28,868.59,Active
P05356,SKU-05356,Apple Cookware 5356,Home & Kitchen,Cookware,Apple,S0284,423.56,618.16,Active
P05357,SKU-05357,Nike Appliance 5357,Home & Kitchen,Appliances,Nike,S0225,75.16,1022.58,Active
P05358,SKU-05358,Philips Cookware 5358,Home & Kitchen,Cookware,Philips,S0021,493.02,832.37,Active
P05359,SKU-05359,LG Cookware 5359,Home & Kitchen,Cookware,LG,S0461,1229.43,617.79,Active
P05360,SKU-05360,Philips Appliance 5360,Home & Kitchen,Appliances,Philips,S0379,407.25,290.17,Active
P05361,SKU-05361,Dell Appliance 5361,Home & Kitchen,Appliances,Dell,S0229,497.8,765.74,Active
P05362,SKU-05362,LG Cookware 5362,Home & Kitchen,Cookware,LG,S0485,734.15,540.51,Active
P05363,SKU-05363,Adidas Appliance 5363,Home & Kitchen,Appliances,Adidas,S0358,712.03,214.43,Active
P05364,SKU-05364,Philips Appliance 5364,Home & Kitchen,Appliances,Philips,S0153,84.11,555.36,Active
P05365,SKU-05365,Nike Cookware 5365,Home & Kitchen,Cookware,Nike,S0458,910.96,947.21,Active
P05366,SKU-05366,Nike Appliance 5366,Home & Kitchen,Appliances,Nike,S0450,1694.92,776.12,Active
P05367,SKU-05367,Dell Cookware 5367,Home & Kitchen,Cookware,Dell,S0091,1354.49,310.55,Active
P05368,SKU-05368,Adidas Cookware 5368,Home & Kitchen,Cookware,Adidas,S0055,1699.45,1087.36,Active
P05369,SKU-05369,Dell Appliance 5369,Home & Kitchen,Appliances,Dell,S0096,161.0,435.53,Active
P05370,SKU-05370,Apple Cookware 5370,Home & Kitchen,Cookware,Apple,S0492,1176.45,1252.96,Active
P05371,SKU-05371,Apple Appliance 5371,Home & Kitchen,Appliances,Apple,S0359,1508.51,196.35,Active
P05372,SKU-05372,Loreal Appliance 5372,Home & Kitchen,Appliances,Loreal,S0488,1522.79,1231.41,Active
P05373,SKU-05373,Adidas Appliance 5373,Home & Kitchen,Appliances,Adidas,S0081,472.71,992.3,Active
P05374,SKU-05374,Sony Cookware 5374,Home & Kitchen,Cookware,Sony,S0335,745.19,707.03,Active
P05375,SKU-05375,Samsung Appliance 5375,Home & Kitchen,Appliances,Samsung,S0468,1826.06,686.51,Active
P05376,SKU-05376,Samsung Appliance 5376,Home & Kitchen,Appliances,Samsung,S0448,1637.96,1094.65,Active
P05377,SKU-05377,Loreal Appliance 5377,Home & Kitchen,Appliances,Loreal,S0324,1690.7,1463.77,Active
P05378,SKU-05378,Loreal Appliance 5378,Home & Kitchen,Appliances,Loreal,S0050,1020.5,907.13,Active
P05379,SKU-05379,HP Cookware 5379,Home & Kitchen,Cookware,HP,S0073,116.68,761.18,Active
P05380,SKU-05380,Loreal Appliance 5380,Home & Kitchen,Appliances,Loreal,S0049,1034.05,213.62,Active
P05381,SKU-05381,Sony Appliance 5381,Home & Kitchen,Appliances,Sony,S0366,1824.52,1003.01,Active
P05382,SKU-05382,Samsung Cookware 5382,Home & Kitchen,Cookware,Samsung,S0060,1509.68,1344.48,Active
P05383,SKU-05383,Philips Cookware 5383,Home & Kitchen,Cookware,Philips,S0343,618.8,640.98,Active
P05384,SKU-05384,Dell Appliance 5384,Home & Kitchen,Appliances,Dell,S0363,1651.07,392.88,Active
P05385,SKU-05385,Loreal Cookware 5385,Home & Kitchen,Cookware,Loreal,S0439,448.82,975.83,Active
P05386,SKU-05386,Adidas Appliance 5386,Home & Kitchen,Appliances,Adidas,S0486,501.6,143.88,Active
P05387,SKU-05387,Adidas Appliance 5387,Home & Kitchen,Appliances,Adidas,S0188,844.29,601.55,Active
P05388,SKU-05388,Loreal Appliance 5388,Home & Kitchen,Appliances,Loreal,S0066,621.16,1016.58,Active
P05389,SKU-05389,Sony Cookware 5389,Home & Kitchen,Cookware,Sony,S0406,1954.36,736.27,Active
P05390,SKU-05390,Samsung Cookware 5390,Home & Kitchen,Cookware,Samsung,S0098,1170.65,520.04,Active
P05391,SKU-05391,Apple Appliance 5391,Home & Kitchen,Appliances,Apple,S0290,1840.59,230.49,Active
P05392,SKU-05392,Nike Appliance 5392,Home & Kitchen,Appliances,Nike,S0468,1105.12,1443.13,Active
P05393,SKU-05393,HP Appliance 5393,Home & Kitchen,Appliances,HP,S0420,1750.12,1376.85,Active
P05394,SKU-05394,Apple Cookware 5394,Home & Kitchen,Cookware,Apple,S0032,641.03,1470.24,Active
P05395,SKU-05395,Loreal Cookware 5395,Home & Kitchen,Cookware,Loreal,S0184,1963.59,330.93,Active
P05396,SKU-05396,Samsung Cookware 5396,Home & Kitchen,Cookware,Samsung,S0338,182.06,475.31,Active
P05397,SKU-05397,Philips Cookware 5397,Home & Kitchen,Cookware,Philips,S0072,1446.61,366.27,Active
P05398,SKU-05398,Philips Appliance 5398,Home & Kitchen,Appliances,Philips,S0163,1814.8,60.33,Active
P05399,SKU-05399,Adidas Appliance 5399,Home & Kitchen,Appliances,Adidas,S0268,1514.98,1255.95,Active
P05400,SKU-05400,Adidas Appliance 5400,Home & Kitchen,Appliances,Adidas,S0347,1547.4,1481.97,Active
P05401,SKU-05401,HP Cookware 5401,Home & Kitchen,Cookware,HP,S0116,1247.36,1175.65,Active
P05402,SKU-05402,HP Appliance 5402,Home & Kitchen,Appliances,HP,S0090,1698.01,5.78,Active
P05403,SKU-05403,Apple Cookware 5403,Home & Kitchen,Cookware,Apple,S0452,1452.63,1454.42,Active
P05404,SKU-05404,Sony Cookware 5404,Home & Kitchen,Cookware,Sony,S0492,160.4,1159.27,Active
P05405,SKU-05405,Dell Cookware 5405,Home & Kitchen,Cookware,Dell,S0265,1648.55,1324.84,Active
P05406,SKU-05406,Adidas Cookware 5406,Home & Kitchen,Cookware,Adidas,S0350,414.69,233.22,Active
P05407,SKU-05407,Nike Cookware 5407,Home & Kitchen,Cookware,Nike,S0193,1902.55,1204.08,Active
P05408,SKU-05408,Adidas Cookware 5408,Home & Kitchen,Cookware,Adidas,S0148,222.19,1328.34,Active
P05409,SKU-05409,Philips Cookware 5409,Home & Kitchen,Cookware,Philips,S0223,703.25,556.39,Active
P05410,SKU-05410,Philips Cookware 5410,Home & Kitchen,Cookware,Philips,S0292,208.64,1149.11,Active
P05411,SKU-05411,Adidas Cookware 5411,Home & Kitchen,Cookware,Adidas,S0249,1240.39,724.03,Active
P05412,SKU-05412,Philips Appliance 5412,Home & Kitchen,Appliances,Philips,S0031,33.29,1046.32,Active
P05413,SKU-05413,Samsung Cookware 5413,Home & Kitchen,Cookware,Samsung,S0324,353.16,384.83,Active
P05414,SKU-05414,Adidas Cookware 5414,Home & Kitchen,Cookware,Adidas,S0495,949.62,1346.97,Active
P05415,SKU-05415,Philips Cookware 5415,Home & Kitchen,Cookware,Philips,S0162,668.58,89.54,Active
P05416,SKU-05416,LG Appliance 5416,Home & Kitchen,Appliances,LG,S0398,412.24,694.67,Active
P05417,SKU-05417,Apple Appliance 5417,Home & Kitchen,Appliances,Apple,S0433,309.49,1215.88,Active
P05418,SKU-05418,HP Appliance 5418,Home & Kitchen,Appliances,HP,S0393,50.09,602.02,Active
P05419,SKU-05419,Philips Appliance 5419,Home & Kitchen,Appliances,Philips,S0293,1564.16,1092.81,Active
P05420,SKU-05420,Loreal Appliance 5420,Home & Kitchen,Appliances,Loreal,S0216,1937.49,1134.17,Active
P05421,SKU-05421,Apple Appliance 5421,Home & Kitchen,Appliances,Apple,S0255,498.45,644.61,Active
P05422,SKU-05422,Apple Appliance 5422,Home & Kitchen,Appliances,Apple,S0150,834.56,943.67,Active
P05423,SKU-05423,Samsung Appliance 5423,Home & Kitchen,Appliances,Samsung,S0235,1965.56,686.32,Active
P05424,SKU-05424,HP Cookware 5424,Home & Kitchen,Cookware,HP,S0043,733.44,1251.99,Active
P05425,SKU-05425,Sony Cookware 5425,Home & Kitchen,Cookware,Sony,S0357,1567.98,43.75,Active
P05426,SKU-05426,Samsung Appliance 5426,Home & Kitchen,Appliances,Samsung,S0159,1961.13,831.77,Active
P05427,SKU-05427,LG Appliance 5427,Home & Kitchen,Appliances,LG,S0065,1995.72,1024.32,Active
P05428,SKU-05428,Philips Appliance 5428,Home & Kitchen,Appliances,Philips,S0227,219.08,922.77,Active
P05429,SKU-05429,Philips Appliance 5429,Home & Kitchen,Appliances,Philips,S0226,931.23,116.79,Active
P05430,SKU-05430,Dell Cookware 5430,Home & Kitchen,Cookware,Dell,S0207,1648.65,498.93,Active
P05431,SKU-05431,Philips Appliance 5431,Home & Kitchen,Appliances,Philips,S0135,1884.32,231.3,Active
P05432,SKU-05432,LG Cookware 5432,Home & Kitchen,Cookware,LG,S0084,1029.3,435.05,Active
P05433,SKU-05433,Dell Cookware 5433,Home & Kitchen,Cookware,Dell,S0498,604.61,346.19,Active
P05434,SKU-05434,HP Appliance 5434,Home & Kitchen,Appliances,HP,S0489,66.91,871.82,Active
P05435,SKU-05435,Philips Appliance 5435,Home & Kitchen,Appliances,Philips,S0224,1612.48,328.76,Active
P05436,SKU-05436,Loreal Appliance 5436,Home & Kitchen,Appliances,Loreal,S0220,560.27,495.9,Active
P05437,SKU-05437,HP Appliance 5437,Home & Kitchen,Appliances,HP,S0372,1121.0,591.59,Active
P05438,SKU-05438,Sony Cookware 5438,Home & Kitchen,Cookware,Sony,S0168,1003.32,707.02,Active
P05439,SKU-05439,Sony Cookware 5439,Home & Kitchen,Cookware,Sony,S0196,1270.74,966.74,Active
P05440,SKU-05440,Samsung Appliance 5440,Home & Kitchen,Appliances,Samsung,S0156,1258.71,605.97,Active
P05441,SKU-05441,Apple Appliance 5441,Home & Kitchen,Appliances,Apple,S0147,1700.85,1198.07,Active
P05442,SKU-05442,Samsung Cookware 5442,Home & Kitchen,Cookware,Samsung,S0091,1348.49,492.52,Active
P05443,SKU-05443,Adidas Appliance 5443,Home & Kitchen,Appliances,Adidas,S0219,26.8,1134.58,Active
P05444,SKU-05444,Dell Cookware 5444,Home & Kitchen,Cookware,Dell,S0457,62.02,1209.53,Active
P05445,SKU-05445,LG Cookware 5445,Home & Kitchen,Cookware,LG,S0371,1444.64,124.38,Active
P05446,SKU-05446,LG Cookware 5446,Home & Kitchen,Cookware,LG,S0162,346.53,1479.61,Active
P05447,SKU-05447,Sony Cookware 5447,Home & Kitchen,Cookware,Sony,S0256,1622.94,1437.96,Active
P05448,SKU-05448,LG Cookware 5448,Home & Kitchen,Cookware,LG,S0195,1126.53,144.58,Active
P05449,SKU-05449,Philips Appliance 5449,Home & Kitchen,Appliances,Philips,S0281,255.33,159.68,Active
P05450,SKU-05450,Samsung Cookware 5450,Home & Kitchen,Cookware,Samsung,S0475,198.21,921.26,Active
P05451,SKU-05451,Apple Appliance 5451,Home & Kitchen,Appliances,Apple,S0287,1449.94,1404.75,Active
P05452,SKU-05452,HP Cookware 5452,Home & Kitchen,Cookware,HP,S0465,617.33,587.73,Active
P05453,SKU-05453,Sony Cookware 5453,Home & Kitchen,Cookware,Sony,S0158,727.33,97.38,Active
P05454,SKU-05454,Apple Cookware 5454,Home & Kitchen,Cookware,Apple,S0268,173.11,1243.21,Active
P05455,SKU-05455,Dell Appliance 5455,Home & Kitchen,Appliances,Dell,S0292,1212.08,591.12,Active
P05456,SKU-05456,Nike Appliance 5456,Home & Kitchen,Appliances,Nike,S0468,740.69,882.02,Active
P05457,SKU-05457,LG Appliance 5457,Home & Kitchen,Appliances,LG,S0014,392.68,1147.89,Active
P05458,SKU-05458,Samsung Appliance 5458,Home & Kitchen,Appliances,Samsung,S0431,734.84,680.94,Active
P05459,SKU-05459,Sony Appliance 5459,Home & Kitchen,Appliances,Sony,S0052,1177.73,804.69,Active
P05460,SKU-05460,Samsung Appliance 5460,Home & Kitchen,Appliances,Samsung,S0105,1081.58,633.86,Active
P05461,SKU-05461,Adidas Cookware 5461,Home & Kitchen,Cookware,Adidas,S0300,234.58,979.79,Active
P05462,SKU-05462,Nike Appliance 5462,Home & Kitchen,Appliances,Nike,S0314,760.46,323.89,Active
P05463,SKU-05463,Adidas Cookware 5463,Home & Kitchen,Cookware,Adidas,S0024,1721.97,446.7,Active
P05464,SKU-05464,Apple Cookware 5464,Home & Kitchen,Cookware,Apple,S0104,1435.17,790.86,Active
P05465,SKU-05465,Nike Cookware 5465,Home & Kitchen,Cookware,Nike,S0268,24.54,134.26,Active
P05466,SKU-05466,Dell Appliance 5466,Home & Kitchen,Appliances,Dell,S0467,1510.01,170.71,Active
P05467,SKU-05467,LG Appliance 5467,Home & Kitchen,Appliances,LG,S0428,300.32,641.04,Active
P05468,SKU-05468,Apple Appliance 5468,Home & Kitchen,Appliances,Apple,S0047,1650.56,1077.88,Active
P05469,SKU-05469,Samsung Appliance 5469,Home & Kitchen,Appliances,Samsung,S0391,280.33,16.47,Active
P05470,SKU-05470,Dell Appliance 5470,Home & Kitchen,Appliances,Dell,S0301,583.07,942.15,Active
P05471,SKU-05471,Samsung Appliance 5471,Home & Kitchen,Appliances,Samsung,S0234,19.66,55.6,Active
P05472,SKU-05472,Dell Cookware 5472,Home & Kitchen,Cookware,Dell,S0058,943.05,1239.64,Active
P05473,SKU-05473,Sony Appliance 5473,Home & Kitchen,Appliances,Sony,S0362,21.12,732.26,Active
P05474,SKU-05474,Sony Appliance 5474,Home & Kitchen,Appliances,Sony,S0121,1995.65,1412.2,Active
P05475,SKU-05475,HP Appliance 5475,Home & Kitchen,Appliances,HP,S0413,346.88,511.71,Active
P05476,SKU-05476,Loreal Appliance 5476,Home & Kitchen,Appliances,Loreal,S0141,877.16,827.84,Active
P05477,SKU-05477,HP Cookware 5477,Home & Kitchen,Cookware,HP,S0410,265.85,665.31,Active
P05478,SKU-05478,Loreal Appliance 5478,Home & Kitchen,Appliances,Loreal,S0463,415.33,1080.65,Active
P05479,SKU-05479,Sony Appliance 5479,Home & Kitchen,Appliances,Sony,S0400,1549.07,639.84,Active
P05480,SKU-05480,Loreal Appliance 5480,Home & Kitchen,Appliances,Loreal,S0056,1861.71,757.57,Active
P05481,SKU-05481,Philips Appliance 5481,Home & Kitchen,Appliances,Philips,S0329,255.1,657.53,Active
P05482,SKU-05482,Loreal Cookware 5482,Home & Kitchen,Cookware,Loreal,S0456,473.53,142.32,Active
P05483,SKU-05483,HP Appliance 5483,Home & Kitchen,Appliances,HP,S0195,30.87,523.94,Active
P05484,SKU-05484,Apple Cookware 5484,Home & Kitchen,Cookware,Apple,S0393,436.17,863.08,Active
P05485,SKU-05485,Adidas Cookware 5485,Home & Kitchen,Cookware,Adidas,S0207,490.5,49.06,Active
P05486,SKU-05486,Loreal Appliance 5486,Home & Kitchen,Appliances,Loreal,S0247,127.86,753.22,Active
P05487,SKU-05487,Dell Cookware 5487,Home & Kitchen,Cookware,Dell,S0400,755.72,123.79,Active
P05488,SKU-05488,Sony Cookware 5488,Home & Kitchen,Cookware,Sony,S0395,457.98,442.09,Active
P05489,SKU-05489,Apple Appliance 5489,Home & Kitchen,Appliances,Apple,S0437,1482.03,193.65,Active
P05490,SKU-05490,Dell Cookware 5490,Home & Kitchen,Cookware,Dell,S0260,1062.66,694.44,Active
P05491,SKU-05491,Dell Appliance 5491,Home & Kitchen,Appliances,Dell,S0169,382.14,716.19,Active
P05492,SKU-05492,Loreal Cookware 5492,Home & Kitchen,Cookware,Loreal,S0318,1857.97,887.13,Active
P05493,SKU-05493,LG Appliance 5493,Home & Kitchen,Appliances,LG,S0009,1870.7,1093.46,Active
P05494,SKU-05494,Dell Cookware 5494,Home & Kitchen,Cookware,Dell,S0226,125.34,504.07,Active
P05495,SKU-05495,Philips Cookware 5495,Home & Kitchen,Cookware,Philips,S0042,1155.3,1049.43,Active
P05496,SKU-05496,Loreal Appliance 5496,Home & Kitchen,Appliances,Loreal,S0378,504.22,236.77,Active
P05497,SKU-05497,Philips Appliance 5497,Home & Kitchen,Appliances,Philips,S0284,375.51,1263.22,Active
P05498,SKU-05498,Nike Appliance 5498,Home & Kitchen,Appliances,Nike,S0127,1806.17,893.1,Active
P05499,SKU-05499,Nike Cookware 5499,Home & Kitchen,Cookware,Nike,S0375,1064.62,712.98,Active
P05500,SKU-05500,Adidas Cookware 5500,Home & Kitchen,Cookware,Adidas,S0275,1013.72,299.67,Active
P05501,SKU-05501,Loreal Cookware 5501,Home & Kitchen,Cookware,Loreal,S0219,1718.27,272.76,Active
P05502,SKU-05502,Adidas Cookware 5502,Home & Kitchen,Cookware,Adidas,S0468,103.59,915.78,Active
P05503,SKU-05503,Nike Cookware 5503,Home & Kitchen,Cookware,Nike,S0159,568.67,871.1,Active
P05504,SKU-05504,Apple Cookware 5504,Home & Kitchen,Cookware,Apple,S0406,261.39,445.49,Active
P05505,SKU-05505,HP Cookware 5505,Home & Kitchen,Cookware,HP,S0459,1620.36,879.01,Active
P05506,SKU-05506,Nike Cookware 5506,Home & Kitchen,Cookware,Nike,S0279,335.0,529.04,Active
P05507,SKU-05507,Sony Appliance 5507,Home & Kitchen,Appliances,Sony,S0479,1468.3,232.83,Active
P05508,SKU-05508,Samsung Appliance 5508,Home & Kitchen,Appliances,Samsung,S0144,1266.28,744.27,Active
P05509,SKU-05509,Sony Cookware 5509,Home & Kitchen,Cookware,Sony,S0060,495.14,336.81,Active
P05510,SKU-05510,Sony Appliance 5510,Home & Kitchen,Appliances,Sony,S0159,1797.28,1237.47,Active
P05511,SKU-05511,Philips Cookware 5511,Home & Kitchen,Cookware,Philips,S0499,157.91,1099.19,Active
P05512,SKU-05512,Apple Appliance 5512,Home & Kitchen,Appliances,Apple,S0081,1892.29,462.66,Active
P05513,SKU-05513,Philips Cookware 5513,Home & Kitchen,Cookware,Philips,S0206,1578.36,460.62,Active
P05514,SKU-05514,Philips Cookware 5514,Home & Kitchen,Cookware,Philips,S0374,1484.71,747.17,Active
P05515,SKU-05515,Sony Cookware 5515,Home & Kitchen,Cookware,Sony,S0281,409.78,912.74,Active
P05516,SKU-05516,Samsung Cookware 5516,Home & Kitchen,Cookware,Samsung,S0081,1472.82,1150.09,Active
P05517,SKU-05517,Sony Cookware 5517,Home & Kitchen,Cookware,Sony,S0040,1917.31,1139.21,Active
P05518,SKU-05518,Sony Cookware 5518,Home & Kitchen,Cookware,Sony,S0430,1000.97,731.48,Active
P05519,SKU-05519,LG Appliance 5519,Home & Kitchen,Appliances,LG,S0097,1792.64,859.49,Active
P05520,SKU-05520,HP Appliance 5520,Home & Kitchen,Appliances,HP,S0414,1562.38,343.63,Active
P05521,SKU-05521,Nike Cookware 5521,Home & Kitchen,Cookware,Nike,S0456,1962.94,1035.7,Active
P05522,SKU-05522,Dell Appliance 5522,Home & Kitchen,Appliances,Dell,S0437,114.57,1337.84,Active
P05523,SKU-05523,Samsung Appliance 5523,Home & Kitchen,Appliances,Samsung,S0125,840.07,262.22,Active
P05524,SKU-05524,Samsung Appliance 5524,Home & Kitchen,Appliances,Samsung,S0422,397.8,1341.87,Active
P05525,SKU-05525,Dell Cookware 5525,Home & Kitchen,Cookware,Dell,S0485,303.36,448.53,Active
P05526,SKU-05526,Samsung Appliance 5526,Home & Kitchen,Appliances,Samsung,S0436,411.1,1395.67,Active
P05527,SKU-05527,Dell Cookware 5527,Home & Kitchen,Cookware,Dell,S0216,1635.5,1123.62,Active
P05528,SKU-05528,Dell Appliance 5528,Home & Kitchen,Appliances,Dell,S0128,1585.33,77.44,Active
P05529,SKU-05529,Philips Appliance 5529,Home & Kitchen,Appliances,Philips,S0203,484.35,836.01,Active
P05530,SKU-05530,Adidas Cookware 5530,Home & Kitchen,Cookware,Adidas,S0493,59.06,376.72,Active
P05531,SKU-05531,Nike Appliance 5531,Home & Kitchen,Appliances,Nike,S0137,1728.05,799.79,Active
P05532,SKU-05532,HP Cookware 5532,Home & Kitchen,Cookware,HP,S0286,1793.02,299.15,Active
P05533,SKU-05533,Nike Appliance 5533,Home & Kitchen,Appliances,Nike,S0202,887.6,38.05,Active
P05534,SKU-05534,Philips Cookware 5534,Home & Kitchen,Cookware,Philips,S0272,1198.66,1385.12,Active
P05535,SKU-05535,Philips Appliance 5535,Home & Kitchen,Appliances,Philips,S0162,1509.17,71.68,Active
P05536,SKU-05536,HP Cookware 5536,Home & Kitchen,Cookware,HP,S0075,415.29,244.21,Active
P05537,SKU-05537,Sony Appliance 5537,Home & Kitchen,Appliances,Sony,S0086,1092.3,1131.5,Active
P05538,SKU-05538,Loreal Cookware 5538,Home & Kitchen,Cookware,Loreal,S0387,1788.54,556.8,Active
P05539,SKU-05539,Dell Appliance 5539,Home & Kitchen,Appliances,Dell,S0186,1907.38,1485.58,Active
P05540,SKU-05540,LG Cookware 5540,Home & Kitchen,Cookware,LG,S0292,1650.49,272.07,Active
P05541,SKU-05541,Sony Appliance 5541,Home & Kitchen,Appliances,Sony,S0294,1064.77,1338.72,Active
P05542,SKU-05542,LG Appliance 5542,Home & Kitchen,Appliances,LG,S0043,949.61,890.48,Active
P05543,SKU-05543,Nike Appliance 5543,Home & Kitchen,Appliances,Nike,S0134,1343.95,826.48,Active
P05544,SKU-05544,Samsung Cookware 5544,Home & Kitchen,Cookware,Samsung,S0461,1017.27,1307.74,Active
P05545,SKU-05545,Dell Cookware 5545,Home & Kitchen,Cookware,Dell,S0391,569.85,664.02,Active
P05546,SKU-05546,Samsung Cookware 5546,Home & Kitchen,Cookware,Samsung,S0405,1429.31,1399.74,Active
P05547,SKU-05547,LG Cookware 5547,Home & Kitchen,Cookware,LG,S0064,645.77,565.16,Active
P05548,SKU-05548,Sony Appliance 5548,Home & Kitchen,Appliances,Sony,S0266,1509.32,1239.69,Active
P05549,SKU-05549,Samsung Cookware 5549,Home & Kitchen,Cookware,Samsung,S0495,798.32,1062.64,Active
P05550,SKU-05550,Samsung Appliance 5550,Home & Kitchen,Appliances,Samsung,S0414,830.67,744.11,Active
P05551,SKU-05551,Nike Appliance 5551,Home & Kitchen,Appliances,Nike,S0104,1298.3,1459.3,Active
P05552,SKU-05552,LG Cookware 5552,Home & Kitchen,Cookware,LG,S0394,1335.17,1360.83,Active
P05553,SKU-05553,Samsung Cookware 5553,Home & Kitchen,Cookware,Samsung,S0074,1115.92,75.87,Active
P05554,SKU-05554,Philips Appliance 5554,Home & Kitchen,Appliances,Philips,S0370,286.24,866.52,Active
P05555,SKU-05555,Dell Appliance 5555,Home & Kitchen,Appliances,Dell,S0136,273.24,1463.2,Active
P05556,SKU-05556,Philips Cookware 5556,Home & Kitchen,Cookware,Philips,S0014,189.93,820.9,Active
P05557,SKU-05557,Adidas Cookware 5557,Home & Kitchen,Cookware,Adidas,S0450,1971.18,945.1,Active
P05558,SKU-05558,Philips Cookware 5558,Home & Kitchen,Cookware,Philips,S0142,1818.68,545.76,Active
P05559,SKU-05559,Sony Cookware 5559,Home & Kitchen,Cookware,Sony,S0154,562.67,24.0,Active
P05560,SKU-05560,Sony Appliance 5560,Home & Kitchen,Appliances,Sony,S0260,1166.78,540.3,Active
P05561,SKU-05561,Nike Appliance 5561,Home & Kitchen,Appliances,Nike,S0176,1347.41,289.33,Active
P05562,SKU-05562,HP Appliance 5562,Home & Kitchen,Appliances,HP,S0380,1144.72,84.27,Active
P05563,SKU-05563,Philips Cookware 5563,Home & Kitchen,Cookware,Philips,S0277,283.24,764.16,Active
P05564,SKU-05564,Dell Cookware 5564,Home & Kitchen,Cookware,Dell,S0018,511.86,627.72,Active
P05565,SKU-05565,HP Cookware 5565,Home & Kitchen,Cookware,HP,S0024,521.3,1463.65,Active
P05566,SKU-05566,Sony Appliance 5566,Home & Kitchen,Appliances,Sony,S0296,1985.25,1452.08,Active
P05567,SKU-05567,Loreal Cookware 5567,Home & Kitchen,Cookware,Loreal,S0248,929.09,1264.74,Active
P05568,SKU-05568,Dell Appliance 5568,Home & Kitchen,Appliances,Dell,S0341,1381.24,90.39,Active
P05569,SKU-05569,Sony Appliance 5569,Home & Kitchen,Appliances,Sony,S0147,1837.27,141.22,Active
P05570,SKU-05570,Adidas Appliance 5570,Home & Kitchen,Appliances,Adidas,S0321,765.02,519.42,Active
P05571,SKU-05571,Sony Cookware 5571,Home & Kitchen,Cookware,Sony,S0476,154.61,1407.86,Active
P05572,SKU-05572,Apple Appliance 5572,Home & Kitchen,Appliances,Apple,S0218,1746.16,414.55,Active
P05573,SKU-05573,Sony Cookware 5573,Home & Kitchen,Cookware,Sony,S0278,177.1,1216.49,Active
P05574,SKU-05574,Samsung Cookware 5574,Home & Kitchen,Cookware,Samsung,S0475,96.19,136.48,Active
P05575,SKU-05575,Sony Appliance 5575,Home & Kitchen,Appliances,Sony,S0394,1997.48,518.23,Active
P05576,SKU-05576,LG Cookware 5576,Home & Kitchen,Cookware,LG,S0207,464.26,1243.48,Active
P05577,SKU-05577,LG Cookware 5577,Home & Kitchen,Cookware,LG,S0076,1424.59,29.05,Active
P05578,SKU-05578,Philips Cookware 5578,Home & Kitchen,Cookware,Philips,S0416,852.31,58.22,Active
P05579,SKU-05579,Samsung Appliance 5579,Home & Kitchen,Appliances,Samsung,S0402,884.56,738.43,Active
P05580,SKU-05580,HP Cookware 5580,Home & Kitchen,Cookware,HP,S0189,621.15,1036.31,Active
P05581,SKU-05581,Samsung Cookware 5581,Home & Kitchen,Cookware,Samsung,S0339,825.51,791.7,Active
P05582,SKU-05582,Loreal Cookware 5582,Home & Kitchen,Cookware,Loreal,S0332,1366.82,1173.26,Active
P05583,SKU-05583,Samsung Appliance 5583,Home & Kitchen,Appliances,Samsung,S0351,759.4,41.45,Active
P05584,SKU-05584,Samsung Appliance 5584,Home & Kitchen,Appliances,Samsung,S0166,240.6,29.66,Active
P05585,SKU-05585,Samsung Cookware 5585,Home & Kitchen,Cookware,Samsung,S0466,1379.66,826.54,Active
P05586,SKU-05586,Samsung Cookware 5586,Home & Kitchen,Cookware,Samsung,S0241,561.87,880.25,Active
P05587,SKU-05587,Samsung Appliance 5587,Home & Kitchen,Appliances,Samsung,S0271,735.71,1212.69,Active
P05588,SKU-05588,Nike Cookware 5588,Home & Kitchen,Cookware,Nike,S0459,1438.72,1015.29,Active
P05589,SKU-05589,Apple Appliance 5589,Home & Kitchen,Appliances,Apple,S0439,316.69,1426.15,Active
P05590,SKU-05590,Apple Cookware 5590,Home & Kitchen,Cookware,Apple,S0007,815.46,1469.88,Active
P05591,SKU-05591,Adidas Appliance 5591,Home & Kitchen,Appliances,Adidas,S0075,1399.83,1346.15,Active
P05592,SKU-05592,Samsung Cookware 5592,Home & Kitchen,Cookware,Samsung,S0263,1479.39,846.22,Active
P05593,SKU-05593,Samsung Appliance 5593,Home & Kitchen,Appliances,Samsung,S0168,1171.37,388.26,Active
P05594,SKU-05594,Samsung Appliance 5594,Home & Kitchen,Appliances,Samsung,S0192,68.83,88.42,Active
P05595,SKU-05595,Apple Cookware 5595,Home & Kitchen,Cookware,Apple,S0317,720.78,202.15,Active
P05596,SKU-05596,Philips Cookware 5596,Home & Kitchen,Cookware,Philips,S0218,1149.51,816.87,Active
P05597,SKU-05597,Nike Cookware 5597,Home & Kitchen,Cookware,Nike,S0369,1918.57,1274.83,Active
P05598,SKU-05598,Nike Appliance 5598,Home & Kitchen,Appliances,Nike,S0483,1534.06,1493.31,Active
P05599,SKU-05599,Nike Appliance 5599,Home & Kitchen,Appliances,Nike,S0281,1038.19,372.81,Active
P05600,SKU-05600,Adidas Appliance 5600,Home & Kitchen,Appliances,Adidas,S0116,809.17,685.09,Active
P05601,SKU-05601,Philips Appliance 5601,Home & Kitchen,Appliances,Philips,S0104,539.24,237.51,Active
P05602,SKU-05602,Samsung Appliance 5602,Home & Kitchen,Appliances,Samsung,S0269,1131.59,147.28,Active
P05603,SKU-05603,Loreal Appliance 5603,Home & Kitchen,Appliances,Loreal,S0243,917.02,1192.87,Active
P05604,SKU-05604,Samsung Appliance 5604,Home & Kitchen,Appliances,Samsung,S0297,809.58,747.47,Active
P05605,SKU-05605,Adidas Cookware 5605,Home & Kitchen,Cookware,Adidas,S0223,402.01,731.9,Active
P05606,SKU-05606,Apple Appliance 5606,Home & Kitchen,Appliances,Apple,S0035,335.57,343.22,Active
P05607,SKU-05607,Samsung Cookware 5607,Home & Kitchen,Cookware,Samsung,S0147,1650.37,1150.07,Active
P05608,SKU-05608,Adidas Cookware 5608,Home & Kitchen,Cookware,Adidas,S0493,1990.37,23.4,Active
P05609,SKU-05609,Dell Appliance 5609,Home & Kitchen,Appliances,Dell,S0033,946.56,9.22,Active
P05610,SKU-05610,LG Cookware 5610,Home & Kitchen,Cookware,LG,S0125,1465.72,685.47,Active
P05611,SKU-05611,Samsung Cookware 5611,Home & Kitchen,Cookware,Samsung,S0247,533.95,71.95,Active
P05612,SKU-05612,Samsung Appliance 5612,Home & Kitchen,Appliances,Samsung,S0158,1167.34,469.76,Active
P05613,SKU-05613,Philips Appliance 5613,Home & Kitchen,Appliances,Philips,S0052,1453.19,1128.64,Active
P05614,SKU-05614,Nike Appliance 5614,Home & Kitchen,Appliances,Nike,S0015,1046.45,973.12,Active
P05615,SKU-05615,Philips Appliance 5615,Home & Kitchen,Appliances,Philips,S0465,174.98,700.8,Active
P05616,SKU-05616,Adidas Appliance 5616,Home & Kitchen,Appliances,Adidas,S0176,217.06,194.34,Active
P05617,SKU-05617,LG Appliance 5617,Home & Kitchen,Appliances,LG,S0352,311.34,148.8,Active
P05618,SKU-05618,Sony Cookware 5618,Home & Kitchen,Cookware,Sony,S0006,834.07,556.89,Active
P05619,SKU-05619,Adidas Appliance 5619,Home & Kitchen,Appliances,Adidas,S0402,864.57,108.44,Active
P05620,SKU-05620,LG Appliance 5620,Home & Kitchen,Appliances,LG,S0246,750.0,1322.76,Active
P05621,SKU-05621,Samsung Cookware 5621,Home & Kitchen,Cookware,Samsung,S0411,258.77,793.93,Active
P05622,SKU-05622,Samsung Cookware 5622,Home & Kitchen,Cookware,Samsung,S0435,1954.34,593.83,Active
P05623,SKU-05623,Loreal Appliance 5623,Home & Kitchen,Appliances,Loreal,S0210,805.98,707.98,Active
P05624,SKU-05624,HP Appliance 5624,Home & Kitchen,Appliances,HP,S0395,724.65,1138.21,Active
P05625,SKU-05625,Adidas Cookware 5625,Home & Kitchen,Cookware,Adidas,S0014,646.48,1453.54,Active
P05626,SKU-05626,Philips Appliance 5626,Home & Kitchen,Appliances,Philips,S0374,753.31,828.73,Active
P05627,SKU-05627,Samsung Cookware 5627,Home & Kitchen,Cookware,Samsung,S0319,478.82,93.67,Active
P05628,SKU-05628,Adidas Appliance 5628,Home & Kitchen,Appliances,Adidas,S0056,963.24,220.85,Active
P05629,SKU-05629,Loreal Cookware 5629,Home & Kitchen,Cookware,Loreal,S0203,439.13,519.58,Active
P05630,SKU-05630,Loreal Appliance 5630,Home & Kitchen,Appliances,Loreal,S0470,1430.87,867.82,Active
P05631,SKU-05631,Loreal Appliance 5631,Home & Kitchen,Appliances,Loreal,S0055,1181.66,767.57,Active
P05632,SKU-05632,HP Appliance 5632,Home & Kitchen,Appliances,HP,S0024,1252.15,1059.61,Active
P05633,SKU-05633,Philips Cookware 5633,Home & Kitchen,Cookware,Philips,S0017,398.78,483.23,Active
P05634,SKU-05634,Philips Appliance 5634,Home & Kitchen,Appliances,Philips,S0402,390.99,58.13,Active
P05635,SKU-05635,Loreal Appliance 5635,Home & Kitchen,Appliances,Loreal,S0273,536.33,38.16,Active
P05636,SKU-05636,Philips Cookware 5636,Home & Kitchen,Cookware,Philips,S0181,43.34,383.41,Active
P05637,SKU-05637,Sony Appliance 5637,Home & Kitchen,Appliances,Sony,S0030,1883.95,712.9,Active
P05638,SKU-05638,Loreal Cookware 5638,Home & Kitchen,Cookware,Loreal,S0047,1527.14,1353.94,Active
P05639,SKU-05639,LG Appliance 5639,Home & Kitchen,Appliances,LG,S0262,1342.75,559.76,Active
P05640,SKU-05640,Apple Cookware 5640,Home & Kitchen,Cookware,Apple,S0088,183.73,127.9,Active
P05641,SKU-05641,Sony Appliance 5641,Home & Kitchen,Appliances,Sony,S0124,1209.17,168.13,Active
P05642,SKU-05642,Sony Appliance 5642,Home & Kitchen,Appliances,Sony,S0010,266.69,1233.19,Active
P05643,SKU-05643,Philips Cookware 5643,Home & Kitchen,Cookware,Philips,S0110,429.88,428.89,Active
P05644,SKU-05644,Adidas Cookware 5644,Home & Kitchen,Cookware,Adidas,S0093,235.4,222.36,Active
P05645,SKU-05645,Adidas Appliance 5645,Home & Kitchen,Appliances,Adidas,S0265,519.46,1272.95,Active
P05646,SKU-05646,Sony Appliance 5646,Home & Kitchen,Appliances,Sony,S0175,407.0,1227.14,Active
P05647,SKU-05647,Apple Cookware 5647,Home & Kitchen,Cookware,Apple,S0239,1837.17,870.05,Active
P05648,SKU-05648,Apple Appliance 5648,Home & Kitchen,Appliances,Apple,S0226,1976.24,1298.03,Active
P05649,SKU-05649,Samsung Appliance 5649,Home & Kitchen,Appliances,Samsung,S0008,1098.63,1359.69,Active
P05650,SKU-05650,Nike Appliance 5650,Home & Kitchen,Appliances,Nike,S0354,1383.94,335.78,Active
P05651,SKU-05651,HP Cookware 5651,Home & Kitchen,Cookware,HP,S0407,1219.18,516.0,Active
P05652,SKU-05652,LG Appliance 5652,Home & Kitchen,Appliances,LG,S0111,135.29,672.1,Active
P05653,SKU-05653,HP Cookware 5653,Home & Kitchen,Cookware,HP,S0070,194.98,710.77,Active
P05654,SKU-05654,Adidas Appliance 5654,Home & Kitchen,Appliances,Adidas,S0206,744.66,1253.96,Active
P05655,SKU-05655,HP Appliance 5655,Home & Kitchen,Appliances,HP,S0123,893.31,946.51,Active
P05656,SKU-05656,Philips Appliance 5656,Home & Kitchen,Appliances,Philips,S0322,896.58,456.5,Active
P05657,SKU-05657,HP Appliance 5657,Home & Kitchen,Appliances,HP,S0235,288.39,571.59,Active
P05658,SKU-05658,Samsung Cookware 5658,Home & Kitchen,Cookware,Samsung,S0052,1118.52,825.84,Active
P05659,SKU-05659,Samsung Appliance 5659,Home & Kitchen,Appliances,Samsung,S0190,1938.3,706.58,Active
P05660,SKU-05660,Samsung Appliance 5660,Home & Kitchen,Appliances,Samsung,S0299,39.71,485.48,Active
P05661,SKU-05661,Sony Cookware 5661,Home & Kitchen,Cookware,Sony,S0222,933.06,282.29,Active
P05662,SKU-05662,Samsung Appliance 5662,Home & Kitchen,Appliances,Samsung,S0247,555.98,1205.29,Active
P05663,SKU-05663,Apple Cookware 5663,Home & Kitchen,Cookware,Apple,S0374,871.07,841.73,Active
P05664,SKU-05664,Apple Appliance 5664,Home & Kitchen,Appliances,Apple,S0236,80.4,702.17,Active
P05665,SKU-05665,Samsung Appliance 5665,Home & Kitchen,Appliances,Samsung,S0232,1710.7,884.76,Active
P05666,SKU-05666,LG Appliance 5666,Home & Kitchen,Appliances,LG,S0012,1799.94,1349.11,Active
P05667,SKU-05667,Samsung Cookware 5667,Home & Kitchen,Cookware,Samsung,S0123,1750.1,1052.04,Active
P05668,SKU-05668,Apple Cookware 5668,Home & Kitchen,Cookware,Apple,S0036,1807.86,850.48,Active
P05669,SKU-05669,Samsung Appliance 5669,Home & Kitchen,Appliances,Samsung,S0121,592.63,46.11,Active
P05670,SKU-05670,Apple Cookware 5670,Home & Kitchen,Cookware,Apple,S0271,1810.62,1288.96,Active
P05671,SKU-05671,Samsung Cookware 5671,Home & Kitchen,Cookware,Samsung,S0455,590.72,238.66,Active
P05672,SKU-05672,Apple Appliance 5672,Home & Kitchen,Appliances,Apple,S0427,1176.08,1496.52,Active
P05673,SKU-05673,Dell Cookware 5673,Home & Kitchen,Cookware,Dell,S0099,236.29,17.46,Active
P05674,SKU-05674,Dell Cookware 5674,Home & Kitchen,Cookware,Dell,S0058,755.28,382.28,Active
P05675,SKU-05675,Apple Appliance 5675,Home & Kitchen,Appliances,Apple,S0168,1406.25,1451.89,Active
P05676,SKU-05676,Sony Appliance 5676,Home & Kitchen,Appliances,Sony,S0488,754.15,965.71,Active
P05677,SKU-05677,Philips Appliance 5677,Home & Kitchen,Appliances,Philips,S0333,333.88,1426.89,Active
P05678,SKU-05678,LG Appliance 5678,Home & Kitchen,Appliances,LG,S0103,321.7,729.92,Active
P05679,SKU-05679,LG Cookware 5679,Home & Kitchen,Cookware,LG,S0133,1667.34,682.97,Active
P05680,SKU-05680,Adidas Cookware 5680,Home & Kitchen,Cookware,Adidas,S0101,270.57,238.12,Active
P05681,SKU-05681,LG Appliance 5681,Home & Kitchen,Appliances,LG,S0411,1786.35,1350.78,Active
P05682,SKU-05682,Loreal Cookware 5682,Home & Kitchen,Cookware,Loreal,S0181,1501.69,196.74,Active
P05683,SKU-05683,Philips Appliance 5683,Home & Kitchen,Appliances,Philips,S0230,1140.3,447.54,Active
P05684,SKU-05684,Philips Cookware 5684,Home & Kitchen,Cookware,Philips,S0472,602.5,38.94,Active
P05685,SKU-05685,Loreal Cookware 5685,Home & Kitchen,Cookware,Loreal,S0397,1018.65,972.67,Active
P05686,SKU-05686,Dell Cookware 5686,Home & Kitchen,Cookware,Dell,S0123,980.66,1123.03,Active
P05687,SKU-05687,Apple Appliance 5687,Home & Kitchen,Appliances,Apple,S0465,1764.58,299.1,Active
P05688,SKU-05688,Philips Cookware 5688,Home & Kitchen,Cookware,Philips,S0187,512.45,1258.73,Active
P05689,SKU-05689,HP Appliance 5689,Home & Kitchen,Appliances,HP,S0323,1559.1,1396.49,Active
P05690,SKU-05690,Sony Cookware 5690,Home & Kitchen,Cookware,Sony,S0175,527.9,178.57,Active
P05691,SKU-05691,Samsung Appliance 5691,Home & Kitchen,Appliances,Samsung,S0107,1821.61,1458.68,Active
P05692,SKU-05692,Dell Appliance 5692,Home & Kitchen,Appliances,Dell,S0486,1682.46,1069.2,Active
P05693,SKU-05693,Nike Appliance 5693,Home & Kitchen,Appliances,Nike,S0046,1748.55,732.44,Active
P05694,SKU-05694,HP Appliance 5694,Home & Kitchen,Appliances,HP,S0209,14.92,1123.55,Active
P05695,SKU-05695,Loreal Cookware 5695,Home & Kitchen,Cookware,Loreal,S0469,1129.88,1452.99,Active
P05696,SKU-05696,Philips Cookware 5696,Home & Kitchen,Cookware,Philips,S0410,1074.47,399.99,Active
P05697,SKU-05697,HP Cookware 5697,Home & Kitchen,Cookware,HP,S0283,1914.18,45.74,Active
P05698,SKU-05698,HP Appliance 5698,Home & Kitchen,Appliances,HP,S0292,1117.63,1234.49,Active
P05699,SKU-05699,Dell Cookware 5699,Home & Kitchen,Cookware,Dell,S0309,978.27,103.73,Active
P05700,SKU-05700,Dell Cookware 5700,Home & Kitchen,Cookware,Dell,S0032,515.14,1360.27,Active
P05701,SKU-05701,Apple Cookware 5701,Home & Kitchen,Cookware,Apple,S0389,474.5,760.69,Active
P05702,SKU-05702,LG Appliance 5702,Home & Kitchen,Appliances,LG,S0372,1153.52,546.09,Active
P05703,SKU-05703,LG Cookware 5703,Home & Kitchen,Cookware,LG,S0031,135.66,411.62,Active
P05704,SKU-05704,Loreal Appliance 5704,Home & Kitchen,Appliances,Loreal,S0160,611.34,1349.6,Active
P05705,SKU-05705,Philips Cookware 5705,Home & Kitchen,Cookware,Philips,S0085,1196.85,1259.36,Active
P05706,SKU-05706,Nike Appliance 5706,Home & Kitchen,Appliances,Nike,S0317,1788.95,804.82,Active
P05707,SKU-05707,Philips Appliance 5707,Home & Kitchen,Appliances,Philips,S0094,1600.62,1196.32,Active
P05708,SKU-05708,HP Appliance 5708,Home & Kitchen,Appliances,HP,S0347,460.24,927.5,Active
P05709,SKU-05709,Nike Cookware 5709,Home & Kitchen,Cookware,Nike,S0398,797.51,99.6,Active
P05710,SKU-05710,Adidas Cookware 5710,Home & Kitchen,Cookware,Adidas,S0276,409.83,1212.32,Active
P05711,SKU-05711,LG Appliance 5711,Home & Kitchen,Appliances,LG,S0049,1129.12,1142.16,Active
P05712,SKU-05712,Philips Cookware 5712,Home & Kitchen,Cookware,Philips,S0010,562.61,1193.84,Active
P05713,SKU-05713,LG Cookware 5713,Home & Kitchen,Cookware,LG,S0401,1586.39,164.47,Active
P05714,SKU-05714,Sony Appliance 5714,Home & Kitchen,Appliances,Sony,S0035,1883.56,255.7,Active
P05715,SKU-05715,LG Appliance 5715,Home & Kitchen,Appliances,LG,S0235,1052.41,558.89,Active
P05716,SKU-05716,Adidas Cookware 5716,Home & Kitchen,Cookware,Adidas,S0225,208.64,891.66,Active
P05717,SKU-05717,Philips Appliance 5717,Home & Kitchen,Appliances,Philips,S0186,872.31,1038.86,Active
P05718,SKU-05718,Philips Cookware 5718,Home & Kitchen,Cookware,Philips,S0285,1133.98,1493.79,Active
P05719,SKU-05719,Apple Appliance 5719,Home & Kitchen,Appliances,Apple,S0412,1982.27,420.19,Active
P05720,SKU-05720,Philips Appliance 5720,Home & Kitchen,Appliances,Philips,S0154,1588.37,494.7,Active
P05721,SKU-05721,Samsung Cookware 5721,Home & Kitchen,Cookware,Samsung,S0359,689.42,1146.93,Active
P05722,SKU-05722,Loreal Cookware 5722,Home & Kitchen,Cookware,Loreal,S0401,19.12,242.69,Active
P05723,SKU-05723,Samsung Appliance 5723,Home & Kitchen,Appliances,Samsung,S0136,650.19,493.82,Active
P05724,SKU-05724,Samsung Cookware 5724,Home & Kitchen,Cookware,Samsung,S0174,60.67,194.24,Active
P05725,SKU-05725,Philips Appliance 5725,Home & Kitchen,Appliances,Philips,S0330,1572.5,1398.46,Active
P05726,SKU-05726,Nike Appliance 5726,Home & Kitchen,Appliances,Nike,S0417,1342.38,1287.35,Active
P05727,SKU-05727,HP Appliance 5727,Home & Kitchen,Appliances,HP,S0138,692.64,816.56,Active
P05728,SKU-05728,Samsung Cookware 5728,Home & Kitchen,Cookware,Samsung,S0173,591.28,500.42,Active
P05729,SKU-05729,Nike Cookware 5729,Home & Kitchen,Cookware,Nike,S0095,1429.1,1379.63,Active
P05730,SKU-05730,Nike Appliance 5730,Home & Kitchen,Appliances,Nike,S0457,1773.36,592.74,Active
P05731,SKU-05731,Samsung Appliance 5731,Home & Kitchen,Appliances,Samsung,S0136,150.71,395.07,Active
P05732,SKU-05732,Apple Cookware 5732,Home & Kitchen,Cookware,Apple,S0415,1547.33,1169.26,Active
P05733,SKU-05733,LG Appliance 5733,Home & Kitchen,Appliances,LG,S0010,522.74,1021.68,Active
P05734,SKU-05734,Adidas Appliance 5734,Home & Kitchen,Appliances,Adidas,S0343,1493.91,1006.16,Active
P05735,SKU-05735,Dell Cookware 5735,Home & Kitchen,Cookware,Dell,S0096,1260.0,61.92,Active
P05736,SKU-05736,LG Cookware 5736,Home & Kitchen,Cookware,LG,S0068,1214.3,76.19,Active
P05737,SKU-05737,LG Appliance 5737,Home & Kitchen,Appliances,LG,S0219,729.54,825.21,Active
P05738,SKU-05738,Apple Cookware 5738,Home & Kitchen,Cookware,Apple,S0344,253.18,1245.54,Active
P05739,SKU-05739,Adidas Cookware 5739,Home & Kitchen,Cookware,Adidas,S0409,943.84,337.9,Active
P05740,SKU-05740,Dell Appliance 5740,Home & Kitchen,Appliances,Dell,S0193,1321.57,697.15,Active
P05741,SKU-05741,Apple Appliance 5741,Home & Kitchen,Appliances,Apple,S0148,645.32,704.06,Active
P05742,SKU-05742,Dell Cookware 5742,Home & Kitchen,Cookware,Dell,S0365,1509.27,949.58,Active
P05743,SKU-05743,Apple Cookware 5743,Home & Kitchen,Cookware,Apple,S0236,153.72,459.49,Active
P05744,SKU-05744,Samsung Cookware 5744,Home & Kitchen,Cookware,Samsung,S0318,665.0,586.64,Active
P05745,SKU-05745,HP Cookware 5745,Home & Kitchen,Cookware,HP,S0147,1323.01,590.46,Active
P05746,SKU-05746,Loreal Cookware 5746,Home & Kitchen,Cookware,Loreal,S0428,1470.79,21.67,Active
P05747,SKU-05747,Adidas Appliance 5747,Home & Kitchen,Appliances,Adidas,S0495,1435.96,732.77,Active
P05748,SKU-05748,Philips Appliance 5748,Home & Kitchen,Appliances,Philips,S0339,1402.15,972.17,Active
P05749,SKU-05749,Adidas Appliance 5749,Home & Kitchen,Appliances,Adidas,S0262,249.91,764.32,Active
P05750,SKU-05750,LG Cookware 5750,Home & Kitchen,Cookware,LG,S0342,1711.7,1342.08,Active
P05751,SKU-05751,Dell Cookware 5751,Home & Kitchen,Cookware,Dell,S0183,1156.49,513.48,Active
P05752,SKU-05752,Samsung Cookware 5752,Home & Kitchen,Cookware,Samsung,S0356,83.11,45.57,Active
P05753,SKU-05753,Philips Cookware 5753,Home & Kitchen,Cookware,Philips,S0155,1654.15,176.27,Active
P05754,SKU-05754,Adidas Cookware 5754,Home & Kitchen,Cookware,Adidas,S0460,311.09,258.6,Active
P05755,SKU-05755,Adidas Cookware 5755,Home & Kitchen,Cookware,Adidas,S0285,1367.44,596.74,Active
P05756,SKU-05756,Philips Appliance 5756,Home & Kitchen,Appliances,Philips,S0430,1359.29,22.94,Active
P05757,SKU-05757,Nike Cookware 5757,Home & Kitchen,Cookware,Nike,S0423,289.62,1059.07,Active
P05758,SKU-05758,Adidas Cookware 5758,Home & Kitchen,Cookware,Adidas,S0083,1220.91,828.86,Active
P05759,SKU-05759,Philips Cookware 5759,Home & Kitchen,Cookware,Philips,S0478,1661.15,648.58,Active
P05760,SKU-05760,Sony Appliance 5760,Home & Kitchen,Appliances,Sony,S0402,123.86,1444.65,Active
P05761,SKU-05761,Apple Appliance 5761,Home & Kitchen,Appliances,Apple,S0159,1039.46,1366.17,Active
P05762,SKU-05762,Nike Cookware 5762,Home & Kitchen,Cookware,Nike,S0189,1462.79,1434.58,Active
P05763,SKU-05763,Samsung Cookware 5763,Home & Kitchen,Cookware,Samsung,S0204,1092.3,1399.65,Active
P05764,SKU-05764,Dell Cookware 5764,Home & Kitchen,Cookware,Dell,S0129,314.38,935.01,Active
P05765,SKU-05765,Loreal Cookware 5765,Home & Kitchen,Cookware,Loreal,S0043,52.42,1487.6,Active
P05766,SKU-05766,Samsung Appliance 5766,Home & Kitchen,Appliances,Samsung,S0414,191.95,660.16,Active
P05767,SKU-05767,Sony Appliance 5767,Home & Kitchen,Appliances,Sony,S0218,1642.91,465.77,Active
P05768,SKU-05768,Philips Appliance 5768,Home & Kitchen,Appliances,Philips,S0346,1369.84,463.13,Active
P05769,SKU-05769,Sony Cookware 5769,Home & Kitchen,Cookware,Sony,S0379,1399.68,262.87,Active
P05770,SKU-05770,Loreal Appliance 5770,Home & Kitchen,Appliances,Loreal,S0496,1849.33,394.03,Active
P05771,SKU-05771,Nike Cookware 5771,Home & Kitchen,Cookware,Nike,S0270,726.48,1280.05,Active
P05772,SKU-05772,Philips Appliance 5772,Home & Kitchen,Appliances,Philips,S0163,409.95,1478.88,Active
P05773,SKU-05773,HP Appliance 5773,Home & Kitchen,Appliances,HP,S0226,1623.55,1089.13,Active
P05774,SKU-05774,Adidas Cookware 5774,Home & Kitchen,Cookware,Adidas,S0031,802.61,979.55,Active
P05775,SKU-05775,Apple Appliance 5775,Home & Kitchen,Appliances,Apple,S0451,720.59,274.15,Active
P05776,SKU-05776,Adidas Appliance 5776,Home & Kitchen,Appliances,Adidas,S0040,490.22,1089.34,Active
P05777,SKU-05777,Dell Appliance 5777,Home & Kitchen,Appliances,Dell,S0113,708.69,10.05,Active
P05778,SKU-05778,Dell Cookware 5778,Home & Kitchen,Cookware,Dell,S0010,1919.44,1395.8,Active
P05779,SKU-05779,Loreal Cookware 5779,Home & Kitchen,Cookware,Loreal,S0355,1450.07,897.86,Active
P05780,SKU-05780,HP Cookware 5780,Home & Kitchen,Cookware,HP,S0233,1787.85,141.17,Active
P05781,SKU-05781,Sony Cookware 5781,Home & Kitchen,Cookware,Sony,S0133,244.64,494.23,Active
P05782,SKU-05782,Sony Appliance 5782,Home & Kitchen,Appliances,Sony,S0409,789.64,366.34,Active
P05783,SKU-05783,LG Appliance 5783,Home & Kitchen,Appliances,LG,S0136,747.42,1242.66,Active
P05784,SKU-05784,Nike Appliance 5784,Home & Kitchen,Appliances,Nike,S0206,831.52,1162.82,Active
P05785,SKU-05785,Nike Appliance 5785,Home & Kitchen,Appliances,Nike,S0339,431.81,923.51,Active
P05786,SKU-05786,HP Cookware 5786,Home & Kitchen,Cookware,HP,S0427,619.34,891.55,Active
P05787,SKU-05787,Nike Cookware 5787,Home & Kitchen,Cookware,Nike,S0106,1288.94,1332.01,Active
P05788,SKU-05788,LG Cookware 5788,Home & Kitchen,Cookware,LG,S0358,428.3,1334.66,Active
P05789,SKU-05789,Philips Appliance 5789,Home & Kitchen,Appliances,Philips,S0043,1988.0,1303.15,Active
P05790,SKU-05790,Sony Cookware 5790,Home & Kitchen,Cookware,Sony,S0130,1744.59,370.94,Active
P05791,SKU-05791,LG Cookware 5791,Home & Kitchen,Cookware,LG,S0045,1194.58,325.38,Active
P05792,SKU-05792,Nike Appliance 5792,Home & Kitchen,Appliances,Nike,S0341,245.07,422.03,Active
P05793,SKU-05793,HP Cookware 5793,Home & Kitchen,Cookware,HP,S0274,634.02,738.4,Active
P05794,SKU-05794,LG Appliance 5794,Home & Kitchen,Appliances,LG,S0166,28.71,270.6,Active
P05795,SKU-05795,Sony Appliance 5795,Home & Kitchen,Appliances,Sony,S0275,901.92,1381.26,Active
P05796,SKU-05796,Sony Cookware 5796,Home & Kitchen,Cookware,Sony,S0273,754.01,1218.51,Active
P05797,SKU-05797,Sony Cookware 5797,Home & Kitchen,Cookware,Sony,S0401,1450.51,1402.42,Active
P05798,SKU-05798,Loreal Cookware 5798,Home & Kitchen,Cookware,Loreal,S0450,1798.53,434.44,Active
P05799,SKU-05799,Apple Appliance 5799,Home & Kitchen,Appliances,Apple,S0162,1359.64,936.13,Active
P05800,SKU-05800,Adidas Cookware 5800,Home & Kitchen,Cookware,Adidas,S0347,371.88,581.42,Active
P05801,SKU-05801,Nike Cookware 5801,Home & Kitchen,Cookware,Nike,S0383,1044.71,1342.7,Active
P05802,SKU-05802,LG Appliance 5802,Home & Kitchen,Appliances,LG,S0307,1327.49,200.44,Active
P05803,SKU-05803,Nike Appliance 5803,Home & Kitchen,Appliances,Nike,S0336,1708.57,641.27,Active
P05804,SKU-05804,Dell Appliance 5804,Home & Kitchen,Appliances,Dell,S0383,1344.14,643.39,Active
P05805,SKU-05805,HP Appliance 5805,Home & Kitchen,Appliances,HP,S0280,1062.2,774.73,Active
P05806,SKU-05806,Sony Cookware 5806,Home & Kitchen,Cookware,Sony,S0490,518.15,1450.57,Active
P05807,SKU-05807,Philips Appliance 5807,Home & Kitchen,Appliances,Philips,S0402,314.53,821.24,Active
P05808,SKU-05808,Dell Appliance 5808,Home & Kitchen,Appliances,Dell,S0395,710.02,1079.62,Active
P05809,SKU-05809,HP Cookware 5809,Home & Kitchen,Cookware,HP,S0290,1928.06,1484.72,Active
P05810,SKU-05810,Sony Cookware 5810,Home & Kitchen,Cookware,Sony,S0402,816.22,1354.34,Active
P05811,SKU-05811,Adidas Cookware 5811,Home & Kitchen,Cookware,Adidas,S0121,1146.25,1426.76,Active
P05812,SKU-05812,Adidas Cookware 5812,Home & Kitchen,Cookware,Adidas,S0495,747.03,900.76,Active
P05813,SKU-05813,LG Cookware 5813,Home & Kitchen,Cookware,LG,S0337,754.01,1490.69,Active
P05814,SKU-05814,Loreal Appliance 5814,Home & Kitchen,Appliances,Loreal,S0378,1405.86,372.52,Active
P05815,SKU-05815,LG Cookware 5815,Home & Kitchen,Cookware,LG,S0367,1240.33,213.26,Active
P05816,SKU-05816,Apple Cookware 5816,Home & Kitchen,Cookware,Apple,S0459,1822.92,1276.77,Active
P05817,SKU-05817,Apple Appliance 5817,Home & Kitchen,Appliances,Apple,S0446,529.63,113.41,Active
P05818,SKU-05818,Sony Cookware 5818,Home & Kitchen,Cookware,Sony,S0434,1771.34,593.89,Active
P05819,SKU-05819,Samsung Appliance 5819,Home & Kitchen,Appliances,Samsung,S0215,1433.87,1028.98,Active
P05820,SKU-05820,HP Appliance 5820,Home & Kitchen,Appliances,HP,S0278,1330.43,985.73,Active
P05821,SKU-05821,Loreal Cookware 5821,Home & Kitchen,Cookware,Loreal,S0031,751.5,1182.89,Active
P05822,SKU-05822,Adidas Appliance 5822,Home & Kitchen,Appliances,Adidas,S0383,399.23,216.79,Active
P05823,SKU-05823,Samsung Appliance 5823,Home & Kitchen,Appliances,Samsung,S0048,236.93,1440.66,Active
P05824,SKU-05824,Adidas Appliance 5824,Home & Kitchen,Appliances,Adidas,S0195,1393.74,1346.07,Active
P05825,SKU-05825,Adidas Cookware 5825,Home & Kitchen,Cookware,Adidas,S0039,1504.63,968.3,Active
P05826,SKU-05826,Philips Cookware 5826,Home & Kitchen,Cookware,Philips,S0436,191.72,496.79,Active
P05827,SKU-05827,Sony Appliance 5827,Home & Kitchen,Appliances,Sony,S0243,736.37,1299.25,Active
P05828,SKU-05828,Loreal Cookware 5828,Home & Kitchen,Cookware,Loreal,S0214,79.47,806.08,Active
P05829,SKU-05829,HP Appliance 5829,Home & Kitchen,Appliances,HP,S0402,37.86,290.01,Active
P05830,SKU-05830,Philips Cookware 5830,Home & Kitchen,Cookware,Philips,S0151,1145.24,1068.54,Active
P05831,SKU-05831,Nike Appliance 5831,Home & Kitchen,Appliances,Nike,S0318,935.37,857.51,Active
P05832,SKU-05832,Philips Cookware 5832,Home & Kitchen,Cookware,Philips,S0147,88.52,762.08,Active
P05833,SKU-05833,Samsung Appliance 5833,Home & Kitchen,Appliances,Samsung,S0319,1576.2,356.73,Active
P05834,SKU-05834,Loreal Cookware 5834,Home & Kitchen,Cookware,Loreal,S0172,140.47,692.64,Active
P05835,SKU-05835,Apple Cookware 5835,Home & Kitchen,Cookware,Apple,S0443,1989.9,1495.16,Active
P05836,SKU-05836,Philips Appliance 5836,Home & Kitchen,Appliances,Philips,S0026,283.24,510.27,Active
P05837,SKU-05837,Loreal Cookware 5837,Home & Kitchen,Cookware,Loreal,S0405,1015.39,447.1,Active
P05838,SKU-05838,Apple Appliance 5838,Home & Kitchen,Appliances,Apple,S0291,1911.01,1386.32,Active
P05839,SKU-05839,Sony Cookware 5839,Home & Kitchen,Cookware,Sony,S0045,1465.89,346.77,Active
P05840,SKU-05840,Dell Appliance 5840,Home & Kitchen,Appliances,Dell,S0141,1048.83,341.87,Active
P05841,SKU-05841,Loreal Appliance 5841,Home & Kitchen,Appliances,Loreal,S0439,1289.17,212.16,Active
P05842,SKU-05842,Loreal Cookware 5842,Home & Kitchen,Cookware,Loreal,S0248,636.08,796.57,Active
P05843,SKU-05843,Nike Appliance 5843,Home & Kitchen,Appliances,Nike,S0136,1375.94,776.91,Active
P05844,SKU-05844,Apple Cookware 5844,Home & Kitchen,Cookware,Apple,S0086,1826.48,965.02,Active
P05845,SKU-05845,Adidas Appliance 5845,Home & Kitchen,Appliances,Adidas,S0490,949.4,604.08,Active
P05846,SKU-05846,Samsung Appliance 5846,Home & Kitchen,Appliances,Samsung,S0222,1826.84,40.96,Active
P05847,SKU-05847,Sony Cookware 5847,Home & Kitchen,Cookware,Sony,S0491,592.17,239.91,Active
P05848,SKU-05848,Loreal Appliance 5848,Home & Kitchen,Appliances,Loreal,S0318,1976.62,538.32,Active
P05849,SKU-05849,Loreal Cookware 5849,Home & Kitchen,Cookware,Loreal,S0367,410.97,303.37,Active
P05850,SKU-05850,Apple Appliance 5850,Home & Kitchen,Appliances,Apple,S0314,1823.5,524.79,Active
P05851,SKU-05851,Adidas Appliance 5851,Home & Kitchen,Appliances,Adidas,S0374,1651.51,1301.33,Active
P05852,SKU-05852,LG Appliance 5852,Home & Kitchen,Appliances,LG,S0240,213.57,241.63,Active
P05853,SKU-05853,Adidas Appliance 5853,Home & Kitchen,Appliances,Adidas,S0390,1523.6,841.9,Active
P05854,SKU-05854,Sony Appliance 5854,Home & Kitchen,Appliances,Sony,S0379,1954.85,448.06,Active
P05855,SKU-05855,Nike Cookware 5855,Home & Kitchen,Cookware,Nike,S0098,791.6,759.52,Active
P05856,SKU-05856,Dell Appliance 5856,Home & Kitchen,Appliances,Dell,S0430,891.24,1218.57,Active
P05857,SKU-05857,LG Appliance 5857,Home & Kitchen,Appliances,LG,S0438,400.17,1400.73,Active
P05858,SKU-05858,Dell Appliance 5858,Home & Kitchen,Appliances,Dell,S0202,1426.35,175.43,Active
P05859,SKU-05859,Samsung Cookware 5859,Home & Kitchen,Cookware,Samsung,S0332,1398.56,1005.12,Active
P05860,SKU-05860,Apple Cookware 5860,Home & Kitchen,Cookware,Apple,S0114,1547.89,539.71,Active
P05861,SKU-05861,Philips Appliance 5861,Home & Kitchen,Appliances,Philips,S0123,906.12,1198.24,Active
P05862,SKU-05862,Nike Cookware 5862,Home & Kitchen,Cookware,Nike,S0171,402.05,1437.38,Active
P05863,SKU-05863,Loreal Cookware 5863,Home & Kitchen,Cookware,Loreal,S0037,1223.3,1319.92,Active
P05864,SKU-05864,HP Appliance 5864,Home & Kitchen,Appliances,HP,S0440,1594.0,969.39,Active
P05865,SKU-05865,Nike Appliance 5865,Home & Kitchen,Appliances,Nike,S0071,968.13,267.67,Active
P05866,SKU-05866,Sony Cookware 5866,Home & Kitchen,Cookware,Sony,S0262,1176.48,1343.11,Active
P05867,SKU-05867,Philips Appliance 5867,Home & Kitchen,Appliances,Philips,S0112,1740.53,132.59,Active
P05868,SKU-05868,Loreal Appliance 5868,Home & Kitchen,Appliances,Loreal,S0160,1381.19,228.08,Active
P05869,SKU-05869,Adidas Appliance 5869,Home & Kitchen,Appliances,Adidas,S0160,1381.44,1076.12,Active
P05870,SKU-05870,Dell Appliance 5870,Home & Kitchen,Appliances,Dell,S0291,121.68,972.84,Active
P05871,SKU-05871,Adidas Appliance 5871,Home & Kitchen,Appliances,Adidas,S0010,910.99,1064.48,Active
P05872,SKU-05872,Loreal Appliance 5872,Home & Kitchen,Appliances,Loreal,S0379,1493.52,376.93,Active
P05873,SKU-05873,Philips Appliance 5873,Home & Kitchen,Appliances,Philips,S0428,860.77,1073.08,Active
P05874,SKU-05874,Nike Cookware 5874,Home & Kitchen,Cookware,Nike,S0081,1718.92,64.97,Active
P05875,SKU-05875,Loreal Cookware 5875,Home & Kitchen,Cookware,Loreal,S0189,929.09,203.04,Active
P05876,SKU-05876,Samsung Appliance 5876,Home & Kitchen,Appliances,Samsung,S0418,1668.52,791.25,Active
P05877,SKU-05877,Philips Cookware 5877,Home & Kitchen,Cookware,Philips,S0054,62.47,804.6,Active
P05878,SKU-05878,Dell Appliance 5878,Home & Kitchen,Appliances,Dell,S0090,1566.78,403.34,Active
P05879,SKU-05879,Philips Cookware 5879,Home & Kitchen,Cookware,Philips,S0145,1415.26,113.85,Active
P05880,SKU-05880,Samsung Cookware 5880,Home & Kitchen,Cookware,Samsung,S0090,1850.63,1334.91,Active
P05881,SKU-05881,Samsung Appliance 5881,Home & Kitchen,Appliances,Samsung,S0400,343.13,356.46,Active
P05882,SKU-05882,HP Cookware 5882,Home & Kitchen,Cookware,HP,S0441,896.06,1327.4,Active
P05883,SKU-05883,Philips Cookware 5883,Home & Kitchen,Cookware,Philips,S0157,1790.43,961.07,Active
P05884,SKU-05884,Philips Cookware 5884,Home & Kitchen,Cookware,Philips,S0026,1726.97,1410.0,Active
P05885,SKU-05885,Philips Cookware 5885,Home & Kitchen,Cookware,Philips,S0321,1700.45,427.12,Active
P05886,SKU-05886,Nike Cookware 5886,Home & Kitchen,Cookware,Nike,S0478,1273.29,1194.95,Active
P05887,SKU-05887,Nike Appliance 5887,Home & Kitchen,Appliances,Nike,S0433,899.2,1373.48,Active
P05888,SKU-05888,Samsung Appliance 5888,Home & Kitchen,Appliances,Samsung,S0026,1697.27,1056.23,Active
P05889,SKU-05889,Philips Cookware 5889,Home & Kitchen,Cookware,Philips,S0277,24.19,1183.29,Active
P05890,SKU-05890,Sony Cookware 5890,Home & Kitchen,Cookware,Sony,S0420,1343.54,849.31,Active
P05891,SKU-05891,Adidas Cookware 5891,Home & Kitchen,Cookware,Adidas,S0474,198.58,835.26,Active
P05892,SKU-05892,Nike Appliance 5892,Home & Kitchen,Appliances,Nike,S0007,294.41,959.56,Active
P05893,SKU-05893,Nike Cookware 5893,Home & Kitchen,Cookware,Nike,S0286,386.95,1499.94,Active
P05894,SKU-05894,Dell Cookware 5894,Home & Kitchen,Cookware,Dell,S0161,188.84,905.51,Active
P05895,SKU-05895,Philips Cookware 5895,Home & Kitchen,Cookware,Philips,S0360,1596.15,1189.34,Active
P05896,SKU-05896,Loreal Cookware 5896,Home & Kitchen,Cookware,Loreal,S0413,1135.15,678.11,Active
P05897,SKU-05897,Apple Appliance 5897,Home & Kitchen,Appliances,Apple,S0187,1371.19,708.07,Active
P05898,SKU-05898,Samsung Cookware 5898,Home & Kitchen,Cookware,Samsung,S0129,1444.34,84.74,Active
P05899,SKU-05899,Loreal Cookware 5899,Home & Kitchen,Cookware,Loreal,S0178,761.72,131.27,Active
P05900,SKU-05900,LG Cookware 5900,Home & Kitchen,Cookware,LG,S0397,1645.89,1215.92,Active
P05901,SKU-05901,HP Appliance 5901,Home & Kitchen,Appliances,HP,S0287,756.1,991.66,Active
P05902,SKU-05902,HP Cookware 5902,Home & Kitchen,Cookware,HP,S0376,694.96,1410.47,Active
P05903,SKU-05903,Dell Cookware 5903,Home & Kitchen,Cookware,Dell,S0256,1950.83,512.78,Active
P05904,SKU-05904,Sony Appliance 5904,Home & Kitchen,Appliances,Sony,S0475,1830.09,771.46,Active
P05905,SKU-05905,HP Appliance 5905,Home & Kitchen,Appliances,HP,S0253,68.39,1395.86,Active
P05906,SKU-05906,Loreal Appliance 5906,Home & Kitchen,Appliances,Loreal,S0195,1259.33,841.38,Active
P05907,SKU-05907,Samsung Cookware 5907,Home & Kitchen,Cookware,Samsung,S0191,597.72,1377.36,Active
P05908,SKU-05908,Sony Appliance 5908,Home & Kitchen,Appliances,Sony,S0182,1276.18,139.92,Active
P05909,SKU-05909,HP Appliance 5909,Home & Kitchen,Appliances,HP,S0224,1612.23,234.33,Active
P05910,SKU-05910,Sony Appliance 5910,Home & Kitchen,Appliances,Sony,S0360,1024.74,1455.71,Active
P05911,SKU-05911,LG Cookware 5911,Home & Kitchen,Cookware,LG,S0267,237.22,394.05,Active
P05912,SKU-05912,Adidas Appliance 5912,Home & Kitchen,Appliances,Adidas,S0201,108.18,110.92,Active
P05913,SKU-05913,LG Cookware 5913,Home & Kitchen,Cookware,LG,S0330,792.22,611.83,Active
P05914,SKU-05914,Loreal Appliance 5914,Home & Kitchen,Appliances,Loreal,S0306,647.35,85.23,Active
P05915,SKU-05915,Adidas Cookware 5915,Home & Kitchen,Cookware,Adidas,S0018,1828.94,554.9,Active
P05916,SKU-05916,Sony Cookware 5916,Home & Kitchen,Cookware,Sony,S0219,200.68,434.0,Active
P05917,SKU-05917,Apple Appliance 5917,Home & Kitchen,Appliances,Apple,S0233,1004.8,1403.73,Active
P05918,SKU-05918,Philips Appliance 5918,Home & Kitchen,Appliances,Philips,S0316,928.47,832.89,Active
P05919,SKU-05919,Apple Cookware 5919,Home & Kitchen,Cookware,Apple,S0457,1281.11,205.34,Active
P05920,SKU-05920,Adidas Appliance 5920,Home & Kitchen,Appliances,Adidas,S0467,1482.66,1231.33,Active
P05921,SKU-05921,Apple Appliance 5921,Home & Kitchen,Appliances,Apple,S0097,1768.36,768.64,Active
P05922,SKU-05922,Sony Appliance 5922,Home & Kitchen,Appliances,Sony,S0055,848.27,399.93,Active
P05923,SKU-05923,LG Cookware 5923,Home & Kitchen,Cookware,LG,S0319,521.67,1233.74,Active
P05924,SKU-05924,Philips Cookware 5924,Home & Kitchen,Cookware,Philips,S0423,1665.42,811.64,Active
P05925,SKU-05925,Philips Appliance 5925,Home & Kitchen,Appliances,Philips,S0160,1467.82,1054.15,Active
P05926,SKU-05926,Apple Appliance 5926,Home & Kitchen,Appliances,Apple,S0336,1172.5,781.68,Active
P05927,SKU-05927,Samsung Cookware 5927,Home & Kitchen,Cookware,Samsung,S0024,1055.51,1399.04,Active
P05928,SKU-05928,Dell Cookware 5928,Home & Kitchen,Cookware,Dell,S0266,1235.2,1481.51,Active
P05929,SKU-05929,Nike Cookware 5929,Home & Kitchen,Cookware,Nike,S0435,830.65,1492.47,Active
P05930,SKU-05930,Philips Cookware 5930,Home & Kitchen,Cookware,Philips,S0272,330.33,911.02,Active
P05931,SKU-05931,LG Appliance 5931,Home & Kitchen,Appliances,LG,S0472,1180.27,1005.48,Active
P05932,SKU-05932,Sony Cookware 5932,Home & Kitchen,Cookware,Sony,S0209,1535.55,8.08,Active
P05933,SKU-05933,Loreal Cookware 5933,Home & Kitchen,Cookware,Loreal,S0334,274.67,800.88,Active
P05934,SKU-05934,Loreal Appliance 5934,Home & Kitchen,Appliances,Loreal,S0360,1617.76,733.69,Active
P05935,SKU-05935,Dell Cookware 5935,Home & Kitchen,Cookware,Dell,S0475,602.59,1252.7,Active
P05936,SKU-05936,HP Cookware 5936,Home & Kitchen,Cookware,HP,S0398,1309.59,1047.99,Active
P05937,SKU-05937,Samsung Appliance 5937,Home & Kitchen,Appliances,Samsung,S0084,1793.43,238.96,Active
P05938,SKU-05938,Nike Cookware 5938,Home & Kitchen,Cookware,Nike,S0448,1893.05,715.69,Active
P05939,SKU-05939,Nike Appliance 5939,Home & Kitchen,Appliances,Nike,S0178,1278.82,517.02,Active
P05940,SKU-05940,Philips Appliance 5940,Home & Kitchen,Appliances,Philips,S0422,276.97,1054.69,Active
P05941,SKU-05941,Nike Appliance 5941,Home & Kitchen,Appliances,Nike,S0141,1711.17,1002.15,Active
P05942,SKU-05942,Philips Cookware 5942,Home & Kitchen,Cookware,Philips,S0207,1505.38,558.21,Active
P05943,SKU-05943,Adidas Appliance 5943,Home & Kitchen,Appliances,Adidas,S0392,1530.03,702.14,Active
P05944,SKU-05944,HP Cookware 5944,Home & Kitchen,Cookware,HP,S0425,261.11,1148.98,Active
P05945,SKU-05945,Dell Cookware 5945,Home & Kitchen,Cookware,Dell,S0391,1507.08,1464.8,Active
P05946,SKU-05946,Dell Cookware 5946,Home & Kitchen,Cookware,Dell,S0076,188.79,584.07,Active
P05947,SKU-05947,Apple Appliance 5947,Home & Kitchen,Appliances,Apple,S0370,207.57,204.38,Active
P05948,SKU-05948,Philips Appliance 5948,Home & Kitchen,Appliances,Philips,S0452,708.81,318.16,Active
P05949,SKU-05949,Apple Cookware 5949,Home & Kitchen,Cookware,Apple,S0224,1916.03,481.11,Active
P05950,SKU-05950,LG Appliance 5950,Home & Kitchen,Appliances,LG,S0135,1338.16,477.99,Active
P05951,SKU-05951,Philips Appliance 5951,Home & Kitchen,Appliances,Philips,S0298,1977.66,501.92,Active
P05952,SKU-05952,Nike Appliance 5952,Home & Kitchen,Appliances,Nike,S0325,326.66,1012.22,Active
P05953,SKU-05953,HP Appliance 5953,Home & Kitchen,Appliances,HP,S0186,20.96,123.56,Active
P05954,SKU-05954,HP Cookware 5954,Home & Kitchen,Cookware,HP,S0005,971.84,959.87,Active
P05955,SKU-05955,Apple Cookware 5955,Home & Kitchen,Cookware,Apple,S0241,788.74,910.54,Active
P05956,SKU-05956,Adidas Cookware 5956,Home & Kitchen,Cookware,Adidas,S0191,111.29,571.23,Active
P05957,SKU-05957,Sony Appliance 5957,Home & Kitchen,Appliances,Sony,S0110,296.42,705.33,Active
P05958,SKU-05958,Apple Appliance 5958,Home & Kitchen,Appliances,Apple,S0024,1658.24,1167.99,Active
P05959,SKU-05959,Dell Cookware 5959,Home & Kitchen,Cookware,Dell,S0315,704.41,114.14,Active
P05960,SKU-05960,Philips Cookware 5960,Home & Kitchen,Cookware,Philips,S0128,1798.75,1008.65,Active
P05961,SKU-05961,Apple Cookware 5961,Home & Kitchen,Cookware,Apple,S0236,1027.58,793.78,Active
P05962,SKU-05962,Apple Cookware 5962,Home & Kitchen,Cookware,Apple,S0487,894.8,812.9,Active
P05963,SKU-05963,Nike Appliance 5963,Home & Kitchen,Appliances,Nike,S0140,1783.3,1327.65,Active
P05964,SKU-05964,Adidas Cookware 5964,Home & Kitchen,Cookware,Adidas,S0225,307.96,392.88,Active
P05965,SKU-05965,Adidas Appliance 5965,Home & Kitchen,Appliances,Adidas,S0427,1872.18,601.52,Active
P05966,SKU-05966,Apple Appliance 5966,Home & Kitchen,Appliances,Apple,S0374,660.32,259.34,Active
P05967,SKU-05967,Samsung Cookware 5967,Home & Kitchen,Cookware,Samsung,S0296,1344.27,249.15,Active
P05968,SKU-05968,Dell Appliance 5968,Home & Kitchen,Appliances,Dell,S0130,1459.03,973.88,Active
P05969,SKU-05969,Adidas Cookware 5969,Home & Kitchen,Cookware,Adidas,S0236,1040.77,935.56,Active
P05970,SKU-05970,Philips Appliance 5970,Home & Kitchen,Appliances,Philips,S0486,1300.28,1015.77,Active
P05971,SKU-05971,HP Cookware 5971,Home & Kitchen,Cookware,HP,S0247,831.02,391.38,Active
P05972,SKU-05972,Philips Appliance 5972,Home & Kitchen,Appliances,Philips,S0083,42.86,1099.68,Active
P05973,SKU-05973,Samsung Appliance 5973,Home & Kitchen,Appliances,Samsung,S0440,779.92,202.38,Active
P05974,SKU-05974,HP Appliance 5974,Home & Kitchen,Appliances,HP,S0255,511.14,152.26,Active
P05975,SKU-05975,Samsung Appliance 5975,Home & Kitchen,Appliances,Samsung,S0267,691.98,450.98,Active
P05976,SKU-05976,Apple Cookware 5976,Home & Kitchen,Cookware,Apple,S0152,539.93,531.46,Active
P05977,SKU-05977,Adidas Appliance 5977,Home & Kitchen,Appliances,Adidas,S0430,1619.03,1490.76,Active
P05978,SKU-05978,Nike Appliance 5978,Home & Kitchen,Appliances,Nike,S0343,1880.61,452.4,Active
P05979,SKU-05979,Nike Cookware 5979,Home & Kitchen,Cookware,Nike,S0298,601.66,1178.76,Active
P05980,SKU-05980,Samsung Cookware 5980,Home & Kitchen,Cookware,Samsung,S0139,817.98,18.86,Active
P05981,SKU-05981,Dell Cookware 5981,Home & Kitchen,Cookware,Dell,S0466,1755.51,594.27,Active
P05982,SKU-05982,Philips Appliance 5982,Home & Kitchen,Appliances,Philips,S0251,954.9,1226.37,Active
P05983,SKU-05983,Philips Appliance 5983,Home & Kitchen,Appliances,Philips,S0223,423.56,1202.14,Active
P05984,SKU-05984,Loreal Appliance 5984,Home & Kitchen,Appliances,Loreal,S0112,176.35,822.86,Active
P05985,SKU-05985,Nike Appliance 5985,Home & Kitchen,Appliances,Nike,S0095,1085.82,606.67,Active
P05986,SKU-05986,Loreal Cookware 5986,Home & Kitchen,Cookware,Loreal,S0423,1062.26,1086.27,Active
P05987,SKU-05987,Philips Cookware 5987,Home & Kitchen,Cookware,Philips,S0377,1695.3,1068.0,Active
P05988,SKU-05988,Loreal Appliance 5988,Home & Kitchen,Appliances,Loreal,S0082,285.42,79.93,Active
P05989,SKU-05989,LG Cookware 5989,Home & Kitchen,Cookware,LG,S0437,176.62,10.8,Active
P05990,SKU-05990,Dell Cookware 5990,Home & Kitchen,Cookware,Dell,S0105,408.5,629.95,Active
P05991,SKU-05991,Nike Cookware 5991,Home & Kitchen,Cookware,Nike,S0085,790.08,537.13,Active
P05992,SKU-05992,Adidas Cookware 5992,Home & Kitchen,Cookware,Adidas,S0008,1737.84,908.36,Active
P05993,SKU-05993,Adidas Appliance 5993,Home & Kitchen,Appliances,Adidas,S0443,1730.5,649.43,Active
P05994,SKU-05994,Adidas Appliance 5994,Home & Kitchen,Appliances,Adidas,S0391,1472.99,981.68,Active
P05995,SKU-05995,Loreal Appliance 5995,Home & Kitchen,Appliances,Loreal,S0199,1760.21,357.3,Active
P05996,SKU-05996,Dell Appliance 5996,Home & Kitchen,Appliances,Dell,S0272,281.17,38.16,Active
P05997,SKU-05997,Nike Cookware 5997,Home & Kitchen,Cookware,Nike,S0369,719.35,607.84,Active
P05998,SKU-05998,Nike Appliance 5998,Home & Kitchen,Appliances,Nike,S0161,1484.98,695.6,Active
P05999,SKU-05999,Loreal Cookware 5999,Home & Kitchen,Cookware,Loreal,S0219,482.91,1130.82,Active
P06000,SKU-06000,Sony Appliance 6000,Home & Kitchen,Appliances,Sony,S0036,554.83,728.53,Active
P06001,SKU-06001,HP Fitnes 6001,Sports,Fitness,HP,S0145,1851.74,833.22,Active
P06002,SKU-06002,Sony Outdoor 6002,Sports,Outdoor,Sony,S0291,579.81,1404.55,Active
P06003,SKU-06003,Samsung Fitnes 6003,Sports,Fitness,Samsung,S0245,10.2,123.34,Active
P06004,SKU-06004,Nike Fitnes 6004,Sports,Fitness,Nike,S0071,1161.46,130.51,Active
P06005,SKU-06005,LG Fitnes 6005,Sports,Fitness,LG,S0432,1895.93,1164.09,Active
P06006,SKU-06006,LG Outdoor 6006,Sports,Outdoor,LG,S0213,1014.27,545.5,Active
P06007,SKU-06007,Philips Outdoor 6007,Sports,Outdoor,Philips,S0045,1568.0,766.02,Active
P06008,SKU-06008,Adidas Fitnes 6008,Sports,Fitness,Adidas,S0047,573.18,1055.66,Active
P06009,SKU-06009,Dell Outdoor 6009,Sports,Outdoor,Dell,S0248,1027.97,109.47,Active
P06010,SKU-06010,Nike Outdoor 6010,Sports,Outdoor,Nike,S0197,574.89,1165.34,Active
P06011,SKU-06011,Dell Outdoor 6011,Sports,Outdoor,Dell,S0234,33.04,806.66,Active
P06012,SKU-06012,Dell Outdoor 6012,Sports,Outdoor,Dell,S0051,161.27,1058.04,Active
P06013,SKU-06013,Adidas Outdoor 6013,Sports,Outdoor,Adidas,S0465,345.92,272.09,Active
P06014,SKU-06014,Nike Outdoor 6014,Sports,Outdoor,Nike,S0292,330.64,1251.52,Active
P06015,SKU-06015,HP Outdoor 6015,Sports,Outdoor,HP,S0295,1599.14,1236.55,Active
P06016,SKU-06016,Apple Outdoor 6016,Sports,Outdoor,Apple,S0130,360.45,1134.18,Active
P06017,SKU-06017,Samsung Fitnes 6017,Sports,Fitness,Samsung,S0371,1186.45,1370.52,Active
P06018,SKU-06018,Loreal Fitnes 6018,Sports,Fitness,Loreal,S0495,228.77,998.93,Active
P06019,SKU-06019,Loreal Outdoor 6019,Sports,Outdoor,Loreal,S0018,174.37,211.23,Active
P06020,SKU-06020,Dell Fitnes 6020,Sports,Fitness,Dell,S0426,1502.2,698.05,Active
P06021,SKU-06021,LG Fitnes 6021,Sports,Fitness,LG,S0461,999.29,197.63,Active
P06022,SKU-06022,Dell Fitnes 6022,Sports,Fitness,Dell,S0100,504.7,1402.22,Active
P06023,SKU-06023,LG Outdoor 6023,Sports,Outdoor,LG,S0232,283.19,1059.31,Active
P06024,SKU-06024,HP Fitnes 6024,Sports,Fitness,HP,S0379,502.93,1101.07,Active
P06025,SKU-06025,Apple Outdoor 6025,Sports,Outdoor,Apple,S0409,1197.95,449.02,Active
P06026,SKU-06026,Dell Fitnes 6026,Sports,Fitness,Dell,S0440,432.03,239.6,Active
P06027,SKU-06027,Sony Outdoor 6027,Sports,Outdoor,Sony,S0211,1637.36,758.87,Active
P06028,SKU-06028,Dell Outdoor 6028,Sports,Outdoor,Dell,S0438,241.24,543.2,Active
P06029,SKU-06029,Nike Outdoor 6029,Sports,Outdoor,Nike,S0388,1478.5,189.6,Active
P06030,SKU-06030,Apple Fitnes 6030,Sports,Fitness,Apple,S0462,684.23,984.0,Active
P06031,SKU-06031,Loreal Fitnes 6031,Sports,Fitness,Loreal,S0250,361.59,1086.29,Active
P06032,SKU-06032,HP Outdoor 6032,Sports,Outdoor,HP,S0498,207.93,569.44,Active
P06033,SKU-06033,Dell Fitnes 6033,Sports,Fitness,Dell,S0324,1025.65,578.69,Active
P06034,SKU-06034,Nike Fitnes 6034,Sports,Fitness,Nike,S0305,268.13,1160.14,Active
P06035,SKU-06035,Nike Outdoor 6035,Sports,Outdoor,Nike,S0474,584.78,333.3,Active
P06036,SKU-06036,Adidas Outdoor 6036,Sports,Outdoor,Adidas,S0108,142.51,330.22,Active
P06037,SKU-06037,LG Outdoor 6037,Sports,Outdoor,LG,S0387,124.51,846.2,Active
P06038,SKU-06038,Nike Outdoor 6038,Sports,Outdoor,Nike,S0372,1301.01,1346.17,Active
P06039,SKU-06039,HP Fitnes 6039,Sports,Fitness,HP,S0094,1269.74,292.71,Active
P06040,SKU-06040,Dell Fitnes 6040,Sports,Fitness,Dell,S0234,662.87,961.76,Active
P06041,SKU-06041,Samsung Fitnes 6041,Sports,Fitness,Samsung,S0128,1977.71,1251.33,Active
P06042,SKU-06042,Apple Outdoor 6042,Sports,Outdoor,Apple,S0315,1990.4,1422.35,Active
P06043,SKU-06043,Loreal Fitnes 6043,Sports,Fitness,Loreal,S0243,1120.74,311.43,Active
P06044,SKU-06044,Dell Fitnes 6044,Sports,Fitness,Dell,S0286,612.9,1199.77,Active
P06045,SKU-06045,Loreal Outdoor 6045,Sports,Outdoor,Loreal,S0469,1566.12,1117.78,Active
P06046,SKU-06046,Apple Outdoor 6046,Sports,Outdoor,Apple,S0338,692.28,504.25,Active
P06047,SKU-06047,Nike Fitnes 6047,Sports,Fitness,Nike,S0287,1434.39,348.48,Active
P06048,SKU-06048,Adidas Fitnes 6048,Sports,Fitness,Adidas,S0093,423.22,807.47,Active
P06049,SKU-06049,Dell Fitnes 6049,Sports,Fitness,Dell,S0294,1892.69,229.55,Active
P06050,SKU-06050,Loreal Fitnes 6050,Sports,Fitness,Loreal,S0218,935.22,329.05,Active
P06051,SKU-06051,Loreal Outdoor 6051,Sports,Outdoor,Loreal,S0147,275.68,1198.45,Active
P06052,SKU-06052,Dell Outdoor 6052,Sports,Outdoor,Dell,S0376,1688.15,1048.96,Active
P06053,SKU-06053,LG Fitnes 6053,Sports,Fitness,LG,S0146,814.46,661.88,Active
P06054,SKU-06054,HP Fitnes 6054,Sports,Fitness,HP,S0217,901.33,407.71,Active
P06055,SKU-06055,LG Fitnes 6055,Sports,Fitness,LG,S0176,1982.81,1294.07,Active
P06056,SKU-06056,Loreal Outdoor 6056,Sports,Outdoor,Loreal,S0304,780.64,1489.84,Active
P06057,SKU-06057,Samsung Outdoor 6057,Sports,Outdoor,Samsung,S0444,1578.21,509.82,Active
P06058,SKU-06058,HP Fitnes 6058,Sports,Fitness,HP,S0044,1312.68,626.33,Active
P06059,SKU-06059,Nike Fitnes 6059,Sports,Fitness,Nike,S0183,1710.06,420.06,Active
P06060,SKU-06060,Adidas Fitnes 6060,Sports,Fitness,Adidas,S0365,1536.85,341.06,Active
P06061,SKU-06061,HP Fitnes 6061,Sports,Fitness,HP,S0266,242.31,393.71,Active
P06062,SKU-06062,LG Fitnes 6062,Sports,Fitness,LG,S0086,1160.18,923.15,Active
P06063,SKU-06063,LG Outdoor 6063,Sports,Outdoor,LG,S0425,1082.46,1144.82,Active
P06064,SKU-06064,Nike Fitnes 6064,Sports,Fitness,Nike,S0293,712.43,762.97,Active
P06065,SKU-06065,HP Outdoor 6065,Sports,Outdoor,HP,S0313,901.94,225.26,Active
P06066,SKU-06066,Adidas Fitnes 6066,Sports,Fitness,Adidas,S0446,1563.06,402.64,Active
P06067,SKU-06067,Philips Outdoor 6067,Sports,Outdoor,Philips,S0011,1740.25,575.05,Active
P06068,SKU-06068,Sony Outdoor 6068,Sports,Outdoor,Sony,S0377,1616.78,1223.47,Active
P06069,SKU-06069,Sony Fitnes 6069,Sports,Fitness,Sony,S0006,510.59,375.32,Active
P06070,SKU-06070,Philips Fitnes 6070,Sports,Fitness,Philips,S0449,45.13,776.09,Active
P06071,SKU-06071,Dell Fitnes 6071,Sports,Fitness,Dell,S0298,1053.35,1425.89,Active
P06072,SKU-06072,Sony Outdoor 6072,Sports,Outdoor,Sony,S0396,1401.43,803.28,Active
P06073,SKU-06073,Adidas Outdoor 6073,Sports,Outdoor,Adidas,S0173,1984.0,327.06,Active
P06074,SKU-06074,Dell Outdoor 6074,Sports,Outdoor,Dell,S0417,516.27,349.67,Active
P06075,SKU-06075,Sony Fitnes 6075,Sports,Fitness,Sony,S0494,682.32,568.99,Active
P06076,SKU-06076,Philips Outdoor 6076,Sports,Outdoor,Philips,S0407,457.35,405.0,Active
P06077,SKU-06077,Adidas Fitnes 6077,Sports,Fitness,Adidas,S0309,968.98,768.76,Active
P06078,SKU-06078,Philips Fitnes 6078,Sports,Fitness,Philips,S0472,324.57,788.76,Active
P06079,SKU-06079,Philips Fitnes 6079,Sports,Fitness,Philips,S0267,801.57,68.78,Active
P06080,SKU-06080,HP Fitnes 6080,Sports,Fitness,HP,S0230,1264.44,1392.11,Active
P06081,SKU-06081,Loreal Fitnes 6081,Sports,Fitness,Loreal,S0321,1297.14,615.8,Active
P06082,SKU-06082,Philips Outdoor 6082,Sports,Outdoor,Philips,S0459,731.09,687.93,Active
P06083,SKU-06083,Dell Outdoor 6083,Sports,Outdoor,Dell,S0282,806.5,1408.11,Active
P06084,SKU-06084,Philips Fitnes 6084,Sports,Fitness,Philips,S0378,1345.28,514.72,Active
P06085,SKU-06085,Apple Fitnes 6085,Sports,Fitness,Apple,S0100,287.65,925.52,Active
P06086,SKU-06086,Adidas Fitnes 6086,Sports,Fitness,Adidas,S0152,231.51,750.06,Active
P06087,SKU-06087,Loreal Outdoor 6087,Sports,Outdoor,Loreal,S0163,1764.7,1466.87,Active
P06088,SKU-06088,Nike Fitnes 6088,Sports,Fitness,Nike,S0464,1030.24,297.42,Active
P06089,SKU-06089,Samsung Outdoor 6089,Sports,Outdoor,Samsung,S0196,1985.14,104.79,Active
P06090,SKU-06090,Sony Fitnes 6090,Sports,Fitness,Sony,S0291,94.54,278.75,Active
P06091,SKU-06091,LG Outdoor 6091,Sports,Outdoor,LG,S0473,1012.67,531.2,Active
P06092,SKU-06092,Adidas Outdoor 6092,Sports,Outdoor,Adidas,S0023,785.13,130.31,Active
P06093,SKU-06093,Loreal Outdoor 6093,Sports,Outdoor,Loreal,S0229,1106.45,1318.23,Active
P06094,SKU-06094,HP Outdoor 6094,Sports,Outdoor,HP,S0138,1412.67,1378.5,Active
P06095,SKU-06095,Sony Outdoor 6095,Sports,Outdoor,Sony,S0378,506.36,462.77,Active
P06096,SKU-06096,HP Fitnes 6096,Sports,Fitness,HP,S0256,1838.88,861.97,Active
P06097,SKU-06097,HP Outdoor 6097,Sports,Outdoor,HP,S0252,1611.57,1463.32,Active
P06098,SKU-06098,Adidas Fitnes 6098,Sports,Fitness,Adidas,S0122,959.98,250.05,Active
P06099,SKU-06099,Sony Fitnes 6099,Sports,Fitness,Sony,S0457,680.84,681.09,Active
P06100,SKU-06100,Dell Fitnes 6100,Sports,Fitness,Dell,S0225,124.49,736.97,Active
P06101,SKU-06101,Adidas Fitnes 6101,Sports,Fitness,Adidas,S0398,437.25,1184.46,Active
P06102,SKU-06102,HP Outdoor 6102,Sports,Outdoor,HP,S0113,1077.23,181.0,Active
P06103,SKU-06103,Adidas Fitnes 6103,Sports,Fitness,Adidas,S0234,565.39,1186.54,Active
P06104,SKU-06104,Apple Outdoor 6104,Sports,Outdoor,Apple,S0380,29.96,386.48,Active
P06105,SKU-06105,LG Fitnes 6105,Sports,Fitness,LG,S0090,1829.1,445.23,Active
P06106,SKU-06106,Loreal Fitnes 6106,Sports,Fitness,Loreal,S0136,1578.22,910.26,Active
P06107,SKU-06107,LG Outdoor 6107,Sports,Outdoor,LG,S0142,549.05,574.64,Active
P06108,SKU-06108,Philips Fitnes 6108,Sports,Fitness,Philips,S0193,1108.26,537.05,Active
P06109,SKU-06109,Apple Outdoor 6109,Sports,Outdoor,Apple,S0076,778.34,988.92,Active
P06110,SKU-06110,LG Fitnes 6110,Sports,Fitness,LG,S0038,1305.07,1378.52,Active
P06111,SKU-06111,Nike Outdoor 6111,Sports,Outdoor,Nike,S0273,806.34,637.83,Active
P06112,SKU-06112,Sony Outdoor 6112,Sports,Outdoor,Sony,S0484,833.76,658.39,Active
P06113,SKU-06113,HP Outdoor 6113,Sports,Outdoor,HP,S0350,439.46,1291.09,Active
P06114,SKU-06114,Nike Outdoor 6114,Sports,Outdoor,Nike,S0374,1672.8,842.59,Active
P06115,SKU-06115,Philips Outdoor 6115,Sports,Outdoor,Philips,S0066,160.66,332.18,Active
P06116,SKU-06116,Samsung Fitnes 6116,Sports,Fitness,Samsung,S0419,663.09,40.18,Active
P06117,SKU-06117,Dell Fitnes 6117,Sports,Fitness,Dell,S0205,1138.05,88.57,Active
P06118,SKU-06118,Sony Outdoor 6118,Sports,Outdoor,Sony,S0011,18.78,20.31,Active
P06119,SKU-06119,Nike Fitnes 6119,Sports,Fitness,Nike,S0417,230.09,1053.42,Active
P06120,SKU-06120,Adidas Fitnes 6120,Sports,Fitness,Adidas,S0215,1638.91,1354.17,Active
P06121,SKU-06121,Philips Outdoor 6121,Sports,Outdoor,Philips,S0056,1811.53,343.6,Active
P06122,SKU-06122,Dell Fitnes 6122,Sports,Fitness,Dell,S0151,463.44,1105.62,Active
P06123,SKU-06123,Apple Fitnes 6123,Sports,Fitness,Apple,S0470,1763.28,533.71,Active
P06124,SKU-06124,Dell Fitnes 6124,Sports,Fitness,Dell,S0371,1273.47,813.68,Active
P06125,SKU-06125,Dell Outdoor 6125,Sports,Outdoor,Dell,S0467,1613.21,879.84,Active
P06126,SKU-06126,Sony Fitnes 6126,Sports,Fitness,Sony,S0355,1893.96,1283.66,Active
P06127,SKU-06127,Sony Outdoor 6127,Sports,Outdoor,Sony,S0229,1542.74,356.1,Active
P06128,SKU-06128,LG Fitnes 6128,Sports,Fitness,LG,S0497,160.74,1456.82,Active
P06129,SKU-06129,Sony Outdoor 6129,Sports,Outdoor,Sony,S0062,1563.66,978.15,Active
P06130,SKU-06130,Loreal Fitnes 6130,Sports,Fitness,Loreal,S0136,755.61,214.49,Active
P06131,SKU-06131,LG Fitnes 6131,Sports,Fitness,LG,S0322,989.93,1082.11,Active
P06132,SKU-06132,HP Outdoor 6132,Sports,Outdoor,HP,S0178,553.94,104.42,Active
P06133,SKU-06133,Adidas Outdoor 6133,Sports,Outdoor,Adidas,S0130,500.69,496.6,Active
P06134,SKU-06134,Samsung Outdoor 6134,Sports,Outdoor,Samsung,S0155,1137.6,1398.8,Active
P06135,SKU-06135,Philips Outdoor 6135,Sports,Outdoor,Philips,S0165,702.48,1036.71,Active
P06136,SKU-06136,Dell Outdoor 6136,Sports,Outdoor,Dell,S0298,307.01,1036.1,Active
P06137,SKU-06137,Philips Outdoor 6137,Sports,Outdoor,Philips,S0193,1040.29,221.48,Active
P06138,SKU-06138,LG Outdoor 6138,Sports,Outdoor,LG,S0182,469.82,985.5,Active
P06139,SKU-06139,Adidas Fitnes 6139,Sports,Fitness,Adidas,S0081,534.52,238.64,Active
P06140,SKU-06140,Apple Fitnes 6140,Sports,Fitness,Apple,S0125,1594.2,637.69,Active
P06141,SKU-06141,LG Outdoor 6141,Sports,Outdoor,LG,S0462,1928.41,967.31,Active
P06142,SKU-06142,HP Outdoor 6142,Sports,Outdoor,HP,S0190,116.83,1057.8,Active
P06143,SKU-06143,Apple Outdoor 6143,Sports,Outdoor,Apple,S0336,986.16,1416.15,Active
P06144,SKU-06144,Adidas Outdoor 6144,Sports,Outdoor,Adidas,S0313,1384.99,425.89,Active
P06145,SKU-06145,Dell Outdoor 6145,Sports,Outdoor,Dell,S0375,1050.89,1479.23,Active
P06146,SKU-06146,Apple Outdoor 6146,Sports,Outdoor,Apple,S0424,1119.6,1447.79,Active
P06147,SKU-06147,Apple Fitnes 6147,Sports,Fitness,Apple,S0267,1492.75,1112.28,Active
P06148,SKU-06148,Loreal Fitnes 6148,Sports,Fitness,Loreal,S0221,694.23,574.36,Active
P06149,SKU-06149,Sony Fitnes 6149,Sports,Fitness,Sony,S0474,1684.02,91.18,Active
P06150,SKU-06150,Sony Outdoor 6150,Sports,Outdoor,Sony,S0110,1167.22,796.93,Active
P06151,SKU-06151,HP Fitnes 6151,Sports,Fitness,HP,S0138,282.23,1430.86,Active
P06152,SKU-06152,LG Outdoor 6152,Sports,Outdoor,LG,S0399,1452.14,702.6,Active
P06153,SKU-06153,Apple Outdoor 6153,Sports,Outdoor,Apple,S0411,44.21,1046.8,Active
P06154,SKU-06154,Dell Fitnes 6154,Sports,Fitness,Dell,S0254,904.34,1097.96,Active
P06155,SKU-06155,LG Outdoor 6155,Sports,Outdoor,LG,S0338,1370.17,1098.91,Active
P06156,SKU-06156,Samsung Outdoor 6156,Sports,Outdoor,Samsung,S0127,1857.6,1108.76,Active
P06157,SKU-06157,Samsung Fitnes 6157,Sports,Fitness,Samsung,S0364,1201.07,1340.03,Active
P06158,SKU-06158,Apple Outdoor 6158,Sports,Outdoor,Apple,S0220,1675.24,36.26,Active
P06159,SKU-06159,Philips Outdoor 6159,Sports,Outdoor,Philips,S0065,99.88,600.27,Active
P06160,SKU-06160,HP Outdoor 6160,Sports,Outdoor,HP,S0307,952.34,740.19,Active
P06161,SKU-06161,Adidas Fitnes 6161,Sports,Fitness,Adidas,S0074,704.27,198.81,Active
P06162,SKU-06162,Adidas Fitnes 6162,Sports,Fitness,Adidas,S0229,682.96,786.27,Active
P06163,SKU-06163,LG Fitnes 6163,Sports,Fitness,LG,S0163,841.12,1295.81,Active
P06164,SKU-06164,HP Outdoor 6164,Sports,Outdoor,HP,S0271,1042.28,480.45,Active
P06165,SKU-06165,Sony Outdoor 6165,Sports,Outdoor,Sony,S0168,1173.64,429.08,Active
P06166,SKU-06166,Loreal Fitnes 6166,Sports,Fitness,Loreal,S0166,1320.49,362.08,Active
P06167,SKU-06167,Philips Outdoor 6167,Sports,Outdoor,Philips,S0222,769.0,323.55,Active
P06168,SKU-06168,Dell Fitnes 6168,Sports,Fitness,Dell,S0354,1741.41,698.28,Active
P06169,SKU-06169,LG Outdoor 6169,Sports,Outdoor,LG,S0393,1841.93,524.6,Active
P06170,SKU-06170,Adidas Outdoor 6170,Sports,Outdoor,Adidas,S0470,930.52,917.34,Active
P06171,SKU-06171,Adidas Fitnes 6171,Sports,Fitness,Adidas,S0082,1332.82,830.27,Active
P06172,SKU-06172,Nike Fitnes 6172,Sports,Fitness,Nike,S0498,22.13,1286.54,Active
P06173,SKU-06173,Nike Outdoor 6173,Sports,Outdoor,Nike,S0342,1606.48,673.43,Active
P06174,SKU-06174,Adidas Fitnes 6174,Sports,Fitness,Adidas,S0127,696.32,1309.13,Active
P06175,SKU-06175,Sony Outdoor 6175,Sports,Outdoor,Sony,S0043,1085.14,696.62,Active
P06176,SKU-06176,Philips Fitnes 6176,Sports,Fitness,Philips,S0209,1357.58,388.61,Active
P06177,SKU-06177,Adidas Fitnes 6177,Sports,Fitness,Adidas,S0294,632.32,637.89,Active
P06178,SKU-06178,Loreal Outdoor 6178,Sports,Outdoor,Loreal,S0218,732.37,1312.24,Active
P06179,SKU-06179,Dell Fitnes 6179,Sports,Fitness,Dell,S0111,18.01,1123.39,Active
P06180,SKU-06180,Adidas Outdoor 6180,Sports,Outdoor,Adidas,S0414,68.96,89.31,Active
P06181,SKU-06181,Apple Fitnes 6181,Sports,Fitness,Apple,S0203,189.97,1265.37,Active
P06182,SKU-06182,Dell Outdoor 6182,Sports,Outdoor,Dell,S0450,836.25,79.23,Active
P06183,SKU-06183,Philips Fitnes 6183,Sports,Fitness,Philips,S0018,1093.92,390.5,Active
P06184,SKU-06184,Philips Fitnes 6184,Sports,Fitness,Philips,S0031,246.02,396.02,Active
P06185,SKU-06185,Loreal Outdoor 6185,Sports,Outdoor,Loreal,S0351,975.05,543.86,Active
P06186,SKU-06186,HP Fitnes 6186,Sports,Fitness,HP,S0377,324.27,1277.85,Active
P06187,SKU-06187,HP Outdoor 6187,Sports,Outdoor,HP,S0369,1586.78,657.39,Active
P06188,SKU-06188,Loreal Fitnes 6188,Sports,Fitness,Loreal,S0257,1885.62,960.5,Active
P06189,SKU-06189,Dell Fitnes 6189,Sports,Fitness,Dell,S0444,1909.15,884.21,Active
P06190,SKU-06190,HP Outdoor 6190,Sports,Outdoor,HP,S0250,1814.14,1316.35,Active
P06191,SKU-06191,HP Fitnes 6191,Sports,Fitness,HP,S0211,775.81,373.08,Active
P06192,SKU-06192,Loreal Fitnes 6192,Sports,Fitness,Loreal,S0206,1315.69,889.94,Active
P06193,SKU-06193,Apple Outdoor 6193,Sports,Outdoor,Apple,S0118,1127.22,741.54,Active
P06194,SKU-06194,Sony Outdoor 6194,Sports,Outdoor,Sony,S0199,559.24,28.58,Active
P06195,SKU-06195,Sony Fitnes 6195,Sports,Fitness,Sony,S0489,1969.49,291.09,Active
P06196,SKU-06196,Loreal Fitnes 6196,Sports,Fitness,Loreal,S0211,1474.96,1450.94,Active
P06197,SKU-06197,LG Outdoor 6197,Sports,Outdoor,LG,S0238,1817.18,589.01,Active
P06198,SKU-06198,Loreal Outdoor 6198,Sports,Outdoor,Loreal,S0335,1091.63,33.69,Active
P06199,SKU-06199,Nike Outdoor 6199,Sports,Outdoor,Nike,S0079,550.09,601.93,Active
P06200,SKU-06200,Samsung Fitnes 6200,Sports,Fitness,Samsung,S0146,803.59,630.84,Active
P06201,SKU-06201,Philips Outdoor 6201,Sports,Outdoor,Philips,S0265,1970.57,927.82,Active
P06202,SKU-06202,Sony Outdoor 6202,Sports,Outdoor,Sony,S0206,1351.94,1116.67,Active
P06203,SKU-06203,Samsung Outdoor 6203,Sports,Outdoor,Samsung,S0249,795.64,148.34,Active
P06204,SKU-06204,Nike Fitnes 6204,Sports,Fitness,Nike,S0396,205.77,181.4,Active
P06205,SKU-06205,Apple Outdoor 6205,Sports,Outdoor,Apple,S0283,1844.22,986.12,Active
P06206,SKU-06206,LG Outdoor 6206,Sports,Outdoor,LG,S0289,790.11,793.66,Active
P06207,SKU-06207,Apple Outdoor 6207,Sports,Outdoor,Apple,S0429,728.71,1103.39,Active
P06208,SKU-06208,Loreal Fitnes 6208,Sports,Fitness,Loreal,S0383,1040.72,980.26,Active
P06209,SKU-06209,Dell Fitnes 6209,Sports,Fitness,Dell,S0133,1469.15,61.58,Active
P06210,SKU-06210,HP Outdoor 6210,Sports,Outdoor,HP,S0232,1232.28,119.81,Active
P06211,SKU-06211,Samsung Fitnes 6211,Sports,Fitness,Samsung,S0010,1757.79,433.39,Active
P06212,SKU-06212,Samsung Fitnes 6212,Sports,Fitness,Samsung,S0276,1189.32,270.02,Active
P06213,SKU-06213,Philips Outdoor 6213,Sports,Outdoor,Philips,S0421,1875.27,1468.64,Active
P06214,SKU-06214,Loreal Fitnes 6214,Sports,Fitness,Loreal,S0204,1041.56,1432.76,Active
P06215,SKU-06215,Dell Fitnes 6215,Sports,Fitness,Dell,S0305,95.96,827.42,Active
P06216,SKU-06216,HP Outdoor 6216,Sports,Outdoor,HP,S0355,1854.84,595.67,Active
P06217,SKU-06217,Loreal Fitnes 6217,Sports,Fitness,Loreal,S0256,582.36,954.14,Active
P06218,SKU-06218,Dell Fitnes 6218,Sports,Fitness,Dell,S0298,299.8,751.41,Active
P06219,SKU-06219,Sony Outdoor 6219,Sports,Outdoor,Sony,S0407,1320.03,1080.38,Active
P06220,SKU-06220,Sony Outdoor 6220,Sports,Outdoor,Sony,S0147,1008.39,1288.61,Active
P06221,SKU-06221,Samsung Fitnes 6221,Sports,Fitness,Samsung,S0283,1945.75,64.93,Active
P06222,SKU-06222,LG Outdoor 6222,Sports,Outdoor,LG,S0254,381.26,527.76,Active
P06223,SKU-06223,Nike Fitnes 6223,Sports,Fitness,Nike,S0444,1661.24,987.39,Active
P06224,SKU-06224,LG Fitnes 6224,Sports,Fitness,LG,S0115,400.99,829.27,Active
P06225,SKU-06225,Apple Fitnes 6225,Sports,Fitness,Apple,S0152,34.24,203.89,Active
P06226,SKU-06226,Nike Outdoor 6226,Sports,Outdoor,Nike,S0326,1925.05,411.72,Active
P06227,SKU-06227,Loreal Outdoor 6227,Sports,Outdoor,Loreal,S0041,701.12,1193.1,Active
P06228,SKU-06228,HP Fitnes 6228,Sports,Fitness,HP,S0008,1797.61,1388.1,Active
P06229,SKU-06229,Nike Fitnes 6229,Sports,Fitness,Nike,S0043,33.53,1451.16,Active
P06230,SKU-06230,Adidas Outdoor 6230,Sports,Outdoor,Adidas,S0301,799.75,207.91,Active
P06231,SKU-06231,Sony Fitnes 6231,Sports,Fitness,Sony,S0094,604.45,1186.25,Active
P06232,SKU-06232,Dell Outdoor 6232,Sports,Outdoor,Dell,S0350,468.52,1154.01,Active
P06233,SKU-06233,HP Outdoor 6233,Sports,Outdoor,HP,S0153,1405.79,147.29,Active
P06234,SKU-06234,LG Outdoor 6234,Sports,Outdoor,LG,S0356,1831.63,26.84,Active
P06235,SKU-06235,Dell Fitnes 6235,Sports,Fitness,Dell,S0216,952.19,832.59,Active
P06236,SKU-06236,Sony Fitnes 6236,Sports,Fitness,Sony,S0478,605.14,593.14,Active
P06237,SKU-06237,Adidas Fitnes 6237,Sports,Fitness,Adidas,S0470,1644.1,1495.73,Active
P06238,SKU-06238,LG Outdoor 6238,Sports,Outdoor,LG,S0148,432.52,1007.65,Active
P06239,SKU-06239,Loreal Outdoor 6239,Sports,Outdoor,Loreal,S0039,1377.13,375.11,Active
P06240,SKU-06240,LG Outdoor 6240,Sports,Outdoor,LG,S0356,1400.79,1336.25,Active
P06241,SKU-06241,Dell Fitnes 6241,Sports,Fitness,Dell,S0325,26.92,465.1,Active
P06242,SKU-06242,HP Outdoor 6242,Sports,Outdoor,HP,S0245,1675.43,1299.15,Active
P06243,SKU-06243,LG Outdoor 6243,Sports,Outdoor,LG,S0340,1182.04,1344.13,Active
P06244,SKU-06244,LG Fitnes 6244,Sports,Fitness,LG,S0046,1545.63,1131.18,Active
P06245,SKU-06245,HP Fitnes 6245,Sports,Fitness,HP,S0158,1611.9,348.15,Active
P06246,SKU-06246,Dell Outdoor 6246,Sports,Outdoor,Dell,S0335,943.8,712.48,Active
P06247,SKU-06247,Dell Fitnes 6247,Sports,Fitness,Dell,S0179,1756.72,387.34,Active
P06248,SKU-06248,LG Fitnes 6248,Sports,Fitness,LG,S0116,989.88,1362.54,Active
P06249,SKU-06249,HP Fitnes 6249,Sports,Fitness,HP,S0014,1867.01,948.61,Active
P06250,SKU-06250,Loreal Fitnes 6250,Sports,Fitness,Loreal,S0080,1204.09,855.06,Active
P06251,SKU-06251,HP Fitnes 6251,Sports,Fitness,HP,S0411,569.96,80.52,Active
P06252,SKU-06252,Adidas Outdoor 6252,Sports,Outdoor,Adidas,S0036,1379.24,543.6,Active
P06253,SKU-06253,HP Outdoor 6253,Sports,Outdoor,HP,S0132,966.62,868.0,Active
P06254,SKU-06254,Adidas Fitnes 6254,Sports,Fitness,Adidas,S0193,623.57,659.02,Active
P06255,SKU-06255,Philips Outdoor 6255,Sports,Outdoor,Philips,S0424,422.62,721.6,Active
P06256,SKU-06256,Apple Outdoor 6256,Sports,Outdoor,Apple,S0499,1918.09,291.01,Active
P06257,SKU-06257,HP Fitnes 6257,Sports,Fitness,HP,S0377,1028.23,1367.9,Active
P06258,SKU-06258,Philips Fitnes 6258,Sports,Fitness,Philips,S0146,596.31,1391.9,Active
P06259,SKU-06259,Loreal Fitnes 6259,Sports,Fitness,Loreal,S0264,537.19,303.95,Active
P06260,SKU-06260,Nike Fitnes 6260,Sports,Fitness,Nike,S0431,281.53,1123.19,Active
P06261,SKU-06261,HP Fitnes 6261,Sports,Fitness,HP,S0247,68.35,1430.47,Active
P06262,SKU-06262,Adidas Fitnes 6262,Sports,Fitness,Adidas,S0438,222.88,799.74,Active
P06263,SKU-06263,LG Fitnes 6263,Sports,Fitness,LG,S0100,577.76,1198.95,Active
P06264,SKU-06264,HP Fitnes 6264,Sports,Fitness,HP,S0132,334.61,719.89,Active
P06265,SKU-06265,Apple Outdoor 6265,Sports,Outdoor,Apple,S0402,1472.82,1424.05,Active
P06266,SKU-06266,Apple Outdoor 6266,Sports,Outdoor,Apple,S0286,154.29,859.7,Active
P06267,SKU-06267,Adidas Outdoor 6267,Sports,Outdoor,Adidas,S0103,1089.51,315.87,Active
P06268,SKU-06268,Loreal Fitnes 6268,Sports,Fitness,Loreal,S0383,1476.55,1273.7,Active
P06269,SKU-06269,Samsung Fitnes 6269,Sports,Fitness,Samsung,S0016,36.93,259.03,Active
P06270,SKU-06270,Nike Fitnes 6270,Sports,Fitness,Nike,S0438,978.49,58.06,Active
P06271,SKU-06271,Loreal Fitnes 6271,Sports,Fitness,Loreal,S0097,1699.99,942.38,Active
P06272,SKU-06272,Loreal Outdoor 6272,Sports,Outdoor,Loreal,S0374,1030.74,714.63,Active
P06273,SKU-06273,HP Fitnes 6273,Sports,Fitness,HP,S0084,1640.84,343.81,Active
P06274,SKU-06274,Dell Outdoor 6274,Sports,Outdoor,Dell,S0432,1397.16,987.41,Active
P06275,SKU-06275,Dell Fitnes 6275,Sports,Fitness,Dell,S0472,910.89,915.93,Active
P06276,SKU-06276,Apple Fitnes 6276,Sports,Fitness,Apple,S0321,508.21,862.79,Active
P06277,SKU-06277,Adidas Fitnes 6277,Sports,Fitness,Adidas,S0411,1620.07,1411.74,Active
P06278,SKU-06278,Nike Outdoor 6278,Sports,Outdoor,Nike,S0399,1570.06,1190.69,Active
P06279,SKU-06279,Dell Fitnes 6279,Sports,Fitness,Dell,S0479,1409.64,147.09,Active
P06280,SKU-06280,Dell Outdoor 6280,Sports,Outdoor,Dell,S0412,441.72,382.03,Active
P06281,SKU-06281,Nike Outdoor 6281,Sports,Outdoor,Nike,S0459,1052.43,1116.58,Active
P06282,SKU-06282,Dell Outdoor 6282,Sports,Outdoor,Dell,S0230,1048.98,448.42,Active
P06283,SKU-06283,Apple Outdoor 6283,Sports,Outdoor,Apple,S0289,689.38,1269.17,Active
P06284,SKU-06284,LG Fitnes 6284,Sports,Fitness,LG,S0104,492.21,153.39,Active
P06285,SKU-06285,Apple Fitnes 6285,Sports,Fitness,Apple,S0390,648.86,1299.06,Active
P06286,SKU-06286,Apple Outdoor 6286,Sports,Outdoor,Apple,S0372,56.81,960.87,Active
P06287,SKU-06287,Adidas Fitnes 6287,Sports,Fitness,Adidas,S0234,1995.91,1367.44,Active
P06288,SKU-06288,Loreal Outdoor 6288,Sports,Outdoor,Loreal,S0260,1229.01,138.39,Active
P06289,SKU-06289,Adidas Fitnes 6289,Sports,Fitness,Adidas,S0459,1266.07,63.32,Active
P06290,SKU-06290,Loreal Fitnes 6290,Sports,Fitness,Loreal,S0218,373.57,854.86,Active
P06291,SKU-06291,Dell Outdoor 6291,Sports,Outdoor,Dell,S0085,674.39,1482.24,Active
P06292,SKU-06292,Philips Fitnes 6292,Sports,Fitness,Philips,S0479,366.15,1244.73,Active
P06293,SKU-06293,Loreal Outdoor 6293,Sports,Outdoor,Loreal,S0493,1769.73,860.35,Active
P06294,SKU-06294,Loreal Fitnes 6294,Sports,Fitness,Loreal,S0184,702.12,1370.35,Active
P06295,SKU-06295,Loreal Fitnes 6295,Sports,Fitness,Loreal,S0158,421.2,1433.64,Active
P06296,SKU-06296,Adidas Fitnes 6296,Sports,Fitness,Adidas,S0267,1876.02,695.33,Active
P06297,SKU-06297,HP Fitnes 6297,Sports,Fitness,HP,S0253,1949.72,1471.19,Active
P06298,SKU-06298,Loreal Fitnes 6298,Sports,Fitness,Loreal,S0370,1602.31,337.71,Active
P06299,SKU-06299,Dell Outdoor 6299,Sports,Outdoor,Dell,S0308,1533.52,305.45,Active
P06300,SKU-06300,Dell Outdoor 6300,Sports,Outdoor,Dell,S0059,1909.33,625.32,Active
P06301,SKU-06301,Dell Outdoor 6301,Sports,Outdoor,Dell,S0170,280.47,761.83,Active
P06302,SKU-06302,Adidas Fitnes 6302,Sports,Fitness,Adidas,S0154,827.4,139.93,Active
P06303,SKU-06303,Adidas Fitnes 6303,Sports,Fitness,Adidas,S0137,1934.27,1438.35,Active
P06304,SKU-06304,Apple Fitnes 6304,Sports,Fitness,Apple,S0084,757.84,1150.54,Active
P06305,SKU-06305,Adidas Outdoor 6305,Sports,Outdoor,Adidas,S0035,1717.42,1166.56,Active
P06306,SKU-06306,LG Outdoor 6306,Sports,Outdoor,LG,S0391,1614.2,165.44,Active
P06307,SKU-06307,LG Outdoor 6307,Sports,Outdoor,LG,S0356,370.52,890.38,Active
P06308,SKU-06308,HP Outdoor 6308,Sports,Outdoor,HP,S0201,1319.6,338.79,Active
P06309,SKU-06309,Adidas Outdoor 6309,Sports,Outdoor,Adidas,S0405,1294.57,281.71,Active
P06310,SKU-06310,Samsung Outdoor 6310,Sports,Outdoor,Samsung,S0376,1670.5,485.1,Active
P06311,SKU-06311,Dell Fitnes 6311,Sports,Fitness,Dell,S0170,521.26,107.38,Active
P06312,SKU-06312,Loreal Fitnes 6312,Sports,Fitness,Loreal,S0247,891.6,310.25,Active
P06313,SKU-06313,Adidas Outdoor 6313,Sports,Outdoor,Adidas,S0380,401.15,598.79,Active
P06314,SKU-06314,Nike Fitnes 6314,Sports,Fitness,Nike,S0296,682.59,878.66,Active
P06315,SKU-06315,Adidas Fitnes 6315,Sports,Fitness,Adidas,S0253,370.5,1112.58,Active
P06316,SKU-06316,HP Outdoor 6316,Sports,Outdoor,HP,S0485,859.44,9.66,Active
P06317,SKU-06317,Dell Fitnes 6317,Sports,Fitness,Dell,S0324,1270.8,1056.43,Active
P06318,SKU-06318,LG Outdoor 6318,Sports,Outdoor,LG,S0202,1670.31,859.5,Active
P06319,SKU-06319,Adidas Outdoor 6319,Sports,Outdoor,Adidas,S0299,165.26,1007.36,Active
P06320,SKU-06320,Nike Fitnes 6320,Sports,Fitness,Nike,S0104,1470.92,1431.97,Active
P06321,SKU-06321,Loreal Fitnes 6321,Sports,Fitness,Loreal,S0450,897.34,1425.65,Active
P06322,SKU-06322,Philips Fitnes 6322,Sports,Fitness,Philips,S0374,599.28,1271.05,Active
P06323,SKU-06323,Adidas Outdoor 6323,Sports,Outdoor,Adidas,S0193,793.69,633.36,Active
P06324,SKU-06324,Philips Fitnes 6324,Sports,Fitness,Philips,S0477,1919.78,969.85,Active
P06325,SKU-06325,HP Outdoor 6325,Sports,Outdoor,HP,S0358,1240.64,830.13,Active
P06326,SKU-06326,Sony Fitnes 6326,Sports,Fitness,Sony,S0340,94.05,734.91,Active
P06327,SKU-06327,Nike Outdoor 6327,Sports,Outdoor,Nike,S0419,713.59,622.43,Active
P06328,SKU-06328,Loreal Outdoor 6328,Sports,Outdoor,Loreal,S0059,644.6,856.05,Active
P06329,SKU-06329,Philips Outdoor 6329,Sports,Outdoor,Philips,S0052,1665.9,142.59,Active
P06330,SKU-06330,Sony Fitnes 6330,Sports,Fitness,Sony,S0454,678.05,553.53,Active
P06331,SKU-06331,Adidas Outdoor 6331,Sports,Outdoor,Adidas,S0117,601.63,311.15,Active
P06332,SKU-06332,Apple Fitnes 6332,Sports,Fitness,Apple,S0153,154.31,232.82,Active
P06333,SKU-06333,Sony Fitnes 6333,Sports,Fitness,Sony,S0301,27.55,1105.62,Active
P06334,SKU-06334,Loreal Fitnes 6334,Sports,Fitness,Loreal,S0315,1647.45,1193.13,Active
P06335,SKU-06335,Sony Outdoor 6335,Sports,Outdoor,Sony,S0331,413.19,193.73,Active
P06336,SKU-06336,LG Fitnes 6336,Sports,Fitness,LG,S0333,1426.62,1127.58,Active
P06337,SKU-06337,Loreal Fitnes 6337,Sports,Fitness,Loreal,S0423,1676.96,849.68,Active
P06338,SKU-06338,Apple Outdoor 6338,Sports,Outdoor,Apple,S0127,522.33,1230.13,Active
P06339,SKU-06339,Apple Fitnes 6339,Sports,Fitness,Apple,S0320,83.89,575.29,Active
P06340,SKU-06340,Adidas Fitnes 6340,Sports,Fitness,Adidas,S0384,1694.25,968.36,Active
P06341,SKU-06341,Philips Fitnes 6341,Sports,Fitness,Philips,S0255,1554.78,1480.29,Active
P06342,SKU-06342,Adidas Fitnes 6342,Sports,Fitness,Adidas,S0219,769.14,198.91,Active
P06343,SKU-06343,Adidas Fitnes 6343,Sports,Fitness,Adidas,S0001,568.52,543.33,Active
P06344,SKU-06344,Nike Fitnes 6344,Sports,Fitness,Nike,S0165,1905.49,770.11,Active
P06345,SKU-06345,HP Fitnes 6345,Sports,Fitness,HP,S0385,972.88,823.65,Active
P06346,SKU-06346,Philips Fitnes 6346,Sports,Fitness,Philips,S0287,1216.69,1206.68,Active
P06347,SKU-06347,Nike Outdoor 6347,Sports,Outdoor,Nike,S0127,1864.8,1318.89,Active
P06348,SKU-06348,Apple Fitnes 6348,Sports,Fitness,Apple,S0435,786.77,1378.67,Active
P06349,SKU-06349,HP Outdoor 6349,Sports,Outdoor,HP,S0266,1321.02,1474.59,Active
P06350,SKU-06350,Philips Fitnes 6350,Sports,Fitness,Philips,S0234,569.68,1267.29,Active
P06351,SKU-06351,Philips Outdoor 6351,Sports,Outdoor,Philips,S0356,449.43,1217.42,Active
P06352,SKU-06352,Philips Outdoor 6352,Sports,Outdoor,Philips,S0136,1418.45,1493.53,Active
P06353,SKU-06353,HP Fitnes 6353,Sports,Fitness,HP,S0144,1535.31,327.92,Active
P06354,SKU-06354,LG Fitnes 6354,Sports,Fitness,LG,S0015,1294.2,925.93,Active
P06355,SKU-06355,Adidas Outdoor 6355,Sports,Outdoor,Adidas,S0468,352.96,1114.03,Active
P06356,SKU-06356,HP Fitnes 6356,Sports,Fitness,HP,S0181,374.42,1490.67,Active
P06357,SKU-06357,Loreal Fitnes 6357,Sports,Fitness,Loreal,S0188,850.25,644.5,Active
P06358,SKU-06358,Dell Outdoor 6358,Sports,Outdoor,Dell,S0253,497.89,1264.46,Active
P06359,SKU-06359,Sony Outdoor 6359,Sports,Outdoor,Sony,S0143,1249.47,347.24,Active
P06360,SKU-06360,Adidas Fitnes 6360,Sports,Fitness,Adidas,S0312,288.74,721.41,Active
P06361,SKU-06361,Sony Fitnes 6361,Sports,Fitness,Sony,S0399,1625.36,599.05,Active
P06362,SKU-06362,HP Outdoor 6362,Sports,Outdoor,HP,S0045,1401.22,1180.34,Active
P06363,SKU-06363,Apple Fitnes 6363,Sports,Fitness,Apple,S0318,133.25,238.65,Active
P06364,SKU-06364,Adidas Outdoor 6364,Sports,Outdoor,Adidas,S0187,1653.36,771.66,Active
P06365,SKU-06365,Philips Fitnes 6365,Sports,Fitness,Philips,S0229,868.37,1133.47,Active
P06366,SKU-06366,LG Outdoor 6366,Sports,Outdoor,LG,S0470,680.35,988.61,Active
P06367,SKU-06367,Apple Fitnes 6367,Sports,Fitness,Apple,S0457,716.18,355.19,Active
P06368,SKU-06368,Dell Fitnes 6368,Sports,Fitness,Dell,S0496,1973.15,882.16,Active
P06369,SKU-06369,Adidas Fitnes 6369,Sports,Fitness,Adidas,S0458,731.62,623.99,Active
P06370,SKU-06370,LG Outdoor 6370,Sports,Outdoor,LG,S0493,574.66,462.47,Active
P06371,SKU-06371,Adidas Fitnes 6371,Sports,Fitness,Adidas,S0190,1527.5,1153.26,Active
P06372,SKU-06372,Apple Fitnes 6372,Sports,Fitness,Apple,S0336,815.19,322.93,Active
P06373,SKU-06373,Loreal Fitnes 6373,Sports,Fitness,Loreal,S0257,1037.18,1472.91,Active
P06374,SKU-06374,Samsung Outdoor 6374,Sports,Outdoor,Samsung,S0357,1244.0,585.98,Active
P06375,SKU-06375,Sony Outdoor 6375,Sports,Outdoor,Sony,S0196,832.72,1476.41,Active
P06376,SKU-06376,Apple Outdoor 6376,Sports,Outdoor,Apple,S0330,580.37,212.74,Active
P06377,SKU-06377,Apple Fitnes 6377,Sports,Fitness,Apple,S0310,1342.83,1103.92,Active
P06378,SKU-06378,Nike Outdoor 6378,Sports,Outdoor,Nike,S0427,1796.88,394.75,Active
P06379,SKU-06379,Loreal Outdoor 6379,Sports,Outdoor,Loreal,S0216,1161.62,1487.28,Active
P06380,SKU-06380,HP Fitnes 6380,Sports,Fitness,HP,S0268,467.39,1357.36,Active
P06381,SKU-06381,Sony Outdoor 6381,Sports,Outdoor,Sony,S0109,1480.67,1261.38,Active
P06382,SKU-06382,Nike Outdoor 6382,Sports,Outdoor,Nike,S0001,1246.31,1200.08,Active
P06383,SKU-06383,Dell Outdoor 6383,Sports,Outdoor,Dell,S0022,331.45,272.62,Active
P06384,SKU-06384,Philips Fitnes 6384,Sports,Fitness,Philips,S0364,1180.81,1081.04,Active
P06385,SKU-06385,Samsung Fitnes 6385,Sports,Fitness,Samsung,S0112,970.29,259.65,Active
P06386,SKU-06386,Apple Fitnes 6386,Sports,Fitness,Apple,S0053,263.48,498.89,Active
P06387,SKU-06387,Dell Outdoor 6387,Sports,Outdoor,Dell,S0043,785.52,794.47,Active
P06388,SKU-06388,Philips Outdoor 6388,Sports,Outdoor,Philips,S0035,1960.11,620.44,Active
P06389,SKU-06389,LG Fitnes 6389,Sports,Fitness,LG,S0146,835.25,1095.25,Active
P06390,SKU-06390,Adidas Outdoor 6390,Sports,Outdoor,Adidas,S0289,1710.53,942.62,Active
P06391,SKU-06391,Sony Fitnes 6391,Sports,Fitness,Sony,S0169,1193.21,1147.28,Active
P06392,SKU-06392,HP Fitnes 6392,Sports,Fitness,HP,S0272,1959.8,515.1,Active
P06393,SKU-06393,HP Outdoor 6393,Sports,Outdoor,HP,S0107,306.1,733.42,Active
P06394,SKU-06394,Samsung Fitnes 6394,Sports,Fitness,Samsung,S0360,643.82,1103.54,Active
P06395,SKU-06395,HP Outdoor 6395,Sports,Outdoor,HP,S0351,311.3,855.16,Active
P06396,SKU-06396,Apple Fitnes 6396,Sports,Fitness,Apple,S0372,1353.83,360.22,Active
P06397,SKU-06397,Sony Outdoor 6397,Sports,Outdoor,Sony,S0200,1888.38,1003.68,Active
P06398,SKU-06398,Sony Fitnes 6398,Sports,Fitness,Sony,S0048,1082.93,134.52,Active
P06399,SKU-06399,Nike Outdoor 6399,Sports,Outdoor,Nike,S0221,43.4,719.45,Active
P06400,SKU-06400,Apple Outdoor 6400,Sports,Outdoor,Apple,S0420,1324.02,1261.88,Active
P06401,SKU-06401,Sony Fitnes 6401,Sports,Fitness,Sony,S0208,693.05,384.53,Active
P06402,SKU-06402,Sony Fitnes 6402,Sports,Fitness,Sony,S0313,1701.49,350.84,Active
P06403,SKU-06403,Sony Fitnes 6403,Sports,Fitness,Sony,S0272,1536.43,771.49,Active
P06404,SKU-06404,Nike Fitnes 6404,Sports,Fitness,Nike,S0435,325.5,466.28,Active
P06405,SKU-06405,Apple Outdoor 6405,Sports,Outdoor,Apple,S0295,1045.1,1302.09,Active
P06406,SKU-06406,Sony Outdoor 6406,Sports,Outdoor,Sony,S0234,808.89,856.52,Active
P06407,SKU-06407,LG Fitnes 6407,Sports,Fitness,LG,S0129,715.61,746.09,Active
P06408,SKU-06408,Philips Outdoor 6408,Sports,Outdoor,Philips,S0103,1645.37,144.01,Active
P06409,SKU-06409,Philips Fitnes 6409,Sports,Fitness,Philips,S0340,559.05,1326.5,Active
P06410,SKU-06410,Philips Fitnes 6410,Sports,Fitness,Philips,S0063,75.92,197.17,Active
P06411,SKU-06411,Samsung Outdoor 6411,Sports,Outdoor,Samsung,S0088,853.47,139.5,Active
P06412,SKU-06412,HP Outdoor 6412,Sports,Outdoor,HP,S0095,770.54,276.98,Active
P06413,SKU-06413,Sony Fitnes 6413,Sports,Fitness,Sony,S0428,1981.18,1371.21,Active
P06414,SKU-06414,Dell Outdoor 6414,Sports,Outdoor,Dell,S0012,1208.67,634.77,Active
P06415,SKU-06415,Sony Outdoor 6415,Sports,Outdoor,Sony,S0067,1563.73,16.0,Active
P06416,SKU-06416,Adidas Fitnes 6416,Sports,Fitness,Adidas,S0397,1674.53,95.23,Active
P06417,SKU-06417,Philips Outdoor 6417,Sports,Outdoor,Philips,S0062,1141.66,289.42,Active
P06418,SKU-06418,Dell Outdoor 6418,Sports,Outdoor,Dell,S0042,1579.41,683.57,Active
P06419,SKU-06419,LG Fitnes 6419,Sports,Fitness,LG,S0335,595.88,903.33,Active
P06420,SKU-06420,HP Outdoor 6420,Sports,Outdoor,HP,S0478,952.39,123.14,Active
P06421,SKU-06421,HP Outdoor 6421,Sports,Outdoor,HP,S0094,1426.02,1083.05,Active
P06422,SKU-06422,Adidas Fitnes 6422,Sports,Fitness,Adidas,S0180,201.73,99.15,Active
P06423,SKU-06423,Philips Outdoor 6423,Sports,Outdoor,Philips,S0318,318.91,489.64,Active
P06424,SKU-06424,HP Outdoor 6424,Sports,Outdoor,HP,S0327,154.37,281.78,Active
P06425,SKU-06425,Samsung Outdoor 6425,Sports,Outdoor,Samsung,S0470,1351.86,1444.69,Active
P06426,SKU-06426,HP Outdoor 6426,Sports,Outdoor,HP,S0104,682.62,303.06,Active
P06427,SKU-06427,Sony Fitnes 6427,Sports,Fitness,Sony,S0496,1949.15,733.71,Active
P06428,SKU-06428,Dell Outdoor 6428,Sports,Outdoor,Dell,S0207,1519.06,650.06,Active
P06429,SKU-06429,LG Fitnes 6429,Sports,Fitness,LG,S0262,1965.15,512.15,Active
P06430,SKU-06430,Nike Outdoor 6430,Sports,Outdoor,Nike,S0254,1736.37,1437.12,Active
P06431,SKU-06431,Sony Fitnes 6431,Sports,Fitness,Sony,S0251,1745.51,1025.23,Active
P06432,SKU-06432,Samsung Outdoor 6432,Sports,Outdoor,Samsung,S0361,1591.22,418.98,Active
P06433,SKU-06433,LG Outdoor 6433,Sports,Outdoor,LG,S0298,1129.52,216.4,Active
P06434,SKU-06434,Sony Outdoor 6434,Sports,Outdoor,Sony,S0115,827.71,526.11,Active
P06435,SKU-06435,Apple Outdoor 6435,Sports,Outdoor,Apple,S0001,1593.86,1275.21,Active
P06436,SKU-06436,Nike Fitnes 6436,Sports,Fitness,Nike,S0430,155.98,454.99,Active
P06437,SKU-06437,HP Fitnes 6437,Sports,Fitness,HP,S0367,1712.09,197.88,Active
P06438,SKU-06438,Nike Outdoor 6438,Sports,Outdoor,Nike,S0210,997.06,1092.76,Active
P06439,SKU-06439,Samsung Outdoor 6439,Sports,Outdoor,Samsung,S0330,1801.85,1073.26,Active
P06440,SKU-06440,Samsung Outdoor 6440,Sports,Outdoor,Samsung,S0345,1920.22,1239.9,Active
P06441,SKU-06441,Sony Fitnes 6441,Sports,Fitness,Sony,S0253,1626.96,513.47,Active
P06442,SKU-06442,Sony Outdoor 6442,Sports,Outdoor,Sony,S0012,1220.31,758.4,Active
P06443,SKU-06443,Sony Outdoor 6443,Sports,Outdoor,Sony,S0182,369.65,999.79,Active
P06444,SKU-06444,HP Outdoor 6444,Sports,Outdoor,HP,S0221,553.06,1333.86,Active
P06445,SKU-06445,Philips Outdoor 6445,Sports,Outdoor,Philips,S0184,1077.51,1299.92,Active
P06446,SKU-06446,Nike Outdoor 6446,Sports,Outdoor,Nike,S0440,813.66,1455.99,Active
P06447,SKU-06447,Nike Outdoor 6447,Sports,Outdoor,Nike,S0142,1846.11,42.05,Active
P06448,SKU-06448,HP Fitnes 6448,Sports,Fitness,HP,S0329,1858.74,61.39,Active
P06449,SKU-06449,Nike Fitnes 6449,Sports,Fitness,Nike,S0369,1022.58,1063.75,Active
P06450,SKU-06450,LG Outdoor 6450,Sports,Outdoor,LG,S0223,1451.41,341.61,Active
P06451,SKU-06451,Loreal Outdoor 6451,Sports,Outdoor,Loreal,S0127,480.18,1436.68,Active
P06452,SKU-06452,Dell Fitnes 6452,Sports,Fitness,Dell,S0150,974.46,621.64,Active
P06453,SKU-06453,HP Outdoor 6453,Sports,Outdoor,HP,S0249,295.57,83.01,Active
P06454,SKU-06454,LG Fitnes 6454,Sports,Fitness,LG,S0478,297.57,633.3,Active
P06455,SKU-06455,Samsung Fitnes 6455,Sports,Fitness,Samsung,S0426,805.67,1209.77,Active
P06456,SKU-06456,Loreal Fitnes 6456,Sports,Fitness,Loreal,S0470,1241.26,270.67,Active
P06457,SKU-06457,Loreal Outdoor 6457,Sports,Outdoor,Loreal,S0076,463.99,377.67,Active
P06458,SKU-06458,Nike Fitnes 6458,Sports,Fitness,Nike,S0237,869.27,120.56,Active
P06459,SKU-06459,Apple Outdoor 6459,Sports,Outdoor,Apple,S0453,650.48,1150.51,Active
P06460,SKU-06460,HP Outdoor 6460,Sports,Outdoor,HP,S0144,866.5,741.52,Active
P06461,SKU-06461,Apple Outdoor 6461,Sports,Outdoor,Apple,S0304,1998.63,873.66,Active
P06462,SKU-06462,Adidas Outdoor 6462,Sports,Outdoor,Adidas,S0283,664.92,119.31,Active
P06463,SKU-06463,LG Fitnes 6463,Sports,Fitness,LG,S0195,1761.22,202.88,Active
P06464,SKU-06464,Loreal Fitnes 6464,Sports,Fitness,Loreal,S0324,840.1,639.9,Active
P06465,SKU-06465,HP Outdoor 6465,Sports,Outdoor,HP,S0118,244.87,550.01,Active
P06466,SKU-06466,Sony Fitnes 6466,Sports,Fitness,Sony,S0221,1161.42,923.52,Active
P06467,SKU-06467,HP Outdoor 6467,Sports,Outdoor,HP,S0483,1392.86,1452.33,Active
P06468,SKU-06468,HP Outdoor 6468,Sports,Outdoor,HP,S0186,815.7,1473.58,Active
P06469,SKU-06469,Dell Fitnes 6469,Sports,Fitness,Dell,S0465,514.25,392.84,Active
P06470,SKU-06470,Adidas Outdoor 6470,Sports,Outdoor,Adidas,S0127,1046.76,1237.26,Active
P06471,SKU-06471,HP Fitnes 6471,Sports,Fitness,HP,S0360,1468.11,1211.63,Active
P06472,SKU-06472,Adidas Outdoor 6472,Sports,Outdoor,Adidas,S0409,453.28,431.5,Active
P06473,SKU-06473,Sony Fitnes 6473,Sports,Fitness,Sony,S0233,763.34,1257.08,Active
P06474,SKU-06474,Loreal Fitnes 6474,Sports,Fitness,Loreal,S0257,1745.03,356.9,Active
P06475,SKU-06475,HP Fitnes 6475,Sports,Fitness,HP,S0493,995.8,1287.16,Active
P06476,SKU-06476,Samsung Fitnes 6476,Sports,Fitness,Samsung,S0280,837.75,123.93,Active
P06477,SKU-06477,Sony Outdoor 6477,Sports,Outdoor,Sony,S0191,1278.57,1160.16,Active
P06478,SKU-06478,LG Outdoor 6478,Sports,Outdoor,LG,S0172,1683.87,1352.99,Active
P06479,SKU-06479,Nike Fitnes 6479,Sports,Fitness,Nike,S0165,1648.88,758.31,Active
P06480,SKU-06480,Nike Outdoor 6480,Sports,Outdoor,Nike,S0444,868.89,1385.86,Active
P06481,SKU-06481,Adidas Fitnes 6481,Sports,Fitness,Adidas,S0286,1954.27,921.26,Active
P06482,SKU-06482,Adidas Fitnes 6482,Sports,Fitness,Adidas,S0079,1827.42,245.52,Active
P06483,SKU-06483,Sony Outdoor 6483,Sports,Outdoor,Sony,S0023,642.67,545.37,Active
P06484,SKU-06484,HP Fitnes 6484,Sports,Fitness,HP,S0198,1513.53,656.61,Active
P06485,SKU-06485,LG Fitnes 6485,Sports,Fitness,LG,S0072,1361.22,1287.01,Active
P06486,SKU-06486,HP Fitnes 6486,Sports,Fitness,HP,S0295,948.16,1287.84,Active
P06487,SKU-06487,HP Outdoor 6487,Sports,Outdoor,HP,S0339,1121.81,777.07,Active
P06488,SKU-06488,HP Fitnes 6488,Sports,Fitness,HP,S0407,1832.15,306.38,Active
P06489,SKU-06489,Nike Fitnes 6489,Sports,Fitness,Nike,S0121,747.21,507.54,Active
P06490,SKU-06490,HP Fitnes 6490,Sports,Fitness,HP,S0447,329.77,83.04,Active
P06491,SKU-06491,Samsung Fitnes 6491,Sports,Fitness,Samsung,S0202,1882.45,771.49,Active
P06492,SKU-06492,Philips Outdoor 6492,Sports,Outdoor,Philips,S0391,1056.23,419.91,Active
P06493,SKU-06493,HP Outdoor 6493,Sports,Outdoor,HP,S0286,675.14,310.67,Active
P06494,SKU-06494,Philips Fitnes 6494,Sports,Fitness,Philips,S0353,818.27,451.34,Active
P06495,SKU-06495,Samsung Outdoor 6495,Sports,Outdoor,Samsung,S0404,1372.23,1473.86,Active
P06496,SKU-06496,Sony Outdoor 6496,Sports,Outdoor,Sony,S0050,723.62,162.35,Active
P06497,SKU-06497,Apple Outdoor 6497,Sports,Outdoor,Apple,S0345,844.55,1316.9,Active
P06498,SKU-06498,Apple Outdoor 6498,Sports,Outdoor,Apple,S0411,1850.47,276.34,Active
P06499,SKU-06499,Dell Fitnes 6499,Sports,Fitness,Dell,S0147,1406.61,252.55,Active
P06500,SKU-06500,Adidas Outdoor 6500,Sports,Outdoor,Adidas,S0351,704.3,69.43,Active
P06501,SKU-06501,Samsung Outdoor 6501,Sports,Outdoor,Samsung,S0481,1788.04,1094.08,Active
P06502,SKU-06502,Samsung Outdoor 6502,Sports,Outdoor,Samsung,S0147,338.52,271.21,Active
P06503,SKU-06503,Nike Fitnes 6503,Sports,Fitness,Nike,S0329,491.42,1458.65,Active
P06504,SKU-06504,Loreal Fitnes 6504,Sports,Fitness,Loreal,S0469,1592.19,1470.73,Active
P06505,SKU-06505,HP Fitnes 6505,Sports,Fitness,HP,S0256,1554.3,531.75,Active
P06506,SKU-06506,Sony Outdoor 6506,Sports,Outdoor,Sony,S0500,686.52,614.72,Active
P06507,SKU-06507,Loreal Outdoor 6507,Sports,Outdoor,Loreal,S0077,416.28,767.49,Active
P06508,SKU-06508,Sony Outdoor 6508,Sports,Outdoor,Sony,S0143,1795.02,250.68,Active
P06509,SKU-06509,LG Outdoor 6509,Sports,Outdoor,LG,S0365,1917.55,226.4,Active
P06510,SKU-06510,Dell Fitnes 6510,Sports,Fitness,Dell,S0295,594.97,829.07,Active
P06511,SKU-06511,Adidas Outdoor 6511,Sports,Outdoor,Adidas,S0080,443.9,1498.25,Active
P06512,SKU-06512,LG Outdoor 6512,Sports,Outdoor,LG,S0004,1166.31,1461.27,Active
P06513,SKU-06513,Apple Fitnes 6513,Sports,Fitness,Apple,S0382,631.29,1178.17,Active
P06514,SKU-06514,Nike Outdoor 6514,Sports,Outdoor,Nike,S0308,794.56,328.74,Active
P06515,SKU-06515,Adidas Outdoor 6515,Sports,Outdoor,Adidas,S0175,289.6,585.28,Active
P06516,SKU-06516,Loreal Fitnes 6516,Sports,Fitness,Loreal,S0103,162.35,845.04,Active
P06517,SKU-06517,Sony Fitnes 6517,Sports,Fitness,Sony,S0073,488.31,1085.1,Active
P06518,SKU-06518,Dell Fitnes 6518,Sports,Fitness,Dell,S0037,502.57,955.38,Active
P06519,SKU-06519,LG Outdoor 6519,Sports,Outdoor,LG,S0095,748.04,146.0,Active
P06520,SKU-06520,Adidas Outdoor 6520,Sports,Outdoor,Adidas,S0026,592.72,843.85,Active
P06521,SKU-06521,HP Outdoor 6521,Sports,Outdoor,HP,S0328,1386.7,766.88,Active
P06522,SKU-06522,Samsung Outdoor 6522,Sports,Outdoor,Samsung,S0399,163.43,649.22,Active
P06523,SKU-06523,Adidas Outdoor 6523,Sports,Outdoor,Adidas,S0041,409.79,490.06,Active
P06524,SKU-06524,Sony Fitnes 6524,Sports,Fitness,Sony,S0064,961.21,743.06,Active
P06525,SKU-06525,Apple Outdoor 6525,Sports,Outdoor,Apple,S0062,30.77,1385.31,Active
P06526,SKU-06526,Loreal Fitnes 6526,Sports,Fitness,Loreal,S0397,476.7,1153.21,Active
P06527,SKU-06527,Nike Fitnes 6527,Sports,Fitness,Nike,S0014,1972.54,937.16,Active
P06528,SKU-06528,HP Outdoor 6528,Sports,Outdoor,HP,S0469,755.45,438.26,Active
P06529,SKU-06529,Adidas Fitnes 6529,Sports,Fitness,Adidas,S0275,1078.37,625.22,Active
P06530,SKU-06530,HP Outdoor 6530,Sports,Outdoor,HP,S0276,888.63,167.32,Active
P06531,SKU-06531,Apple Fitnes 6531,Sports,Fitness,Apple,S0150,1970.27,1324.23,Active
P06532,SKU-06532,HP Outdoor 6532,Sports,Outdoor,HP,S0381,145.19,525.59,Active
P06533,SKU-06533,Samsung Fitnes 6533,Sports,Fitness,Samsung,S0149,1851.3,863.27,Active
P06534,SKU-06534,Samsung Outdoor 6534,Sports,Outdoor,Samsung,S0483,1432.17,141.69,Active
P06535,SKU-06535,HP Fitnes 6535,Sports,Fitness,HP,S0247,258.42,1032.22,Active
P06536,SKU-06536,Apple Outdoor 6536,Sports,Outdoor,Apple,S0487,1761.32,14.22,Active
P06537,SKU-06537,HP Fitnes 6537,Sports,Fitness,HP,S0129,366.76,760.08,Active
P06538,SKU-06538,Adidas Fitnes 6538,Sports,Fitness,Adidas,S0455,749.99,939.89,Active
P06539,SKU-06539,Nike Fitnes 6539,Sports,Fitness,Nike,S0254,1750.14,711.71,Active
P06540,SKU-06540,Dell Fitnes 6540,Sports,Fitness,Dell,S0375,620.01,386.69,Active
P06541,SKU-06541,Apple Fitnes 6541,Sports,Fitness,Apple,S0268,203.83,690.03,Active
P06542,SKU-06542,Samsung Outdoor 6542,Sports,Outdoor,Samsung,S0072,1613.95,51.57,Active
P06543,SKU-06543,HP Fitnes 6543,Sports,Fitness,HP,S0356,334.11,1256.62,Active
P06544,SKU-06544,LG Fitnes 6544,Sports,Fitness,LG,S0316,843.89,340.45,Active
P06545,SKU-06545,Apple Fitnes 6545,Sports,Fitness,Apple,S0435,1083.78,968.69,Active
P06546,SKU-06546,Dell Outdoor 6546,Sports,Outdoor,Dell,S0482,104.82,1293.6,Active
P06547,SKU-06547,Adidas Outdoor 6547,Sports,Outdoor,Adidas,S0199,1322.61,879.7,Active
P06548,SKU-06548,Adidas Fitnes 6548,Sports,Fitness,Adidas,S0067,413.85,1437.55,Active
P06549,SKU-06549,Philips Outdoor 6549,Sports,Outdoor,Philips,S0339,215.8,848.46,Active
P06550,SKU-06550,Loreal Outdoor 6550,Sports,Outdoor,Loreal,S0288,1957.62,963.47,Active
P06551,SKU-06551,LG Fitnes 6551,Sports,Fitness,LG,S0008,1985.6,445.38,Active
P06552,SKU-06552,LG Outdoor 6552,Sports,Outdoor,LG,S0177,1411.16,934.88,Active
P06553,SKU-06553,Nike Outdoor 6553,Sports,Outdoor,Nike,S0175,1552.23,844.54,Active
P06554,SKU-06554,Adidas Outdoor 6554,Sports,Outdoor,Adidas,S0306,963.24,1247.97,Active
P06555,SKU-06555,Philips Outdoor 6555,Sports,Outdoor,Philips,S0262,1795.52,597.79,Active
P06556,SKU-06556,Samsung Outdoor 6556,Sports,Outdoor,Samsung,S0197,1449.57,1419.15,Active
P06557,SKU-06557,Loreal Fitnes 6557,Sports,Fitness,Loreal,S0319,1647.03,322.09,Active
P06558,SKU-06558,Dell Fitnes 6558,Sports,Fitness,Dell,S0332,1512.29,1467.61,Active
P06559,SKU-06559,LG Fitnes 6559,Sports,Fitness,LG,S0194,1638.05,1041.69,Active
P06560,SKU-06560,Sony Outdoor 6560,Sports,Outdoor,Sony,S0256,1249.63,181.1,Active
P06561,SKU-06561,Apple Fitnes 6561,Sports,Fitness,Apple,S0458,1290.06,467.92,Active
P06562,SKU-06562,Loreal Outdoor 6562,Sports,Outdoor,Loreal,S0235,60.89,41.19,Active
P06563,SKU-06563,LG Outdoor 6563,Sports,Outdoor,LG,S0235,627.83,1436.12,Active
P06564,SKU-06564,Apple Fitnes 6564,Sports,Fitness,Apple,S0200,1799.66,943.06,Active
P06565,SKU-06565,Loreal Fitnes 6565,Sports,Fitness,Loreal,S0352,639.86,500.94,Active
P06566,SKU-06566,Apple Fitnes 6566,Sports,Fitness,Apple,S0207,1557.97,127.61,Active
P06567,SKU-06567,LG Fitnes 6567,Sports,Fitness,LG,S0087,951.79,219.19,Active
P06568,SKU-06568,LG Fitnes 6568,Sports,Fitness,LG,S0383,1480.02,17.21,Active
P06569,SKU-06569,LG Fitnes 6569,Sports,Fitness,LG,S0319,244.41,676.62,Active
P06570,SKU-06570,Loreal Outdoor 6570,Sports,Outdoor,Loreal,S0393,244.03,296.74,Active
P06571,SKU-06571,Apple Fitnes 6571,Sports,Fitness,Apple,S0235,647.66,324.66,Active
P06572,SKU-06572,Nike Outdoor 6572,Sports,Outdoor,Nike,S0014,955.32,591.79,Active
P06573,SKU-06573,Nike Outdoor 6573,Sports,Outdoor,Nike,S0432,189.49,47.97,Active
P06574,SKU-06574,Apple Outdoor 6574,Sports,Outdoor,Apple,S0184,1001.65,62.99,Active
P06575,SKU-06575,Adidas Outdoor 6575,Sports,Outdoor,Adidas,S0389,1911.63,1404.32,Active
P06576,SKU-06576,Samsung Outdoor 6576,Sports,Outdoor,Samsung,S0477,171.36,804.33,Active
P06577,SKU-06577,HP Outdoor 6577,Sports,Outdoor,HP,S0114,1587.99,1172.98,Active
P06578,SKU-06578,Nike Outdoor 6578,Sports,Outdoor,Nike,S0061,629.05,669.7,Active
P06579,SKU-06579,Loreal Outdoor 6579,Sports,Outdoor,Loreal,S0073,1301.48,100.48,Active
P06580,SKU-06580,Adidas Fitnes 6580,Sports,Fitness,Adidas,S0362,1627.03,299.44,Active
P06581,SKU-06581,Sony Fitnes 6581,Sports,Fitness,Sony,S0468,656.96,542.2,Active
P06582,SKU-06582,HP Fitnes 6582,Sports,Fitness,HP,S0348,538.14,234.58,Active
P06583,SKU-06583,Adidas Outdoor 6583,Sports,Outdoor,Adidas,S0015,1038.47,841.11,Active
P06584,SKU-06584,Dell Fitnes 6584,Sports,Fitness,Dell,S0467,1350.94,1358.24,Active
P06585,SKU-06585,Dell Fitnes 6585,Sports,Fitness,Dell,S0244,233.61,860.59,Active
P06586,SKU-06586,Sony Outdoor 6586,Sports,Outdoor,Sony,S0200,1767.02,1291.35,Active
P06587,SKU-06587,Philips Fitnes 6587,Sports,Fitness,Philips,S0382,796.85,559.04,Active
P06588,SKU-06588,Dell Fitnes 6588,Sports,Fitness,Dell,S0308,1902.91,239.55,Active
P06589,SKU-06589,Nike Fitnes 6589,Sports,Fitness,Nike,S0129,865.97,82.03,Active
P06590,SKU-06590,HP Fitnes 6590,Sports,Fitness,HP,S0473,1456.06,1266.64,Active
P06591,SKU-06591,Loreal Outdoor 6591,Sports,Outdoor,Loreal,S0260,1990.38,181.4,Active
P06592,SKU-06592,Philips Outdoor 6592,Sports,Outdoor,Philips,S0264,1984.76,811.78,Active
P06593,SKU-06593,Samsung Fitnes 6593,Sports,Fitness,Samsung,S0130,972.84,1244.97,Active
P06594,SKU-06594,HP Fitnes 6594,Sports,Fitness,HP,S0302,537.73,190.15,Active
P06595,SKU-06595,Dell Outdoor 6595,Sports,Outdoor,Dell,S0399,629.43,948.51,Active
P06596,SKU-06596,Samsung Outdoor 6596,Sports,Outdoor,Samsung,S0169,708.6,405.25,Active
P06597,SKU-06597,Dell Outdoor 6597,Sports,Outdoor,Dell,S0480,1862.23,1036.47,Active
P06598,SKU-06598,LG Fitnes 6598,Sports,Fitness,LG,S0305,1452.92,495.99,Active
P06599,SKU-06599,Nike Outdoor 6599,Sports,Outdoor,Nike,S0233,1052.88,992.91,Active
P06600,SKU-06600,Samsung Outdoor 6600,Sports,Outdoor,Samsung,S0254,737.3,64.07,Active
P06601,SKU-06601,Sony Outdoor 6601,Sports,Outdoor,Sony,S0380,770.89,554.86,Active
P06602,SKU-06602,Loreal Outdoor 6602,Sports,Outdoor,Loreal,S0410,947.68,1440.39,Active
P06603,SKU-06603,LG Outdoor 6603,Sports,Outdoor,LG,S0428,1776.14,1192.57,Active
P06604,SKU-06604,Apple Outdoor 6604,Sports,Outdoor,Apple,S0102,1224.03,1377.27,Active
P06605,SKU-06605,Dell Outdoor 6605,Sports,Outdoor,Dell,S0283,1024.62,1028.01,Active
P06606,SKU-06606,Dell Outdoor 6606,Sports,Outdoor,Dell,S0498,880.59,1113.96,Active
P06607,SKU-06607,Apple Fitnes 6607,Sports,Fitness,Apple,S0378,1893.38,520.94,Active
P06608,SKU-06608,Nike Outdoor 6608,Sports,Outdoor,Nike,S0139,233.95,881.5,Active
P06609,SKU-06609,Philips Fitnes 6609,Sports,Fitness,Philips,S0383,44.76,912.87,Active
P06610,SKU-06610,Adidas Outdoor 6610,Sports,Outdoor,Adidas,S0048,1402.61,39.67,Active
P06611,SKU-06611,Philips Fitnes 6611,Sports,Fitness,Philips,S0089,1563.04,1054.55,Active
P06612,SKU-06612,Dell Fitnes 6612,Sports,Fitness,Dell,S0111,722.28,1450.79,Active
P06613,SKU-06613,Philips Fitnes 6613,Sports,Fitness,Philips,S0114,494.46,410.06,Active
P06614,SKU-06614,Philips Outdoor 6614,Sports,Outdoor,Philips,S0134,789.69,140.36,Active
P06615,SKU-06615,Dell Fitnes 6615,Sports,Fitness,Dell,S0185,1692.7,157.76,Active
P06616,SKU-06616,HP Fitnes 6616,Sports,Fitness,HP,S0473,1654.46,440.95,Active
P06617,SKU-06617,Sony Outdoor 6617,Sports,Outdoor,Sony,S0013,797.5,1430.08,Active
P06618,SKU-06618,LG Fitnes 6618,Sports,Fitness,LG,S0451,649.93,1208.76,Active
P06619,SKU-06619,Adidas Outdoor 6619,Sports,Outdoor,Adidas,S0450,1809.68,1300.13,Active
P06620,SKU-06620,Apple Outdoor 6620,Sports,Outdoor,Apple,S0291,235.97,1437.82,Active
P06621,SKU-06621,HP Fitnes 6621,Sports,Fitness,HP,S0088,903.85,568.97,Active
P06622,SKU-06622,Loreal Outdoor 6622,Sports,Outdoor,Loreal,S0130,447.32,438.06,Active
P06623,SKU-06623,Nike Outdoor 6623,Sports,Outdoor,Nike,S0338,1819.99,1289.72,Active
P06624,SKU-06624,Philips Fitnes 6624,Sports,Fitness,Philips,S0103,372.95,374.01,Active
P06625,SKU-06625,LG Outdoor 6625,Sports,Outdoor,LG,S0309,612.63,277.68,Active
P06626,SKU-06626,Apple Fitnes 6626,Sports,Fitness,Apple,S0068,1701.55,940.88,Active
P06627,SKU-06627,Adidas Fitnes 6627,Sports,Fitness,Adidas,S0262,52.66,121.65,Active
P06628,SKU-06628,HP Outdoor 6628,Sports,Outdoor,HP,S0251,328.05,362.27,Active
P06629,SKU-06629,Philips Fitnes 6629,Sports,Fitness,Philips,S0415,1915.95,1344.96,Active
P06630,SKU-06630,Apple Fitnes 6630,Sports,Fitness,Apple,S0032,1729.66,1120.17,Active
P06631,SKU-06631,Samsung Outdoor 6631,Sports,Outdoor,Samsung,S0292,112.41,764.31,Active
P06632,SKU-06632,Apple Fitnes 6632,Sports,Fitness,Apple,S0277,300.4,737.73,Active
P06633,SKU-06633,Dell Fitnes 6633,Sports,Fitness,Dell,S0260,1654.85,869.16,Active
P06634,SKU-06634,Nike Fitnes 6634,Sports,Fitness,Nike,S0207,1458.07,1221.59,Active
P06635,SKU-06635,Samsung Outdoor 6635,Sports,Outdoor,Samsung,S0029,1245.87,517.67,Active
P06636,SKU-06636,Philips Outdoor 6636,Sports,Outdoor,Philips,S0027,167.66,1112.19,Active
P06637,SKU-06637,Sony Fitnes 6637,Sports,Fitness,Sony,S0390,175.22,1084.52,Active
P06638,SKU-06638,Apple Outdoor 6638,Sports,Outdoor,Apple,S0236,1891.88,526.93,Active
P06639,SKU-06639,HP Outdoor 6639,Sports,Outdoor,HP,S0165,1506.51,1031.12,Active
P06640,SKU-06640,Apple Outdoor 6640,Sports,Outdoor,Apple,S0360,1211.45,680.14,Active
P06641,SKU-06641,Adidas Fitnes 6641,Sports,Fitness,Adidas,S0013,1304.5,1158.87,Active
P06642,SKU-06642,Apple Fitnes 6642,Sports,Fitness,Apple,S0226,1831.11,895.99,Active
P06643,SKU-06643,Adidas Fitnes 6643,Sports,Fitness,Adidas,S0488,1317.17,1092.65,Active
P06644,SKU-06644,Samsung Fitnes 6644,Sports,Fitness,Samsung,S0124,384.52,1344.72,Active
P06645,SKU-06645,Dell Outdoor 6645,Sports,Outdoor,Dell,S0495,1372.55,570.61,Active
P06646,SKU-06646,LG Outdoor 6646,Sports,Outdoor,LG,S0197,1303.37,354.52,Active
P06647,SKU-06647,Adidas Outdoor 6647,Sports,Outdoor,Adidas,S0039,1171.05,287.53,Active
P06648,SKU-06648,Dell Outdoor 6648,Sports,Outdoor,Dell,S0106,270.41,1346.04,Active
P06649,SKU-06649,HP Fitnes 6649,Sports,Fitness,HP,S0331,1266.36,1328.08,Active
P06650,SKU-06650,Nike Fitnes 6650,Sports,Fitness,Nike,S0145,243.47,1223.12,Active
P06651,SKU-06651,Nike Outdoor 6651,Sports,Outdoor,Nike,S0399,1413.99,249.32,Active
P06652,SKU-06652,Apple Fitnes 6652,Sports,Fitness,Apple,S0476,1109.12,1486.61,Active
P06653,SKU-06653,Adidas Fitnes 6653,Sports,Fitness,Adidas,S0321,106.45,1078.57,Active
P06654,SKU-06654,Philips Outdoor 6654,Sports,Outdoor,Philips,S0497,1866.86,1017.56,Active
P06655,SKU-06655,Sony Outdoor 6655,Sports,Outdoor,Sony,S0124,1052.39,34.85,Active
P06656,SKU-06656,Dell Fitnes 6656,Sports,Fitness,Dell,S0170,1768.37,751.95,Active
P06657,SKU-06657,HP Fitnes 6657,Sports,Fitness,HP,S0299,850.87,1374.34,Active
P06658,SKU-06658,Loreal Fitnes 6658,Sports,Fitness,Loreal,S0025,407.43,411.54,Active
P06659,SKU-06659,Sony Fitnes 6659,Sports,Fitness,Sony,S0465,865.34,399.26,Active
P06660,SKU-06660,HP Outdoor 6660,Sports,Outdoor,HP,S0485,534.99,893.59,Active
P06661,SKU-06661,LG Outdoor 6661,Sports,Outdoor,LG,S0356,1976.23,1162.41,Active
P06662,SKU-06662,Adidas Outdoor 6662,Sports,Outdoor,Adidas,S0001,1880.12,296.71,Active
P06663,SKU-06663,HP Fitnes 6663,Sports,Fitness,HP,S0250,1045.69,1281.07,Active
P06664,SKU-06664,Adidas Fitnes 6664,Sports,Fitness,Adidas,S0390,851.88,294.84,Active
P06665,SKU-06665,Apple Fitnes 6665,Sports,Fitness,Apple,S0311,1237.18,720.8,Active
P06666,SKU-06666,Loreal Outdoor 6666,Sports,Outdoor,Loreal,S0464,1597.0,954.63,Active
P06667,SKU-06667,Loreal Outdoor 6667,Sports,Outdoor,Loreal,S0234,1952.75,849.0,Active
P06668,SKU-06668,Loreal Fitnes 6668,Sports,Fitness,Loreal,S0077,1355.16,1422.52,Active
P06669,SKU-06669,Nike Outdoor 6669,Sports,Outdoor,Nike,S0008,426.46,1013.79,Active
P06670,SKU-06670,Philips Outdoor 6670,Sports,Outdoor,Philips,S0402,378.09,463.37,Active
P06671,SKU-06671,Nike Outdoor 6671,Sports,Outdoor,Nike,S0305,1565.64,843.02,Active
P06672,SKU-06672,LG Fitnes 6672,Sports,Fitness,LG,S0356,376.41,662.97,Active
P06673,SKU-06673,Adidas Fitnes 6673,Sports,Fitness,Adidas,S0100,892.5,173.23,Active
P06674,SKU-06674,Samsung Outdoor 6674,Sports,Outdoor,Samsung,S0475,1835.55,1383.13,Active
P06675,SKU-06675,Sony Outdoor 6675,Sports,Outdoor,Sony,S0392,1950.42,1071.39,Active
P06676,SKU-06676,LG Fitnes 6676,Sports,Fitness,LG,S0049,603.87,152.91,Active
P06677,SKU-06677,Samsung Fitnes 6677,Sports,Fitness,Samsung,S0291,1915.72,514.05,Active
P06678,SKU-06678,Adidas Outdoor 6678,Sports,Outdoor,Adidas,S0143,1985.38,522.08,Active
P06679,SKU-06679,Sony Outdoor 6679,Sports,Outdoor,Sony,S0036,965.64,979.31,Active
P06680,SKU-06680,Sony Outdoor 6680,Sports,Outdoor,Sony,S0052,470.55,1413.92,Active
P06681,SKU-06681,Sony Outdoor 6681,Sports,Outdoor,Sony,S0129,415.88,517.47,Active
P06682,SKU-06682,Sony Outdoor 6682,Sports,Outdoor,Sony,S0465,133.0,1336.81,Active
P06683,SKU-06683,Samsung Fitnes 6683,Sports,Fitness,Samsung,S0190,1143.27,138.8,Active
P06684,SKU-06684,Apple Fitnes 6684,Sports,Fitness,Apple,S0207,401.67,1101.4,Active
P06685,SKU-06685,Apple Outdoor 6685,Sports,Outdoor,Apple,S0439,1896.39,1204.26,Active
P06686,SKU-06686,Apple Fitnes 6686,Sports,Fitness,Apple,S0133,946.89,521.65,Active
P06687,SKU-06687,Sony Fitnes 6687,Sports,Fitness,Sony,S0257,947.12,686.5,Active
P06688,SKU-06688,Dell Fitnes 6688,Sports,Fitness,Dell,S0103,39.86,237.02,Active
P06689,SKU-06689,LG Fitnes 6689,Sports,Fitness,LG,S0402,604.59,695.58,Active
P06690,SKU-06690,HP Fitnes 6690,Sports,Fitness,HP,S0130,464.0,170.04,Active
P06691,SKU-06691,Samsung Outdoor 6691,Sports,Outdoor,Samsung,S0301,1243.93,607.96,Active
P06692,SKU-06692,Nike Outdoor 6692,Sports,Outdoor,Nike,S0082,1228.14,1335.21,Active
P06693,SKU-06693,Adidas Outdoor 6693,Sports,Outdoor,Adidas,S0237,214.54,614.12,Active
P06694,SKU-06694,LG Outdoor 6694,Sports,Outdoor,LG,S0399,1511.82,1404.53,Active
P06695,SKU-06695,Apple Outdoor 6695,Sports,Outdoor,Apple,S0371,135.27,239.49,Active
P06696,SKU-06696,LG Outdoor 6696,Sports,Outdoor,LG,S0225,1067.64,449.23,Active
P06697,SKU-06697,Apple Fitnes 6697,Sports,Fitness,Apple,S0142,804.82,1381.23,Active
P06698,SKU-06698,Adidas Fitnes 6698,Sports,Fitness,Adidas,S0048,1480.08,1456.59,Active
P06699,SKU-06699,Philips Fitnes 6699,Sports,Fitness,Philips,S0003,1032.19,186.07,Active
P06700,SKU-06700,HP Fitnes 6700,Sports,Fitness,HP,S0003,285.4,56.04,Active
P06701,SKU-06701,HP Outdoor 6701,Sports,Outdoor,HP,S0443,43.48,495.84,Active
P06702,SKU-06702,Nike Fitnes 6702,Sports,Fitness,Nike,S0444,952.71,1376.55,Active
P06703,SKU-06703,Sony Outdoor 6703,Sports,Outdoor,Sony,S0254,322.85,541.11,Active
P06704,SKU-06704,Adidas Fitnes 6704,Sports,Fitness,Adidas,S0327,957.35,1470.32,Active
P06705,SKU-06705,Samsung Fitnes 6705,Sports,Fitness,Samsung,S0318,331.99,142.74,Active
P06706,SKU-06706,Nike Outdoor 6706,Sports,Outdoor,Nike,S0211,1991.58,742.05,Active
P06707,SKU-06707,Nike Fitnes 6707,Sports,Fitness,Nike,S0111,1574.9,469.5,Active
P06708,SKU-06708,LG Fitnes 6708,Sports,Fitness,LG,S0047,1470.49,539.07,Active
P06709,SKU-06709,Nike Outdoor 6709,Sports,Outdoor,Nike,S0401,827.46,663.8,Active
P06710,SKU-06710,Dell Fitnes 6710,Sports,Fitness,Dell,S0048,512.73,1427.99,Active
P06711,SKU-06711,Sony Outdoor 6711,Sports,Outdoor,Sony,S0055,248.34,1033.92,Active
P06712,SKU-06712,Sony Outdoor 6712,Sports,Outdoor,Sony,S0447,1378.42,586.75,Active
P06713,SKU-06713,Nike Outdoor 6713,Sports,Outdoor,Nike,S0273,1747.63,1407.48,Active
P06714,SKU-06714,Philips Fitnes 6714,Sports,Fitness,Philips,S0287,1062.0,246.88,Active
P06715,SKU-06715,Loreal Fitnes 6715,Sports,Fitness,Loreal,S0457,325.25,1093.5,Active
P06716,SKU-06716,Philips Outdoor 6716,Sports,Outdoor,Philips,S0454,1923.02,370.67,Active
P06717,SKU-06717,Loreal Fitnes 6717,Sports,Fitness,Loreal,S0081,1082.08,270.55,Active
P06718,SKU-06718,Adidas Outdoor 6718,Sports,Outdoor,Adidas,S0206,819.27,454.55,Active
P06719,SKU-06719,Adidas Fitnes 6719,Sports,Fitness,Adidas,S0016,180.94,760.98,Active
P06720,SKU-06720,Philips Outdoor 6720,Sports,Outdoor,Philips,S0004,503.44,714.83,Active
P06721,SKU-06721,Adidas Outdoor 6721,Sports,Outdoor,Adidas,S0036,749.35,398.69,Active
P06722,SKU-06722,HP Fitnes 6722,Sports,Fitness,HP,S0482,421.18,1197.25,Active
P06723,SKU-06723,Philips Outdoor 6723,Sports,Outdoor,Philips,S0236,1553.82,1008.71,Active
P06724,SKU-06724,Philips Fitnes 6724,Sports,Fitness,Philips,S0436,972.0,1256.64,Active
P06725,SKU-06725,Apple Fitnes 6725,Sports,Fitness,Apple,S0283,1606.7,1278.37,Active
P06726,SKU-06726,Apple Fitnes 6726,Sports,Fitness,Apple,S0306,882.67,1179.26,Active
P06727,SKU-06727,LG Fitnes 6727,Sports,Fitness,LG,S0080,1833.76,1243.18,Active
P06728,SKU-06728,Samsung Fitnes 6728,Sports,Fitness,Samsung,S0329,449.59,671.78,Active
P06729,SKU-06729,Apple Fitnes 6729,Sports,Fitness,Apple,S0021,527.42,474.31,Active
P06730,SKU-06730,Adidas Fitnes 6730,Sports,Fitness,Adidas,S0128,148.16,463.01,Active
P06731,SKU-06731,HP Outdoor 6731,Sports,Outdoor,HP,S0027,845.63,756.26,Active
P06732,SKU-06732,Loreal Outdoor 6732,Sports,Outdoor,Loreal,S0219,814.02,1419.83,Active
P06733,SKU-06733,Samsung Fitnes 6733,Sports,Fitness,Samsung,S0320,1189.04,582.04,Active
P06734,SKU-06734,LG Fitnes 6734,Sports,Fitness,LG,S0274,952.63,1121.89,Active
P06735,SKU-06735,Nike Outdoor 6735,Sports,Outdoor,Nike,S0128,1744.4,1394.82,Active
P06736,SKU-06736,Samsung Outdoor 6736,Sports,Outdoor,Samsung,S0093,1119.23,1380.51,Active
P06737,SKU-06737,HP Outdoor 6737,Sports,Outdoor,HP,S0166,524.5,583.72,Active
P06738,SKU-06738,Samsung Outdoor 6738,Sports,Outdoor,Samsung,S0102,1557.37,1103.69,Active
P06739,SKU-06739,Samsung Fitnes 6739,Sports,Fitness,Samsung,S0425,1303.84,48.43,Active
P06740,SKU-06740,Dell Fitnes 6740,Sports,Fitness,Dell,S0191,1060.56,86.95,Active
P06741,SKU-06741,Dell Fitnes 6741,Sports,Fitness,Dell,S0188,512.49,1113.15,Active
P06742,SKU-06742,Samsung Fitnes 6742,Sports,Fitness,Samsung,S0080,1266.52,1005.69,Active
P06743,SKU-06743,Sony Fitnes 6743,Sports,Fitness,Sony,S0268,1701.07,431.02,Active
P06744,SKU-06744,Loreal Fitnes 6744,Sports,Fitness,Loreal,S0316,126.92,468.23,Active
P06745,SKU-06745,Loreal Outdoor 6745,Sports,Outdoor,Loreal,S0483,1784.25,420.49,Active
P06746,SKU-06746,Apple Fitnes 6746,Sports,Fitness,Apple,S0287,1782.48,967.66,Active
P06747,SKU-06747,Sony Outdoor 6747,Sports,Outdoor,Sony,S0174,1049.17,821.33,Active
P06748,SKU-06748,Apple Outdoor 6748,Sports,Outdoor,Apple,S0337,1671.73,1109.02,Active
P06749,SKU-06749,LG Fitnes 6749,Sports,Fitness,LG,S0139,37.53,1238.97,Active
P06750,SKU-06750,Apple Fitnes 6750,Sports,Fitness,Apple,S0225,251.43,844.97,Active
P06751,SKU-06751,Samsung Fitnes 6751,Sports,Fitness,Samsung,S0302,833.0,1287.48,Active
P06752,SKU-06752,Philips Fitnes 6752,Sports,Fitness,Philips,S0340,531.29,686.76,Active
P06753,SKU-06753,Apple Outdoor 6753,Sports,Outdoor,Apple,S0316,261.25,494.32,Active
P06754,SKU-06754,HP Outdoor 6754,Sports,Outdoor,HP,S0180,369.2,1208.15,Active
P06755,SKU-06755,Nike Outdoor 6755,Sports,Outdoor,Nike,S0045,102.12,766.78,Active
P06756,SKU-06756,LG Fitnes 6756,Sports,Fitness,LG,S0408,691.95,148.5,Active
P06757,SKU-06757,Dell Fitnes 6757,Sports,Fitness,Dell,S0233,1472.16,1232.76,Active
P06758,SKU-06758,Apple Fitnes 6758,Sports,Fitness,Apple,S0290,1621.16,542.62,Active
P06759,SKU-06759,Sony Fitnes 6759,Sports,Fitness,Sony,S0376,1648.07,100.8,Active
P06760,SKU-06760,Loreal Fitnes 6760,Sports,Fitness,Loreal,S0374,538.21,1216.06,Active
P06761,SKU-06761,Adidas Outdoor 6761,Sports,Outdoor,Adidas,S0278,1217.89,596.46,Active
P06762,SKU-06762,Samsung Outdoor 6762,Sports,Outdoor,Samsung,S0420,756.65,750.63,Active
P06763,SKU-06763,Dell Outdoor 6763,Sports,Outdoor,Dell,S0314,530.43,1125.75,Active
P06764,SKU-06764,Samsung Outdoor 6764,Sports,Outdoor,Samsung,S0347,869.41,612.08,Active
P06765,SKU-06765,Loreal Fitnes 6765,Sports,Fitness,Loreal,S0462,1984.94,1039.18,Active
P06766,SKU-06766,Dell Fitnes 6766,Sports,Fitness,Dell,S0439,828.49,1176.03,Active
P06767,SKU-06767,HP Fitnes 6767,Sports,Fitness,HP,S0005,27.96,257.86,Active
P06768,SKU-06768,HP Fitnes 6768,Sports,Fitness,HP,S0441,236.41,1192.1,Active
P06769,SKU-06769,Samsung Outdoor 6769,Sports,Outdoor,Samsung,S0429,1936.62,933.21,Active
P06770,SKU-06770,Samsung Outdoor 6770,Sports,Outdoor,Samsung,S0262,1273.05,548.6,Active
P06771,SKU-06771,Dell Outdoor 6771,Sports,Outdoor,Dell,S0248,135.07,244.54,Active
P06772,SKU-06772,LG Fitnes 6772,Sports,Fitness,LG,S0462,1961.46,484.05,Active
P06773,SKU-06773,Nike Fitnes 6773,Sports,Fitness,Nike,S0223,1758.53,806.2,Active
P06774,SKU-06774,Dell Fitnes 6774,Sports,Fitness,Dell,S0417,1919.14,317.14,Active
P06775,SKU-06775,Samsung Outdoor 6775,Sports,Outdoor,Samsung,S0314,1055.35,732.76,Active
P06776,SKU-06776,Nike Fitnes 6776,Sports,Fitness,Nike,S0418,71.15,389.52,Active
P06777,SKU-06777,Sony Outdoor 6777,Sports,Outdoor,Sony,S0258,508.41,1357.92,Active
P06778,SKU-06778,Dell Outdoor 6778,Sports,Outdoor,Dell,S0239,70.43,900.15,Active
P06779,SKU-06779,Adidas Fitnes 6779,Sports,Fitness,Adidas,S0228,1946.44,884.18,Active
P06780,SKU-06780,LG Outdoor 6780,Sports,Outdoor,LG,S0367,832.31,282.7,Active
P06781,SKU-06781,Apple Fitnes 6781,Sports,Fitness,Apple,S0426,1288.63,188.95,Active
P06782,SKU-06782,Sony Outdoor 6782,Sports,Outdoor,Sony,S0351,1508.67,1087.27,Active
P06783,SKU-06783,Apple Fitnes 6783,Sports,Fitness,Apple,S0112,142.27,1436.71,Active
P06784,SKU-06784,Apple Outdoor 6784,Sports,Outdoor,Apple,S0002,895.29,1141.53,Active
P06785,SKU-06785,HP Outdoor 6785,Sports,Outdoor,HP,S0417,1392.7,28.19,Active
P06786,SKU-06786,HP Fitnes 6786,Sports,Fitness,HP,S0465,959.54,516.21,Active
P06787,SKU-06787,Adidas Outdoor 6787,Sports,Outdoor,Adidas,S0050,115.2,729.22,Active
P06788,SKU-06788,LG Outdoor 6788,Sports,Outdoor,LG,S0099,1032.95,1433.48,Active
P06789,SKU-06789,Apple Outdoor 6789,Sports,Outdoor,Apple,S0371,1756.94,930.52,Active
P06790,SKU-06790,Samsung Fitnes 6790,Sports,Fitness,Samsung,S0226,82.64,563.58,Active
P06791,SKU-06791,LG Fitnes 6791,Sports,Fitness,LG,S0288,150.54,176.94,Active
P06792,SKU-06792,Dell Outdoor 6792,Sports,Outdoor,Dell,S0493,1702.8,289.27,Active
P06793,SKU-06793,Dell Fitnes 6793,Sports,Fitness,Dell,S0387,507.93,1205.24,Active
P06794,SKU-06794,Nike Outdoor 6794,Sports,Outdoor,Nike,S0500,754.75,603.16,Active
P06795,SKU-06795,Nike Outdoor 6795,Sports,Outdoor,Nike,S0095,1056.76,149.06,Active
P06796,SKU-06796,Adidas Fitnes 6796,Sports,Fitness,Adidas,S0023,545.69,1488.09,Active
P06797,SKU-06797,HP Outdoor 6797,Sports,Outdoor,HP,S0340,818.97,570.1,Active
P06798,SKU-06798,Apple Outdoor 6798,Sports,Outdoor,Apple,S0168,312.08,1361.71,Active
P06799,SKU-06799,LG Fitnes 6799,Sports,Fitness,LG,S0008,1440.27,24.53,Active
P06800,SKU-06800,Dell Outdoor 6800,Sports,Outdoor,Dell,S0476,1357.17,422.65,Active
P06801,SKU-06801,Philips Outdoor 6801,Sports,Outdoor,Philips,S0334,957.58,19.29,Active
P06802,SKU-06802,Dell Fitnes 6802,Sports,Fitness,Dell,S0234,1655.23,1157.65,Active
P06803,SKU-06803,Loreal Outdoor 6803,Sports,Outdoor,Loreal,S0299,478.59,262.22,Active
P06804,SKU-06804,LG Outdoor 6804,Sports,Outdoor,LG,S0251,1612.08,1479.29,Active
P06805,SKU-06805,LG Outdoor 6805,Sports,Outdoor,LG,S0435,1064.23,363.07,Active
P06806,SKU-06806,LG Fitnes 6806,Sports,Fitness,LG,S0243,223.34,490.0,Active
P06807,SKU-06807,Nike Outdoor 6807,Sports,Outdoor,Nike,S0243,197.66,784.76,Active
P06808,SKU-06808,HP Fitnes 6808,Sports,Fitness,HP,S0110,769.54,903.49,Active
P06809,SKU-06809,HP Outdoor 6809,Sports,Outdoor,HP,S0039,1769.15,1253.19,Active
P06810,SKU-06810,Samsung Outdoor 6810,Sports,Outdoor,Samsung,S0299,1208.17,1099.53,Active
P06811,SKU-06811,Nike Outdoor 6811,Sports,Outdoor,Nike,S0463,1126.14,194.77,Active
P06812,SKU-06812,Loreal Fitnes 6812,Sports,Fitness,Loreal,S0083,1027.7,1431.7,Active
P06813,SKU-06813,Nike Outdoor 6813,Sports,Outdoor,Nike,S0057,627.52,1225.6,Active
P06814,SKU-06814,Dell Outdoor 6814,Sports,Outdoor,Dell,S0374,1065.96,18.95,Active
P06815,SKU-06815,Dell Fitnes 6815,Sports,Fitness,Dell,S0442,1242.32,499.29,Active
P06816,SKU-06816,Dell Fitnes 6816,Sports,Fitness,Dell,S0400,154.89,417.06,Active
P06817,SKU-06817,Adidas Outdoor 6817,Sports,Outdoor,Adidas,S0442,1406.8,65.48,Active
P06818,SKU-06818,Apple Fitnes 6818,Sports,Fitness,Apple,S0086,928.94,825.92,Active
P06819,SKU-06819,Adidas Fitnes 6819,Sports,Fitness,Adidas,S0024,1993.41,1149.47,Active
P06820,SKU-06820,Loreal Outdoor 6820,Sports,Outdoor,Loreal,S0426,1325.87,477.67,Active
P06821,SKU-06821,Adidas Fitnes 6821,Sports,Fitness,Adidas,S0450,1113.99,742.25,Active
P06822,SKU-06822,Samsung Outdoor 6822,Sports,Outdoor,Samsung,S0251,1608.16,1201.81,Active
P06823,SKU-06823,LG Outdoor 6823,Sports,Outdoor,LG,S0091,309.33,823.49,Active
P06824,SKU-06824,Samsung Fitnes 6824,Sports,Fitness,Samsung,S0498,898.36,31.65,Active
P06825,SKU-06825,Loreal Fitnes 6825,Sports,Fitness,Loreal,S0298,1550.55,1032.37,Active
P06826,SKU-06826,Dell Outdoor 6826,Sports,Outdoor,Dell,S0279,859.76,757.54,Active
P06827,SKU-06827,HP Fitnes 6827,Sports,Fitness,HP,S0088,475.13,1287.65,Active
P06828,SKU-06828,Samsung Fitnes 6828,Sports,Fitness,Samsung,S0063,1567.26,1431.69,Active
P06829,SKU-06829,Apple Fitnes 6829,Sports,Fitness,Apple,S0297,1171.0,406.39,Active
P06830,SKU-06830,Apple Fitnes 6830,Sports,Fitness,Apple,S0334,831.72,1396.68,Active
P06831,SKU-06831,Dell Fitnes 6831,Sports,Fitness,Dell,S0316,875.79,493.01,Active
P06832,SKU-06832,Apple Fitnes 6832,Sports,Fitness,Apple,S0304,532.27,1203.11,Active
P06833,SKU-06833,Samsung Outdoor 6833,Sports,Outdoor,Samsung,S0357,361.97,1277.44,Active
P06834,SKU-06834,LG Fitnes 6834,Sports,Fitness,LG,S0325,1814.0,1350.72,Active
P06835,SKU-06835,Philips Outdoor 6835,Sports,Outdoor,Philips,S0397,495.34,313.83,Active
P06836,SKU-06836,Adidas Fitnes 6836,Sports,Fitness,Adidas,S0085,1230.59,1335.54,Active
P06837,SKU-06837,Nike Outdoor 6837,Sports,Outdoor,Nike,S0450,1715.86,1303.83,Active
P06838,SKU-06838,Loreal Outdoor 6838,Sports,Outdoor,Loreal,S0112,1761.25,436.85,Active
P06839,SKU-06839,HP Outdoor 6839,Sports,Outdoor,HP,S0116,1479.97,1363.55,Active
P06840,SKU-06840,Philips Fitnes 6840,Sports,Fitness,Philips,S0343,1181.06,247.99,Active
P06841,SKU-06841,Nike Outdoor 6841,Sports,Outdoor,Nike,S0084,780.61,483.73,Active
P06842,SKU-06842,Samsung Fitnes 6842,Sports,Fitness,Samsung,S0218,335.0,1218.29,Active
P06843,SKU-06843,Adidas Outdoor 6843,Sports,Outdoor,Adidas,S0256,1212.51,1279.7,Active
P06844,SKU-06844,Loreal Outdoor 6844,Sports,Outdoor,Loreal,S0160,201.01,117.72,Active
P06845,SKU-06845,Samsung Fitnes 6845,Sports,Fitness,Samsung,S0243,1539.19,1407.94,Active
P06846,SKU-06846,HP Fitnes 6846,Sports,Fitness,HP,S0410,440.59,1345.96,Active
P06847,SKU-06847,Dell Fitnes 6847,Sports,Fitness,Dell,S0197,889.9,1469.88,Active
P06848,SKU-06848,Nike Outdoor 6848,Sports,Outdoor,Nike,S0345,1858.24,43.31,Active
P06849,SKU-06849,LG Outdoor 6849,Sports,Outdoor,LG,S0052,931.58,563.87,Active
P06850,SKU-06850,Apple Fitnes 6850,Sports,Fitness,Apple,S0120,1140.35,80.81,Active
P06851,SKU-06851,Adidas Fitnes 6851,Sports,Fitness,Adidas,S0008,1085.73,645.55,Active
P06852,SKU-06852,Loreal Fitnes 6852,Sports,Fitness,Loreal,S0079,709.33,757.89,Active
P06853,SKU-06853,Apple Outdoor 6853,Sports,Outdoor,Apple,S0412,1776.38,858.45,Active
P06854,SKU-06854,Samsung Outdoor 6854,Sports,Outdoor,Samsung,S0465,586.77,1360.66,Active
P06855,SKU-06855,Nike Outdoor 6855,Sports,Outdoor,Nike,S0105,1677.65,971.97,Active
P06856,SKU-06856,LG Outdoor 6856,Sports,Outdoor,LG,S0177,479.96,1278.11,Active
P06857,SKU-06857,Nike Outdoor 6857,Sports,Outdoor,Nike,S0450,1284.91,1236.04,Active
P06858,SKU-06858,Apple Outdoor 6858,Sports,Outdoor,Apple,S0242,891.67,1114.97,Active
P06859,SKU-06859,Samsung Outdoor 6859,Sports,Outdoor,Samsung,S0378,671.75,1198.58,Active
P06860,SKU-06860,HP Outdoor 6860,Sports,Outdoor,HP,S0399,264.48,137.92,Active
P06861,SKU-06861,Loreal Outdoor 6861,Sports,Outdoor,Loreal,S0446,1754.64,1214.54,Active
P06862,SKU-06862,HP Fitnes 6862,Sports,Fitness,HP,S0468,65.63,1144.27,Active
P06863,SKU-06863,Nike Outdoor 6863,Sports,Outdoor,Nike,S0415,288.54,645.54,Active
P06864,SKU-06864,Adidas Fitnes 6864,Sports,Fitness,Adidas,S0207,1774.03,470.07,Active
P06865,SKU-06865,Samsung Outdoor 6865,Sports,Outdoor,Samsung,S0134,659.54,186.54,Active
P06866,SKU-06866,Apple Outdoor 6866,Sports,Outdoor,Apple,S0285,1962.37,1170.42,Active
P06867,SKU-06867,Dell Fitnes 6867,Sports,Fitness,Dell,S0144,1105.63,360.23,Active
P06868,SKU-06868,Samsung Fitnes 6868,Sports,Fitness,Samsung,S0374,1539.62,1462.84,Active
P06869,SKU-06869,Loreal Fitnes 6869,Sports,Fitness,Loreal,S0259,555.39,1441.56,Active
P06870,SKU-06870,LG Fitnes 6870,Sports,Fitness,LG,S0497,474.38,457.66,Active
P06871,SKU-06871,Samsung Fitnes 6871,Sports,Fitness,Samsung,S0351,52.89,238.76,Active
P06872,SKU-06872,HP Fitnes 6872,Sports,Fitness,HP,S0021,77.34,833.55,Active
P06873,SKU-06873,Loreal Fitnes 6873,Sports,Fitness,Loreal,S0163,1011.72,1438.91,Active
P06874,SKU-06874,Adidas Outdoor 6874,Sports,Outdoor,Adidas,S0038,1363.3,1261.23,Active
P06875,SKU-06875,Loreal Fitnes 6875,Sports,Fitness,Loreal,S0153,108.59,240.91,Active
P06876,SKU-06876,Sony Outdoor 6876,Sports,Outdoor,Sony,S0284,342.61,283.92,Active
P06877,SKU-06877,HP Fitnes 6877,Sports,Fitness,HP,S0418,51.58,561.88,Active
P06878,SKU-06878,Nike Outdoor 6878,Sports,Outdoor,Nike,S0192,185.69,1411.8,Active
P06879,SKU-06879,Sony Fitnes 6879,Sports,Fitness,Sony,S0371,372.41,233.84,Active
P06880,SKU-06880,Loreal Fitnes 6880,Sports,Fitness,Loreal,S0217,500.68,1015.28,Active
P06881,SKU-06881,LG Outdoor 6881,Sports,Outdoor,LG,S0480,1573.46,1489.48,Active
P06882,SKU-06882,Sony Fitnes 6882,Sports,Fitness,Sony,S0201,1425.99,301.03,Active
P06883,SKU-06883,LG Outdoor 6883,Sports,Outdoor,LG,S0185,681.96,493.55,Active
P06884,SKU-06884,Philips Fitnes 6884,Sports,Fitness,Philips,S0277,288.13,889.72,Active
P06885,SKU-06885,Nike Outdoor 6885,Sports,Outdoor,Nike,S0153,1729.05,830.86,Active
P06886,SKU-06886,Philips Fitnes 6886,Sports,Fitness,Philips,S0173,69.6,727.76,Active
P06887,SKU-06887,HP Fitnes 6887,Sports,Fitness,HP,S0486,937.15,283.88,Active
P06888,SKU-06888,Philips Fitnes 6888,Sports,Fitness,Philips,S0230,545.62,219.83,Active
P06889,SKU-06889,Dell Fitnes 6889,Sports,Fitness,Dell,S0180,368.42,1456.71,Active
P06890,SKU-06890,LG Fitnes 6890,Sports,Fitness,LG,S0059,1089.71,305.9,Active
P06891,SKU-06891,Apple Outdoor 6891,Sports,Outdoor,Apple,S0054,1434.78,1325.89,Active
P06892,SKU-06892,LG Fitnes 6892,Sports,Fitness,LG,S0031,1260.86,371.63,Active
P06893,SKU-06893,LG Outdoor 6893,Sports,Outdoor,LG,S0106,1194.7,1113.55,Active
P06894,SKU-06894,LG Fitnes 6894,Sports,Fitness,LG,S0477,472.57,266.92,Active
P06895,SKU-06895,Samsung Fitnes 6895,Sports,Fitness,Samsung,S0324,1202.54,1094.55,Active
P06896,SKU-06896,Nike Outdoor 6896,Sports,Outdoor,Nike,S0434,1393.31,683.62,Active
P06897,SKU-06897,Samsung Outdoor 6897,Sports,Outdoor,Samsung,S0133,218.27,1454.54,Active
P06898,SKU-06898,Samsung Outdoor 6898,Sports,Outdoor,Samsung,S0410,1554.27,1452.39,Active
P06899,SKU-06899,Adidas Fitnes 6899,Sports,Fitness,Adidas,S0166,532.79,766.61,Active
P06900,SKU-06900,Adidas Outdoor 6900,Sports,Outdoor,Adidas,S0223,929.82,1130.05,Active
P06901,SKU-06901,Adidas Fitnes 6901,Sports,Fitness,Adidas,S0107,178.07,700.92,Active
P06902,SKU-06902,Samsung Fitnes 6902,Sports,Fitness,Samsung,S0171,202.23,914.47,Active
P06903,SKU-06903,LG Outdoor 6903,Sports,Outdoor,LG,S0258,1278.77,34.55,Active
P06904,SKU-06904,Apple Fitnes 6904,Sports,Fitness,Apple,S0421,983.52,1250.04,Active
P06905,SKU-06905,Philips Outdoor 6905,Sports,Outdoor,Philips,S0079,1364.12,530.12,Active
P06906,SKU-06906,Apple Fitnes 6906,Sports,Fitness,Apple,S0041,450.67,461.93,Active
P06907,SKU-06907,Philips Fitnes 6907,Sports,Fitness,Philips,S0284,499.31,480.04,Active
P06908,SKU-06908,Samsung Outdoor 6908,Sports,Outdoor,Samsung,S0352,1683.07,926.38,Active
P06909,SKU-06909,Philips Outdoor 6909,Sports,Outdoor,Philips,S0470,94.67,1435.6,Active
P06910,SKU-06910,Loreal Outdoor 6910,Sports,Outdoor,Loreal,S0352,634.44,379.48,Active
P06911,SKU-06911,HP Outdoor 6911,Sports,Outdoor,HP,S0371,1645.67,593.94,Active
P06912,SKU-06912,LG Outdoor 6912,Sports,Outdoor,LG,S0263,1456.78,821.23,Active
P06913,SKU-06913,Samsung Outdoor 6913,Sports,Outdoor,Samsung,S0036,1699.56,612.93,Active
P06914,SKU-06914,Samsung Outdoor 6914,Sports,Outdoor,Samsung,S0246,151.95,632.54,Active
P06915,SKU-06915,Philips Outdoor 6915,Sports,Outdoor,Philips,S0158,1326.24,516.19,Active
P06916,SKU-06916,Nike Fitnes 6916,Sports,Fitness,Nike,S0102,342.52,579.44,Active
P06917,SKU-06917,Sony Outdoor 6917,Sports,Outdoor,Sony,S0283,1499.18,1433.36,Active
P06918,SKU-06918,Loreal Fitnes 6918,Sports,Fitness,Loreal,S0419,1979.67,1254.92,Active
P06919,SKU-06919,Nike Fitnes 6919,Sports,Fitness,Nike,S0453,1145.7,190.39,Active
P06920,SKU-06920,Dell Fitnes 6920,Sports,Fitness,Dell,S0245,345.7,514.99,Active
P06921,SKU-06921,Apple Fitnes 6921,Sports,Fitness,Apple,S0435,1586.44,447.4,Active
P06922,SKU-06922,Sony Outdoor 6922,Sports,Outdoor,Sony,S0097,468.99,1443.74,Active
P06923,SKU-06923,Loreal Outdoor 6923,Sports,Outdoor,Loreal,S0486,508.19,1128.2,Active
P06924,SKU-06924,Apple Outdoor 6924,Sports,Outdoor,Apple,S0039,405.57,587.62,Active
P06925,SKU-06925,Samsung Fitnes 6925,Sports,Fitness,Samsung,S0038,1498.61,1154.04,Active
P06926,SKU-06926,Sony Fitnes 6926,Sports,Fitness,Sony,S0018,926.21,529.28,Active
P06927,SKU-06927,Sony Outdoor 6927,Sports,Outdoor,Sony,S0351,748.77,994.59,Active
P06928,SKU-06928,Loreal Outdoor 6928,Sports,Outdoor,Loreal,S0006,409.74,892.22,Active
P06929,SKU-06929,HP Fitnes 6929,Sports,Fitness,HP,S0097,231.58,489.81,Active
P06930,SKU-06930,Nike Outdoor 6930,Sports,Outdoor,Nike,S0435,1493.15,286.68,Active
P06931,SKU-06931,Samsung Fitnes 6931,Sports,Fitness,Samsung,S0006,941.26,368.54,Active
P06932,SKU-06932,LG Outdoor 6932,Sports,Outdoor,LG,S0497,465.31,651.26,Active
P06933,SKU-06933,Loreal Fitnes 6933,Sports,Fitness,Loreal,S0439,994.51,101.36,Active
P06934,SKU-06934,Dell Outdoor 6934,Sports,Outdoor,Dell,S0342,548.48,1307.95,Active
P06935,SKU-06935,Philips Outdoor 6935,Sports,Outdoor,Philips,S0159,729.3,1235.49,Active
P06936,SKU-06936,LG Outdoor 6936,Sports,Outdoor,LG,S0210,1209.92,165.29,Active
P06937,SKU-06937,Loreal Fitnes 6937,Sports,Fitness,Loreal,S0096,1435.01,392.48,Active
P06938,SKU-06938,Apple Fitnes 6938,Sports,Fitness,Apple,S0070,1255.6,255.34,Active
P06939,SKU-06939,Sony Fitnes 6939,Sports,Fitness,Sony,S0104,787.35,903.79,Active
P06940,SKU-06940,Samsung Outdoor 6940,Sports,Outdoor,Samsung,S0349,193.53,814.05,Active
P06941,SKU-06941,Nike Outdoor 6941,Sports,Outdoor,Nike,S0479,1144.37,1315.78,Active
P06942,SKU-06942,Adidas Outdoor 6942,Sports,Outdoor,Adidas,S0390,1083.93,6.66,Active
P06943,SKU-06943,Adidas Outdoor 6943,Sports,Outdoor,Adidas,S0400,1819.1,376.14,Active
P06944,SKU-06944,Nike Fitnes 6944,Sports,Fitness,Nike,S0006,1004.02,146.73,Active
P06945,SKU-06945,Loreal Fitnes 6945,Sports,Fitness,Loreal,S0394,63.5,164.81,Active
P06946,SKU-06946,Samsung Fitnes 6946,Sports,Fitness,Samsung,S0092,959.2,1351.27,Active
P06947,SKU-06947,Apple Outdoor 6947,Sports,Outdoor,Apple,S0194,744.59,840.05,Active
P06948,SKU-06948,Apple Fitnes 6948,Sports,Fitness,Apple,S0080,995.7,516.32,Active
P06949,SKU-06949,Philips Fitnes 6949,Sports,Fitness,Philips,S0021,1499.51,1076.37,Active
P06950,SKU-06950,Philips Outdoor 6950,Sports,Outdoor,Philips,S0288,921.05,373.73,Active
P06951,SKU-06951,LG Outdoor 6951,Sports,Outdoor,LG,S0496,479.58,757.9,Active
P06952,SKU-06952,LG Fitnes 6952,Sports,Fitness,LG,S0298,1952.16,1391.25,Active
P06953,SKU-06953,Philips Outdoor 6953,Sports,Outdoor,Philips,S0163,1687.87,27.95,Active
P06954,SKU-06954,Samsung Fitnes 6954,Sports,Fitness,Samsung,S0471,651.13,520.69,Active
P06955,SKU-06955,HP Fitnes 6955,Sports,Fitness,HP,S0339,1159.8,711.6,Active
P06956,SKU-06956,Adidas Outdoor 6956,Sports,Outdoor,Adidas,S0485,1097.01,35.21,Active
P06957,SKU-06957,HP Fitnes 6957,Sports,Fitness,HP,S0453,1573.09,1021.47,Active
P06958,SKU-06958,Philips Outdoor 6958,Sports,Outdoor,Philips,S0053,112.84,1362.79,Active
P06959,SKU-06959,Dell Outdoor 6959,Sports,Outdoor,Dell,S0217,1117.76,369.14,Active
P06960,SKU-06960,Nike Outdoor 6960,Sports,Outdoor,Nike,S0105,356.03,1432.26,Active
P06961,SKU-06961,Sony Outdoor 6961,Sports,Outdoor,Sony,S0072,1105.75,165.99,Active
P06962,SKU-06962,HP Outdoor 6962,Sports,Outdoor,HP,S0072,1867.66,1291.55,Active
P06963,SKU-06963,LG Outdoor 6963,Sports,Outdoor,LG,S0058,270.47,535.27,Active
P06964,SKU-06964,Adidas Outdoor 6964,Sports,Outdoor,Adidas,S0143,87.82,465.74,Active
P06965,SKU-06965,Sony Outdoor 6965,Sports,Outdoor,Sony,S0166,942.92,1315.45,Active
P06966,SKU-06966,Sony Outdoor 6966,Sports,Outdoor,Sony,S0310,152.79,883.21,Active
P06967,SKU-06967,Adidas Fitnes 6967,Sports,Fitness,Adidas,S0089,1807.32,1415.98,Active
P06968,SKU-06968,Philips Outdoor 6968,Sports,Outdoor,Philips,S0395,542.3,728.68,Active
P06969,SKU-06969,Philips Outdoor 6969,Sports,Outdoor,Philips,S0152,845.73,1215.22,Active
P06970,SKU-06970,Dell Outdoor 6970,Sports,Outdoor,Dell,S0347,747.97,706.06,Active
P06971,SKU-06971,HP Outdoor 6971,Sports,Outdoor,HP,S0246,522.05,48.67,Active
P06972,SKU-06972,Loreal Fitnes 6972,Sports,Fitness,Loreal,S0325,262.07,1165.05,Active
P06973,SKU-06973,Dell Fitnes 6973,Sports,Fitness,Dell,S0144,1847.7,860.8,Active
P06974,SKU-06974,Philips Outdoor 6974,Sports,Outdoor,Philips,S0253,1742.93,191.1,Active
P06975,SKU-06975,Apple Fitnes 6975,Sports,Fitness,Apple,S0026,396.5,14.61,Active
P06976,SKU-06976,Loreal Outdoor 6976,Sports,Outdoor,Loreal,S0293,630.0,366.79,Active
P06977,SKU-06977,Sony Outdoor 6977,Sports,Outdoor,Sony,S0455,448.82,1214.05,Active
P06978,SKU-06978,HP Fitnes 6978,Sports,Fitness,HP,S0226,726.49,510.9,Active
P06979,SKU-06979,Philips Outdoor 6979,Sports,Outdoor,Philips,S0202,1502.1,809.19,Active
P06980,SKU-06980,HP Outdoor 6980,Sports,Outdoor,HP,S0215,453.53,1387.23,Active
P06981,SKU-06981,HP Outdoor 6981,Sports,Outdoor,HP,S0381,1963.87,1021.06,Active
P06982,SKU-06982,Adidas Outdoor 6982,Sports,Outdoor,Adidas,S0393,912.95,225.1,Active
P06983,SKU-06983,Adidas Fitnes 6983,Sports,Fitness,Adidas,S0466,200.19,184.44,Active
P06984,SKU-06984,HP Outdoor 6984,Sports,Outdoor,HP,S0291,191.74,156.16,Active
P06985,SKU-06985,LG Fitnes 6985,Sports,Fitness,LG,S0302,806.7,19.94,Active
P06986,SKU-06986,Dell Fitnes 6986,Sports,Fitness,Dell,S0399,393.37,1177.0,Active
P06987,SKU-06987,LG Outdoor 6987,Sports,Outdoor,LG,S0018,551.32,105.59,Active
P06988,SKU-06988,Dell Outdoor 6988,Sports,Outdoor,Dell,S0261,1766.17,1307.07,Active
P06989,SKU-06989,Loreal Fitnes 6989,Sports,Fitness,Loreal,S0494,647.82,767.48,Active
P06990,SKU-06990,Samsung Outdoor 6990,Sports,Outdoor,Samsung,S0270,613.62,1178.82,Active
P06991,SKU-06991,Sony Fitnes 6991,Sports,Fitness,Sony,S0398,1336.09,534.52,Active
P06992,SKU-06992,Philips Outdoor 6992,Sports,Outdoor,Philips,S0305,377.55,908.87,Active
P06993,SKU-06993,HP Fitnes 6993,Sports,Fitness,HP,S0331,1897.21,785.09,Active
P06994,SKU-06994,HP Outdoor 6994,Sports,Outdoor,HP,S0286,1540.85,54.07,Active
P06995,SKU-06995,Loreal Outdoor 6995,Sports,Outdoor,Loreal,S0452,960.67,636.94,Active
P06996,SKU-06996,Samsung Outdoor 6996,Sports,Outdoor,Samsung,S0076,638.9,1184.2,Active
P06997,SKU-06997,LG Outdoor 6997,Sports,Outdoor,LG,S0283,1122.64,1460.38,Active
P06998,SKU-06998,LG Fitnes 6998,Sports,Fitness,LG,S0177,790.96,498.94,Active
P06999,SKU-06999,Sony Fitnes 6999,Sports,Fitness,Sony,S0271,65.96,282.12,Active
P07000,SKU-07000,HP Outdoor 7000,Sports,Outdoor,HP,S0085,339.94,941.56,Active
P07001,SKU-07001,Dell Fitnes 7001,Sports,Fitness,Dell,S0328,1871.84,513.29,Active
P07002,SKU-07002,Sony Fitnes 7002,Sports,Fitness,Sony,S0171,833.35,1220.14,Active
P07003,SKU-07003,Dell Outdoor 7003,Sports,Outdoor,Dell,S0391,1974.52,97.02,Active
P07004,SKU-07004,Philips Outdoor 7004,Sports,Outdoor,Philips,S0108,804.05,797.68,Active
P07005,SKU-07005,LG Fitnes 7005,Sports,Fitness,LG,S0140,122.78,478.9,Active
P07006,SKU-07006,Philips Outdoor 7006,Sports,Outdoor,Philips,S0372,1256.07,1239.05,Active
P07007,SKU-07007,Nike Fitnes 7007,Sports,Fitness,Nike,S0494,314.31,390.42,Active
P07008,SKU-07008,Samsung Outdoor 7008,Sports,Outdoor,Samsung,S0010,28.94,459.81,Active
P07009,SKU-07009,Apple Outdoor 7009,Sports,Outdoor,Apple,S0270,324.89,604.93,Active
P07010,SKU-07010,Apple Fitnes 7010,Sports,Fitness,Apple,S0114,1192.45,652.28,Active
P07011,SKU-07011,Sony Outdoor 7011,Sports,Outdoor,Sony,S0082,208.79,477.1,Active
P07012,SKU-07012,Samsung Fitnes 7012,Sports,Fitness,Samsung,S0185,931.45,1444.2,Active
P07013,SKU-07013,Nike Fitnes 7013,Sports,Fitness,Nike,S0376,1471.6,923.19,Active
P07014,SKU-07014,Samsung Outdoor 7014,Sports,Outdoor,Samsung,S0253,1554.32,931.73,Active
P07015,SKU-07015,Apple Fitnes 7015,Sports,Fitness,Apple,S0492,1736.47,611.44,Active
P07016,SKU-07016,Sony Outdoor 7016,Sports,Outdoor,Sony,S0330,603.37,1214.88,Active
P07017,SKU-07017,Philips Outdoor 7017,Sports,Outdoor,Philips,S0149,1382.82,350.99,Active
P07018,SKU-07018,Adidas Fitnes 7018,Sports,Fitness,Adidas,S0271,736.09,1160.38,Active
P07019,SKU-07019,Loreal Fitnes 7019,Sports,Fitness,Loreal,S0121,203.14,526.15,Active
P07020,SKU-07020,Nike Fitnes 7020,Sports,Fitness,Nike,S0370,1855.25,953.63,Active
P07021,SKU-07021,Samsung Fitnes 7021,Sports,Fitness,Samsung,S0356,1762.62,1403.8,Active
P07022,SKU-07022,Adidas Outdoor 7022,Sports,Outdoor,Adidas,S0491,1111.32,201.15,Active
P07023,SKU-07023,Loreal Outdoor 7023,Sports,Outdoor,Loreal,S0121,481.45,373.12,Active
P07024,SKU-07024,LG Outdoor 7024,Sports,Outdoor,LG,S0195,1892.57,1207.28,Active
P07025,SKU-07025,Dell Outdoor 7025,Sports,Outdoor,Dell,S0347,164.36,364.89,Active
P07026,SKU-07026,Samsung Outdoor 7026,Sports,Outdoor,Samsung,S0122,1892.74,1326.23,Active
P07027,SKU-07027,HP Outdoor 7027,Sports,Outdoor,HP,S0102,1301.17,898.04,Active
P07028,SKU-07028,Sony Fitnes 7028,Sports,Fitness,Sony,S0277,1429.19,214.92,Active
P07029,SKU-07029,Philips Fitnes 7029,Sports,Fitness,Philips,S0051,972.38,290.9,Active
P07030,SKU-07030,Sony Fitnes 7030,Sports,Fitness,Sony,S0480,1721.84,739.36,Active
P07031,SKU-07031,Samsung Outdoor 7031,Sports,Outdoor,Samsung,S0063,1618.96,580.88,Active
P07032,SKU-07032,Nike Outdoor 7032,Sports,Outdoor,Nike,S0459,1864.48,952.76,Active
P07033,SKU-07033,Adidas Outdoor 7033,Sports,Outdoor,Adidas,S0200,72.73,1291.83,Active
P07034,SKU-07034,Philips Fitnes 7034,Sports,Fitness,Philips,S0476,295.86,162.59,Active
P07035,SKU-07035,LG Fitnes 7035,Sports,Fitness,LG,S0273,939.36,1446.79,Active
P07036,SKU-07036,Philips Fitnes 7036,Sports,Fitness,Philips,S0128,634.14,1175.98,Active
P07037,SKU-07037,Dell Fitnes 7037,Sports,Fitness,Dell,S0352,1207.9,796.33,Active
P07038,SKU-07038,Sony Fitnes 7038,Sports,Fitness,Sony,S0217,380.41,85.55,Active
P07039,SKU-07039,Samsung Fitnes 7039,Sports,Fitness,Samsung,S0489,424.46,1127.45,Active
P07040,SKU-07040,Loreal Fitnes 7040,Sports,Fitness,Loreal,S0347,397.06,121.65,Active
P07041,SKU-07041,HP Outdoor 7041,Sports,Outdoor,HP,S0397,795.38,717.73,Active
P07042,SKU-07042,Sony Fitnes 7042,Sports,Fitness,Sony,S0018,896.45,1166.76,Active
P07043,SKU-07043,Philips Outdoor 7043,Sports,Outdoor,Philips,S0440,1376.56,388.01,Active
P07044,SKU-07044,Adidas Outdoor 7044,Sports,Outdoor,Adidas,S0461,1575.89,1372.97,Active
P07045,SKU-07045,Dell Outdoor 7045,Sports,Outdoor,Dell,S0485,242.06,1074.77,Active
P07046,SKU-07046,Loreal Fitnes 7046,Sports,Fitness,Loreal,S0187,510.45,515.66,Active
P07047,SKU-07047,Philips Fitnes 7047,Sports,Fitness,Philips,S0216,1097.42,353.55,Active
P07048,SKU-07048,Samsung Fitnes 7048,Sports,Fitness,Samsung,S0359,1868.75,1487.99,Active
P07049,SKU-07049,Dell Outdoor 7049,Sports,Outdoor,Dell,S0015,564.99,1054.8,Active
P07050,SKU-07050,Sony Outdoor 7050,Sports,Outdoor,Sony,S0382,920.97,948.28,Active
P07051,SKU-07051,Adidas Fitnes 7051,Sports,Fitness,Adidas,S0126,1833.38,319.59,Active
P07052,SKU-07052,Sony Outdoor 7052,Sports,Outdoor,Sony,S0342,1659.44,1105.13,Active
P07053,SKU-07053,Sony Fitnes 7053,Sports,Fitness,Sony,S0490,197.8,1169.47,Active
P07054,SKU-07054,HP Fitnes 7054,Sports,Fitness,HP,S0062,1642.03,1125.85,Active
P07055,SKU-07055,Apple Fitnes 7055,Sports,Fitness,Apple,S0208,547.76,612.59,Active
P07056,SKU-07056,Adidas Outdoor 7056,Sports,Outdoor,Adidas,S0476,1106.65,1220.67,Active
P07057,SKU-07057,Philips Outdoor 7057,Sports,Outdoor,Philips,S0016,1688.82,1317.16,Active
P07058,SKU-07058,Adidas Outdoor 7058,Sports,Outdoor,Adidas,S0077,1447.0,710.75,Active
P07059,SKU-07059,Loreal Outdoor 7059,Sports,Outdoor,Loreal,S0013,39.33,398.18,Active
P07060,SKU-07060,Samsung Fitnes 7060,Sports,Fitness,Samsung,S0254,1088.6,1110.55,Active
P07061,SKU-07061,Apple Outdoor 7061,Sports,Outdoor,Apple,S0034,562.7,1139.15,Active
P07062,SKU-07062,Loreal Outdoor 7062,Sports,Outdoor,Loreal,S0208,842.45,1441.91,Active
P07063,SKU-07063,Adidas Outdoor 7063,Sports,Outdoor,Adidas,S0244,747.39,694.84,Active
P07064,SKU-07064,Adidas Outdoor 7064,Sports,Outdoor,Adidas,S0068,563.54,443.74,Active
P07065,SKU-07065,Sony Outdoor 7065,Sports,Outdoor,Sony,S0481,1499.26,1052.63,Active
P07066,SKU-07066,HP Outdoor 7066,Sports,Outdoor,HP,S0206,928.65,534.19,Active
P07067,SKU-07067,Loreal Fitnes 7067,Sports,Fitness,Loreal,S0264,327.3,553.35,Active
P07068,SKU-07068,Nike Outdoor 7068,Sports,Outdoor,Nike,S0473,11.59,856.47,Active
P07069,SKU-07069,Apple Outdoor 7069,Sports,Outdoor,Apple,S0313,408.38,1113.82,Active
P07070,SKU-07070,Nike Fitnes 7070,Sports,Fitness,Nike,S0324,1558.93,1299.53,Active
P07071,SKU-07071,HP Fitnes 7071,Sports,Fitness,HP,S0346,232.35,1136.7,Active
P07072,SKU-07072,LG Outdoor 7072,Sports,Outdoor,LG,S0122,865.64,428.41,Active
P07073,SKU-07073,Loreal Fitnes 7073,Sports,Fitness,Loreal,S0335,764.54,1470.54,Active
P07074,SKU-07074,Dell Outdoor 7074,Sports,Outdoor,Dell,S0379,1883.09,249.96,Active
P07075,SKU-07075,Samsung Fitnes 7075,Sports,Fitness,Samsung,S0326,853.77,1015.79,Active
P07076,SKU-07076,Nike Outdoor 7076,Sports,Outdoor,Nike,S0315,1934.99,1126.77,Active
P07077,SKU-07077,LG Fitnes 7077,Sports,Fitness,LG,S0154,1530.74,1380.26,Active
P07078,SKU-07078,Apple Fitnes 7078,Sports,Fitness,Apple,S0205,543.89,1493.27,Active
P07079,SKU-07079,Dell Outdoor 7079,Sports,Outdoor,Dell,S0302,409.05,313.39,Active
P07080,SKU-07080,Dell Outdoor 7080,Sports,Outdoor,Dell,S0051,307.63,658.39,Active
P07081,SKU-07081,LG Outdoor 7081,Sports,Outdoor,LG,S0148,400.05,1466.31,Active
P07082,SKU-07082,Loreal Outdoor 7082,Sports,Outdoor,Loreal,S0330,247.77,779.61,Active
P07083,SKU-07083,Philips Fitnes 7083,Sports,Fitness,Philips,S0051,930.16,938.15,Active
P07084,SKU-07084,Loreal Outdoor 7084,Sports,Outdoor,Loreal,S0022,1429.44,1242.54,Active
P07085,SKU-07085,Apple Outdoor 7085,Sports,Outdoor,Apple,S0315,145.48,1342.93,Active
P07086,SKU-07086,HP Fitnes 7086,Sports,Fitness,HP,S0362,1856.94,635.45,Active
P07087,SKU-07087,Apple Outdoor 7087,Sports,Outdoor,Apple,S0008,965.9,939.64,Active
P07088,SKU-07088,HP Fitnes 7088,Sports,Fitness,HP,S0380,337.66,1159.29,Active
P07089,SKU-07089,Dell Outdoor 7089,Sports,Outdoor,Dell,S0130,1987.24,821.27,Active
P07090,SKU-07090,Loreal Outdoor 7090,Sports,Outdoor,Loreal,S0249,472.08,1308.01,Active
P07091,SKU-07091,Sony Fitnes 7091,Sports,Fitness,Sony,S0180,262.21,884.62,Active
P07092,SKU-07092,Nike Fitnes 7092,Sports,Fitness,Nike,S0216,1851.1,283.56,Active
P07093,SKU-07093,Adidas Fitnes 7093,Sports,Fitness,Adidas,S0366,1181.48,1152.59,Active
P07094,SKU-07094,Loreal Outdoor 7094,Sports,Outdoor,Loreal,S0074,1203.94,1469.63,Active
P07095,SKU-07095,Philips Fitnes 7095,Sports,Fitness,Philips,S0069,542.22,1474.03,Active
P07096,SKU-07096,LG Outdoor 7096,Sports,Outdoor,LG,S0252,423.2,895.37,Active
P07097,SKU-07097,Adidas Fitnes 7097,Sports,Fitness,Adidas,S0166,1616.28,814.88,Active
P07098,SKU-07098,Dell Fitnes 7098,Sports,Fitness,Dell,S0397,1983.74,15.82,Active
P07099,SKU-07099,Loreal Fitnes 7099,Sports,Fitness,Loreal,S0453,1663.0,533.11,Active
P07100,SKU-07100,HP Outdoor 7100,Sports,Outdoor,HP,S0130,511.37,1363.38,Active
P07101,SKU-07101,LG Fitnes 7101,Sports,Fitness,LG,S0199,1741.48,497.08,Active
P07102,SKU-07102,Apple Fitnes 7102,Sports,Fitness,Apple,S0465,1023.88,831.0,Active
P07103,SKU-07103,Nike Outdoor 7103,Sports,Outdoor,Nike,S0244,1014.44,603.97,Active
P07104,SKU-07104,Sony Fitnes 7104,Sports,Fitness,Sony,S0078,136.34,490.92,Active
P07105,SKU-07105,Adidas Fitnes 7105,Sports,Fitness,Adidas,S0446,1498.76,1185.61,Active
P07106,SKU-07106,Loreal Outdoor 7106,Sports,Outdoor,Loreal,S0085,1657.62,1336.67,Active
P07107,SKU-07107,Dell Fitnes 7107,Sports,Fitness,Dell,S0458,1529.25,1278.57,Active
P07108,SKU-07108,Loreal Fitnes 7108,Sports,Fitness,Loreal,S0022,1850.49,275.18,Active
P07109,SKU-07109,LG Outdoor 7109,Sports,Outdoor,LG,S0052,474.79,416.27,Active
P07110,SKU-07110,Philips Fitnes 7110,Sports,Fitness,Philips,S0445,457.28,1048.65,Active
P07111,SKU-07111,Dell Outdoor 7111,Sports,Outdoor,Dell,S0339,1931.58,1069.46,Active
P07112,SKU-07112,Loreal Outdoor 7112,Sports,Outdoor,Loreal,S0196,974.41,872.36,Active
P07113,SKU-07113,Loreal Fitnes 7113,Sports,Fitness,Loreal,S0256,208.3,1176.77,Active
P07114,SKU-07114,Samsung Outdoor 7114,Sports,Outdoor,Samsung,S0414,1956.22,646.85,Active
P07115,SKU-07115,Sony Fitnes 7115,Sports,Fitness,Sony,S0037,10.31,1271.49,Active
P07116,SKU-07116,Adidas Outdoor 7116,Sports,Outdoor,Adidas,S0458,872.57,199.46,Active
P07117,SKU-07117,Dell Outdoor 7117,Sports,Outdoor,Dell,S0040,1259.63,1384.69,Active
P07118,SKU-07118,Apple Outdoor 7118,Sports,Outdoor,Apple,S0158,1308.38,1251.71,Active
P07119,SKU-07119,Nike Outdoor 7119,Sports,Outdoor,Nike,S0357,1241.32,1141.49,Active
P07120,SKU-07120,Dell Outdoor 7120,Sports,Outdoor,Dell,S0001,19.64,1020.73,Active
P07121,SKU-07121,Samsung Fitnes 7121,Sports,Fitness,Samsung,S0236,1272.13,1046.7,Active
P07122,SKU-07122,Samsung Fitnes 7122,Sports,Fitness,Samsung,S0133,1178.31,288.01,Active
P07123,SKU-07123,Apple Outdoor 7123,Sports,Outdoor,Apple,S0395,1512.03,504.02,Active
P07124,SKU-07124,LG Fitnes 7124,Sports,Fitness,LG,S0055,287.92,882.53,Active
P07125,SKU-07125,Sony Fitnes 7125,Sports,Fitness,Sony,S0383,1690.25,976.32,Active
P07126,SKU-07126,HP Outdoor 7126,Sports,Outdoor,HP,S0193,760.25,7.2,Active
P07127,SKU-07127,Adidas Fitnes 7127,Sports,Fitness,Adidas,S0027,1320.68,1274.05,Active
P07128,SKU-07128,Samsung Outdoor 7128,Sports,Outdoor,Samsung,S0170,999.31,435.98,Active
P07129,SKU-07129,HP Fitnes 7129,Sports,Fitness,HP,S0067,1288.77,1302.56,Active
P07130,SKU-07130,Loreal Outdoor 7130,Sports,Outdoor,Loreal,S0271,1795.58,1057.82,Active
P07131,SKU-07131,HP Outdoor 7131,Sports,Outdoor,HP,S0109,1222.93,506.22,Active
P07132,SKU-07132,Loreal Outdoor 7132,Sports,Outdoor,Loreal,S0474,630.81,1165.17,Active
P07133,SKU-07133,Apple Outdoor 7133,Sports,Outdoor,Apple,S0194,1892.44,742.58,Active
P07134,SKU-07134,Apple Fitnes 7134,Sports,Fitness,Apple,S0156,568.89,53.81,Active
P07135,SKU-07135,Sony Fitnes 7135,Sports,Fitness,Sony,S0248,444.95,752.91,Active
P07136,SKU-07136,Apple Fitnes 7136,Sports,Fitness,Apple,S0429,1140.19,325.04,Active
P07137,SKU-07137,Adidas Fitnes 7137,Sports,Fitness,Adidas,S0078,793.43,1458.5,Active
P07138,SKU-07138,Loreal Outdoor 7138,Sports,Outdoor,Loreal,S0212,1139.67,621.51,Active
P07139,SKU-07139,LG Outdoor 7139,Sports,Outdoor,LG,S0123,1741.05,1252.34,Active
P07140,SKU-07140,HP Outdoor 7140,Sports,Outdoor,HP,S0176,81.41,643.53,Active
P07141,SKU-07141,Adidas Fitnes 7141,Sports,Fitness,Adidas,S0117,1808.77,1045.94,Active
P07142,SKU-07142,Samsung Fitnes 7142,Sports,Fitness,Samsung,S0447,1652.09,774.15,Active
P07143,SKU-07143,Philips Fitnes 7143,Sports,Fitness,Philips,S0192,1452.55,96.93,Active
P07144,SKU-07144,Philips Fitnes 7144,Sports,Fitness,Philips,S0105,1227.75,613.15,Active
P07145,SKU-07145,Samsung Outdoor 7145,Sports,Outdoor,Samsung,S0100,303.74,178.27,Active
P07146,SKU-07146,Loreal Outdoor 7146,Sports,Outdoor,Loreal,S0048,1086.88,1222.0,Active
P07147,SKU-07147,Dell Fitnes 7147,Sports,Fitness,Dell,S0089,119.47,255.2,Active
P07148,SKU-07148,HP Outdoor 7148,Sports,Outdoor,HP,S0117,1844.48,1474.89,Active
P07149,SKU-07149,Adidas Outdoor 7149,Sports,Outdoor,Adidas,S0265,983.0,393.63,Active
P07150,SKU-07150,Adidas Fitnes 7150,Sports,Fitness,Adidas,S0018,687.99,529.7,Active
P07151,SKU-07151,LG Outdoor 7151,Sports,Outdoor,LG,S0366,1403.39,1355.47,Active
P07152,SKU-07152,Sony Outdoor 7152,Sports,Outdoor,Sony,S0061,560.58,1028.36,Active
P07153,SKU-07153,Sony Fitnes 7153,Sports,Fitness,Sony,S0407,1587.81,366.63,Active
P07154,SKU-07154,Philips Outdoor 7154,Sports,Outdoor,Philips,S0407,164.34,165.97,Active
P07155,SKU-07155,Sony Fitnes 7155,Sports,Fitness,Sony,S0182,547.3,308.18,Active
P07156,SKU-07156,Adidas Fitnes 7156,Sports,Fitness,Adidas,S0075,1818.49,962.82,Active
P07157,SKU-07157,Philips Fitnes 7157,Sports,Fitness,Philips,S0498,263.95,452.28,Active
P07158,SKU-07158,Dell Fitnes 7158,Sports,Fitness,Dell,S0268,844.79,614.28,Active
P07159,SKU-07159,Nike Fitnes 7159,Sports,Fitness,Nike,S0044,1203.24,926.93,Active
P07160,SKU-07160,Loreal Outdoor 7160,Sports,Outdoor,Loreal,S0007,984.73,567.26,Active
P07161,SKU-07161,Adidas Fitnes 7161,Sports,Fitness,Adidas,S0407,1365.94,766.12,Active
P07162,SKU-07162,Loreal Outdoor 7162,Sports,Outdoor,Loreal,S0032,1810.99,68.21,Active
P07163,SKU-07163,Sony Outdoor 7163,Sports,Outdoor,Sony,S0119,287.79,144.45,Active
P07164,SKU-07164,Loreal Fitnes 7164,Sports,Fitness,Loreal,S0489,1793.1,799.02,Active
P07165,SKU-07165,Apple Outdoor 7165,Sports,Outdoor,Apple,S0296,731.15,71.84,Active
P07166,SKU-07166,Loreal Fitnes 7166,Sports,Fitness,Loreal,S0409,592.57,630.54,Active
P07167,SKU-07167,LG Outdoor 7167,Sports,Outdoor,LG,S0273,127.18,1351.3,Active
P07168,SKU-07168,Dell Fitnes 7168,Sports,Fitness,Dell,S0475,155.28,1023.58,Active
P07169,SKU-07169,Loreal Outdoor 7169,Sports,Outdoor,Loreal,S0307,340.11,429.42,Active
P07170,SKU-07170,Loreal Outdoor 7170,Sports,Outdoor,Loreal,S0463,1893.06,323.01,Active
P07171,SKU-07171,Loreal Outdoor 7171,Sports,Outdoor,Loreal,S0431,226.43,1383.07,Active
P07172,SKU-07172,Nike Outdoor 7172,Sports,Outdoor,Nike,S0363,928.39,1474.5,Active
P07173,SKU-07173,Sony Fitnes 7173,Sports,Fitness,Sony,S0357,1657.28,666.63,Active
P07174,SKU-07174,Nike Fitnes 7174,Sports,Fitness,Nike,S0188,681.46,1192.74,Active
P07175,SKU-07175,Sony Fitnes 7175,Sports,Fitness,Sony,S0491,458.9,570.93,Active
P07176,SKU-07176,Samsung Fitnes 7176,Sports,Fitness,Samsung,S0244,204.95,214.79,Active
P07177,SKU-07177,Adidas Outdoor 7177,Sports,Outdoor,Adidas,S0407,1821.16,1193.6,Active
P07178,SKU-07178,HP Outdoor 7178,Sports,Outdoor,HP,S0139,1479.92,19.33,Active
P07179,SKU-07179,Philips Outdoor 7179,Sports,Outdoor,Philips,S0214,1513.72,105.5,Active
P07180,SKU-07180,Samsung Outdoor 7180,Sports,Outdoor,Samsung,S0358,440.43,1440.55,Active
P07181,SKU-07181,LG Fitnes 7181,Sports,Fitness,LG,S0182,39.61,274.09,Active
P07182,SKU-07182,Loreal Fitnes 7182,Sports,Fitness,Loreal,S0214,1925.65,1490.83,Active
P07183,SKU-07183,Nike Outdoor 7183,Sports,Outdoor,Nike,S0247,456.71,1251.49,Active
P07184,SKU-07184,Nike Outdoor 7184,Sports,Outdoor,Nike,S0010,1668.55,754.04,Active
P07185,SKU-07185,Nike Fitnes 7185,Sports,Fitness,Nike,S0194,1940.43,1275.84,Active
P07186,SKU-07186,Samsung Outdoor 7186,Sports,Outdoor,Samsung,S0450,1462.17,644.4,Active
P07187,SKU-07187,LG Outdoor 7187,Sports,Outdoor,LG,S0251,933.53,795.39,Active
P07188,SKU-07188,Samsung Fitnes 7188,Sports,Fitness,Samsung,S0223,1666.82,754.42,Active
P07189,SKU-07189,Apple Outdoor 7189,Sports,Outdoor,Apple,S0241,1321.98,757.46,Active
P07190,SKU-07190,Apple Outdoor 7190,Sports,Outdoor,Apple,S0045,391.57,940.97,Active
P07191,SKU-07191,Apple Outdoor 7191,Sports,Outdoor,Apple,S0210,273.7,1163.94,Active
P07192,SKU-07192,Nike Outdoor 7192,Sports,Outdoor,Nike,S0295,1371.25,596.15,Active
P07193,SKU-07193,Adidas Outdoor 7193,Sports,Outdoor,Adidas,S0141,695.58,1183.34,Active
P07194,SKU-07194,Dell Outdoor 7194,Sports,Outdoor,Dell,S0043,847.67,270.71,Active
P07195,SKU-07195,LG Outdoor 7195,Sports,Outdoor,LG,S0048,49.6,1199.44,Active
P07196,SKU-07196,Nike Fitnes 7196,Sports,Fitness,Nike,S0219,1848.04,650.05,Active
P07197,SKU-07197,Apple Fitnes 7197,Sports,Fitness,Apple,S0484,932.91,1255.5,Active
P07198,SKU-07198,Loreal Fitnes 7198,Sports,Fitness,Loreal,S0031,1633.73,1079.73,Active
P07199,SKU-07199,Nike Outdoor 7199,Sports,Outdoor,Nike,S0139,587.32,434.2,Active
P07200,SKU-07200,HP Outdoor 7200,Sports,Outdoor,HP,S0202,948.39,925.0,Active
P07201,SKU-07201,Dell Fitnes 7201,Sports,Fitness,Dell,S0338,1814.97,553.9,Active
P07202,SKU-07202,Loreal Outdoor 7202,Sports,Outdoor,Loreal,S0060,166.21,362.46,Active
P07203,SKU-07203,HP Fitnes 7203,Sports,Fitness,HP,S0246,202.58,299.94,Active
P07204,SKU-07204,LG Outdoor 7204,Sports,Outdoor,LG,S0270,743.45,278.35,Active
P07205,SKU-07205,Apple Outdoor 7205,Sports,Outdoor,Apple,S0210,134.54,283.88,Active
P07206,SKU-07206,Samsung Fitnes 7206,Sports,Fitness,Samsung,S0162,898.82,914.64,Active
P07207,SKU-07207,Nike Outdoor 7207,Sports,Outdoor,Nike,S0117,840.42,738.51,Active
P07208,SKU-07208,Nike Outdoor 7208,Sports,Outdoor,Nike,S0063,1727.79,1413.11,Active
P07209,SKU-07209,Philips Outdoor 7209,Sports,Outdoor,Philips,S0079,525.01,1025.89,Active
P07210,SKU-07210,Nike Outdoor 7210,Sports,Outdoor,Nike,S0431,1899.81,81.93,Active
P07211,SKU-07211,Loreal Fitnes 7211,Sports,Fitness,Loreal,S0020,543.43,1343.3,Active
P07212,SKU-07212,Sony Fitnes 7212,Sports,Fitness,Sony,S0162,403.32,1400.99,Active
P07213,SKU-07213,Samsung Outdoor 7213,Sports,Outdoor,Samsung,S0179,122.35,759.14,Active
P07214,SKU-07214,Adidas Fitnes 7214,Sports,Fitness,Adidas,S0291,18.59,1216.88,Active
P07215,SKU-07215,Philips Outdoor 7215,Sports,Outdoor,Philips,S0399,1467.12,81.55,Active
P07216,SKU-07216,Sony Outdoor 7216,Sports,Outdoor,Sony,S0055,874.52,313.0,Active
P07217,SKU-07217,Apple Outdoor 7217,Sports,Outdoor,Apple,S0078,1391.4,1468.07,Active
P07218,SKU-07218,HP Fitnes 7218,Sports,Fitness,HP,S0003,1189.31,1318.53,Active
P07219,SKU-07219,Nike Outdoor 7219,Sports,Outdoor,Nike,S0104,1467.45,911.08,Active
P07220,SKU-07220,HP Fitnes 7220,Sports,Fitness,HP,S0016,1232.44,602.5,Active
P07221,SKU-07221,Loreal Fitnes 7221,Sports,Fitness,Loreal,S0336,1626.36,952.02,Active
P07222,SKU-07222,Sony Outdoor 7222,Sports,Outdoor,Sony,S0024,76.95,1172.55,Active
P07223,SKU-07223,Dell Fitnes 7223,Sports,Fitness,Dell,S0355,637.89,1006.33,Active
P07224,SKU-07224,Nike Fitnes 7224,Sports,Fitness,Nike,S0205,709.6,405.26,Active
P07225,SKU-07225,Apple Outdoor 7225,Sports,Outdoor,Apple,S0394,1732.11,908.89,Active
P07226,SKU-07226,Sony Fitnes 7226,Sports,Fitness,Sony,S0496,951.28,523.82,Active
P07227,SKU-07227,Nike Outdoor 7227,Sports,Outdoor,Nike,S0096,547.56,1119.98,Active
P07228,SKU-07228,Samsung Outdoor 7228,Sports,Outdoor,Samsung,S0088,1607.21,1173.16,Active
P07229,SKU-07229,Apple Fitnes 7229,Sports,Fitness,Apple,S0381,1730.55,890.55,Active
P07230,SKU-07230,Adidas Outdoor 7230,Sports,Outdoor,Adidas,S0309,1595.14,589.23,Active
P07231,SKU-07231,Adidas Outdoor 7231,Sports,Outdoor,Adidas,S0460,792.36,1016.72,Active
P07232,SKU-07232,Sony Fitnes 7232,Sports,Fitness,Sony,S0172,1961.25,1288.47,Active
P07233,SKU-07233,LG Outdoor 7233,Sports,Outdoor,LG,S0451,369.51,930.67,Active
P07234,SKU-07234,Apple Outdoor 7234,Sports,Outdoor,Apple,S0232,1597.0,637.41,Active
P07235,SKU-07235,Sony Outdoor 7235,Sports,Outdoor,Sony,S0003,1909.35,470.21,Active
P07236,SKU-07236,Philips Fitnes 7236,Sports,Fitness,Philips,S0175,951.31,832.46,Active
P07237,SKU-07237,Nike Outdoor 7237,Sports,Outdoor,Nike,S0461,517.57,571.19,Active
P07238,SKU-07238,Dell Outdoor 7238,Sports,Outdoor,Dell,S0455,1724.82,1299.96,Active
P07239,SKU-07239,Nike Fitnes 7239,Sports,Fitness,Nike,S0139,659.68,650.25,Active
P07240,SKU-07240,Dell Fitnes 7240,Sports,Fitness,Dell,S0208,1089.84,524.7,Active
P07241,SKU-07241,Loreal Fitnes 7241,Sports,Fitness,Loreal,S0145,853.77,352.63,Active
P07242,SKU-07242,Dell Fitnes 7242,Sports,Fitness,Dell,S0257,647.94,896.58,Active
P07243,SKU-07243,Dell Outdoor 7243,Sports,Outdoor,Dell,S0379,129.66,49.27,Active
P07244,SKU-07244,HP Outdoor 7244,Sports,Outdoor,HP,S0291,844.62,696.69,Active
P07245,SKU-07245,Apple Outdoor 7245,Sports,Outdoor,Apple,S0328,1803.86,857.12,Active
P07246,SKU-07246,Adidas Outdoor 7246,Sports,Outdoor,Adidas,S0451,1050.7,1495.71,Active
P07247,SKU-07247,Apple Fitnes 7247,Sports,Fitness,Apple,S0442,718.52,24.37,Active
P07248,SKU-07248,Adidas Fitnes 7248,Sports,Fitness,Adidas,S0390,1897.8,440.31,Active
P07249,SKU-07249,Dell Fitnes 7249,Sports,Fitness,Dell,S0156,275.76,752.19,Active
P07250,SKU-07250,HP Outdoor 7250,Sports,Outdoor,HP,S0116,476.69,79.55,Active
P07251,SKU-07251,Sony Outdoor 7251,Sports,Outdoor,Sony,S0084,1855.64,396.37,Active
P07252,SKU-07252,Dell Outdoor 7252,Sports,Outdoor,Dell,S0223,180.32,100.9,Active
P07253,SKU-07253,Dell Fitnes 7253,Sports,Fitness,Dell,S0398,1999.64,785.4,Active
P07254,SKU-07254,Nike Outdoor 7254,Sports,Outdoor,Nike,S0463,1751.1,1284.39,Active
P07255,SKU-07255,HP Outdoor 7255,Sports,Outdoor,HP,S0446,593.71,543.34,Active
P07256,SKU-07256,Adidas Outdoor 7256,Sports,Outdoor,Adidas,S0338,1938.72,58.73,Active
P07257,SKU-07257,Loreal Outdoor 7257,Sports,Outdoor,Loreal,S0097,1713.37,265.41,Active
P07258,SKU-07258,Samsung Fitnes 7258,Sports,Fitness,Samsung,S0180,193.72,635.77,Active
P07259,SKU-07259,Philips Fitnes 7259,Sports,Fitness,Philips,S0056,594.19,35.26,Active
P07260,SKU-07260,Apple Fitnes 7260,Sports,Fitness,Apple,S0091,351.19,998.49,Active
P07261,SKU-07261,Apple Outdoor 7261,Sports,Outdoor,Apple,S0306,859.14,987.02,Active
P07262,SKU-07262,Dell Fitnes 7262,Sports,Fitness,Dell,S0384,373.36,175.53,Active
P07263,SKU-07263,Loreal Fitnes 7263,Sports,Fitness,Loreal,S0217,1780.56,594.91,Active
P07264,SKU-07264,Nike Fitnes 7264,Sports,Fitness,Nike,S0138,369.57,1349.83,Active
P07265,SKU-07265,HP Fitnes 7265,Sports,Fitness,HP,S0278,38.35,144.62,Active
P07266,SKU-07266,Samsung Fitnes 7266,Sports,Fitness,Samsung,S0481,1548.47,19.23,Active
P07267,SKU-07267,Adidas Outdoor 7267,Sports,Outdoor,Adidas,S0426,968.58,462.83,Active
P07268,SKU-07268,Nike Fitnes 7268,Sports,Fitness,Nike,S0267,574.69,603.05,Active
P07269,SKU-07269,LG Fitnes 7269,Sports,Fitness,LG,S0289,140.52,287.57,Active
P07270,SKU-07270,LG Outdoor 7270,Sports,Outdoor,LG,S0221,951.14,1142.38,Active
P07271,SKU-07271,Adidas Fitnes 7271,Sports,Fitness,Adidas,S0481,905.56,1417.92,Active
P07272,SKU-07272,Dell Outdoor 7272,Sports,Outdoor,Dell,S0246,980.87,912.07,Active
P07273,SKU-07273,Loreal Outdoor 7273,Sports,Outdoor,Loreal,S0367,1792.34,1338.22,Active
P07274,SKU-07274,LG Outdoor 7274,Sports,Outdoor,LG,S0283,1740.35,713.88,Active
P07275,SKU-07275,Nike Fitnes 7275,Sports,Fitness,Nike,S0046,1254.74,1491.44,Active
P07276,SKU-07276,Nike Fitnes 7276,Sports,Fitness,Nike,S0439,1434.0,1342.91,Active
P07277,SKU-07277,Dell Fitnes 7277,Sports,Fitness,Dell,S0164,349.3,1215.97,Active
P07278,SKU-07278,Dell Fitnes 7278,Sports,Fitness,Dell,S0472,1211.92,13.82,Active
P07279,SKU-07279,HP Fitnes 7279,Sports,Fitness,HP,S0212,477.48,977.42,Active
P07280,SKU-07280,Samsung Fitnes 7280,Sports,Fitness,Samsung,S0483,204.48,205.85,Active
P07281,SKU-07281,Philips Outdoor 7281,Sports,Outdoor,Philips,S0061,726.81,88.69,Active
P07282,SKU-07282,Philips Fitnes 7282,Sports,Fitness,Philips,S0167,182.8,722.48,Active
P07283,SKU-07283,Apple Outdoor 7283,Sports,Outdoor,Apple,S0157,1414.02,112.01,Active
P07284,SKU-07284,HP Outdoor 7284,Sports,Outdoor,HP,S0073,276.62,845.9,Active
P07285,SKU-07285,Loreal Outdoor 7285,Sports,Outdoor,Loreal,S0202,852.07,556.72,Active
P07286,SKU-07286,Samsung Outdoor 7286,Sports,Outdoor,Samsung,S0431,638.15,339.11,Active
P07287,SKU-07287,Apple Outdoor 7287,Sports,Outdoor,Apple,S0165,1944.05,712.92,Active
P07288,SKU-07288,Apple Fitnes 7288,Sports,Fitness,Apple,S0199,88.17,518.14,Active
P07289,SKU-07289,Apple Fitnes 7289,Sports,Fitness,Apple,S0153,870.11,1183.49,Active
P07290,SKU-07290,Philips Outdoor 7290,Sports,Outdoor,Philips,S0500,720.5,930.9,Active
P07291,SKU-07291,LG Fitnes 7291,Sports,Fitness,LG,S0222,771.04,1453.03,Active
P07292,SKU-07292,Loreal Fitnes 7292,Sports,Fitness,Loreal,S0163,1031.71,655.36,Active
P07293,SKU-07293,Adidas Outdoor 7293,Sports,Outdoor,Adidas,S0373,1894.04,473.78,Active
P07294,SKU-07294,Apple Outdoor 7294,Sports,Outdoor,Apple,S0449,1242.11,625.23,Active
P07295,SKU-07295,Loreal Fitnes 7295,Sports,Fitness,Loreal,S0123,525.76,49.46,Active
P07296,SKU-07296,LG Fitnes 7296,Sports,Fitness,LG,S0017,381.39,1446.2,Active
P07297,SKU-07297,Apple Outdoor 7297,Sports,Outdoor,Apple,S0496,396.94,199.09,Active
P07298,SKU-07298,Adidas Outdoor 7298,Sports,Outdoor,Adidas,S0200,1610.53,1427.17,Active
P07299,SKU-07299,Dell Outdoor 7299,Sports,Outdoor,Dell,S0407,637.92,149.92,Active
P07300,SKU-07300,Philips Fitnes 7300,Sports,Fitness,Philips,S0097,661.64,1113.64,Active
P07301,SKU-07301,Apple Outdoor 7301,Sports,Outdoor,Apple,S0089,703.52,1241.61,Active
P07302,SKU-07302,Nike Outdoor 7302,Sports,Outdoor,Nike,S0324,693.83,911.37,Active
P07303,SKU-07303,Loreal Fitnes 7303,Sports,Fitness,Loreal,S0499,1031.76,1346.32,Active
P07304,SKU-07304,Sony Fitnes 7304,Sports,Fitness,Sony,S0089,435.01,645.18,Active
P07305,SKU-07305,Nike Outdoor 7305,Sports,Outdoor,Nike,S0493,945.84,1421.42,Active
P07306,SKU-07306,LG Fitnes 7306,Sports,Fitness,LG,S0282,1617.29,327.49,Active
P07307,SKU-07307,Philips Outdoor 7307,Sports,Outdoor,Philips,S0335,1204.79,756.03,Active
P07308,SKU-07308,Dell Fitnes 7308,Sports,Fitness,Dell,S0452,1405.15,575.48,Active
P07309,SKU-07309,Sony Outdoor 7309,Sports,Outdoor,Sony,S0201,753.96,545.27,Active
P07310,SKU-07310,HP Fitnes 7310,Sports,Fitness,HP,S0301,1638.98,275.72,Active
P07311,SKU-07311,HP Outdoor 7311,Sports,Outdoor,HP,S0238,1391.64,284.48,Active
P07312,SKU-07312,LG Outdoor 7312,Sports,Outdoor,LG,S0041,325.64,1195.98,Active
P07313,SKU-07313,Apple Fitnes 7313,Sports,Fitness,Apple,S0270,1711.92,820.93,Active
P07314,SKU-07314,LG Outdoor 7314,Sports,Outdoor,LG,S0475,1171.82,983.43,Active
P07315,SKU-07315,Samsung Outdoor 7315,Sports,Outdoor,Samsung,S0493,1485.4,507.51,Active
P07316,SKU-07316,Loreal Outdoor 7316,Sports,Outdoor,Loreal,S0244,811.08,918.65,Active
P07317,SKU-07317,Apple Outdoor 7317,Sports,Outdoor,Apple,S0051,1147.35,425.76,Active
P07318,SKU-07318,Nike Outdoor 7318,Sports,Outdoor,Nike,S0085,1315.88,586.32,Active
P07319,SKU-07319,Philips Outdoor 7319,Sports,Outdoor,Philips,S0321,1722.03,1280.26,Active
P07320,SKU-07320,Adidas Fitnes 7320,Sports,Fitness,Adidas,S0202,1532.88,1282.07,Active
P07321,SKU-07321,HP Fitnes 7321,Sports,Fitness,HP,S0480,1457.31,202.17,Active
P07322,SKU-07322,Sony Outdoor 7322,Sports,Outdoor,Sony,S0277,1371.81,1340.68,Active
P07323,SKU-07323,Dell Fitnes 7323,Sports,Fitness,Dell,S0233,1309.08,821.52,Active
P07324,SKU-07324,Philips Outdoor 7324,Sports,Outdoor,Philips,S0433,1939.7,1201.74,Active
P07325,SKU-07325,HP Outdoor 7325,Sports,Outdoor,HP,S0104,1505.34,1287.53,Active
P07326,SKU-07326,Samsung Fitnes 7326,Sports,Fitness,Samsung,S0245,583.5,1107.63,Active
P07327,SKU-07327,Loreal Outdoor 7327,Sports,Outdoor,Loreal,S0265,1777.27,504.06,Active
P07328,SKU-07328,HP Outdoor 7328,Sports,Outdoor,HP,S0147,1086.28,1035.51,Active
P07329,SKU-07329,Loreal Fitnes 7329,Sports,Fitness,Loreal,S0470,145.99,1414.72,Active
P07330,SKU-07330,Apple Outdoor 7330,Sports,Outdoor,Apple,S0241,364.2,1428.53,Active
P07331,SKU-07331,Sony Outdoor 7331,Sports,Outdoor,Sony,S0165,1244.67,1345.68,Active
P07332,SKU-07332,Philips Outdoor 7332,Sports,Outdoor,Philips,S0312,771.32,280.21,Active
P07333,SKU-07333,Apple Fitnes 7333,Sports,Fitness,Apple,S0132,1178.37,762.32,Active
P07334,SKU-07334,Philips Fitnes 7334,Sports,Fitness,Philips,S0367,64.17,568.95,Active
P07335,SKU-07335,Loreal Fitnes 7335,Sports,Fitness,Loreal,S0176,1922.56,1159.5,Active
P07336,SKU-07336,LG Outdoor 7336,Sports,Outdoor,LG,S0426,1255.71,829.66,Active
P07337,SKU-07337,LG Outdoor 7337,Sports,Outdoor,LG,S0040,35.21,976.13,Active
P07338,SKU-07338,Apple Fitnes 7338,Sports,Fitness,Apple,S0374,483.26,915.71,Active
P07339,SKU-07339,Nike Fitnes 7339,Sports,Fitness,Nike,S0033,305.86,1267.6,Active
P07340,SKU-07340,LG Fitnes 7340,Sports,Fitness,LG,S0282,1299.85,35.26,Active
P07341,SKU-07341,Samsung Fitnes 7341,Sports,Fitness,Samsung,S0450,132.61,132.6,Active
P07342,SKU-07342,HP Fitnes 7342,Sports,Fitness,HP,S0308,1979.12,1116.14,Active
P07343,SKU-07343,Nike Outdoor 7343,Sports,Outdoor,Nike,S0233,1128.83,71.2,Active
P07344,SKU-07344,Apple Fitnes 7344,Sports,Fitness,Apple,S0368,1002.79,1101.28,Active
P07345,SKU-07345,Sony Fitnes 7345,Sports,Fitness,Sony,S0124,505.34,931.82,Active
P07346,SKU-07346,Nike Outdoor 7346,Sports,Outdoor,Nike,S0159,1418.25,1191.59,Active
P07347,SKU-07347,LG Fitnes 7347,Sports,Fitness,LG,S0312,1130.16,722.45,Active
P07348,SKU-07348,Adidas Fitnes 7348,Sports,Fitness,Adidas,S0281,691.25,1403.63,Active
P07349,SKU-07349,Philips Fitnes 7349,Sports,Fitness,Philips,S0205,1180.2,576.15,Active
P07350,SKU-07350,Dell Fitnes 7350,Sports,Fitness,Dell,S0225,1910.44,159.84,Active
P07351,SKU-07351,Loreal Outdoor 7351,Sports,Outdoor,Loreal,S0338,1679.12,509.86,Active
P07352,SKU-07352,LG Outdoor 7352,Sports,Outdoor,LG,S0154,1385.58,344.94,Active
P07353,SKU-07353,Philips Fitnes 7353,Sports,Fitness,Philips,S0498,831.93,1148.03,Active
P07354,SKU-07354,Sony Fitnes 7354,Sports,Fitness,Sony,S0163,130.07,1139.45,Active
P07355,SKU-07355,Adidas Fitnes 7355,Sports,Fitness,Adidas,S0318,358.32,1468.8,Active
P07356,SKU-07356,Philips Outdoor 7356,Sports,Outdoor,Philips,S0142,365.8,371.56,Active
P07357,SKU-07357,Sony Outdoor 7357,Sports,Outdoor,Sony,S0433,879.16,1320.75,Active
P07358,SKU-07358,Nike Outdoor 7358,Sports,Outdoor,Nike,S0250,302.33,1256.58,Active
P07359,SKU-07359,Loreal Outdoor 7359,Sports,Outdoor,Loreal,S0408,1867.59,959.92,Active
P07360,SKU-07360,Apple Outdoor 7360,Sports,Outdoor,Apple,S0361,431.28,1134.61,Active
P07361,SKU-07361,Samsung Fitnes 7361,Sports,Fitness,Samsung,S0447,1823.93,1404.15,Active
P07362,SKU-07362,Sony Fitnes 7362,Sports,Fitness,Sony,S0402,296.89,1235.11,Active
P07363,SKU-07363,Loreal Fitnes 7363,Sports,Fitness,Loreal,S0490,202.85,223.39,Active
P07364,SKU-07364,Nike Outdoor 7364,Sports,Outdoor,Nike,S0290,1080.74,702.21,Active
P07365,SKU-07365,Loreal Outdoor 7365,Sports,Outdoor,Loreal,S0037,329.09,326.03,Active
P07366,SKU-07366,Philips Outdoor 7366,Sports,Outdoor,Philips,S0264,925.68,200.19,Active
P07367,SKU-07367,HP Outdoor 7367,Sports,Outdoor,HP,S0044,702.0,450.78,Active
P07368,SKU-07368,Sony Outdoor 7368,Sports,Outdoor,Sony,S0118,1811.65,372.82,Active
P07369,SKU-07369,Adidas Fitnes 7369,Sports,Fitness,Adidas,S0441,1003.09,1118.06,Active
P07370,SKU-07370,Nike Outdoor 7370,Sports,Outdoor,Nike,S0476,672.53,135.23,Active
P07371,SKU-07371,Loreal Fitnes 7371,Sports,Fitness,Loreal,S0452,1596.98,1472.93,Active
P07372,SKU-07372,Sony Fitnes 7372,Sports,Fitness,Sony,S0052,834.66,79.11,Active
P07373,SKU-07373,Dell Outdoor 7373,Sports,Outdoor,Dell,S0074,980.4,591.26,Active
P07374,SKU-07374,Samsung Outdoor 7374,Sports,Outdoor,Samsung,S0148,612.19,1462.54,Active
P07375,SKU-07375,Philips Outdoor 7375,Sports,Outdoor,Philips,S0265,1903.72,1320.89,Active
P07376,SKU-07376,Adidas Fitnes 7376,Sports,Fitness,Adidas,S0333,1468.1,193.29,Active
P07377,SKU-07377,Adidas Fitnes 7377,Sports,Fitness,Adidas,S0288,1873.24,450.53,Active
P07378,SKU-07378,HP Fitnes 7378,Sports,Fitness,HP,S0226,608.32,1460.65,Active
P07379,SKU-07379,Dell Fitnes 7379,Sports,Fitness,Dell,S0102,1489.84,1029.64,Active
P07380,SKU-07380,Adidas Outdoor 7380,Sports,Outdoor,Adidas,S0464,396.27,824.04,Active
P07381,SKU-07381,Loreal Fitnes 7381,Sports,Fitness,Loreal,S0398,484.05,985.42,Active
P07382,SKU-07382,Samsung Outdoor 7382,Sports,Outdoor,Samsung,S0284,1660.16,592.59,Active
P07383,SKU-07383,Philips Fitnes 7383,Sports,Fitness,Philips,S0240,613.98,851.52,Active
P07384,SKU-07384,Loreal Fitnes 7384,Sports,Fitness,Loreal,S0440,1550.84,1394.79,Active
P07385,SKU-07385,Apple Fitnes 7385,Sports,Fitness,Apple,S0087,629.15,1416.97,Active
P07386,SKU-07386,Loreal Fitnes 7386,Sports,Fitness,Loreal,S0370,1767.34,746.87,Active
P07387,SKU-07387,Sony Fitnes 7387,Sports,Fitness,Sony,S0483,1358.0,1353.62,Active
P07388,SKU-07388,Dell Fitnes 7388,Sports,Fitness,Dell,S0110,643.56,1236.12,Active
P07389,SKU-07389,Apple Fitnes 7389,Sports,Fitness,Apple,S0309,1750.05,1257.74,Active
P07390,SKU-07390,Nike Outdoor 7390,Sports,Outdoor,Nike,S0228,1997.52,784.36,Active
P07391,SKU-07391,Dell Fitnes 7391,Sports,Fitness,Dell,S0006,511.54,144.8,Active
P07392,SKU-07392,Loreal Outdoor 7392,Sports,Outdoor,Loreal,S0050,738.01,1071.26,Active
P07393,SKU-07393,Adidas Outdoor 7393,Sports,Outdoor,Adidas,S0229,1128.03,180.55,Active
P07394,SKU-07394,Samsung Fitnes 7394,Sports,Fitness,Samsung,S0405,1588.89,860.17,Active
P07395,SKU-07395,Adidas Fitnes 7395,Sports,Fitness,Adidas,S0056,1293.27,273.71,Active
P07396,SKU-07396,Adidas Fitnes 7396,Sports,Fitness,Adidas,S0047,377.19,862.87,Active
P07397,SKU-07397,Sony Outdoor 7397,Sports,Outdoor,Sony,S0484,1877.91,1162.25,Active
P07398,SKU-07398,Loreal Fitnes 7398,Sports,Fitness,Loreal,S0208,1702.03,1351.6,Active
P07399,SKU-07399,Philips Fitnes 7399,Sports,Fitness,Philips,S0298,1508.68,404.46,Active
P07400,SKU-07400,Nike Fitnes 7400,Sports,Fitness,Nike,S0471,1513.35,1231.33,Active
P07401,SKU-07401,Sony Outdoor 7401,Sports,Outdoor,Sony,S0456,751.87,1495.56,Active
P07402,SKU-07402,Apple Fitnes 7402,Sports,Fitness,Apple,S0104,1904.86,791.65,Active
P07403,SKU-07403,HP Fitnes 7403,Sports,Fitness,HP,S0013,1537.64,661.57,Active
P07404,SKU-07404,Philips Fitnes 7404,Sports,Fitness,Philips,S0381,598.91,1397.1,Active
P07405,SKU-07405,Nike Fitnes 7405,Sports,Fitness,Nike,S0216,1301.43,75.3,Active
P07406,SKU-07406,Samsung Fitnes 7406,Sports,Fitness,Samsung,S0430,408.68,1040.77,Active
P07407,SKU-07407,LG Outdoor 7407,Sports,Outdoor,LG,S0133,888.07,631.79,Active
P07408,SKU-07408,Sony Fitnes 7408,Sports,Fitness,Sony,S0186,1336.31,704.07,Active
P07409,SKU-07409,Loreal Fitnes 7409,Sports,Fitness,Loreal,S0374,1636.82,1355.68,Active
P07410,SKU-07410,Sony Outdoor 7410,Sports,Outdoor,Sony,S0391,1909.74,655.49,Active
P07411,SKU-07411,LG Outdoor 7411,Sports,Outdoor,LG,S0107,714.29,1496.38,Active
P07412,SKU-07412,Nike Outdoor 7412,Sports,Outdoor,Nike,S0269,1693.93,18.06,Active
P07413,SKU-07413,Apple Fitnes 7413,Sports,Fitness,Apple,S0034,1255.94,207.41,Active
P07414,SKU-07414,LG Fitnes 7414,Sports,Fitness,LG,S0366,1718.82,810.82,Active
P07415,SKU-07415,LG Fitnes 7415,Sports,Fitness,LG,S0489,855.41,827.32,Active
P07416,SKU-07416,Loreal Outdoor 7416,Sports,Outdoor,Loreal,S0217,918.85,1204.86,Active
P07417,SKU-07417,Apple Fitnes 7417,Sports,Fitness,Apple,S0405,634.49,503.44,Active
P07418,SKU-07418,HP Outdoor 7418,Sports,Outdoor,HP,S0376,1665.9,801.87,Active
P07419,SKU-07419,Adidas Fitnes 7419,Sports,Fitness,Adidas,S0272,1544.65,633.25,Active
P07420,SKU-07420,Dell Outdoor 7420,Sports,Outdoor,Dell,S0311,622.25,754.39,Active
P07421,SKU-07421,Sony Fitnes 7421,Sports,Fitness,Sony,S0219,455.86,286.25,Active
P07422,SKU-07422,Samsung Fitnes 7422,Sports,Fitness,Samsung,S0040,838.73,118.98,Active
P07423,SKU-07423,LG Outdoor 7423,Sports,Outdoor,LG,S0290,322.59,1209.11,Active
P07424,SKU-07424,HP Fitnes 7424,Sports,Fitness,HP,S0195,293.1,89.9,Active
P07425,SKU-07425,Nike Outdoor 7425,Sports,Outdoor,Nike,S0175,1034.22,616.21,Active
P07426,SKU-07426,Adidas Outdoor 7426,Sports,Outdoor,Adidas,S0230,551.81,911.28,Active
P07427,SKU-07427,Philips Outdoor 7427,Sports,Outdoor,Philips,S0295,139.54,716.9,Active
P07428,SKU-07428,Nike Outdoor 7428,Sports,Outdoor,Nike,S0475,832.77,118.95,Active
P07429,SKU-07429,Sony Outdoor 7429,Sports,Outdoor,Sony,S0134,207.26,329.71,Active
P07430,SKU-07430,Loreal Outdoor 7430,Sports,Outdoor,Loreal,S0064,796.67,592.96,Active
P07431,SKU-07431,Apple Fitnes 7431,Sports,Fitness,Apple,S0273,1108.55,849.59,Active
P07432,SKU-07432,Nike Outdoor 7432,Sports,Outdoor,Nike,S0279,1072.93,1484.9,Active
P07433,SKU-07433,Apple Outdoor 7433,Sports,Outdoor,Apple,S0144,428.03,662.41,Active
P07434,SKU-07434,Loreal Outdoor 7434,Sports,Outdoor,Loreal,S0301,1345.05,578.37,Active
P07435,SKU-07435,Samsung Outdoor 7435,Sports,Outdoor,Samsung,S0099,324.3,697.83,Active
P07436,SKU-07436,Loreal Outdoor 7436,Sports,Outdoor,Loreal,S0395,930.11,467.5,Active
P07437,SKU-07437,Dell Outdoor 7437,Sports,Outdoor,Dell,S0334,844.7,576.77,Active
P07438,SKU-07438,LG Outdoor 7438,Sports,Outdoor,LG,S0300,401.63,535.83,Active
P07439,SKU-07439,Samsung Outdoor 7439,Sports,Outdoor,Samsung,S0362,623.49,1187.08,Active
P07440,SKU-07440,LG Fitnes 7440,Sports,Fitness,LG,S0308,514.44,822.82,Active
P07441,SKU-07441,HP Outdoor 7441,Sports,Outdoor,HP,S0095,1282.49,515.39,Active
P07442,SKU-07442,Philips Outdoor 7442,Sports,Outdoor,Philips,S0121,520.64,880.86,Active
P07443,SKU-07443,Samsung Fitnes 7443,Sports,Fitness,Samsung,S0032,1063.48,365.26,Active
P07444,SKU-07444,LG Fitnes 7444,Sports,Fitness,LG,S0455,430.15,1371.3,Active
P07445,SKU-07445,Apple Outdoor 7445,Sports,Outdoor,Apple,S0301,751.55,45.11,Active
P07446,SKU-07446,Sony Outdoor 7446,Sports,Outdoor,Sony,S0483,855.86,1095.13,Active
P07447,SKU-07447,HP Fitnes 7447,Sports,Fitness,HP,S0457,555.14,1333.26,Active
P07448,SKU-07448,Nike Outdoor 7448,Sports,Outdoor,Nike,S0463,968.23,1310.1,Active
P07449,SKU-07449,Nike Outdoor 7449,Sports,Outdoor,Nike,S0079,280.51,1073.03,Active
P07450,SKU-07450,Philips Outdoor 7450,Sports,Outdoor,Philips,S0104,215.06,515.49,Active
P07451,SKU-07451,Loreal Outdoor 7451,Sports,Outdoor,Loreal,S0127,1469.45,746.64,Active
P07452,SKU-07452,Loreal Fitnes 7452,Sports,Fitness,Loreal,S0248,66.24,1367.36,Active
P07453,SKU-07453,Dell Outdoor 7453,Sports,Outdoor,Dell,S0239,890.06,1415.11,Active
P07454,SKU-07454,Dell Fitnes 7454,Sports,Fitness,Dell,S0243,457.1,200.97,Active
P07455,SKU-07455,Nike Outdoor 7455,Sports,Outdoor,Nike,S0338,717.26,617.55,Active
P07456,SKU-07456,Samsung Outdoor 7456,Sports,Outdoor,Samsung,S0452,886.95,274.25,Active
P07457,SKU-07457,Samsung Fitnes 7457,Sports,Fitness,Samsung,S0014,1995.49,382.16,Active
P07458,SKU-07458,Dell Outdoor 7458,Sports,Outdoor,Dell,S0359,905.72,472.88,Active
P07459,SKU-07459,Philips Fitnes 7459,Sports,Fitness,Philips,S0353,1405.52,342.95,Active
P07460,SKU-07460,Adidas Outdoor 7460,Sports,Outdoor,Adidas,S0383,1341.28,279.28,Active
P07461,SKU-07461,Nike Outdoor 7461,Sports,Outdoor,Nike,S0278,966.77,143.07,Active
P07462,SKU-07462,HP Outdoor 7462,Sports,Outdoor,HP,S0232,1856.3,1229.09,Active
P07463,SKU-07463,Nike Fitnes 7463,Sports,Fitness,Nike,S0017,597.1,628.88,Active
P07464,SKU-07464,Nike Outdoor 7464,Sports,Outdoor,Nike,S0147,1856.26,1369.11,Active
P07465,SKU-07465,Dell Fitnes 7465,Sports,Fitness,Dell,S0241,550.89,395.51,Active
P07466,SKU-07466,Apple Fitnes 7466,Sports,Fitness,Apple,S0069,1488.6,861.05,Active
P07467,SKU-07467,Adidas Outdoor 7467,Sports,Outdoor,Adidas,S0340,71.99,1493.49,Active
P07468,SKU-07468,LG Outdoor 7468,Sports,Outdoor,LG,S0094,1843.82,188.69,Active
P07469,SKU-07469,HP Fitnes 7469,Sports,Fitness,HP,S0100,1458.14,1425.99,Active
P07470,SKU-07470,Nike Outdoor 7470,Sports,Outdoor,Nike,S0338,1206.28,161.22,Active
P07471,SKU-07471,Nike Outdoor 7471,Sports,Outdoor,Nike,S0482,957.28,767.12,Active
P07472,SKU-07472,Philips Outdoor 7472,Sports,Outdoor,Philips,S0001,567.0,1475.47,Active
P07473,SKU-07473,HP Fitnes 7473,Sports,Fitness,HP,S0412,1506.84,951.97,Active
P07474,SKU-07474,Dell Outdoor 7474,Sports,Outdoor,Dell,S0153,1000.01,838.72,Active
P07475,SKU-07475,Samsung Fitnes 7475,Sports,Fitness,Samsung,S0496,286.11,407.66,Active
P07476,SKU-07476,Samsung Fitnes 7476,Sports,Fitness,Samsung,S0169,1838.42,479.25,Active
P07477,SKU-07477,Sony Fitnes 7477,Sports,Fitness,Sony,S0404,814.45,692.34,Active
P07478,SKU-07478,Sony Fitnes 7478,Sports,Fitness,Sony,S0050,349.58,354.54,Active
P07479,SKU-07479,Loreal Fitnes 7479,Sports,Fitness,Loreal,S0335,1728.41,12.41,Active
P07480,SKU-07480,Samsung Outdoor 7480,Sports,Outdoor,Samsung,S0463,828.76,964.93,Active
P07481,SKU-07481,HP Outdoor 7481,Sports,Outdoor,HP,S0137,114.75,929.24,Active
P07482,SKU-07482,Sony Fitnes 7482,Sports,Fitness,Sony,S0192,1306.41,928.88,Active
P07483,SKU-07483,HP Fitnes 7483,Sports,Fitness,HP,S0211,1077.17,732.7,Active
P07484,SKU-07484,Philips Outdoor 7484,Sports,Outdoor,Philips,S0181,1595.55,223.61,Active
P07485,SKU-07485,Loreal Fitnes 7485,Sports,Fitness,Loreal,S0425,372.11,1300.69,Active
P07486,SKU-07486,LG Outdoor 7486,Sports,Outdoor,LG,S0123,986.65,709.03,Active
P07487,SKU-07487,Samsung Outdoor 7487,Sports,Outdoor,Samsung,S0096,343.04,749.51,Active
P07488,SKU-07488,Dell Fitnes 7488,Sports,Fitness,Dell,S0171,1019.59,620.44,Active
P07489,SKU-07489,LG Outdoor 7489,Sports,Outdoor,LG,S0443,1422.1,1438.73,Active
P07490,SKU-07490,Sony Outdoor 7490,Sports,Outdoor,Sony,S0194,1732.3,946.87,Active
P07491,SKU-07491,Sony Outdoor 7491,Sports,Outdoor,Sony,S0435,1969.89,665.24,Active
P07492,SKU-07492,Apple Outdoor 7492,Sports,Outdoor,Apple,S0359,578.53,749.51,Active
P07493,SKU-07493,Sony Fitnes 7493,Sports,Fitness,Sony,S0379,964.25,1477.85,Active
P07494,SKU-07494,Loreal Fitnes 7494,Sports,Fitness,Loreal,S0258,1040.37,1313.47,Active
P07495,SKU-07495,Apple Outdoor 7495,Sports,Outdoor,Apple,S0365,1560.04,862.4,Active
P07496,SKU-07496,Philips Outdoor 7496,Sports,Outdoor,Philips,S0295,1562.22,1259.76,Active
P07497,SKU-07497,HP Fitnes 7497,Sports,Fitness,HP,S0060,615.79,1169.35,Active
P07498,SKU-07498,Dell Fitnes 7498,Sports,Fitness,Dell,S0103,1908.52,1346.73,Active
P07499,SKU-07499,Apple Outdoor 7499,Sports,Outdoor,Apple,S0450,509.21,508.53,Active
P07500,SKU-07500,HP Outdoor 7500,Sports,Outdoor,HP,S0330,548.72,550.43,Active
P07501,SKU-07501,HP Fitnes 7501,Sports,Fitness,HP,S0414,227.16,457.45,Active
P07502,SKU-07502,Sony Fitnes 7502,Sports,Fitness,Sony,S0398,1019.06,1156.04,Active
P07503,SKU-07503,Philips Fitnes 7503,Sports,Fitness,Philips,S0330,1407.85,350.08,Active
P07504,SKU-07504,LG Fitnes 7504,Sports,Fitness,LG,S0231,1842.11,629.06,Active
P07505,SKU-07505,HP Fitnes 7505,Sports,Fitness,HP,S0059,1505.3,581.89,Active
P07506,SKU-07506,Adidas Outdoor 7506,Sports,Outdoor,Adidas,S0420,814.46,1354.07,Active
P07507,SKU-07507,Loreal Fitnes 7507,Sports,Fitness,Loreal,S0033,168.02,46.35,Active
P07508,SKU-07508,Adidas Fitnes 7508,Sports,Fitness,Adidas,S0057,1886.5,397.75,Active
P07509,SKU-07509,LG Outdoor 7509,Sports,Outdoor,LG,S0489,1478.67,502.71,Active
P07510,SKU-07510,Adidas Fitnes 7510,Sports,Fitness,Adidas,S0187,1503.29,1457.74,Active
P07511,SKU-07511,Nike Fitnes 7511,Sports,Fitness,Nike,S0084,449.55,872.71,Active
P07512,SKU-07512,Philips Outdoor 7512,Sports,Outdoor,Philips,S0495,1455.66,1217.69,Active
P07513,SKU-07513,Loreal Outdoor 7513,Sports,Outdoor,Loreal,S0372,237.22,1179.8,Active
P07514,SKU-07514,Dell Fitnes 7514,Sports,Fitness,Dell,S0317,634.34,1067.53,Active
P07515,SKU-07515,Samsung Outdoor 7515,Sports,Outdoor,Samsung,S0077,1161.04,422.07,Active
P07516,SKU-07516,Loreal Fitnes 7516,Sports,Fitness,Loreal,S0432,1453.7,770.19,Active
P07517,SKU-07517,HP Fitnes 7517,Sports,Fitness,HP,S0040,1466.1,883.93,Active
P07518,SKU-07518,Dell Outdoor 7518,Sports,Outdoor,Dell,S0125,658.75,390.11,Active
P07519,SKU-07519,Samsung Outdoor 7519,Sports,Outdoor,Samsung,S0401,1168.89,1258.66,Active
P07520,SKU-07520,Philips Outdoor 7520,Sports,Outdoor,Philips,S0132,154.87,366.98,Active
P07521,SKU-07521,Apple Fitnes 7521,Sports,Fitness,Apple,S0327,853.7,1178.91,Active
P07522,SKU-07522,Loreal Outdoor 7522,Sports,Outdoor,Loreal,S0286,999.76,348.5,Active
P07523,SKU-07523,Loreal Outdoor 7523,Sports,Outdoor,Loreal,S0375,60.26,1396.03,Active
P07524,SKU-07524,Philips Outdoor 7524,Sports,Outdoor,Philips,S0225,899.11,795.37,Active
P07525,SKU-07525,Philips Outdoor 7525,Sports,Outdoor,Philips,S0491,934.99,662.97,Active
P07526,SKU-07526,Apple Outdoor 7526,Sports,Outdoor,Apple,S0094,200.25,792.48,Active
P07527,SKU-07527,Philips Outdoor 7527,Sports,Outdoor,Philips,S0020,450.19,72.98,Active
P07528,SKU-07528,Dell Fitnes 7528,Sports,Fitness,Dell,S0220,858.67,212.17,Active
P07529,SKU-07529,Samsung Outdoor 7529,Sports,Outdoor,Samsung,S0222,917.79,648.21,Active
P07530,SKU-07530,Sony Outdoor 7530,Sports,Outdoor,Sony,S0004,987.53,1123.14,Active
P07531,SKU-07531,Apple Outdoor 7531,Sports,Outdoor,Apple,S0377,790.22,1288.89,Active
P07532,SKU-07532,Sony Outdoor 7532,Sports,Outdoor,Sony,S0443,196.62,248.94,Active
P07533,SKU-07533,Nike Fitnes 7533,Sports,Fitness,Nike,S0262,817.57,1218.37,Active
P07534,SKU-07534,Nike Outdoor 7534,Sports,Outdoor,Nike,S0098,45.97,373.05,Active
P07535,SKU-07535,HP Fitnes 7535,Sports,Fitness,HP,S0342,1116.3,258.6,Active
P07536,SKU-07536,Loreal Outdoor 7536,Sports,Outdoor,Loreal,S0080,635.35,95.97,Active
P07537,SKU-07537,Philips Outdoor 7537,Sports,Outdoor,Philips,S0348,1585.02,1135.35,Active
P07538,SKU-07538,Loreal Fitnes 7538,Sports,Fitness,Loreal,S0330,1450.93,1015.59,Active
P07539,SKU-07539,Philips Outdoor 7539,Sports,Outdoor,Philips,S0083,939.45,1217.24,Active
P07540,SKU-07540,Sony Fitnes 7540,Sports,Fitness,Sony,S0051,1393.42,1317.75,Active
P07541,SKU-07541,Apple Outdoor 7541,Sports,Outdoor,Apple,S0010,1591.88,517.01,Active
P07542,SKU-07542,Philips Outdoor 7542,Sports,Outdoor,Philips,S0196,41.31,121.73,Active
P07543,SKU-07543,Apple Fitnes 7543,Sports,Fitness,Apple,S0190,124.87,272.93,Active
P07544,SKU-07544,Loreal Outdoor 7544,Sports,Outdoor,Loreal,S0198,369.17,1077.17,Active
P07545,SKU-07545,Philips Outdoor 7545,Sports,Outdoor,Philips,S0057,1206.92,1183.87,Active
P07546,SKU-07546,Philips Fitnes 7546,Sports,Fitness,Philips,S0211,554.14,427.28,Active
P07547,SKU-07547,Philips Outdoor 7547,Sports,Outdoor,Philips,S0390,1696.0,492.26,Active
P07548,SKU-07548,HP Fitnes 7548,Sports,Fitness,HP,S0059,11.44,650.16,Active
P07549,SKU-07549,Loreal Outdoor 7549,Sports,Outdoor,Loreal,S0326,416.4,685.2,Active
P07550,SKU-07550,Dell Outdoor 7550,Sports,Outdoor,Dell,S0349,1928.78,151.46,Active
P07551,SKU-07551,Apple Fitnes 7551,Sports,Fitness,Apple,S0449,981.03,1332.04,Active
P07552,SKU-07552,LG Outdoor 7552,Sports,Outdoor,LG,S0303,920.0,856.16,Active
P07553,SKU-07553,Loreal Fitnes 7553,Sports,Fitness,Loreal,S0019,226.06,532.14,Active
P07554,SKU-07554,Apple Outdoor 7554,Sports,Outdoor,Apple,S0139,594.47,567.12,Active
P07555,SKU-07555,Loreal Fitnes 7555,Sports,Fitness,Loreal,S0395,1498.37,1086.22,Active
P07556,SKU-07556,Philips Outdoor 7556,Sports,Outdoor,Philips,S0444,1057.37,897.63,Active
P07557,SKU-07557,Samsung Fitnes 7557,Sports,Fitness,Samsung,S0123,143.26,81.26,Active
P07558,SKU-07558,Apple Outdoor 7558,Sports,Outdoor,Apple,S0462,146.38,538.19,Active
P07559,SKU-07559,HP Fitnes 7559,Sports,Fitness,HP,S0033,594.42,357.06,Active
P07560,SKU-07560,Apple Outdoor 7560,Sports,Outdoor,Apple,S0157,1286.5,379.2,Active
P07561,SKU-07561,Adidas Outdoor 7561,Sports,Outdoor,Adidas,S0370,1523.33,457.64,Active
P07562,SKU-07562,Loreal Fitnes 7562,Sports,Fitness,Loreal,S0162,1896.73,509.13,Active
P07563,SKU-07563,LG Outdoor 7563,Sports,Outdoor,LG,S0291,965.56,730.75,Active
P07564,SKU-07564,HP Outdoor 7564,Sports,Outdoor,HP,S0213,227.2,1422.74,Active
P07565,SKU-07565,Apple Outdoor 7565,Sports,Outdoor,Apple,S0368,964.07,1221.53,Active
P07566,SKU-07566,Adidas Outdoor 7566,Sports,Outdoor,Adidas,S0299,1270.25,1193.62,Active
P07567,SKU-07567,Samsung Fitnes 7567,Sports,Fitness,Samsung,S0224,334.96,1152.92,Active
P07568,SKU-07568,Loreal Fitnes 7568,Sports,Fitness,Loreal,S0448,1553.39,532.64,Active
P07569,SKU-07569,Philips Outdoor 7569,Sports,Outdoor,Philips,S0286,1648.72,1419.09,Active
P07570,SKU-07570,Apple Fitnes 7570,Sports,Fitness,Apple,S0112,1920.53,503.9,Active
P07571,SKU-07571,Apple Fitnes 7571,Sports,Fitness,Apple,S0471,1626.15,695.79,Active
P07572,SKU-07572,Dell Outdoor 7572,Sports,Outdoor,Dell,S0402,247.98,1275.67,Active
P07573,SKU-07573,Dell Outdoor 7573,Sports,Outdoor,Dell,S0235,1738.17,1183.04,Active
P07574,SKU-07574,Loreal Fitnes 7574,Sports,Fitness,Loreal,S0305,1211.47,41.69,Active
P07575,SKU-07575,Philips Outdoor 7575,Sports,Outdoor,Philips,S0094,1069.25,1456.39,Active
P07576,SKU-07576,Apple Fitnes 7576,Sports,Fitness,Apple,S0164,1651.29,910.32,Active
P07577,SKU-07577,Dell Outdoor 7577,Sports,Outdoor,Dell,S0345,78.65,491.72,Active
P07578,SKU-07578,Dell Fitnes 7578,Sports,Fitness,Dell,S0413,1954.08,1436.01,Active
P07579,SKU-07579,Loreal Fitnes 7579,Sports,Fitness,Loreal,S0116,462.59,1401.91,Active
P07580,SKU-07580,LG Outdoor 7580,Sports,Outdoor,LG,S0430,1603.44,385.67,Active
P07581,SKU-07581,Loreal Outdoor 7581,Sports,Outdoor,Loreal,S0311,719.66,1059.32,Active
P07582,SKU-07582,Loreal Fitnes 7582,Sports,Fitness,Loreal,S0099,1627.58,512.97,Active
P07583,SKU-07583,Sony Fitnes 7583,Sports,Fitness,Sony,S0067,1132.72,1402.42,Active
P07584,SKU-07584,Dell Fitnes 7584,Sports,Fitness,Dell,S0071,83.36,362.5,Active
P07585,SKU-07585,Samsung Fitnes 7585,Sports,Fitness,Samsung,S0338,509.14,683.23,Active
P07586,SKU-07586,Dell Outdoor 7586,Sports,Outdoor,Dell,S0383,1884.39,1366.27,Active
P07587,SKU-07587,Nike Outdoor 7587,Sports,Outdoor,Nike,S0223,1996.67,1467.52,Active
P07588,SKU-07588,LG Fitnes 7588,Sports,Fitness,LG,S0269,1039.58,896.89,Active
P07589,SKU-07589,Loreal Outdoor 7589,Sports,Outdoor,Loreal,S0371,55.42,403.77,Active
P07590,SKU-07590,Samsung Fitnes 7590,Sports,Fitness,Samsung,S0417,637.25,6.31,Active
P07591,SKU-07591,Samsung Outdoor 7591,Sports,Outdoor,Samsung,S0006,1355.3,699.35,Active
P07592,SKU-07592,Apple Fitnes 7592,Sports,Fitness,Apple,S0245,372.07,697.45,Active
P07593,SKU-07593,Adidas Outdoor 7593,Sports,Outdoor,Adidas,S0135,276.9,125.96,Active
P07594,SKU-07594,Apple Fitnes 7594,Sports,Fitness,Apple,S0141,1794.98,135.13,Active
P07595,SKU-07595,Apple Outdoor 7595,Sports,Outdoor,Apple,S0476,1254.87,919.91,Active
P07596,SKU-07596,HP Fitnes 7596,Sports,Fitness,HP,S0313,1607.96,1253.67,Active
P07597,SKU-07597,Sony Outdoor 7597,Sports,Outdoor,Sony,S0014,1745.06,501.26,Active
P07598,SKU-07598,HP Outdoor 7598,Sports,Outdoor,HP,S0018,152.52,1432.86,Active
P07599,SKU-07599,Adidas Outdoor 7599,Sports,Outdoor,Adidas,S0436,873.73,1297.04,Active
P07600,SKU-07600,Nike Fitnes 7600,Sports,Fitness,Nike,S0303,620.9,1253.64,Active
P07601,SKU-07601,Loreal Fitnes 7601,Sports,Fitness,Loreal,S0367,1403.94,50.08,Active
P07602,SKU-07602,Apple Outdoor 7602,Sports,Outdoor,Apple,S0467,1166.51,660.18,Active
P07603,SKU-07603,Apple Fitnes 7603,Sports,Fitness,Apple,S0096,1173.39,685.83,Active
P07604,SKU-07604,Loreal Outdoor 7604,Sports,Outdoor,Loreal,S0347,1510.63,292.46,Active
P07605,SKU-07605,Adidas Outdoor 7605,Sports,Outdoor,Adidas,S0486,357.83,1211.87,Active
P07606,SKU-07606,Philips Fitnes 7606,Sports,Fitness,Philips,S0158,1798.94,59.73,Active
P07607,SKU-07607,HP Outdoor 7607,Sports,Outdoor,HP,S0359,14.99,1262.05,Active
P07608,SKU-07608,LG Outdoor 7608,Sports,Outdoor,LG,S0190,189.67,901.05,Active
P07609,SKU-07609,HP Outdoor 7609,Sports,Outdoor,HP,S0423,480.58,125.03,Active
P07610,SKU-07610,Sony Fitnes 7610,Sports,Fitness,Sony,S0023,902.51,590.17,Active
P07611,SKU-07611,Nike Outdoor 7611,Sports,Outdoor,Nike,S0265,1269.8,416.01,Active
P07612,SKU-07612,Philips Fitnes 7612,Sports,Fitness,Philips,S0058,32.08,254.55,Active
P07613,SKU-07613,Nike Fitnes 7613,Sports,Fitness,Nike,S0250,756.91,1388.74,Active
P07614,SKU-07614,LG Outdoor 7614,Sports,Outdoor,LG,S0434,104.38,984.08,Active
P07615,SKU-07615,Adidas Outdoor 7615,Sports,Outdoor,Adidas,S0139,1101.94,873.65,Active
P07616,SKU-07616,Philips Fitnes 7616,Sports,Fitness,Philips,S0166,422.98,1385.22,Active
P07617,SKU-07617,Samsung Fitnes 7617,Sports,Fitness,Samsung,S0245,1511.03,682.13,Active
P07618,SKU-07618,Nike Fitnes 7618,Sports,Fitness,Nike,S0428,153.62,278.52,Active
P07619,SKU-07619,Adidas Fitnes 7619,Sports,Fitness,Adidas,S0201,1862.86,786.5,Active
P07620,SKU-07620,HP Fitnes 7620,Sports,Fitness,HP,S0429,336.15,1005.64,Active
P07621,SKU-07621,Adidas Fitnes 7621,Sports,Fitness,Adidas,S0275,1588.55,1430.66,Active
P07622,SKU-07622,Loreal Outdoor 7622,Sports,Outdoor,Loreal,S0132,1573.61,810.17,Active
P07623,SKU-07623,HP Outdoor 7623,Sports,Outdoor,HP,S0440,1097.66,83.71,Active
P07624,SKU-07624,Adidas Fitnes 7624,Sports,Fitness,Adidas,S0299,1129.59,995.14,Active
P07625,SKU-07625,Sony Fitnes 7625,Sports,Fitness,Sony,S0053,665.26,676.81,Active
P07626,SKU-07626,Nike Outdoor 7626,Sports,Outdoor,Nike,S0030,1860.86,1311.27,Active
P07627,SKU-07627,LG Outdoor 7627,Sports,Outdoor,LG,S0420,1527.24,141.02,Active
P07628,SKU-07628,Apple Outdoor 7628,Sports,Outdoor,Apple,S0046,890.41,866.99,Active
P07629,SKU-07629,LG Fitnes 7629,Sports,Fitness,LG,S0138,1274.18,270.16,Active
P07630,SKU-07630,Adidas Fitnes 7630,Sports,Fitness,Adidas,S0431,1443.98,1248.38,Active
P07631,SKU-07631,Adidas Fitnes 7631,Sports,Fitness,Adidas,S0467,237.57,693.56,Active
P07632,SKU-07632,LG Outdoor 7632,Sports,Outdoor,LG,S0342,1638.05,1468.37,Active
P07633,SKU-07633,HP Fitnes 7633,Sports,Fitness,HP,S0495,859.28,845.4,Active
P07634,SKU-07634,HP Outdoor 7634,Sports,Outdoor,HP,S0402,1260.2,214.65,Active
P07635,SKU-07635,Sony Fitnes 7635,Sports,Fitness,Sony,S0262,1572.67,1465.18,Active
P07636,SKU-07636,Sony Outdoor 7636,Sports,Outdoor,Sony,S0317,867.82,801.06,Active
P07637,SKU-07637,Dell Fitnes 7637,Sports,Fitness,Dell,S0344,792.2,936.92,Active
P07638,SKU-07638,Dell Fitnes 7638,Sports,Fitness,Dell,S0466,1784.17,378.47,Active
P07639,SKU-07639,Loreal Outdoor 7639,Sports,Outdoor,Loreal,S0260,700.1,470.97,Active
P07640,SKU-07640,LG Fitnes 7640,Sports,Fitness,LG,S0270,199.99,1234.63,Active
P07641,SKU-07641,HP Fitnes 7641,Sports,Fitness,HP,S0402,1048.64,33.47,Active
P07642,SKU-07642,Philips Outdoor 7642,Sports,Outdoor,Philips,S0321,1252.49,1283.29,Active
P07643,SKU-07643,LG Outdoor 7643,Sports,Outdoor,LG,S0055,652.35,999.09,Active
P07644,SKU-07644,Samsung Fitnes 7644,Sports,Fitness,Samsung,S0180,1098.25,90.57,Active
P07645,SKU-07645,Loreal Outdoor 7645,Sports,Outdoor,Loreal,S0432,408.58,1120.65,Active
P07646,SKU-07646,Apple Fitnes 7646,Sports,Fitness,Apple,S0197,103.41,77.17,Active
P07647,SKU-07647,Samsung Fitnes 7647,Sports,Fitness,Samsung,S0394,1168.86,12.88,Active
P07648,SKU-07648,HP Fitnes 7648,Sports,Fitness,HP,S0250,214.94,1290.82,Active
P07649,SKU-07649,Dell Outdoor 7649,Sports,Outdoor,Dell,S0475,737.72,791.48,Active
P07650,SKU-07650,Dell Outdoor 7650,Sports,Outdoor,Dell,S0137,31.22,1493.99,Active
P07651,SKU-07651,Apple Fitnes 7651,Sports,Fitness,Apple,S0052,134.27,1101.76,Active
P07652,SKU-07652,Apple Fitnes 7652,Sports,Fitness,Apple,S0415,1308.33,1223.25,Active
P07653,SKU-07653,Adidas Fitnes 7653,Sports,Fitness,Adidas,S0290,1593.72,603.37,Active
P07654,SKU-07654,Loreal Outdoor 7654,Sports,Outdoor,Loreal,S0181,343.66,44.51,Active
P07655,SKU-07655,LG Fitnes 7655,Sports,Fitness,LG,S0046,94.3,693.73,Active
P07656,SKU-07656,Sony Fitnes 7656,Sports,Fitness,Sony,S0222,1291.5,880.0,Active
P07657,SKU-07657,HP Outdoor 7657,Sports,Outdoor,HP,S0450,1339.26,1301.63,Active
P07658,SKU-07658,Loreal Outdoor 7658,Sports,Outdoor,Loreal,S0079,1194.09,926.51,Active
P07659,SKU-07659,Loreal Fitnes 7659,Sports,Fitness,Loreal,S0062,1270.79,1064.58,Active
P07660,SKU-07660,Loreal Outdoor 7660,Sports,Outdoor,Loreal,S0075,1047.07,452.64,Active
P07661,SKU-07661,Nike Outdoor 7661,Sports,Outdoor,Nike,S0069,961.24,791.18,Active
P07662,SKU-07662,Nike Outdoor 7662,Sports,Outdoor,Nike,S0069,1354.41,338.51,Active
P07663,SKU-07663,Apple Outdoor 7663,Sports,Outdoor,Apple,S0497,1326.61,741.56,Active
P07664,SKU-07664,Samsung Outdoor 7664,Sports,Outdoor,Samsung,S0081,540.52,99.72,Active
P07665,SKU-07665,Sony Fitnes 7665,Sports,Fitness,Sony,S0208,275.38,1033.95,Active
P07666,SKU-07666,HP Fitnes 7666,Sports,Fitness,HP,S0209,1617.22,112.87,Active
P07667,SKU-07667,Apple Fitnes 7667,Sports,Fitness,Apple,S0433,698.57,726.4,Active
P07668,SKU-07668,LG Fitnes 7668,Sports,Fitness,LG,S0314,1957.99,149.11,Active
P07669,SKU-07669,Loreal Outdoor 7669,Sports,Outdoor,Loreal,S0174,1755.4,1208.53,Active
P07670,SKU-07670,Adidas Outdoor 7670,Sports,Outdoor,Adidas,S0126,1121.0,124.55,Active
P07671,SKU-07671,Apple Fitnes 7671,Sports,Fitness,Apple,S0194,303.79,1381.52,Active
P07672,SKU-07672,Loreal Outdoor 7672,Sports,Outdoor,Loreal,S0279,870.59,1164.86,Active
P07673,SKU-07673,Philips Outdoor 7673,Sports,Outdoor,Philips,S0384,215.99,690.67,Active
P07674,SKU-07674,Nike Outdoor 7674,Sports,Outdoor,Nike,S0250,538.05,627.89,Active
P07675,SKU-07675,Samsung Outdoor 7675,Sports,Outdoor,Samsung,S0190,462.44,1445.04,Active
P07676,SKU-07676,Adidas Fitnes 7676,Sports,Fitness,Adidas,S0153,1877.39,738.28,Active
P07677,SKU-07677,Dell Outdoor 7677,Sports,Outdoor,Dell,S0440,173.98,1483.46,Active
P07678,SKU-07678,Sony Outdoor 7678,Sports,Outdoor,Sony,S0349,1707.21,465.15,Active
P07679,SKU-07679,Philips Fitnes 7679,Sports,Fitness,Philips,S0452,934.05,779.39,Active
P07680,SKU-07680,Apple Outdoor 7680,Sports,Outdoor,Apple,S0305,1640.73,170.37,Active
P07681,SKU-07681,Sony Fitnes 7681,Sports,Fitness,Sony,S0088,916.62,883.05,Active
P07682,SKU-07682,Dell Outdoor 7682,Sports,Outdoor,Dell,S0081,1291.21,524.4,Active
P07683,SKU-07683,Samsung Fitnes 7683,Sports,Fitness,Samsung,S0042,1779.28,1406.18,Active
P07684,SKU-07684,Apple Fitnes 7684,Sports,Fitness,Apple,S0049,471.15,597.36,Active
P07685,SKU-07685,Adidas Fitnes 7685,Sports,Fitness,Adidas,S0065,293.35,505.05,Active
P07686,SKU-07686,LG Outdoor 7686,Sports,Outdoor,LG,S0040,663.47,1412.76,Active
P07687,SKU-07687,Nike Fitnes 7687,Sports,Fitness,Nike,S0319,1110.84,405.05,Active
P07688,SKU-07688,Sony Fitnes 7688,Sports,Fitness,Sony,S0082,1620.09,150.8,Active
P07689,SKU-07689,Loreal Fitnes 7689,Sports,Fitness,Loreal,S0150,1231.19,155.63,Active
P07690,SKU-07690,Apple Fitnes 7690,Sports,Fitness,Apple,S0485,895.54,561.98,Active
P07691,SKU-07691,Adidas Outdoor 7691,Sports,Outdoor,Adidas,S0189,1327.04,1482.89,Active
P07692,SKU-07692,Philips Outdoor 7692,Sports,Outdoor,Philips,S0418,715.55,750.47,Active
P07693,SKU-07693,Philips Fitnes 7693,Sports,Fitness,Philips,S0489,622.02,1034.74,Active
P07694,SKU-07694,Loreal Outdoor 7694,Sports,Outdoor,Loreal,S0325,272.4,231.36,Active
P07695,SKU-07695,Dell Outdoor 7695,Sports,Outdoor,Dell,S0446,1302.7,1256.39,Active
P07696,SKU-07696,LG Fitnes 7696,Sports,Fitness,LG,S0414,1526.38,1386.99,Active
P07697,SKU-07697,Apple Fitnes 7697,Sports,Fitness,Apple,S0266,1755.48,27.94,Active
P07698,SKU-07698,LG Fitnes 7698,Sports,Fitness,LG,S0475,1841.93,64.13,Active
P07699,SKU-07699,Nike Outdoor 7699,Sports,Outdoor,Nike,S0014,1227.5,766.52,Active
P07700,SKU-07700,Dell Fitnes 7700,Sports,Fitness,Dell,S0461,265.75,889.37,Active
P07701,SKU-07701,Apple Outdoor 7701,Sports,Outdoor,Apple,S0183,1848.26,1407.44,Active
P07702,SKU-07702,LG Fitnes 7702,Sports,Fitness,LG,S0053,1042.97,115.37,Active
P07703,SKU-07703,Samsung Fitnes 7703,Sports,Fitness,Samsung,S0457,434.59,965.02,Active
P07704,SKU-07704,Samsung Fitnes 7704,Sports,Fitness,Samsung,S0040,198.12,1413.49,Active
P07705,SKU-07705,Loreal Outdoor 7705,Sports,Outdoor,Loreal,S0033,1943.02,362.4,Active
P07706,SKU-07706,Apple Outdoor 7706,Sports,Outdoor,Apple,S0033,906.61,954.72,Active
P07707,SKU-07707,HP Fitnes 7707,Sports,Fitness,HP,S0227,1834.87,1095.08,Active
P07708,SKU-07708,LG Fitnes 7708,Sports,Fitness,LG,S0496,35.24,1435.77,Active
P07709,SKU-07709,HP Fitnes 7709,Sports,Fitness,HP,S0481,1163.53,578.79,Active
P07710,SKU-07710,Dell Fitnes 7710,Sports,Fitness,Dell,S0073,1301.52,331.99,Active
P07711,SKU-07711,HP Outdoor 7711,Sports,Outdoor,HP,S0223,1228.08,473.42,Active
P07712,SKU-07712,Adidas Outdoor 7712,Sports,Outdoor,Adidas,S0071,1782.45,275.83,Active
P07713,SKU-07713,Nike Fitnes 7713,Sports,Fitness,Nike,S0053,767.41,768.98,Active
P07714,SKU-07714,Nike Outdoor 7714,Sports,Outdoor,Nike,S0085,198.56,116.71,Active
P07715,SKU-07715,Loreal Outdoor 7715,Sports,Outdoor,Loreal,S0405,1254.04,215.95,Active
P07716,SKU-07716,Nike Outdoor 7716,Sports,Outdoor,Nike,S0452,524.49,742.89,Active
P07717,SKU-07717,HP Fitnes 7717,Sports,Fitness,HP,S0047,1613.26,582.06,Active
P07718,SKU-07718,LG Fitnes 7718,Sports,Fitness,LG,S0299,1450.53,1453.88,Active
P07719,SKU-07719,Adidas Outdoor 7719,Sports,Outdoor,Adidas,S0240,1887.57,266.97,Active
P07720,SKU-07720,HP Fitnes 7720,Sports,Fitness,HP,S0168,1976.82,1022.45,Active
P07721,SKU-07721,Adidas Outdoor 7721,Sports,Outdoor,Adidas,S0283,682.28,67.24,Active
P07722,SKU-07722,Sony Fitnes 7722,Sports,Fitness,Sony,S0414,1115.44,530.53,Active
P07723,SKU-07723,Loreal Fitnes 7723,Sports,Fitness,Loreal,S0325,1380.19,1304.83,Active
P07724,SKU-07724,Apple Outdoor 7724,Sports,Outdoor,Apple,S0343,1695.2,713.25,Active
P07725,SKU-07725,Dell Outdoor 7725,Sports,Outdoor,Dell,S0095,536.09,843.12,Active
P07726,SKU-07726,Apple Fitnes 7726,Sports,Fitness,Apple,S0114,826.84,482.56,Active
P07727,SKU-07727,Loreal Fitnes 7727,Sports,Fitness,Loreal,S0056,539.63,1099.08,Active
P07728,SKU-07728,Apple Outdoor 7728,Sports,Outdoor,Apple,S0283,161.61,1206.02,Active
P07729,SKU-07729,Apple Fitnes 7729,Sports,Fitness,Apple,S0138,458.44,1103.4,Active
P07730,SKU-07730,HP Fitnes 7730,Sports,Fitness,HP,S0268,1021.88,600.92,Active
P07731,SKU-07731,Adidas Fitnes 7731,Sports,Fitness,Adidas,S0197,155.87,114.9,Active
P07732,SKU-07732,LG Fitnes 7732,Sports,Fitness,LG,S0492,880.08,138.73,Active
P07733,SKU-07733,Sony Fitnes 7733,Sports,Fitness,Sony,S0391,553.65,1105.35,Active
P07734,SKU-07734,LG Fitnes 7734,Sports,Fitness,LG,S0231,282.17,1263.23,Active
P07735,SKU-07735,Sony Outdoor 7735,Sports,Outdoor,Sony,S0028,648.2,581.83,Active
P07736,SKU-07736,LG Fitnes 7736,Sports,Fitness,LG,S0075,374.91,799.63,Active
P07737,SKU-07737,Nike Fitnes 7737,Sports,Fitness,Nike,S0188,368.32,904.01,Active
P07738,SKU-07738,Apple Fitnes 7738,Sports,Fitness,Apple,S0064,1597.26,833.24,Active
P07739,SKU-07739,Loreal Outdoor 7739,Sports,Outdoor,Loreal,S0268,1909.3,1106.31,Active
P07740,SKU-07740,Dell Fitnes 7740,Sports,Fitness,Dell,S0307,479.73,738.4,Active
P07741,SKU-07741,Nike Outdoor 7741,Sports,Outdoor,Nike,S0111,1109.48,1119.44,Active
P07742,SKU-07742,LG Outdoor 7742,Sports,Outdoor,LG,S0360,112.21,1269.52,Active
P07743,SKU-07743,Dell Outdoor 7743,Sports,Outdoor,Dell,S0425,913.88,1230.1,Active
P07744,SKU-07744,Adidas Outdoor 7744,Sports,Outdoor,Adidas,S0318,1649.48,673.54,Active
P07745,SKU-07745,LG Fitnes 7745,Sports,Fitness,LG,S0256,1197.41,1066.74,Active
P07746,SKU-07746,Philips Fitnes 7746,Sports,Fitness,Philips,S0424,64.49,781.22,Active
P07747,SKU-07747,Apple Outdoor 7747,Sports,Outdoor,Apple,S0346,761.17,712.41,Active
P07748,SKU-07748,Adidas Fitnes 7748,Sports,Fitness,Adidas,S0102,1221.77,1460.61,Active
P07749,SKU-07749,Samsung Fitnes 7749,Sports,Fitness,Samsung,S0438,1071.4,265.03,Active
P07750,SKU-07750,Samsung Fitnes 7750,Sports,Fitness,Samsung,S0273,193.46,1176.14,Active
P07751,SKU-07751,Samsung Fitnes 7751,Sports,Fitness,Samsung,S0206,1216.53,413.04,Active
P07752,SKU-07752,LG Fitnes 7752,Sports,Fitness,LG,S0436,771.07,583.03,Active
P07753,SKU-07753,Philips Fitnes 7753,Sports,Fitness,Philips,S0446,1823.94,1356.18,Active
P07754,SKU-07754,LG Fitnes 7754,Sports,Fitness,LG,S0187,1647.31,1319.1,Active
P07755,SKU-07755,Adidas Fitnes 7755,Sports,Fitness,Adidas,S0296,1441.33,561.14,Active
P07756,SKU-07756,Loreal Outdoor 7756,Sports,Outdoor,Loreal,S0318,916.32,247.46,Active
P07757,SKU-07757,LG Fitnes 7757,Sports,Fitness,LG,S0314,899.71,1365.97,Active
P07758,SKU-07758,HP Fitnes 7758,Sports,Fitness,HP,S0361,1087.27,620.03,Active
P07759,SKU-07759,Philips Outdoor 7759,Sports,Outdoor,Philips,S0344,442.09,1358.84,Active
P07760,SKU-07760,Apple Outdoor 7760,Sports,Outdoor,Apple,S0466,221.74,1428.18,Active
P07761,SKU-07761,Apple Fitnes 7761,Sports,Fitness,Apple,S0076,1876.83,419.48,Active
P07762,SKU-07762,Loreal Fitnes 7762,Sports,Fitness,Loreal,S0039,1688.78,1228.17,Active
P07763,SKU-07763,Loreal Fitnes 7763,Sports,Fitness,Loreal,S0176,865.99,1099.78,Active
P07764,SKU-07764,Samsung Outdoor 7764,Sports,Outdoor,Samsung,S0068,17.65,278.78,Active
P07765,SKU-07765,Nike Fitnes 7765,Sports,Fitness,Nike,S0463,906.9,34.65,Active
P07766,SKU-07766,HP Fitnes 7766,Sports,Fitness,HP,S0222,1878.48,351.89,Active
P07767,SKU-07767,Nike Fitnes 7767,Sports,Fitness,Nike,S0339,1061.25,967.71,Active
P07768,SKU-07768,HP Fitnes 7768,Sports,Fitness,HP,S0061,799.05,1475.63,Active
P07769,SKU-07769,LG Fitnes 7769,Sports,Fitness,LG,S0340,1059.09,228.51,Active
P07770,SKU-07770,Loreal Outdoor 7770,Sports,Outdoor,Loreal,S0071,112.92,398.39,Active
P07771,SKU-07771,Apple Fitnes 7771,Sports,Fitness,Apple,S0110,572.62,965.1,Active
P07772,SKU-07772,Samsung Fitnes 7772,Sports,Fitness,Samsung,S0481,989.73,141.7,Active
P07773,SKU-07773,Sony Fitnes 7773,Sports,Fitness,Sony,S0113,613.65,745.2,Active
P07774,SKU-07774,Loreal Fitnes 7774,Sports,Fitness,Loreal,S0389,1226.07,23.81,Active
P07775,SKU-07775,Philips Outdoor 7775,Sports,Outdoor,Philips,S0248,1264.09,1085.52,Active
P07776,SKU-07776,Philips Outdoor 7776,Sports,Outdoor,Philips,S0163,1942.0,1384.36,Active
P07777,SKU-07777,HP Outdoor 7777,Sports,Outdoor,HP,S0285,47.62,992.75,Active
P07778,SKU-07778,Apple Outdoor 7778,Sports,Outdoor,Apple,S0171,346.19,1013.37,Active
P07779,SKU-07779,Philips Fitnes 7779,Sports,Fitness,Philips,S0279,506.72,1188.17,Active
P07780,SKU-07780,HP Outdoor 7780,Sports,Outdoor,HP,S0173,193.76,891.08,Active
P07781,SKU-07781,LG Fitnes 7781,Sports,Fitness,LG,S0287,1829.63,413.71,Active
P07782,SKU-07782,Samsung Fitnes 7782,Sports,Fitness,Samsung,S0309,1034.61,251.02,Active
P07783,SKU-07783,Adidas Fitnes 7783,Sports,Fitness,Adidas,S0178,1858.71,616.92,Active
P07784,SKU-07784,Philips Fitnes 7784,Sports,Fitness,Philips,S0347,435.68,1039.23,Active
P07785,SKU-07785,Dell Outdoor 7785,Sports,Outdoor,Dell,S0102,1763.26,392.43,Active
P07786,SKU-07786,Philips Fitnes 7786,Sports,Fitness,Philips,S0197,511.35,1065.81,Active
P07787,SKU-07787,Apple Outdoor 7787,Sports,Outdoor,Apple,S0279,701.11,1470.52,Active
P07788,SKU-07788,LG Fitnes 7788,Sports,Fitness,LG,S0219,1443.3,270.38,Active
P07789,SKU-07789,Philips Fitnes 7789,Sports,Fitness,Philips,S0076,1223.26,1000.63,Active
P07790,SKU-07790,Dell Outdoor 7790,Sports,Outdoor,Dell,S0169,590.87,150.24,Active
P07791,SKU-07791,Loreal Fitnes 7791,Sports,Fitness,Loreal,S0468,437.23,1448.52,Active
P07792,SKU-07792,Sony Fitnes 7792,Sports,Fitness,Sony,S0321,736.99,1451.89,Active
P07793,SKU-07793,Sony Fitnes 7793,Sports,Fitness,Sony,S0045,1852.54,635.19,Active
P07794,SKU-07794,Adidas Fitnes 7794,Sports,Fitness,Adidas,S0123,949.66,852.19,Active
P07795,SKU-07795,Samsung Fitnes 7795,Sports,Fitness,Samsung,S0132,753.27,1426.62,Active
P07796,SKU-07796,Nike Fitnes 7796,Sports,Fitness,Nike,S0358,1841.63,596.08,Active
P07797,SKU-07797,Samsung Fitnes 7797,Sports,Fitness,Samsung,S0392,237.73,785.07,Active
P07798,SKU-07798,Nike Fitnes 7798,Sports,Fitness,Nike,S0269,860.46,64.92,Active
P07799,SKU-07799,Dell Fitnes 7799,Sports,Fitness,Dell,S0390,364.52,39.86,Active
P07800,SKU-07800,Apple Outdoor 7800,Sports,Outdoor,Apple,S0317,1499.97,1393.88,Active
P07801,SKU-07801,Loreal Fitnes 7801,Sports,Fitness,Loreal,S0178,597.6,1373.22,Active
P07802,SKU-07802,Adidas Fitnes 7802,Sports,Fitness,Adidas,S0418,859.33,564.33,Active
P07803,SKU-07803,Apple Outdoor 7803,Sports,Outdoor,Apple,S0210,805.81,386.57,Active
P07804,SKU-07804,LG Fitnes 7804,Sports,Fitness,LG,S0267,182.93,784.31,Active
P07805,SKU-07805,Nike Fitnes 7805,Sports,Fitness,Nike,S0404,439.12,1248.76,Active
P07806,SKU-07806,Apple Fitnes 7806,Sports,Fitness,Apple,S0263,561.59,273.04,Active
P07807,SKU-07807,LG Outdoor 7807,Sports,Outdoor,LG,S0459,1344.53,904.92,Active
P07808,SKU-07808,Loreal Outdoor 7808,Sports,Outdoor,Loreal,S0176,1789.1,117.13,Active
P07809,SKU-07809,Loreal Fitnes 7809,Sports,Fitness,Loreal,S0206,1550.31,1167.27,Active
P07810,SKU-07810,Nike Outdoor 7810,Sports,Outdoor,Nike,S0490,437.47,470.24,Active
P07811,SKU-07811,Apple Outdoor 7811,Sports,Outdoor,Apple,S0282,1040.42,658.06,Active
P07812,SKU-07812,LG Fitnes 7812,Sports,Fitness,LG,S0220,531.27,1368.15,Active
P07813,SKU-07813,LG Fitnes 7813,Sports,Fitness,LG,S0150,1803.67,1081.18,Active
P07814,SKU-07814,HP Outdoor 7814,Sports,Outdoor,HP,S0209,1681.89,112.02,Active
P07815,SKU-07815,Loreal Fitnes 7815,Sports,Fitness,Loreal,S0445,85.6,879.87,Active
P07816,SKU-07816,Samsung Fitnes 7816,Sports,Fitness,Samsung,S0014,1102.7,623.79,Active
P07817,SKU-07817,Sony Fitnes 7817,Sports,Fitness,Sony,S0251,1333.13,579.14,Active
P07818,SKU-07818,Adidas Fitnes 7818,Sports,Fitness,Adidas,S0055,1765.15,1180.75,Active
P07819,SKU-07819,Sony Fitnes 7819,Sports,Fitness,Sony,S0212,609.45,276.05,Active
P07820,SKU-07820,Dell Outdoor 7820,Sports,Outdoor,Dell,S0279,217.67,902.39,Active
P07821,SKU-07821,Dell Fitnes 7821,Sports,Fitness,Dell,S0017,1332.15,16.29,Active
P07822,SKU-07822,LG Outdoor 7822,Sports,Outdoor,LG,S0146,12.17,665.27,Active
P07823,SKU-07823,LG Outdoor 7823,Sports,Outdoor,LG,S0448,1609.01,626.11,Active
P07824,SKU-07824,Dell Outdoor 7824,Sports,Outdoor,Dell,S0138,1844.63,602.23,Active
P07825,SKU-07825,Nike Fitnes 7825,Sports,Fitness,Nike,S0221,1000.07,888.86,Active
P07826,SKU-07826,Apple Outdoor 7826,Sports,Outdoor,Apple,S0298,1598.41,1354.06,Active
P07827,SKU-07827,Samsung Fitnes 7827,Sports,Fitness,Samsung,S0210,1862.62,250.95,Active
P07828,SKU-07828,Apple Fitnes 7828,Sports,Fitness,Apple,S0189,529.38,402.74,Active
P07829,SKU-07829,Sony Outdoor 7829,Sports,Outdoor,Sony,S0124,1348.0,519.39,Active
P07830,SKU-07830,Philips Outdoor 7830,Sports,Outdoor,Philips,S0433,1296.31,865.82,Active
P07831,SKU-07831,HP Outdoor 7831,Sports,Outdoor,HP,S0119,99.39,149.26,Active
P07832,SKU-07832,Dell Fitnes 7832,Sports,Fitness,Dell,S0248,1086.64,233.74,Active
P07833,SKU-07833,Dell Outdoor 7833,Sports,Outdoor,Dell,S0292,1189.68,436.17,Active
P07834,SKU-07834,Dell Outdoor 7834,Sports,Outdoor,Dell,S0289,515.38,522.99,Active
P07835,SKU-07835,Dell Outdoor 7835,Sports,Outdoor,Dell,S0436,258.58,974.99,Active
P07836,SKU-07836,Sony Outdoor 7836,Sports,Outdoor,Sony,S0183,856.05,165.1,Active
P07837,SKU-07837,Sony Fitnes 7837,Sports,Fitness,Sony,S0090,1214.05,610.98,Active
P07838,SKU-07838,HP Fitnes 7838,Sports,Fitness,HP,S0136,1056.45,363.8,Active
P07839,SKU-07839,Nike Outdoor 7839,Sports,Outdoor,Nike,S0143,1794.84,394.41,Active
P07840,SKU-07840,Dell Fitnes 7840,Sports,Fitness,Dell,S0460,1275.56,555.13,Active
P07841,SKU-07841,Dell Outdoor 7841,Sports,Outdoor,Dell,S0288,1750.33,628.57,Active
P07842,SKU-07842,Samsung Outdoor 7842,Sports,Outdoor,Samsung,S0420,1490.44,351.52,Active
P07843,SKU-07843,LG Outdoor 7843,Sports,Outdoor,LG,S0069,1962.97,762.25,Active
P07844,SKU-07844,Apple Outdoor 7844,Sports,Outdoor,Apple,S0148,772.16,945.14,Active
P07845,SKU-07845,LG Fitnes 7845,Sports,Fitness,LG,S0163,1737.53,885.72,Active
P07846,SKU-07846,Nike Fitnes 7846,Sports,Fitness,Nike,S0095,271.73,1202.37,Active
P07847,SKU-07847,LG Outdoor 7847,Sports,Outdoor,LG,S0211,1327.72,359.98,Active
P07848,SKU-07848,LG Fitnes 7848,Sports,Fitness,LG,S0326,786.25,1161.26,Active
P07849,SKU-07849,Philips Outdoor 7849,Sports,Outdoor,Philips,S0098,522.9,1238.58,Active
P07850,SKU-07850,Dell Fitnes 7850,Sports,Fitness,Dell,S0173,176.35,219.31,Active
P07851,SKU-07851,Loreal Fitnes 7851,Sports,Fitness,Loreal,S0087,1697.47,1105.8,Active
P07852,SKU-07852,LG Fitnes 7852,Sports,Fitness,LG,S0169,1167.68,1488.55,Active
P07853,SKU-07853,LG Outdoor 7853,Sports,Outdoor,LG,S0173,1395.03,397.78,Active
P07854,SKU-07854,LG Outdoor 7854,Sports,Outdoor,LG,S0149,1904.21,1253.52,Active
P07855,SKU-07855,Samsung Fitnes 7855,Sports,Fitness,Samsung,S0068,681.85,1486.44,Active
P07856,SKU-07856,Loreal Outdoor 7856,Sports,Outdoor,Loreal,S0280,1340.59,1078.79,Active
P07857,SKU-07857,HP Outdoor 7857,Sports,Outdoor,HP,S0022,1459.19,590.52,Active
P07858,SKU-07858,HP Fitnes 7858,Sports,Fitness,HP,S0153,165.71,901.99,Active
P07859,SKU-07859,Adidas Outdoor 7859,Sports,Outdoor,Adidas,S0445,1942.43,361.33,Active
P07860,SKU-07860,LG Outdoor 7860,Sports,Outdoor,LG,S0014,717.33,88.54,Active
P07861,SKU-07861,HP Outdoor 7861,Sports,Outdoor,HP,S0110,927.19,794.22,Active
P07862,SKU-07862,Loreal Outdoor 7862,Sports,Outdoor,Loreal,S0030,809.01,791.37,Active
P07863,SKU-07863,Apple Fitnes 7863,Sports,Fitness,Apple,S0121,1327.14,905.18,Active
P07864,SKU-07864,Sony Fitnes 7864,Sports,Fitness,Sony,S0318,1401.22,88.23,Active
P07865,SKU-07865,LG Fitnes 7865,Sports,Fitness,LG,S0444,619.38,804.29,Active
P07866,SKU-07866,Loreal Outdoor 7866,Sports,Outdoor,Loreal,S0267,172.99,546.11,Active
P07867,SKU-07867,Nike Fitnes 7867,Sports,Fitness,Nike,S0200,48.86,567.07,Active
P07868,SKU-07868,Sony Outdoor 7868,Sports,Outdoor,Sony,S0043,1161.85,1480.89,Active
P07869,SKU-07869,Loreal Outdoor 7869,Sports,Outdoor,Loreal,S0345,1459.7,1234.57,Active
P07870,SKU-07870,Samsung Fitnes 7870,Sports,Fitness,Samsung,S0289,696.01,275.36,Active
P07871,SKU-07871,Nike Fitnes 7871,Sports,Fitness,Nike,S0022,1160.86,1290.16,Active
P07872,SKU-07872,Sony Outdoor 7872,Sports,Outdoor,Sony,S0229,823.03,627.41,Active
P07873,SKU-07873,Loreal Fitnes 7873,Sports,Fitness,Loreal,S0013,92.45,596.02,Active
P07874,SKU-07874,Sony Outdoor 7874,Sports,Outdoor,Sony,S0236,756.62,999.65,Active
P07875,SKU-07875,Sony Fitnes 7875,Sports,Fitness,Sony,S0102,1725.94,1386.24,Active
P07876,SKU-07876,Dell Outdoor 7876,Sports,Outdoor,Dell,S0406,123.92,796.63,Active
P07877,SKU-07877,Nike Outdoor 7877,Sports,Outdoor,Nike,S0107,1112.26,383.34,Active
P07878,SKU-07878,Nike Outdoor 7878,Sports,Outdoor,Nike,S0083,363.8,724.02,Active
P07879,SKU-07879,Nike Fitnes 7879,Sports,Fitness,Nike,S0101,1213.33,5.78,Active
P07880,SKU-07880,Sony Outdoor 7880,Sports,Outdoor,Sony,S0187,1630.14,551.29,Active
P07881,SKU-07881,Nike Fitnes 7881,Sports,Fitness,Nike,S0012,792.1,562.6,Active
P07882,SKU-07882,Nike Outdoor 7882,Sports,Outdoor,Nike,S0329,891.84,545.21,Active
P07883,SKU-07883,LG Outdoor 7883,Sports,Outdoor,LG,S0109,1646.25,687.57,Active
P07884,SKU-07884,Sony Outdoor 7884,Sports,Outdoor,Sony,S0320,1806.47,1336.67,Active
P07885,SKU-07885,Dell Outdoor 7885,Sports,Outdoor,Dell,S0365,1174.36,1348.32,Active
P07886,SKU-07886,Sony Fitnes 7886,Sports,Fitness,Sony,S0336,420.89,1384.64,Active
P07887,SKU-07887,Adidas Fitnes 7887,Sports,Fitness,Adidas,S0163,358.07,277.65,Active
P07888,SKU-07888,Philips Fitnes 7888,Sports,Fitness,Philips,S0378,1171.68,833.28,Active
P07889,SKU-07889,Philips Fitnes 7889,Sports,Fitness,Philips,S0437,1232.29,815.02,Active
P07890,SKU-07890,Apple Fitnes 7890,Sports,Fitness,Apple,S0146,1096.3,389.33,Active
P07891,SKU-07891,Sony Fitnes 7891,Sports,Fitness,Sony,S0187,469.86,756.6,Active
P07892,SKU-07892,HP Outdoor 7892,Sports,Outdoor,HP,S0164,1564.2,1045.37,Active
P07893,SKU-07893,HP Fitnes 7893,Sports,Fitness,HP,S0248,37.96,1329.03,Active
P07894,SKU-07894,Dell Outdoor 7894,Sports,Outdoor,Dell,S0425,631.75,1059.59,Active
P07895,SKU-07895,Samsung Fitnes 7895,Sports,Fitness,Samsung,S0498,1349.7,345.62,Active
P07896,SKU-07896,Adidas Outdoor 7896,Sports,Outdoor,Adidas,S0121,1786.11,251.33,Active
P07897,SKU-07897,Loreal Outdoor 7897,Sports,Outdoor,Loreal,S0336,1046.97,1176.73,Active
P07898,SKU-07898,Philips Fitnes 7898,Sports,Fitness,Philips,S0042,1218.71,294.83,Active
P07899,SKU-07899,Adidas Outdoor 7899,Sports,Outdoor,Adidas,S0106,233.73,1055.17,Active
P07900,SKU-07900,Nike Outdoor 7900,Sports,Outdoor,Nike,S0486,1054.54,605.58,Active
P07901,SKU-07901,Sony Fitnes 7901,Sports,Fitness,Sony,S0442,1461.86,1299.55,Active
P07902,SKU-07902,Nike Outdoor 7902,Sports,Outdoor,Nike,S0441,1565.51,1337.26,Active
P07903,SKU-07903,HP Outdoor 7903,Sports,Outdoor,HP,S0311,667.74,779.32,Active
P07904,SKU-07904,Loreal Fitnes 7904,Sports,Fitness,Loreal,S0042,1328.62,251.89,Active
P07905,SKU-07905,Dell Outdoor 7905,Sports,Outdoor,Dell,S0435,202.96,76.89,Active
P07906,SKU-07906,Adidas Outdoor 7906,Sports,Outdoor,Adidas,S0458,1614.58,1411.29,Active
P07907,SKU-07907,Philips Outdoor 7907,Sports,Outdoor,Philips,S0052,1490.66,348.77,Active
P07908,SKU-07908,Nike Fitnes 7908,Sports,Fitness,Nike,S0020,1649.11,371.19,Active
P07909,SKU-07909,Philips Outdoor 7909,Sports,Outdoor,Philips,S0098,230.12,1104.0,Active
P07910,SKU-07910,Samsung Fitnes 7910,Sports,Fitness,Samsung,S0173,859.84,934.95,Active
P07911,SKU-07911,Loreal Outdoor 7911,Sports,Outdoor,Loreal,S0450,1819.85,1281.74,Active
P07912,SKU-07912,HP Fitnes 7912,Sports,Fitness,HP,S0082,1070.0,783.83,Active
P07913,SKU-07913,Samsung Fitnes 7913,Sports,Fitness,Samsung,S0146,1032.82,21.99,Active
P07914,SKU-07914,Samsung Fitnes 7914,Sports,Fitness,Samsung,S0492,780.64,1387.41,Active
P07915,SKU-07915,Nike Fitnes 7915,Sports,Fitness,Nike,S0015,806.77,157.8,Active
P07916,SKU-07916,Loreal Fitnes 7916,Sports,Fitness,Loreal,S0089,1959.21,414.48,Active
P07917,SKU-07917,Adidas Fitnes 7917,Sports,Fitness,Adidas,S0106,265.59,1422.79,Active
P07918,SKU-07918,LG Outdoor 7918,Sports,Outdoor,LG,S0138,1512.83,1153.7,Active
P07919,SKU-07919,Adidas Outdoor 7919,Sports,Outdoor,Adidas,S0368,1537.43,509.9,Active
P07920,SKU-07920,Philips Fitnes 7920,Sports,Fitness,Philips,S0158,390.9,1044.88,Active
P07921,SKU-07921,Adidas Fitnes 7921,Sports,Fitness,Adidas,S0257,1472.31,368.99,Active
P07922,SKU-07922,Samsung Outdoor 7922,Sports,Outdoor,Samsung,S0027,493.5,921.9,Active
P07923,SKU-07923,Dell Fitnes 7923,Sports,Fitness,Dell,S0166,1090.46,552.92,Active
P07924,SKU-07924,Loreal Fitnes 7924,Sports,Fitness,Loreal,S0457,335.87,1293.45,Active
P07925,SKU-07925,LG Fitnes 7925,Sports,Fitness,LG,S0364,855.08,1253.73,Active
P07926,SKU-07926,Samsung Outdoor 7926,Sports,Outdoor,Samsung,S0488,1079.31,1328.76,Active
P07927,SKU-07927,Philips Outdoor 7927,Sports,Outdoor,Philips,S0032,1565.69,1025.94,Active
P07928,SKU-07928,HP Fitnes 7928,Sports,Fitness,HP,S0209,858.65,45.6,Active
P07929,SKU-07929,Sony Fitnes 7929,Sports,Fitness,Sony,S0436,1102.42,187.39,Active
P07930,SKU-07930,HP Fitnes 7930,Sports,Fitness,HP,S0245,928.25,953.87,Active
P07931,SKU-07931,Adidas Fitnes 7931,Sports,Fitness,Adidas,S0155,276.71,983.17,Active
P07932,SKU-07932,Loreal Outdoor 7932,Sports,Outdoor,Loreal,S0392,1687.78,1244.84,Active
P07933,SKU-07933,Sony Outdoor 7933,Sports,Outdoor,Sony,S0126,232.88,677.93,Active
P07934,SKU-07934,Nike Fitnes 7934,Sports,Fitness,Nike,S0043,1309.49,314.77,Active
P07935,SKU-07935,Dell Fitnes 7935,Sports,Fitness,Dell,S0093,1875.73,902.14,Active
P07936,SKU-07936,Philips Fitnes 7936,Sports,Fitness,Philips,S0303,614.24,512.76,Active
P07937,SKU-07937,Sony Outdoor 7937,Sports,Outdoor,Sony,S0025,1315.49,92.14,Active
P07938,SKU-07938,Nike Fitnes 7938,Sports,Fitness,Nike,S0197,1802.4,231.37,Active
P07939,SKU-07939,Philips Fitnes 7939,Sports,Fitness,Philips,S0365,992.42,725.22,Active
P07940,SKU-07940,Nike Fitnes 7940,Sports,Fitness,Nike,S0494,312.71,751.81,Active
P07941,SKU-07941,Loreal Fitnes 7941,Sports,Fitness,Loreal,S0416,893.97,295.67,Active
P07942,SKU-07942,Sony Outdoor 7942,Sports,Outdoor,Sony,S0360,1185.67,1446.06,Active
P07943,SKU-07943,LG Fitnes 7943,Sports,Fitness,LG,S0372,885.54,1495.96,Active
P07944,SKU-07944,Nike Fitnes 7944,Sports,Fitness,Nike,S0335,1687.27,269.63,Active
P07945,SKU-07945,Philips Outdoor 7945,Sports,Outdoor,Philips,S0131,379.27,336.49,Active
P07946,SKU-07946,Samsung Outdoor 7946,Sports,Outdoor,Samsung,S0326,1413.53,1186.59,Active
P07947,SKU-07947,Sony Fitnes 7947,Sports,Fitness,Sony,S0427,1568.88,897.51,Active
P07948,SKU-07948,HP Outdoor 7948,Sports,Outdoor,HP,S0175,828.3,688.71,Active
P07949,SKU-07949,Apple Outdoor 7949,Sports,Outdoor,Apple,S0372,679.12,223.32,Active
P07950,SKU-07950,Sony Fitnes 7950,Sports,Fitness,Sony,S0278,1348.07,1224.5,Active
P07951,SKU-07951,LG Outdoor 7951,Sports,Outdoor,LG,S0390,186.12,89.24,Active
P07952,SKU-07952,Nike Outdoor 7952,Sports,Outdoor,Nike,S0170,1569.61,273.03,Active
P07953,SKU-07953,Adidas Fitnes 7953,Sports,Fitness,Adidas,S0351,1846.59,63.4,Active
P07954,SKU-07954,HP Fitnes 7954,Sports,Fitness,HP,S0377,1345.62,262.67,Active
P07955,SKU-07955,Dell Fitnes 7955,Sports,Fitness,Dell,S0350,1479.26,976.55,Active
P07956,SKU-07956,Loreal Fitnes 7956,Sports,Fitness,Loreal,S0360,712.29,1420.92,Active
P07957,SKU-07957,Samsung Fitnes 7957,Sports,Fitness,Samsung,S0453,1376.93,903.98,Active
P07958,SKU-07958,Sony Outdoor 7958,Sports,Outdoor,Sony,S0274,174.07,1316.31,Active
P07959,SKU-07959,Samsung Fitnes 7959,Sports,Fitness,Samsung,S0024,865.96,1034.92,Active
P07960,SKU-07960,Nike Fitnes 7960,Sports,Fitness,Nike,S0371,752.39,1330.19,Active
P07961,SKU-07961,Dell Fitnes 7961,Sports,Fitness,Dell,S0447,663.07,276.33,Active
P07962,SKU-07962,Apple Fitnes 7962,Sports,Fitness,Apple,S0028,714.54,675.66,Active
P07963,SKU-07963,Loreal Fitnes 7963,Sports,Fitness,Loreal,S0283,967.63,1433.79,Active
P07964,SKU-07964,Sony Fitnes 7964,Sports,Fitness,Sony,S0463,1130.78,1228.63,Active
P07965,SKU-07965,Dell Fitnes 7965,Sports,Fitness,Dell,S0457,571.96,713.65,Active
P07966,SKU-07966,Philips Fitnes 7966,Sports,Fitness,Philips,S0160,34.48,939.49,Active
P07967,SKU-07967,LG Outdoor 7967,Sports,Outdoor,LG,S0324,548.77,357.06,Active
P07968,SKU-07968,Dell Outdoor 7968,Sports,Outdoor,Dell,S0382,1172.4,1450.31,Active
P07969,SKU-07969,Sony Outdoor 7969,Sports,Outdoor,Sony,S0108,770.55,1342.52,Active
P07970,SKU-07970,Philips Fitnes 7970,Sports,Fitness,Philips,S0279,480.53,1056.86,Active
P07971,SKU-07971,Nike Outdoor 7971,Sports,Outdoor,Nike,S0092,1098.31,547.49,Active
P07972,SKU-07972,HP Fitnes 7972,Sports,Fitness,HP,S0295,1103.09,1172.37,Active
P07973,SKU-07973,Loreal Outdoor 7973,Sports,Outdoor,Loreal,S0080,1062.09,282.42,Active
P07974,SKU-07974,Adidas Fitnes 7974,Sports,Fitness,Adidas,S0476,517.27,88.8,Active
P07975,SKU-07975,Dell Fitnes 7975,Sports,Fitness,Dell,S0287,958.05,1343.25,Active
P07976,SKU-07976,Sony Outdoor 7976,Sports,Outdoor,Sony,S0411,897.26,443.69,Active
P07977,SKU-07977,Nike Fitnes 7977,Sports,Fitness,Nike,S0146,1457.41,185.56,Active
P07978,SKU-07978,Philips Fitnes 7978,Sports,Fitness,Philips,S0201,1784.83,1467.92,Active
P07979,SKU-07979,Apple Outdoor 7979,Sports,Outdoor,Apple,S0400,416.01,963.85,Active
P07980,SKU-07980,HP Outdoor 7980,Sports,Outdoor,HP,S0244,1982.16,599.49,Active
P07981,SKU-07981,Sony Fitnes 7981,Sports,Fitness,Sony,S0354,152.84,1404.96,Active
P07982,SKU-07982,Samsung Fitnes 7982,Sports,Fitness,Samsung,S0194,1936.22,150.72,Active
P07983,SKU-07983,LG Fitnes 7983,Sports,Fitness,LG,S0083,474.55,265.16,Active
P07984,SKU-07984,Loreal Outdoor 7984,Sports,Outdoor,Loreal,S0138,297.6,904.02,Active
P07985,SKU-07985,Apple Fitnes 7985,Sports,Fitness,Apple,S0149,1498.69,1138.1,Active
P07986,SKU-07986,Loreal Outdoor 7986,Sports,Outdoor,Loreal,S0045,1773.98,222.94,Active
P07987,SKU-07987,LG Fitnes 7987,Sports,Fitness,LG,S0008,273.66,1447.74,Active
P07988,SKU-07988,Adidas Outdoor 7988,Sports,Outdoor,Adidas,S0292,836.1,378.0,Active
P07989,SKU-07989,HP Outdoor 7989,Sports,Outdoor,HP,S0199,1259.9,1104.71,Active
P07990,SKU-07990,Apple Outdoor 7990,Sports,Outdoor,Apple,S0405,722.44,171.69,Active
P07991,SKU-07991,Samsung Fitnes 7991,Sports,Fitness,Samsung,S0183,1137.56,228.19,Active
P07992,SKU-07992,LG Outdoor 7992,Sports,Outdoor,LG,S0248,1715.65,1433.83,Active
P07993,SKU-07993,Apple Outdoor 7993,Sports,Outdoor,Apple,S0196,1877.77,1334.39,Active
P07994,SKU-07994,HP Outdoor 7994,Sports,Outdoor,HP,S0432,825.63,1209.82,Active
P07995,SKU-07995,Adidas Outdoor 7995,Sports,Outdoor,Adidas,S0230,1168.6,686.16,Active
P07996,SKU-07996,Loreal Fitnes 7996,Sports,Fitness,Loreal,S0123,15.39,184.04,Active
P07997,SKU-07997,LG Outdoor 7997,Sports,Outdoor,LG,S0345,1725.65,816.39,Active
P07998,SKU-07998,Adidas Fitnes 7998,Sports,Fitness,Adidas,S0465,610.8,1108.18,Active
P07999,SKU-07999,HP Fitnes 7999,Sports,Fitness,HP,S0097,260.71,373.3,Active
P08000,SKU-08000,Apple Outdoor 8000,Sports,Outdoor,Apple,S0241,1840.23,544.91,Active
P08001,SKU-08001,Apple Makeup 8001,Beauty,Makeup,Apple,S0165,1009.94,1323.72,Active
P08002,SKU-08002,HP Makeup 8002,Beauty,Makeup,HP,S0404,475.3,54.75,Active
P08003,SKU-08003,Philips Makeup 8003,Beauty,Makeup,Philips,S0123,1397.78,565.81,Active
P08004,SKU-08004,Dell Skincare 8004,Beauty,Skincare,Dell,S0328,1464.54,161.75,Active
P08005,SKU-08005,Loreal Makeup 8005,Beauty,Makeup,Loreal,S0303,748.18,1104.44,Active
P08006,SKU-08006,LG Makeup 8006,Beauty,Makeup,LG,S0160,796.37,1433.39,Active
P08007,SKU-08007,Dell Makeup 8007,Beauty,Makeup,Dell,S0149,664.47,1398.5,Active
P08008,SKU-08008,LG Makeup 8008,Beauty,Makeup,LG,S0202,1796.79,593.81,Active
P08009,SKU-08009,Philips Skincare 8009,Beauty,Skincare,Philips,S0481,991.17,1298.69,Active
P08010,SKU-08010,LG Skincare 8010,Beauty,Skincare,LG,S0350,99.18,171.11,Active
P08011,SKU-08011,LG Makeup 8011,Beauty,Makeup,LG,S0237,523.44,310.61,Active
P08012,SKU-08012,Sony Makeup 8012,Beauty,Makeup,Sony,S0209,321.4,1448.94,Active
P08013,SKU-08013,Sony Skincare 8013,Beauty,Skincare,Sony,S0092,1775.36,932.78,Active
P08014,SKU-08014,Philips Makeup 8014,Beauty,Makeup,Philips,S0243,1660.73,1372.28,Active
P08015,SKU-08015,Nike Skincare 8015,Beauty,Skincare,Nike,S0429,700.28,996.26,Active
P08016,SKU-08016,Dell Skincare 8016,Beauty,Skincare,Dell,S0416,1933.6,142.78,Active
P08017,SKU-08017,Philips Skincare 8017,Beauty,Skincare,Philips,S0379,380.49,1438.58,Active
P08018,SKU-08018,Samsung Skincare 8018,Beauty,Skincare,Samsung,S0246,469.21,107.63,Active
P08019,SKU-08019,Adidas Makeup 8019,Beauty,Makeup,Adidas,S0499,210.6,44.01,Active
P08020,SKU-08020,Sony Makeup 8020,Beauty,Makeup,Sony,S0129,759.69,40.07,Active
P08021,SKU-08021,LG Makeup 8021,Beauty,Makeup,LG,S0399,981.86,571.08,Active
P08022,SKU-08022,Samsung Skincare 8022,Beauty,Skincare,Samsung,S0363,1225.69,908.31,Active
P08023,SKU-08023,LG Makeup 8023,Beauty,Makeup,LG,S0176,1436.35,428.96,Active
P08024,SKU-08024,Nike Makeup 8024,Beauty,Makeup,Nike,S0236,1010.18,1117.1,Active
P08025,SKU-08025,Loreal Skincare 8025,Beauty,Skincare,Loreal,S0209,800.38,405.79,Active
P08026,SKU-08026,Loreal Makeup 8026,Beauty,Makeup,Loreal,S0325,1336.28,707.9,Active
P08027,SKU-08027,Apple Makeup 8027,Beauty,Makeup,Apple,S0152,244.81,1249.37,Active
P08028,SKU-08028,Nike Skincare 8028,Beauty,Skincare,Nike,S0118,1881.24,977.12,Active
P08029,SKU-08029,Philips Makeup 8029,Beauty,Makeup,Philips,S0317,763.32,1080.38,Active
P08030,SKU-08030,Dell Makeup 8030,Beauty,Makeup,Dell,S0380,136.16,297.8,Active
P08031,SKU-08031,Adidas Makeup 8031,Beauty,Makeup,Adidas,S0498,1510.59,346.81,Active
P08032,SKU-08032,LG Makeup 8032,Beauty,Makeup,LG,S0229,1785.5,180.99,Active
P08033,SKU-08033,Philips Makeup 8033,Beauty,Makeup,Philips,S0457,323.19,162.78,Active
P08034,SKU-08034,Dell Makeup 8034,Beauty,Makeup,Dell,S0041,951.23,907.21,Active
P08035,SKU-08035,HP Makeup 8035,Beauty,Makeup,HP,S0230,506.2,564.08,Active
P08036,SKU-08036,Samsung Makeup 8036,Beauty,Makeup,Samsung,S0217,1171.92,160.19,Active
P08037,SKU-08037,Adidas Makeup 8037,Beauty,Makeup,Adidas,S0303,1951.51,1144.22,Active
P08038,SKU-08038,Sony Skincare 8038,Beauty,Skincare,Sony,S0037,1703.46,161.04,Active
P08039,SKU-08039,Samsung Makeup 8039,Beauty,Makeup,Samsung,S0257,1786.2,706.49,Active
P08040,SKU-08040,LG Makeup 8040,Beauty,Makeup,LG,S0316,36.42,1328.39,Active
P08041,SKU-08041,Adidas Makeup 8041,Beauty,Makeup,Adidas,S0319,1258.26,563.05,Active
P08042,SKU-08042,Dell Skincare 8042,Beauty,Skincare,Dell,S0233,70.85,688.8,Active
P08043,SKU-08043,Dell Skincare 8043,Beauty,Skincare,Dell,S0490,710.84,1482.36,Active
P08044,SKU-08044,Sony Skincare 8044,Beauty,Skincare,Sony,S0305,1786.82,1044.26,Active
P08045,SKU-08045,Dell Skincare 8045,Beauty,Skincare,Dell,S0130,1476.16,1212.19,Active
P08046,SKU-08046,Samsung Skincare 8046,Beauty,Skincare,Samsung,S0122,655.49,1383.99,Active
P08047,SKU-08047,Dell Skincare 8047,Beauty,Skincare,Dell,S0248,701.08,314.43,Active
P08048,SKU-08048,HP Makeup 8048,Beauty,Makeup,HP,S0263,1562.04,888.45,Active
P08049,SKU-08049,Apple Skincare 8049,Beauty,Skincare,Apple,S0488,846.07,1156.61,Active
P08050,SKU-08050,Philips Makeup 8050,Beauty,Makeup,Philips,S0211,1956.55,1468.58,Active
P08051,SKU-08051,Apple Makeup 8051,Beauty,Makeup,Apple,S0294,1328.97,804.31,Active
P08052,SKU-08052,LG Skincare 8052,Beauty,Skincare,LG,S0483,1561.99,1363.33,Active
P08053,SKU-08053,Samsung Makeup 8053,Beauty,Makeup,Samsung,S0072,1834.42,1425.64,Active
P08054,SKU-08054,Samsung Skincare 8054,Beauty,Skincare,Samsung,S0281,294.85,1395.08,Active
P08055,SKU-08055,LG Makeup 8055,Beauty,Makeup,LG,S0360,510.44,776.33,Active
P08056,SKU-08056,Samsung Makeup 8056,Beauty,Makeup,Samsung,S0220,654.42,603.03,Active
P08057,SKU-08057,Adidas Skincare 8057,Beauty,Skincare,Adidas,S0084,1886.92,213.75,Active
P08058,SKU-08058,HP Makeup 8058,Beauty,Makeup,HP,S0274,530.06,958.84,Active
P08059,SKU-08059,HP Skincare 8059,Beauty,Skincare,HP,S0109,1507.99,883.42,Active
P08060,SKU-08060,Loreal Skincare 8060,Beauty,Skincare,Loreal,S0296,898.92,951.74,Active
P08061,SKU-08061,Samsung Makeup 8061,Beauty,Makeup,Samsung,S0394,841.45,744.85,Active
P08062,SKU-08062,Nike Makeup 8062,Beauty,Makeup,Nike,S0358,405.03,32.48,Active
P08063,SKU-08063,Nike Skincare 8063,Beauty,Skincare,Nike,S0379,835.86,1277.77,Active
P08064,SKU-08064,Adidas Makeup 8064,Beauty,Makeup,Adidas,S0487,1028.63,1390.54,Active
P08065,SKU-08065,Sony Skincare 8065,Beauty,Skincare,Sony,S0329,307.31,1413.55,Active
P08066,SKU-08066,Dell Makeup 8066,Beauty,Makeup,Dell,S0170,1514.37,1081.81,Active
P08067,SKU-08067,Sony Makeup 8067,Beauty,Makeup,Sony,S0500,1209.16,27.95,Active
P08068,SKU-08068,Loreal Skincare 8068,Beauty,Skincare,Loreal,S0488,1315.66,231.38,Active
P08069,SKU-08069,LG Skincare 8069,Beauty,Skincare,LG,S0363,1098.48,473.51,Active
P08070,SKU-08070,LG Skincare 8070,Beauty,Skincare,LG,S0424,497.16,1041.72,Active
P08071,SKU-08071,Nike Skincare 8071,Beauty,Skincare,Nike,S0310,204.22,1493.43,Active
P08072,SKU-08072,Philips Skincare 8072,Beauty,Skincare,Philips,S0265,289.61,934.4,Active
P08073,SKU-08073,Loreal Makeup 8073,Beauty,Makeup,Loreal,S0275,1049.07,1242.81,Active
P08074,SKU-08074,HP Makeup 8074,Beauty,Makeup,HP,S0253,1070.2,57.43,Active
P08075,SKU-08075,LG Skincare 8075,Beauty,Skincare,LG,S0495,239.59,802.52,Active
P08076,SKU-08076,Sony Makeup 8076,Beauty,Makeup,Sony,S0284,1593.66,756.35,Active
P08077,SKU-08077,Sony Makeup 8077,Beauty,Makeup,Sony,S0185,1610.48,419.58,Active
P08078,SKU-08078,Sony Makeup 8078,Beauty,Makeup,Sony,S0336,293.83,132.61,Active
P08079,SKU-08079,Loreal Makeup 8079,Beauty,Makeup,Loreal,S0419,1608.89,240.52,Active
P08080,SKU-08080,Adidas Makeup 8080,Beauty,Makeup,Adidas,S0313,879.7,1053.44,Active
P08081,SKU-08081,HP Skincare 8081,Beauty,Skincare,HP,S0190,1823.38,814.96,Active
P08082,SKU-08082,HP Makeup 8082,Beauty,Makeup,HP,S0366,1245.1,1036.44,Active
P08083,SKU-08083,Nike Skincare 8083,Beauty,Skincare,Nike,S0253,1233.34,105.22,Active
P08084,SKU-08084,Adidas Makeup 8084,Beauty,Makeup,Adidas,S0301,1850.78,1086.63,Active
P08085,SKU-08085,Apple Skincare 8085,Beauty,Skincare,Apple,S0310,1181.1,220.17,Active
P08086,SKU-08086,HP Makeup 8086,Beauty,Makeup,HP,S0441,1200.09,486.46,Active
P08087,SKU-08087,Philips Skincare 8087,Beauty,Skincare,Philips,S0273,528.24,584.64,Active
P08088,SKU-08088,Apple Skincare 8088,Beauty,Skincare,Apple,S0230,1419.38,1280.06,Active
P08089,SKU-08089,LG Skincare 8089,Beauty,Skincare,LG,S0039,1293.3,731.78,Active
P08090,SKU-08090,HP Makeup 8090,Beauty,Makeup,HP,S0373,552.65,1079.9,Active
P08091,SKU-08091,HP Makeup 8091,Beauty,Makeup,HP,S0025,394.94,1491.86,Active
P08092,SKU-08092,Apple Skincare 8092,Beauty,Skincare,Apple,S0088,1764.21,1439.12,Active
P08093,SKU-08093,LG Makeup 8093,Beauty,Makeup,LG,S0089,1814.91,1283.57,Active
P08094,SKU-08094,HP Makeup 8094,Beauty,Makeup,HP,S0236,1652.72,1303.72,Active
P08095,SKU-08095,Samsung Makeup 8095,Beauty,Makeup,Samsung,S0164,327.64,850.6,Active
P08096,SKU-08096,Adidas Skincare 8096,Beauty,Skincare,Adidas,S0365,477.74,1060.55,Active
P08097,SKU-08097,Adidas Makeup 8097,Beauty,Makeup,Adidas,S0248,1849.51,747.36,Active
P08098,SKU-08098,Philips Skincare 8098,Beauty,Skincare,Philips,S0155,157.88,116.62,Active
P08099,SKU-08099,Samsung Skincare 8099,Beauty,Skincare,Samsung,S0455,1921.1,863.71,Active
P08100,SKU-08100,HP Skincare 8100,Beauty,Skincare,HP,S0460,510.97,996.12,Active
P08101,SKU-08101,Loreal Skincare 8101,Beauty,Skincare,Loreal,S0077,1600.8,531.53,Active
P08102,SKU-08102,Nike Makeup 8102,Beauty,Makeup,Nike,S0146,1150.03,1419.68,Active
P08103,SKU-08103,Samsung Skincare 8103,Beauty,Skincare,Samsung,S0292,269.24,1379.92,Active
P08104,SKU-08104,HP Makeup 8104,Beauty,Makeup,HP,S0253,1365.82,13.6,Active
P08105,SKU-08105,Apple Makeup 8105,Beauty,Makeup,Apple,S0100,210.92,556.29,Active
P08106,SKU-08106,Dell Skincare 8106,Beauty,Skincare,Dell,S0053,529.81,1450.62,Active
P08107,SKU-08107,Apple Skincare 8107,Beauty,Skincare,Apple,S0037,428.33,984.29,Active
P08108,SKU-08108,Adidas Makeup 8108,Beauty,Makeup,Adidas,S0321,1364.89,1027.96,Active
P08109,SKU-08109,Nike Makeup 8109,Beauty,Makeup,Nike,S0289,1060.27,1431.78,Active
P08110,SKU-08110,Samsung Skincare 8110,Beauty,Skincare,Samsung,S0002,1419.76,699.15,Active
P08111,SKU-08111,Adidas Skincare 8111,Beauty,Skincare,Adidas,S0181,633.36,453.53,Active
P08112,SKU-08112,Samsung Skincare 8112,Beauty,Skincare,Samsung,S0046,1630.26,722.2,Active
P08113,SKU-08113,LG Skincare 8113,Beauty,Skincare,LG,S0050,742.34,1008.19,Active
P08114,SKU-08114,HP Skincare 8114,Beauty,Skincare,HP,S0363,1725.17,1406.83,Active
P08115,SKU-08115,Apple Skincare 8115,Beauty,Skincare,Apple,S0372,1917.03,532.97,Active
P08116,SKU-08116,Nike Makeup 8116,Beauty,Makeup,Nike,S0413,1610.85,550.12,Active
P08117,SKU-08117,Loreal Skincare 8117,Beauty,Skincare,Loreal,S0445,1330.4,753.43,Active
P08118,SKU-08118,Apple Makeup 8118,Beauty,Makeup,Apple,S0309,693.76,1479.47,Active
P08119,SKU-08119,Samsung Skincare 8119,Beauty,Skincare,Samsung,S0193,1757.36,1190.31,Active
P08120,SKU-08120,Nike Makeup 8120,Beauty,Makeup,Nike,S0294,1747.97,681.44,Active
P08121,SKU-08121,Apple Makeup 8121,Beauty,Makeup,Apple,S0359,265.18,1408.72,Active
P08122,SKU-08122,Adidas Skincare 8122,Beauty,Skincare,Adidas,S0398,1786.62,1389.69,Active
P08123,SKU-08123,Apple Skincare 8123,Beauty,Skincare,Apple,S0238,1057.39,95.72,Active
P08124,SKU-08124,Dell Makeup 8124,Beauty,Makeup,Dell,S0441,1345.31,1348.5,Active
P08125,SKU-08125,LG Skincare 8125,Beauty,Skincare,LG,S0245,1405.25,381.93,Active
P08126,SKU-08126,LG Skincare 8126,Beauty,Skincare,LG,S0045,149.3,841.47,Active
P08127,SKU-08127,Dell Makeup 8127,Beauty,Makeup,Dell,S0438,929.98,245.65,Active
P08128,SKU-08128,Adidas Skincare 8128,Beauty,Skincare,Adidas,S0393,269.52,1334.09,Active
P08129,SKU-08129,Sony Skincare 8129,Beauty,Skincare,Sony,S0059,907.95,353.72,Active
P08130,SKU-08130,Apple Makeup 8130,Beauty,Makeup,Apple,S0430,1889.12,1026.09,Active
P08131,SKU-08131,LG Skincare 8131,Beauty,Skincare,LG,S0437,374.21,698.89,Active
P08132,SKU-08132,HP Makeup 8132,Beauty,Makeup,HP,S0035,1845.77,663.72,Active
P08133,SKU-08133,HP Makeup 8133,Beauty,Makeup,HP,S0093,225.44,663.64,Active
P08134,SKU-08134,Apple Makeup 8134,Beauty,Makeup,Apple,S0195,1073.18,917.32,Active
P08135,SKU-08135,Dell Makeup 8135,Beauty,Makeup,Dell,S0160,423.97,74.22,Active
P08136,SKU-08136,LG Skincare 8136,Beauty,Skincare,LG,S0280,83.1,371.6,Active
P08137,SKU-08137,Adidas Skincare 8137,Beauty,Skincare,Adidas,S0472,39.83,510.46,Active
P08138,SKU-08138,Nike Skincare 8138,Beauty,Skincare,Nike,S0359,1195.81,970.18,Active
P08139,SKU-08139,Dell Skincare 8139,Beauty,Skincare,Dell,S0142,1088.15,1041.8,Active
P08140,SKU-08140,Apple Skincare 8140,Beauty,Skincare,Apple,S0068,1213.99,741.63,Active
P08141,SKU-08141,LG Makeup 8141,Beauty,Makeup,LG,S0442,547.6,558.29,Active
P08142,SKU-08142,Dell Skincare 8142,Beauty,Skincare,Dell,S0039,1855.08,282.53,Active
P08143,SKU-08143,Apple Makeup 8143,Beauty,Makeup,Apple,S0080,1327.48,963.18,Active
P08144,SKU-08144,Nike Skincare 8144,Beauty,Skincare,Nike,S0209,1739.99,121.13,Active
P08145,SKU-08145,Adidas Makeup 8145,Beauty,Makeup,Adidas,S0139,134.67,1132.03,Active
P08146,SKU-08146,Sony Skincare 8146,Beauty,Skincare,Sony,S0152,1871.08,93.07,Active
P08147,SKU-08147,Samsung Skincare 8147,Beauty,Skincare,Samsung,S0486,316.36,720.27,Active
P08148,SKU-08148,Apple Makeup 8148,Beauty,Makeup,Apple,S0059,187.35,692.52,Active
P08149,SKU-08149,Nike Makeup 8149,Beauty,Makeup,Nike,S0076,1775.48,415.81,Active
P08150,SKU-08150,Philips Skincare 8150,Beauty,Skincare,Philips,S0328,1493.18,696.18,Active
P08151,SKU-08151,Nike Makeup 8151,Beauty,Makeup,Nike,S0262,1881.5,1214.75,Active
P08152,SKU-08152,Nike Skincare 8152,Beauty,Skincare,Nike,S0050,866.75,835.95,Active
P08153,SKU-08153,Philips Makeup 8153,Beauty,Makeup,Philips,S0178,143.2,1430.99,Active
P08154,SKU-08154,HP Skincare 8154,Beauty,Skincare,HP,S0131,423.76,1393.44,Active
P08155,SKU-08155,Nike Skincare 8155,Beauty,Skincare,Nike,S0037,1928.47,1317.32,Active
P08156,SKU-08156,Sony Skincare 8156,Beauty,Skincare,Sony,S0388,756.12,81.81,Active
P08157,SKU-08157,Loreal Skincare 8157,Beauty,Skincare,Loreal,S0127,1265.25,60.21,Active
P08158,SKU-08158,Apple Skincare 8158,Beauty,Skincare,Apple,S0287,1576.48,1282.25,Active
P08159,SKU-08159,Nike Makeup 8159,Beauty,Makeup,Nike,S0013,1270.69,1059.86,Active
P08160,SKU-08160,Loreal Makeup 8160,Beauty,Makeup,Loreal,S0040,578.36,218.45,Active
P08161,SKU-08161,Dell Makeup 8161,Beauty,Makeup,Dell,S0179,534.2,938.09,Active
P08162,SKU-08162,Dell Makeup 8162,Beauty,Makeup,Dell,S0143,1840.25,125.28,Active
P08163,SKU-08163,Dell Makeup 8163,Beauty,Makeup,Dell,S0190,1821.44,230.58,Active
P08164,SKU-08164,Loreal Skincare 8164,Beauty,Skincare,Loreal,S0407,1607.59,331.47,Active
P08165,SKU-08165,Dell Makeup 8165,Beauty,Makeup,Dell,S0053,1967.62,1426.5,Active
P08166,SKU-08166,Adidas Skincare 8166,Beauty,Skincare,Adidas,S0133,1287.88,16.68,Active
P08167,SKU-08167,Adidas Makeup 8167,Beauty,Makeup,Adidas,S0355,1852.92,71.94,Active
P08168,SKU-08168,Philips Makeup 8168,Beauty,Makeup,Philips,S0117,100.29,228.83,Active
P08169,SKU-08169,LG Makeup 8169,Beauty,Makeup,LG,S0441,1390.4,351.62,Active
P08170,SKU-08170,Dell Makeup 8170,Beauty,Makeup,Dell,S0198,928.42,105.42,Active
P08171,SKU-08171,Adidas Makeup 8171,Beauty,Makeup,Adidas,S0153,1742.21,826.76,Active
P08172,SKU-08172,Samsung Makeup 8172,Beauty,Makeup,Samsung,S0134,572.53,898.76,Active
P08173,SKU-08173,Nike Makeup 8173,Beauty,Makeup,Nike,S0478,1414.89,694.26,Active
P08174,SKU-08174,Dell Makeup 8174,Beauty,Makeup,Dell,S0386,1425.35,1494.24,Active
P08175,SKU-08175,HP Skincare 8175,Beauty,Skincare,HP,S0338,763.81,84.19,Active
P08176,SKU-08176,Philips Skincare 8176,Beauty,Skincare,Philips,S0011,1676.81,1076.52,Active
P08177,SKU-08177,Adidas Skincare 8177,Beauty,Skincare,Adidas,S0240,707.98,1201.57,Active
P08178,SKU-08178,LG Skincare 8178,Beauty,Skincare,LG,S0344,134.11,1300.0,Active
P08179,SKU-08179,Apple Skincare 8179,Beauty,Skincare,Apple,S0289,696.54,1212.17,Active
P08180,SKU-08180,Loreal Makeup 8180,Beauty,Makeup,Loreal,S0149,1121.34,340.84,Active
P08181,SKU-08181,Loreal Makeup 8181,Beauty,Makeup,Loreal,S0347,109.84,1297.19,Active
P08182,SKU-08182,Dell Makeup 8182,Beauty,Makeup,Dell,S0305,1311.47,780.45,Active
P08183,SKU-08183,LG Skincare 8183,Beauty,Skincare,LG,S0236,1038.96,970.68,Active
P08184,SKU-08184,Apple Skincare 8184,Beauty,Skincare,Apple,S0276,110.2,527.49,Active
P08185,SKU-08185,Samsung Skincare 8185,Beauty,Skincare,Samsung,S0038,573.67,673.95,Active
P08186,SKU-08186,Dell Makeup 8186,Beauty,Makeup,Dell,S0452,1352.48,72.73,Active
P08187,SKU-08187,Dell Makeup 8187,Beauty,Makeup,Dell,S0314,1822.02,613.99,Active
P08188,SKU-08188,Loreal Makeup 8188,Beauty,Makeup,Loreal,S0345,468.68,199.77,Active
P08189,SKU-08189,HP Makeup 8189,Beauty,Makeup,HP,S0475,1054.29,914.18,Active
P08190,SKU-08190,Dell Skincare 8190,Beauty,Skincare,Dell,S0182,533.78,446.59,Active
P08191,SKU-08191,Nike Skincare 8191,Beauty,Skincare,Nike,S0065,753.9,700.94,Active
P08192,SKU-08192,Adidas Makeup 8192,Beauty,Makeup,Adidas,S0103,996.88,898.23,Active
P08193,SKU-08193,Apple Makeup 8193,Beauty,Makeup,Apple,S0252,1684.95,117.05,Active
P08194,SKU-08194,Apple Skincare 8194,Beauty,Skincare,Apple,S0336,1188.61,983.84,Active
P08195,SKU-08195,Dell Makeup 8195,Beauty,Makeup,Dell,S0020,1428.93,540.25,Active
P08196,SKU-08196,Samsung Skincare 8196,Beauty,Skincare,Samsung,S0242,126.99,750.56,Active
P08197,SKU-08197,Sony Makeup 8197,Beauty,Makeup,Sony,S0298,166.36,1220.87,Active
P08198,SKU-08198,Philips Makeup 8198,Beauty,Makeup,Philips,S0092,65.11,736.99,Active
P08199,SKU-08199,Dell Makeup 8199,Beauty,Makeup,Dell,S0354,1414.01,206.48,Active
P08200,SKU-08200,Philips Skincare 8200,Beauty,Skincare,Philips,S0376,907.39,324.71,Active
P08201,SKU-08201,LG Skincare 8201,Beauty,Skincare,LG,S0101,868.88,785.06,Active
P08202,SKU-08202,Apple Makeup 8202,Beauty,Makeup,Apple,S0346,1094.61,547.9,Active
P08203,SKU-08203,Sony Makeup 8203,Beauty,Makeup,Sony,S0393,1546.66,1366.45,Active
P08204,SKU-08204,Apple Skincare 8204,Beauty,Skincare,Apple,S0182,29.35,85.3,Active
P08205,SKU-08205,Philips Skincare 8205,Beauty,Skincare,Philips,S0320,1789.0,437.88,Active
P08206,SKU-08206,Nike Makeup 8206,Beauty,Makeup,Nike,S0421,735.32,1246.35,Active
P08207,SKU-08207,HP Skincare 8207,Beauty,Skincare,HP,S0323,517.09,1495.75,Active
P08208,SKU-08208,Samsung Makeup 8208,Beauty,Makeup,Samsung,S0340,1127.84,507.55,Active
P08209,SKU-08209,Philips Skincare 8209,Beauty,Skincare,Philips,S0073,264.39,126.84,Active
P08210,SKU-08210,LG Skincare 8210,Beauty,Skincare,LG,S0194,1605.81,7.66,Active
P08211,SKU-08211,HP Skincare 8211,Beauty,Skincare,HP,S0062,1157.81,1010.11,Active
P08212,SKU-08212,Apple Makeup 8212,Beauty,Makeup,Apple,S0344,679.71,867.29,Active
P08213,SKU-08213,LG Makeup 8213,Beauty,Makeup,LG,S0155,1830.4,1234.94,Active
P08214,SKU-08214,Loreal Makeup 8214,Beauty,Makeup,Loreal,S0431,601.51,315.51,Active
P08215,SKU-08215,Samsung Skincare 8215,Beauty,Skincare,Samsung,S0125,432.43,731.05,Active
P08216,SKU-08216,Loreal Skincare 8216,Beauty,Skincare,Loreal,S0243,1932.51,945.83,Active
P08217,SKU-08217,Loreal Makeup 8217,Beauty,Makeup,Loreal,S0070,1511.9,1305.63,Active
P08218,SKU-08218,Loreal Makeup 8218,Beauty,Makeup,Loreal,S0354,655.48,25.14,Active
P08219,SKU-08219,Adidas Skincare 8219,Beauty,Skincare,Adidas,S0244,58.17,18.65,Active
P08220,SKU-08220,Dell Skincare 8220,Beauty,Skincare,Dell,S0471,171.51,703.72,Active
P08221,SKU-08221,Nike Skincare 8221,Beauty,Skincare,Nike,S0030,1890.5,914.69,Active
P08222,SKU-08222,HP Makeup 8222,Beauty,Makeup,HP,S0140,1106.92,159.02,Active
P08223,SKU-08223,Nike Makeup 8223,Beauty,Makeup,Nike,S0191,1432.55,1332.76,Active
P08224,SKU-08224,LG Skincare 8224,Beauty,Skincare,LG,S0011,550.49,376.78,Active
P08225,SKU-08225,Sony Makeup 8225,Beauty,Makeup,Sony,S0425,1449.6,388.89,Active
P08226,SKU-08226,HP Makeup 8226,Beauty,Makeup,HP,S0351,1386.68,356.15,Active
P08227,SKU-08227,Samsung Skincare 8227,Beauty,Skincare,Samsung,S0366,1973.29,592.57,Active
P08228,SKU-08228,LG Skincare 8228,Beauty,Skincare,LG,S0342,1542.23,756.02,Active
P08229,SKU-08229,Nike Makeup 8229,Beauty,Makeup,Nike,S0237,1622.68,1285.3,Active
P08230,SKU-08230,Nike Makeup 8230,Beauty,Makeup,Nike,S0228,1860.52,160.67,Active
P08231,SKU-08231,Apple Makeup 8231,Beauty,Makeup,Apple,S0375,682.05,1235.48,Active
P08232,SKU-08232,Dell Makeup 8232,Beauty,Makeup,Dell,S0203,1946.32,148.98,Active
P08233,SKU-08233,Sony Skincare 8233,Beauty,Skincare,Sony,S0474,539.38,670.41,Active
P08234,SKU-08234,Philips Makeup 8234,Beauty,Makeup,Philips,S0161,989.77,783.56,Active
P08235,SKU-08235,Philips Makeup 8235,Beauty,Makeup,Philips,S0193,715.61,70.67,Active
P08236,SKU-08236,Philips Makeup 8236,Beauty,Makeup,Philips,S0424,1508.81,68.16,Active
P08237,SKU-08237,Nike Makeup 8237,Beauty,Makeup,Nike,S0058,532.25,132.02,Active
P08238,SKU-08238,Sony Skincare 8238,Beauty,Skincare,Sony,S0025,1245.09,902.15,Active
P08239,SKU-08239,Philips Makeup 8239,Beauty,Makeup,Philips,S0214,908.36,646.8,Active
P08240,SKU-08240,Nike Makeup 8240,Beauty,Makeup,Nike,S0064,279.03,528.22,Active
P08241,SKU-08241,Philips Makeup 8241,Beauty,Makeup,Philips,S0354,694.64,119.77,Active
P08242,SKU-08242,LG Skincare 8242,Beauty,Skincare,LG,S0011,113.34,838.37,Active
P08243,SKU-08243,Apple Skincare 8243,Beauty,Skincare,Apple,S0393,46.06,243.39,Active
P08244,SKU-08244,Adidas Skincare 8244,Beauty,Skincare,Adidas,S0360,273.52,1258.43,Active
P08245,SKU-08245,Sony Makeup 8245,Beauty,Makeup,Sony,S0162,1654.51,685.18,Active
P08246,SKU-08246,Apple Makeup 8246,Beauty,Makeup,Apple,S0065,1239.98,774.98,Active
P08247,SKU-08247,Sony Skincare 8247,Beauty,Skincare,Sony,S0157,417.01,1324.67,Active
P08248,SKU-08248,LG Makeup 8248,Beauty,Makeup,LG,S0402,1314.37,25.35,Active
P08249,SKU-08249,HP Makeup 8249,Beauty,Makeup,HP,S0400,385.09,170.93,Active
P08250,SKU-08250,Apple Makeup 8250,Beauty,Makeup,Apple,S0427,498.25,278.07,Active
P08251,SKU-08251,Apple Skincare 8251,Beauty,Skincare,Apple,S0078,607.95,850.8,Active
P08252,SKU-08252,Apple Skincare 8252,Beauty,Skincare,Apple,S0349,1363.14,723.74,Active
P08253,SKU-08253,HP Makeup 8253,Beauty,Makeup,HP,S0088,123.14,134.24,Active
P08254,SKU-08254,LG Makeup 8254,Beauty,Makeup,LG,S0247,366.58,1313.89,Active
P08255,SKU-08255,Adidas Skincare 8255,Beauty,Skincare,Adidas,S0127,1341.97,1409.29,Active
P08256,SKU-08256,Nike Makeup 8256,Beauty,Makeup,Nike,S0355,829.23,980.31,Active
P08257,SKU-08257,Apple Makeup 8257,Beauty,Makeup,Apple,S0271,916.9,119.39,Active
P08258,SKU-08258,Loreal Skincare 8258,Beauty,Skincare,Loreal,S0171,265.65,874.97,Active
P08259,SKU-08259,Philips Skincare 8259,Beauty,Skincare,Philips,S0138,840.31,342.35,Active
P08260,SKU-08260,LG Skincare 8260,Beauty,Skincare,LG,S0285,597.32,395.55,Active
P08261,SKU-08261,Dell Makeup 8261,Beauty,Makeup,Dell,S0205,1859.61,821.43,Active
P08262,SKU-08262,Apple Skincare 8262,Beauty,Skincare,Apple,S0331,330.68,121.33,Active
P08263,SKU-08263,Loreal Makeup 8263,Beauty,Makeup,Loreal,S0090,1160.99,1452.83,Active
P08264,SKU-08264,LG Makeup 8264,Beauty,Makeup,LG,S0245,1523.4,1409.35,Active
P08265,SKU-08265,HP Skincare 8265,Beauty,Skincare,HP,S0301,1719.53,1126.87,Active
P08266,SKU-08266,Loreal Makeup 8266,Beauty,Makeup,Loreal,S0141,1005.18,1320.26,Active
P08267,SKU-08267,Apple Makeup 8267,Beauty,Makeup,Apple,S0052,277.56,832.0,Active
P08268,SKU-08268,Apple Makeup 8268,Beauty,Makeup,Apple,S0118,1500.99,571.67,Active
P08269,SKU-08269,Apple Makeup 8269,Beauty,Makeup,Apple,S0191,416.03,473.55,Active
P08270,SKU-08270,Samsung Makeup 8270,Beauty,Makeup,Samsung,S0076,938.73,501.63,Active
P08271,SKU-08271,Adidas Skincare 8271,Beauty,Skincare,Adidas,S0040,1277.95,1213.71,Active
P08272,SKU-08272,Nike Skincare 8272,Beauty,Skincare,Nike,S0347,827.63,115.41,Active
P08273,SKU-08273,HP Makeup 8273,Beauty,Makeup,HP,S0421,1793.73,1106.98,Active
P08274,SKU-08274,LG Makeup 8274,Beauty,Makeup,LG,S0431,1967.42,1276.51,Active
P08275,SKU-08275,LG Skincare 8275,Beauty,Skincare,LG,S0338,344.19,525.65,Active
P08276,SKU-08276,Nike Skincare 8276,Beauty,Skincare,Nike,S0494,535.16,1149.1,Active
P08277,SKU-08277,Samsung Makeup 8277,Beauty,Makeup,Samsung,S0401,1049.09,12.01,Active
P08278,SKU-08278,Adidas Skincare 8278,Beauty,Skincare,Adidas,S0350,1154.23,1465.14,Active
P08279,SKU-08279,Dell Makeup 8279,Beauty,Makeup,Dell,S0476,1081.7,208.99,Active
P08280,SKU-08280,Philips Makeup 8280,Beauty,Makeup,Philips,S0467,1873.54,168.15,Active
P08281,SKU-08281,Samsung Makeup 8281,Beauty,Makeup,Samsung,S0295,702.49,86.12,Active
P08282,SKU-08282,Philips Makeup 8282,Beauty,Makeup,Philips,S0115,846.97,792.81,Active
P08283,SKU-08283,Adidas Makeup 8283,Beauty,Makeup,Adidas,S0436,930.25,1119.83,Active
P08284,SKU-08284,Philips Makeup 8284,Beauty,Makeup,Philips,S0122,1430.63,613.87,Active
P08285,SKU-08285,Sony Skincare 8285,Beauty,Skincare,Sony,S0471,469.54,1220.53,Active
P08286,SKU-08286,Nike Skincare 8286,Beauty,Skincare,Nike,S0448,608.14,1495.58,Active
P08287,SKU-08287,Nike Makeup 8287,Beauty,Makeup,Nike,S0089,1677.45,592.91,Active
P08288,SKU-08288,LG Skincare 8288,Beauty,Skincare,LG,S0413,1056.64,184.94,Active
P08289,SKU-08289,Samsung Makeup 8289,Beauty,Makeup,Samsung,S0221,1411.04,347.75,Active
P08290,SKU-08290,HP Skincare 8290,Beauty,Skincare,HP,S0005,983.6,92.14,Active
P08291,SKU-08291,Philips Makeup 8291,Beauty,Makeup,Philips,S0358,861.17,791.26,Active
P08292,SKU-08292,Loreal Makeup 8292,Beauty,Makeup,Loreal,S0365,1586.9,951.86,Active
P08293,SKU-08293,Samsung Skincare 8293,Beauty,Skincare,Samsung,S0121,537.87,208.61,Active
P08294,SKU-08294,Samsung Skincare 8294,Beauty,Skincare,Samsung,S0197,772.3,1280.67,Active
P08295,SKU-08295,Dell Makeup 8295,Beauty,Makeup,Dell,S0255,1821.87,87.77,Active
P08296,SKU-08296,Adidas Skincare 8296,Beauty,Skincare,Adidas,S0066,1514.24,427.85,Active
P08297,SKU-08297,Samsung Skincare 8297,Beauty,Skincare,Samsung,S0223,990.18,94.84,Active
P08298,SKU-08298,Philips Skincare 8298,Beauty,Skincare,Philips,S0470,1768.23,1077.6,Active
P08299,SKU-08299,Apple Skincare 8299,Beauty,Skincare,Apple,S0429,761.09,1480.37,Active
P08300,SKU-08300,Nike Skincare 8300,Beauty,Skincare,Nike,S0178,184.19,1042.93,Active
P08301,SKU-08301,Sony Skincare 8301,Beauty,Skincare,Sony,S0128,402.44,1197.22,Active
P08302,SKU-08302,HP Makeup 8302,Beauty,Makeup,HP,S0019,1047.16,190.45,Active
P08303,SKU-08303,Samsung Skincare 8303,Beauty,Skincare,Samsung,S0278,1269.34,1229.03,Active
P08304,SKU-08304,Nike Makeup 8304,Beauty,Makeup,Nike,S0299,1602.69,1488.35,Active
P08305,SKU-08305,Nike Skincare 8305,Beauty,Skincare,Nike,S0405,516.33,264.63,Active
P08306,SKU-08306,LG Makeup 8306,Beauty,Makeup,LG,S0349,61.52,745.46,Active
P08307,SKU-08307,Samsung Skincare 8307,Beauty,Skincare,Samsung,S0491,92.03,1185.26,Active
P08308,SKU-08308,Loreal Makeup 8308,Beauty,Makeup,Loreal,S0039,1104.01,1360.17,Active
P08309,SKU-08309,Nike Skincare 8309,Beauty,Skincare,Nike,S0081,141.14,1116.63,Active
P08310,SKU-08310,Adidas Skincare 8310,Beauty,Skincare,Adidas,S0115,1725.04,43.93,Active
P08311,SKU-08311,Adidas Skincare 8311,Beauty,Skincare,Adidas,S0439,1620.08,290.3,Active
P08312,SKU-08312,Loreal Makeup 8312,Beauty,Makeup,Loreal,S0459,321.64,1260.15,Active
P08313,SKU-08313,Loreal Skincare 8313,Beauty,Skincare,Loreal,S0245,1037.93,1219.21,Active
P08314,SKU-08314,HP Makeup 8314,Beauty,Makeup,HP,S0416,1254.49,149.64,Active
P08315,SKU-08315,Sony Skincare 8315,Beauty,Skincare,Sony,S0104,1144.7,878.56,Active
P08316,SKU-08316,Adidas Makeup 8316,Beauty,Makeup,Adidas,S0089,423.87,1473.11,Active
P08317,SKU-08317,Philips Skincare 8317,Beauty,Skincare,Philips,S0058,755.92,1422.66,Active
P08318,SKU-08318,Adidas Makeup 8318,Beauty,Makeup,Adidas,S0211,776.2,736.87,Active
P08319,SKU-08319,LG Skincare 8319,Beauty,Skincare,LG,S0125,1692.59,1269.71,Active
P08320,SKU-08320,Adidas Makeup 8320,Beauty,Makeup,Adidas,S0373,1452.68,1124.37,Active
P08321,SKU-08321,Nike Skincare 8321,Beauty,Skincare,Nike,S0077,1741.33,381.67,Active
P08322,SKU-08322,Nike Makeup 8322,Beauty,Makeup,Nike,S0060,531.8,1094.58,Active
P08323,SKU-08323,Nike Skincare 8323,Beauty,Skincare,Nike,S0414,1245.47,1103.24,Active
P08324,SKU-08324,Nike Makeup 8324,Beauty,Makeup,Nike,S0256,913.77,1448.09,Active
P08325,SKU-08325,Nike Skincare 8325,Beauty,Skincare,Nike,S0370,1915.57,1442.18,Active
P08326,SKU-08326,Dell Skincare 8326,Beauty,Skincare,Dell,S0335,1905.48,1387.88,Active
P08327,SKU-08327,Nike Skincare 8327,Beauty,Skincare,Nike,S0288,1404.3,238.22,Active
P08328,SKU-08328,LG Skincare 8328,Beauty,Skincare,LG,S0412,899.4,1147.73,Active
P08329,SKU-08329,LG Makeup 8329,Beauty,Makeup,LG,S0490,1364.9,350.23,Active
P08330,SKU-08330,LG Makeup 8330,Beauty,Makeup,LG,S0411,1339.04,197.75,Active
P08331,SKU-08331,Nike Makeup 8331,Beauty,Makeup,Nike,S0440,1856.41,871.79,Active
P08332,SKU-08332,Dell Makeup 8332,Beauty,Makeup,Dell,S0065,783.01,213.74,Active
P08333,SKU-08333,Dell Skincare 8333,Beauty,Skincare,Dell,S0431,900.77,920.95,Active
P08334,SKU-08334,Adidas Skincare 8334,Beauty,Skincare,Adidas,S0070,361.07,502.42,Active
P08335,SKU-08335,Samsung Skincare 8335,Beauty,Skincare,Samsung,S0346,886.3,449.11,Active
P08336,SKU-08336,Dell Skincare 8336,Beauty,Skincare,Dell,S0251,369.36,147.4,Active
P08337,SKU-08337,Dell Skincare 8337,Beauty,Skincare,Dell,S0203,1244.64,346.5,Active
P08338,SKU-08338,Nike Makeup 8338,Beauty,Makeup,Nike,S0397,1295.77,1477.21,Active
P08339,SKU-08339,Philips Skincare 8339,Beauty,Skincare,Philips,S0184,760.73,1070.21,Active
P08340,SKU-08340,Philips Skincare 8340,Beauty,Skincare,Philips,S0138,791.78,658.7,Active
P08341,SKU-08341,HP Skincare 8341,Beauty,Skincare,HP,S0136,1187.19,1157.12,Active
P08342,SKU-08342,LG Skincare 8342,Beauty,Skincare,LG,S0412,1645.15,608.05,Active
P08343,SKU-08343,Samsung Skincare 8343,Beauty,Skincare,Samsung,S0139,435.77,355.03,Active
P08344,SKU-08344,Nike Makeup 8344,Beauty,Makeup,Nike,S0483,1486.76,798.26,Active
P08345,SKU-08345,HP Makeup 8345,Beauty,Makeup,HP,S0241,248.85,240.72,Active
P08346,SKU-08346,Philips Skincare 8346,Beauty,Skincare,Philips,S0358,326.28,1193.8,Active
P08347,SKU-08347,Apple Makeup 8347,Beauty,Makeup,Apple,S0127,335.28,858.79,Active
P08348,SKU-08348,Philips Makeup 8348,Beauty,Makeup,Philips,S0362,1871.32,1377.46,Active
P08349,SKU-08349,Philips Makeup 8349,Beauty,Makeup,Philips,S0139,1748.7,213.22,Active
P08350,SKU-08350,HP Skincare 8350,Beauty,Skincare,HP,S0001,726.01,284.03,Active
P08351,SKU-08351,Loreal Skincare 8351,Beauty,Skincare,Loreal,S0141,808.62,364.34,Active
P08352,SKU-08352,Philips Skincare 8352,Beauty,Skincare,Philips,S0439,730.11,179.61,Active
P08353,SKU-08353,Dell Skincare 8353,Beauty,Skincare,Dell,S0295,575.18,1127.91,Active
P08354,SKU-08354,Adidas Skincare 8354,Beauty,Skincare,Adidas,S0483,532.34,1167.51,Active
P08355,SKU-08355,Dell Makeup 8355,Beauty,Makeup,Dell,S0161,721.35,188.38,Active
P08356,SKU-08356,Sony Makeup 8356,Beauty,Makeup,Sony,S0477,736.69,546.01,Active
P08357,SKU-08357,Dell Skincare 8357,Beauty,Skincare,Dell,S0462,1523.11,1019.35,Active
P08358,SKU-08358,Apple Makeup 8358,Beauty,Makeup,Apple,S0050,96.93,538.54,Active
P08359,SKU-08359,Philips Makeup 8359,Beauty,Makeup,Philips,S0397,1660.09,474.19,Active
P08360,SKU-08360,LG Skincare 8360,Beauty,Skincare,LG,S0451,1513.68,1042.16,Active
P08361,SKU-08361,Samsung Skincare 8361,Beauty,Skincare,Samsung,S0157,112.21,927.13,Active
P08362,SKU-08362,Samsung Makeup 8362,Beauty,Makeup,Samsung,S0335,1306.8,810.56,Active
P08363,SKU-08363,HP Makeup 8363,Beauty,Makeup,HP,S0130,1523.03,743.03,Active
P08364,SKU-08364,HP Makeup 8364,Beauty,Makeup,HP,S0489,800.31,882.89,Active
P08365,SKU-08365,Dell Skincare 8365,Beauty,Skincare,Dell,S0457,237.32,1264.62,Active
P08366,SKU-08366,Loreal Skincare 8366,Beauty,Skincare,Loreal,S0177,1509.97,418.21,Active
P08367,SKU-08367,HP Makeup 8367,Beauty,Makeup,HP,S0191,1384.78,431.15,Active
P08368,SKU-08368,Adidas Makeup 8368,Beauty,Makeup,Adidas,S0464,1763.58,1099.8,Active
P08369,SKU-08369,LG Skincare 8369,Beauty,Skincare,LG,S0448,917.37,687.12,Active
P08370,SKU-08370,Philips Skincare 8370,Beauty,Skincare,Philips,S0181,28.64,1091.7,Active
P08371,SKU-08371,Dell Makeup 8371,Beauty,Makeup,Dell,S0356,105.48,1325.35,Active
P08372,SKU-08372,Adidas Skincare 8372,Beauty,Skincare,Adidas,S0212,1440.95,1296.21,Active
P08373,SKU-08373,Sony Makeup 8373,Beauty,Makeup,Sony,S0474,39.47,959.82,Active
P08374,SKU-08374,Nike Makeup 8374,Beauty,Makeup,Nike,S0252,739.06,618.14,Active
P08375,SKU-08375,Apple Skincare 8375,Beauty,Skincare,Apple,S0284,1269.23,257.8,Active
P08376,SKU-08376,Samsung Skincare 8376,Beauty,Skincare,Samsung,S0405,448.82,714.03,Active
P08377,SKU-08377,Adidas Skincare 8377,Beauty,Skincare,Adidas,S0404,624.62,644.37,Active
P08378,SKU-08378,LG Makeup 8378,Beauty,Makeup,LG,S0373,916.31,41.94,Active
P08379,SKU-08379,Nike Makeup 8379,Beauty,Makeup,Nike,S0461,1427.25,1292.08,Active
P08380,SKU-08380,Apple Skincare 8380,Beauty,Skincare,Apple,S0224,43.03,14.24,Active
P08381,SKU-08381,Adidas Makeup 8381,Beauty,Makeup,Adidas,S0062,423.62,1069.67,Active
P08382,SKU-08382,Apple Skincare 8382,Beauty,Skincare,Apple,S0153,221.68,1080.35,Active
P08383,SKU-08383,Philips Makeup 8383,Beauty,Makeup,Philips,S0358,959.86,409.07,Active
P08384,SKU-08384,Adidas Skincare 8384,Beauty,Skincare,Adidas,S0284,304.41,394.9,Active
P08385,SKU-08385,HP Makeup 8385,Beauty,Makeup,HP,S0470,1626.75,1408.56,Active
P08386,SKU-08386,HP Skincare 8386,Beauty,Skincare,HP,S0126,1888.04,916.36,Active
P08387,SKU-08387,Samsung Makeup 8387,Beauty,Makeup,Samsung,S0105,997.0,468.5,Active
P08388,SKU-08388,Dell Skincare 8388,Beauty,Skincare,Dell,S0160,1728.76,888.46,Active
P08389,SKU-08389,Philips Makeup 8389,Beauty,Makeup,Philips,S0035,1248.24,1057.13,Active
P08390,SKU-08390,Philips Skincare 8390,Beauty,Skincare,Philips,S0045,1405.01,192.27,Active
P08391,SKU-08391,Apple Skincare 8391,Beauty,Skincare,Apple,S0106,701.98,376.16,Active
P08392,SKU-08392,HP Makeup 8392,Beauty,Makeup,HP,S0253,1684.97,1330.01,Active
P08393,SKU-08393,HP Makeup 8393,Beauty,Makeup,HP,S0311,994.38,953.08,Active
P08394,SKU-08394,HP Makeup 8394,Beauty,Makeup,HP,S0028,1649.15,753.75,Active
P08395,SKU-08395,Dell Makeup 8395,Beauty,Makeup,Dell,S0166,854.89,318.42,Active
P08396,SKU-08396,Loreal Skincare 8396,Beauty,Skincare,Loreal,S0356,1044.15,193.21,Active
P08397,SKU-08397,Dell Makeup 8397,Beauty,Makeup,Dell,S0181,1504.54,11.55,Active
P08398,SKU-08398,Philips Skincare 8398,Beauty,Skincare,Philips,S0322,910.59,362.63,Active
P08399,SKU-08399,Nike Skincare 8399,Beauty,Skincare,Nike,S0464,1754.76,1303.2,Active
P08400,SKU-08400,Philips Skincare 8400,Beauty,Skincare,Philips,S0134,265.26,689.72,Active
P08401,SKU-08401,HP Makeup 8401,Beauty,Makeup,HP,S0053,1366.44,82.9,Active
P08402,SKU-08402,Nike Makeup 8402,Beauty,Makeup,Nike,S0214,1367.47,778.33,Active
P08403,SKU-08403,Apple Makeup 8403,Beauty,Makeup,Apple,S0060,10.19,939.07,Active
P08404,SKU-08404,Adidas Skincare 8404,Beauty,Skincare,Adidas,S0040,556.36,502.95,Active
P08405,SKU-08405,Sony Skincare 8405,Beauty,Skincare,Sony,S0341,105.25,414.74,Active
P08406,SKU-08406,Nike Makeup 8406,Beauty,Makeup,Nike,S0160,1578.25,994.96,Active
P08407,SKU-08407,HP Skincare 8407,Beauty,Skincare,HP,S0416,1809.17,274.67,Active
P08408,SKU-08408,Apple Makeup 8408,Beauty,Makeup,Apple,S0105,228.11,953.18,Active
P08409,SKU-08409,Adidas Makeup 8409,Beauty,Makeup,Adidas,S0156,1173.74,390.2,Active
P08410,SKU-08410,Nike Skincare 8410,Beauty,Skincare,Nike,S0041,1239.04,891.45,Active
P08411,SKU-08411,Loreal Makeup 8411,Beauty,Makeup,Loreal,S0328,900.67,267.53,Active
P08412,SKU-08412,Apple Skincare 8412,Beauty,Skincare,Apple,S0016,452.9,661.79,Active
P08413,SKU-08413,Samsung Skincare 8413,Beauty,Skincare,Samsung,S0255,1073.71,710.61,Active
P08414,SKU-08414,Apple Makeup 8414,Beauty,Makeup,Apple,S0225,363.31,313.16,Active
P08415,SKU-08415,Dell Skincare 8415,Beauty,Skincare,Dell,S0038,1414.52,118.6,Active
P08416,SKU-08416,Adidas Makeup 8416,Beauty,Makeup,Adidas,S0096,995.19,1281.0,Active
P08417,SKU-08417,Loreal Makeup 8417,Beauty,Makeup,Loreal,S0246,1669.42,138.83,Active
P08418,SKU-08418,Samsung Makeup 8418,Beauty,Makeup,Samsung,S0018,142.35,34.23,Active
P08419,SKU-08419,Philips Skincare 8419,Beauty,Skincare,Philips,S0428,411.42,1330.25,Active
P08420,SKU-08420,Sony Makeup 8420,Beauty,Makeup,Sony,S0311,1408.29,1238.34,Active
P08421,SKU-08421,Apple Skincare 8421,Beauty,Skincare,Apple,S0017,995.78,1430.35,Active
P08422,SKU-08422,Loreal Makeup 8422,Beauty,Makeup,Loreal,S0334,1155.28,87.03,Active
P08423,SKU-08423,Sony Makeup 8423,Beauty,Makeup,Sony,S0131,1859.46,145.37,Active
P08424,SKU-08424,Samsung Makeup 8424,Beauty,Makeup,Samsung,S0403,470.47,980.29,Active
P08425,SKU-08425,Apple Makeup 8425,Beauty,Makeup,Apple,S0165,1663.31,377.32,Active
P08426,SKU-08426,Dell Makeup 8426,Beauty,Makeup,Dell,S0089,1269.66,727.14,Active
P08427,SKU-08427,Philips Skincare 8427,Beauty,Skincare,Philips,S0460,856.14,215.59,Active
P08428,SKU-08428,LG Skincare 8428,Beauty,Skincare,LG,S0494,1064.49,846.08,Active
P08429,SKU-08429,Nike Skincare 8429,Beauty,Skincare,Nike,S0207,729.31,1324.16,Active
P08430,SKU-08430,Loreal Skincare 8430,Beauty,Skincare,Loreal,S0356,1809.94,371.84,Active
P08431,SKU-08431,Sony Makeup 8431,Beauty,Makeup,Sony,S0347,717.75,1242.5,Active
P08432,SKU-08432,Apple Makeup 8432,Beauty,Makeup,Apple,S0111,1557.26,376.12,Active
P08433,SKU-08433,Dell Makeup 8433,Beauty,Makeup,Dell,S0324,764.04,313.06,Active
P08434,SKU-08434,Apple Makeup 8434,Beauty,Makeup,Apple,S0257,1096.47,815.8,Active
P08435,SKU-08435,LG Makeup 8435,Beauty,Makeup,LG,S0215,808.2,981.39,Active
P08436,SKU-08436,Adidas Skincare 8436,Beauty,Skincare,Adidas,S0432,1995.39,91.29,Active
P08437,SKU-08437,Dell Makeup 8437,Beauty,Makeup,Dell,S0163,227.7,131.47,Active
P08438,SKU-08438,Philips Skincare 8438,Beauty,Skincare,Philips,S0478,42.34,233.07,Active
P08439,SKU-08439,Philips Makeup 8439,Beauty,Makeup,Philips,S0017,81.38,256.07,Active
P08440,SKU-08440,Samsung Makeup 8440,Beauty,Makeup,Samsung,S0085,228.19,357.16,Active
P08441,SKU-08441,Adidas Makeup 8441,Beauty,Makeup,Adidas,S0295,310.15,905.73,Active
P08442,SKU-08442,Adidas Makeup 8442,Beauty,Makeup,Adidas,S0145,487.04,649.41,Active
P08443,SKU-08443,LG Skincare 8443,Beauty,Skincare,LG,S0481,1757.01,1025.9,Active
P08444,SKU-08444,Loreal Makeup 8444,Beauty,Makeup,Loreal,S0359,1395.08,500.29,Active
P08445,SKU-08445,Loreal Makeup 8445,Beauty,Makeup,Loreal,S0087,1086.54,1101.43,Active
P08446,SKU-08446,Sony Makeup 8446,Beauty,Makeup,Sony,S0203,1611.94,25.79,Active
P08447,SKU-08447,Adidas Skincare 8447,Beauty,Skincare,Adidas,S0328,1901.41,874.26,Active
P08448,SKU-08448,Philips Skincare 8448,Beauty,Skincare,Philips,S0141,1416.8,1140.68,Active
P08449,SKU-08449,HP Skincare 8449,Beauty,Skincare,HP,S0276,115.82,1167.12,Active
P08450,SKU-08450,LG Skincare 8450,Beauty,Skincare,LG,S0085,1304.0,169.35,Active
P08451,SKU-08451,Apple Skincare 8451,Beauty,Skincare,Apple,S0283,1398.51,1015.03,Active
P08452,SKU-08452,Samsung Skincare 8452,Beauty,Skincare,Samsung,S0104,1680.47,838.59,Active
P08453,SKU-08453,Loreal Makeup 8453,Beauty,Makeup,Loreal,S0145,1350.66,519.07,Active
P08454,SKU-08454,Dell Makeup 8454,Beauty,Makeup,Dell,S0118,1753.15,1472.51,Active
P08455,SKU-08455,Philips Skincare 8455,Beauty,Skincare,Philips,S0085,1299.85,258.97,Active
P08456,SKU-08456,Sony Makeup 8456,Beauty,Makeup,Sony,S0007,1074.82,486.28,Active
P08457,SKU-08457,Dell Skincare 8457,Beauty,Skincare,Dell,S0211,65.13,924.92,Active
P08458,SKU-08458,LG Skincare 8458,Beauty,Skincare,LG,S0196,766.68,1412.95,Active
P08459,SKU-08459,Loreal Makeup 8459,Beauty,Makeup,Loreal,S0189,1069.8,635.15,Active
P08460,SKU-08460,Philips Skincare 8460,Beauty,Skincare,Philips,S0162,1799.77,755.29,Active
P08461,SKU-08461,Apple Skincare 8461,Beauty,Skincare,Apple,S0306,793.92,337.07,Active
P08462,SKU-08462,HP Makeup 8462,Beauty,Makeup,HP,S0197,1567.32,92.42,Active
P08463,SKU-08463,Sony Skincare 8463,Beauty,Skincare,Sony,S0201,470.3,1051.31,Active
P08464,SKU-08464,Dell Makeup 8464,Beauty,Makeup,Dell,S0317,1954.88,1264.18,Active
P08465,SKU-08465,HP Skincare 8465,Beauty,Skincare,HP,S0212,112.32,196.36,Active
P08466,SKU-08466,Philips Makeup 8466,Beauty,Makeup,Philips,S0242,1739.33,1355.68,Active
P08467,SKU-08467,Adidas Makeup 8467,Beauty,Makeup,Adidas,S0400,1075.47,545.01,Active
P08468,SKU-08468,Adidas Makeup 8468,Beauty,Makeup,Adidas,S0406,307.94,679.46,Active
P08469,SKU-08469,HP Skincare 8469,Beauty,Skincare,HP,S0066,275.54,1134.02,Active
P08470,SKU-08470,Nike Makeup 8470,Beauty,Makeup,Nike,S0189,27.47,925.73,Active
P08471,SKU-08471,Samsung Makeup 8471,Beauty,Makeup,Samsung,S0284,267.44,521.0,Active
P08472,SKU-08472,Sony Skincare 8472,Beauty,Skincare,Sony,S0122,333.8,1387.69,Active
P08473,SKU-08473,HP Skincare 8473,Beauty,Skincare,HP,S0055,1216.85,1483.4,Active
P08474,SKU-08474,Adidas Skincare 8474,Beauty,Skincare,Adidas,S0210,589.28,923.38,Active
P08475,SKU-08475,Philips Makeup 8475,Beauty,Makeup,Philips,S0290,1244.37,1228.81,Active
P08476,SKU-08476,Adidas Makeup 8476,Beauty,Makeup,Adidas,S0369,663.93,193.38,Active
P08477,SKU-08477,Loreal Skincare 8477,Beauty,Skincare,Loreal,S0268,1997.95,1434.26,Active
P08478,SKU-08478,Nike Skincare 8478,Beauty,Skincare,Nike,S0333,1442.23,866.66,Active
P08479,SKU-08479,Loreal Makeup 8479,Beauty,Makeup,Loreal,S0289,399.66,429.76,Active
P08480,SKU-08480,Nike Makeup 8480,Beauty,Makeup,Nike,S0042,243.3,1471.92,Active
P08481,SKU-08481,Apple Skincare 8481,Beauty,Skincare,Apple,S0159,1697.38,287.02,Active
P08482,SKU-08482,Sony Makeup 8482,Beauty,Makeup,Sony,S0237,1365.8,585.25,Active
P08483,SKU-08483,Samsung Makeup 8483,Beauty,Makeup,Samsung,S0154,1369.8,1455.06,Active
P08484,SKU-08484,Apple Skincare 8484,Beauty,Skincare,Apple,S0392,1567.77,435.55,Active
P08485,SKU-08485,Adidas Skincare 8485,Beauty,Skincare,Adidas,S0442,129.78,285.99,Active
P08486,SKU-08486,Apple Makeup 8486,Beauty,Makeup,Apple,S0417,688.94,95.5,Active
P08487,SKU-08487,Apple Makeup 8487,Beauty,Makeup,Apple,S0063,1906.66,637.03,Active
P08488,SKU-08488,Dell Makeup 8488,Beauty,Makeup,Dell,S0422,364.81,1228.46,Active
P08489,SKU-08489,Philips Skincare 8489,Beauty,Skincare,Philips,S0079,1346.86,970.33,Active
P08490,SKU-08490,Samsung Skincare 8490,Beauty,Skincare,Samsung,S0122,829.55,591.46,Active
P08491,SKU-08491,Philips Makeup 8491,Beauty,Makeup,Philips,S0224,1194.8,538.24,Active
P08492,SKU-08492,HP Skincare 8492,Beauty,Skincare,HP,S0101,1524.83,1424.54,Active
P08493,SKU-08493,Nike Skincare 8493,Beauty,Skincare,Nike,S0142,1442.61,1244.92,Active
P08494,SKU-08494,Samsung Makeup 8494,Beauty,Makeup,Samsung,S0269,1368.87,1246.26,Active
P08495,SKU-08495,Sony Makeup 8495,Beauty,Makeup,Sony,S0157,1303.16,1374.87,Active
P08496,SKU-08496,HP Skincare 8496,Beauty,Skincare,HP,S0170,971.09,1409.31,Active
P08497,SKU-08497,Apple Skincare 8497,Beauty,Skincare,Apple,S0437,1487.77,1431.44,Active
P08498,SKU-08498,Nike Skincare 8498,Beauty,Skincare,Nike,S0266,200.11,203.18,Active
P08499,SKU-08499,Dell Skincare 8499,Beauty,Skincare,Dell,S0479,644.98,92.22,Active
P08500,SKU-08500,HP Makeup 8500,Beauty,Makeup,HP,S0293,1962.77,967.81,Active
P08501,SKU-08501,Samsung Makeup 8501,Beauty,Makeup,Samsung,S0390,949.03,426.54,Active
P08502,SKU-08502,Loreal Makeup 8502,Beauty,Makeup,Loreal,S0473,1582.2,1459.6,Active
P08503,SKU-08503,Loreal Makeup 8503,Beauty,Makeup,Loreal,S0482,1391.22,101.23,Active
P08504,SKU-08504,HP Makeup 8504,Beauty,Makeup,HP,S0373,432.63,1494.68,Active
P08505,SKU-08505,HP Skincare 8505,Beauty,Skincare,HP,S0313,280.87,785.35,Active
P08506,SKU-08506,HP Skincare 8506,Beauty,Skincare,HP,S0243,645.8,1050.31,Active
P08507,SKU-08507,Samsung Makeup 8507,Beauty,Makeup,Samsung,S0241,52.09,1137.6,Active
P08508,SKU-08508,Sony Makeup 8508,Beauty,Makeup,Sony,S0275,1324.3,1379.76,Active
P08509,SKU-08509,Sony Makeup 8509,Beauty,Makeup,Sony,S0431,532.71,234.92,Active
P08510,SKU-08510,Apple Makeup 8510,Beauty,Makeup,Apple,S0050,347.99,466.88,Active
P08511,SKU-08511,Sony Makeup 8511,Beauty,Makeup,Sony,S0010,1047.66,110.54,Active
P08512,SKU-08512,Dell Makeup 8512,Beauty,Makeup,Dell,S0144,1397.83,885.48,Active
P08513,SKU-08513,Adidas Skincare 8513,Beauty,Skincare,Adidas,S0087,427.23,1476.61,Active
P08514,SKU-08514,Adidas Makeup 8514,Beauty,Makeup,Adidas,S0499,1099.19,205.46,Active
P08515,SKU-08515,Adidas Skincare 8515,Beauty,Skincare,Adidas,S0194,389.62,1024.2,Active
P08516,SKU-08516,Loreal Skincare 8516,Beauty,Skincare,Loreal,S0465,743.16,56.16,Active
P08517,SKU-08517,Philips Skincare 8517,Beauty,Skincare,Philips,S0235,1450.48,1414.28,Active
P08518,SKU-08518,Nike Makeup 8518,Beauty,Makeup,Nike,S0388,791.07,898.93,Active
P08519,SKU-08519,Dell Skincare 8519,Beauty,Skincare,Dell,S0493,1391.82,1380.63,Active
P08520,SKU-08520,Philips Makeup 8520,Beauty,Makeup,Philips,S0134,363.69,339.27,Active
P08521,SKU-08521,Loreal Makeup 8521,Beauty,Makeup,Loreal,S0202,1499.25,557.36,Active
P08522,SKU-08522,LG Skincare 8522,Beauty,Skincare,LG,S0074,1089.53,616.19,Active
P08523,SKU-08523,Samsung Makeup 8523,Beauty,Makeup,Samsung,S0198,1304.34,719.14,Active
P08524,SKU-08524,Sony Skincare 8524,Beauty,Skincare,Sony,S0256,1080.33,412.63,Active
P08525,SKU-08525,Nike Skincare 8525,Beauty,Skincare,Nike,S0235,336.38,361.93,Active
P08526,SKU-08526,Philips Makeup 8526,Beauty,Makeup,Philips,S0116,1767.69,1067.27,Active
P08527,SKU-08527,Philips Skincare 8527,Beauty,Skincare,Philips,S0106,90.34,1439.96,Active
P08528,SKU-08528,Adidas Skincare 8528,Beauty,Skincare,Adidas,S0045,508.58,913.79,Active
P08529,SKU-08529,Philips Makeup 8529,Beauty,Makeup,Philips,S0154,162.42,120.27,Active
P08530,SKU-08530,LG Makeup 8530,Beauty,Makeup,LG,S0298,1537.97,700.09,Active
P08531,SKU-08531,LG Makeup 8531,Beauty,Makeup,LG,S0286,321.7,970.18,Active
P08532,SKU-08532,Philips Skincare 8532,Beauty,Skincare,Philips,S0088,961.99,666.86,Active
P08533,SKU-08533,Philips Skincare 8533,Beauty,Skincare,Philips,S0315,1738.41,219.09,Active
P08534,SKU-08534,Adidas Makeup 8534,Beauty,Makeup,Adidas,S0229,1093.06,469.21,Active
P08535,SKU-08535,Dell Makeup 8535,Beauty,Makeup,Dell,S0115,1842.83,1063.12,Active
P08536,SKU-08536,Loreal Skincare 8536,Beauty,Skincare,Loreal,S0208,329.93,79.51,Active
P08537,SKU-08537,LG Makeup 8537,Beauty,Makeup,LG,S0075,230.16,428.46,Active
P08538,SKU-08538,HP Makeup 8538,Beauty,Makeup,HP,S0442,963.18,611.7,Active
P08539,SKU-08539,Dell Makeup 8539,Beauty,Makeup,Dell,S0380,53.54,10.91,Active
P08540,SKU-08540,Philips Skincare 8540,Beauty,Skincare,Philips,S0185,573.71,1153.36,Active
P08541,SKU-08541,HP Skincare 8541,Beauty,Skincare,HP,S0147,1484.96,74.59,Active
P08542,SKU-08542,Philips Makeup 8542,Beauty,Makeup,Philips,S0190,1854.04,1320.62,Active
P08543,SKU-08543,Nike Skincare 8543,Beauty,Skincare,Nike,S0007,1138.37,1298.56,Active
P08544,SKU-08544,Samsung Skincare 8544,Beauty,Skincare,Samsung,S0456,452.56,569.76,Active
P08545,SKU-08545,Loreal Skincare 8545,Beauty,Skincare,Loreal,S0030,1818.88,645.43,Active
P08546,SKU-08546,Adidas Skincare 8546,Beauty,Skincare,Adidas,S0458,1876.59,1407.28,Active
P08547,SKU-08547,Apple Skincare 8547,Beauty,Skincare,Apple,S0444,1445.62,981.63,Active
P08548,SKU-08548,Nike Skincare 8548,Beauty,Skincare,Nike,S0327,1560.96,1044.39,Active
P08549,SKU-08549,Sony Makeup 8549,Beauty,Makeup,Sony,S0357,351.56,154.85,Active
P08550,SKU-08550,HP Makeup 8550,Beauty,Makeup,HP,S0415,1083.92,1420.45,Active
P08551,SKU-08551,Nike Makeup 8551,Beauty,Makeup,Nike,S0107,515.4,892.83,Active
P08552,SKU-08552,HP Makeup 8552,Beauty,Makeup,HP,S0226,810.35,1134.77,Active
P08553,SKU-08553,Sony Makeup 8553,Beauty,Makeup,Sony,S0218,69.64,1348.74,Active
P08554,SKU-08554,Nike Skincare 8554,Beauty,Skincare,Nike,S0140,959.08,573.61,Active
P08555,SKU-08555,HP Skincare 8555,Beauty,Skincare,HP,S0327,1735.77,182.71,Active
P08556,SKU-08556,Adidas Makeup 8556,Beauty,Makeup,Adidas,S0208,594.86,113.42,Active
P08557,SKU-08557,Dell Skincare 8557,Beauty,Skincare,Dell,S0376,1311.03,256.12,Active
P08558,SKU-08558,Philips Skincare 8558,Beauty,Skincare,Philips,S0395,960.26,1241.53,Active
P08559,SKU-08559,HP Makeup 8559,Beauty,Makeup,HP,S0231,1516.47,1227.44,Active
P08560,SKU-08560,Sony Skincare 8560,Beauty,Skincare,Sony,S0489,435.91,557.48,Active
P08561,SKU-08561,Nike Skincare 8561,Beauty,Skincare,Nike,S0324,275.59,1125.91,Active
P08562,SKU-08562,Philips Skincare 8562,Beauty,Skincare,Philips,S0055,1183.15,953.24,Active
P08563,SKU-08563,LG Makeup 8563,Beauty,Makeup,LG,S0229,852.72,471.89,Active
P08564,SKU-08564,Adidas Skincare 8564,Beauty,Skincare,Adidas,S0467,669.19,68.31,Active
P08565,SKU-08565,Dell Makeup 8565,Beauty,Makeup,Dell,S0379,47.44,1000.07,Active
P08566,SKU-08566,Philips Skincare 8566,Beauty,Skincare,Philips,S0453,869.24,686.64,Active
P08567,SKU-08567,Philips Makeup 8567,Beauty,Makeup,Philips,S0240,1128.65,183.53,Active
P08568,SKU-08568,Philips Skincare 8568,Beauty,Skincare,Philips,S0130,1687.15,1369.13,Active
P08569,SKU-08569,LG Skincare 8569,Beauty,Skincare,LG,S0214,1979.79,715.72,Active
P08570,SKU-08570,Philips Makeup 8570,Beauty,Makeup,Philips,S0425,789.16,546.54,Active
P08571,SKU-08571,Adidas Skincare 8571,Beauty,Skincare,Adidas,S0216,240.04,344.08,Active
P08572,SKU-08572,Adidas Skincare 8572,Beauty,Skincare,Adidas,S0104,119.16,19.28,Active
P08573,SKU-08573,Philips Makeup 8573,Beauty,Makeup,Philips,S0397,542.19,186.78,Active
P08574,SKU-08574,Sony Makeup 8574,Beauty,Makeup,Sony,S0075,1265.76,967.67,Active
P08575,SKU-08575,Sony Makeup 8575,Beauty,Makeup,Sony,S0300,1833.41,749.18,Active
P08576,SKU-08576,Loreal Skincare 8576,Beauty,Skincare,Loreal,S0327,1396.8,1128.16,Active
P08577,SKU-08577,Philips Makeup 8577,Beauty,Makeup,Philips,S0411,743.08,1363.06,Active
P08578,SKU-08578,Dell Skincare 8578,Beauty,Skincare,Dell,S0474,1960.4,1303.83,Active
P08579,SKU-08579,Sony Skincare 8579,Beauty,Skincare,Sony,S0222,633.22,197.01,Active
P08580,SKU-08580,Loreal Makeup 8580,Beauty,Makeup,Loreal,S0400,1215.5,718.28,Active
P08581,SKU-08581,Samsung Skincare 8581,Beauty,Skincare,Samsung,S0091,1468.53,585.9,Active
P08582,SKU-08582,Samsung Skincare 8582,Beauty,Skincare,Samsung,S0044,1620.65,27.76,Active
P08583,SKU-08583,Philips Skincare 8583,Beauty,Skincare,Philips,S0454,124.0,1278.37,Active
P08584,SKU-08584,LG Skincare 8584,Beauty,Skincare,LG,S0358,1392.09,1352.19,Active
P08585,SKU-08585,Samsung Skincare 8585,Beauty,Skincare,Samsung,S0297,1987.24,240.95,Active
P08586,SKU-08586,Loreal Makeup 8586,Beauty,Makeup,Loreal,S0083,850.45,442.66,Active
P08587,SKU-08587,Apple Skincare 8587,Beauty,Skincare,Apple,S0084,487.32,409.45,Active
P08588,SKU-08588,Loreal Makeup 8588,Beauty,Makeup,Loreal,S0274,1117.82,963.2,Active
P08589,SKU-08589,HP Makeup 8589,Beauty,Makeup,HP,S0255,962.08,812.18,Active
P08590,SKU-08590,Sony Makeup 8590,Beauty,Makeup,Sony,S0118,452.86,1351.4,Active
P08591,SKU-08591,Dell Skincare 8591,Beauty,Skincare,Dell,S0158,1383.27,1291.75,Active
P08592,SKU-08592,Sony Skincare 8592,Beauty,Skincare,Sony,S0104,1143.08,1288.43,Active
P08593,SKU-08593,Philips Skincare 8593,Beauty,Skincare,Philips,S0454,837.5,826.77,Active
P08594,SKU-08594,Apple Skincare 8594,Beauty,Skincare,Apple,S0306,797.51,1073.31,Active
P08595,SKU-08595,Dell Skincare 8595,Beauty,Skincare,Dell,S0455,1670.42,574.38,Active
P08596,SKU-08596,Sony Skincare 8596,Beauty,Skincare,Sony,S0394,394.35,80.61,Active
P08597,SKU-08597,Nike Makeup 8597,Beauty,Makeup,Nike,S0269,1734.98,1198.59,Active
P08598,SKU-08598,Sony Skincare 8598,Beauty,Skincare,Sony,S0472,1829.52,1087.7,Active
P08599,SKU-08599,Dell Makeup 8599,Beauty,Makeup,Dell,S0260,685.03,300.67,Active
P08600,SKU-08600,Loreal Makeup 8600,Beauty,Makeup,Loreal,S0184,1814.31,687.37,Active
P08601,SKU-08601,Loreal Makeup 8601,Beauty,Makeup,Loreal,S0239,1786.46,512.39,Active
P08602,SKU-08602,Sony Skincare 8602,Beauty,Skincare,Sony,S0443,1588.7,207.84,Active
P08603,SKU-08603,Samsung Makeup 8603,Beauty,Makeup,Samsung,S0451,608.01,315.77,Active
P08604,SKU-08604,LG Makeup 8604,Beauty,Makeup,LG,S0423,1541.89,414.91,Active
P08605,SKU-08605,Philips Skincare 8605,Beauty,Skincare,Philips,S0460,948.36,933.83,Active
P08606,SKU-08606,Apple Skincare 8606,Beauty,Skincare,Apple,S0060,733.72,1315.51,Active
P08607,SKU-08607,Philips Skincare 8607,Beauty,Skincare,Philips,S0182,1113.51,1125.45,Active
P08608,SKU-08608,Dell Skincare 8608,Beauty,Skincare,Dell,S0261,1451.87,965.12,Active
P08609,SKU-08609,Nike Makeup 8609,Beauty,Makeup,Nike,S0132,1875.59,1348.76,Active
P08610,SKU-08610,Samsung Makeup 8610,Beauty,Makeup,Samsung,S0113,1712.63,283.62,Active
P08611,SKU-08611,Loreal Skincare 8611,Beauty,Skincare,Loreal,S0071,1665.2,1291.56,Active
P08612,SKU-08612,Sony Skincare 8612,Beauty,Skincare,Sony,S0431,1674.84,674.04,Active
P08613,SKU-08613,Apple Skincare 8613,Beauty,Skincare,Apple,S0024,1228.11,870.62,Active
P08614,SKU-08614,Sony Makeup 8614,Beauty,Makeup,Sony,S0322,939.04,1246.33,Active
P08615,SKU-08615,LG Skincare 8615,Beauty,Skincare,LG,S0468,172.71,1056.61,Active
P08616,SKU-08616,Sony Skincare 8616,Beauty,Skincare,Sony,S0481,1335.21,280.92,Active
P08617,SKU-08617,Adidas Skincare 8617,Beauty,Skincare,Adidas,S0321,1071.14,471.84,Active
P08618,SKU-08618,Philips Skincare 8618,Beauty,Skincare,Philips,S0069,1499.66,852.22,Active
P08619,SKU-08619,Samsung Skincare 8619,Beauty,Skincare,Samsung,S0017,1575.31,1477.57,Active
P08620,SKU-08620,HP Makeup 8620,Beauty,Makeup,HP,S0074,1264.22,1445.45,Active
P08621,SKU-08621,Apple Skincare 8621,Beauty,Skincare,Apple,S0344,940.27,225.47,Active
P08622,SKU-08622,Apple Makeup 8622,Beauty,Makeup,Apple,S0114,1734.73,1130.58,Active
P08623,SKU-08623,Adidas Skincare 8623,Beauty,Skincare,Adidas,S0410,510.36,335.81,Active
P08624,SKU-08624,Dell Skincare 8624,Beauty,Skincare,Dell,S0337,768.07,456.49,Active
P08625,SKU-08625,Sony Skincare 8625,Beauty,Skincare,Sony,S0034,1374.32,770.63,Active
P08626,SKU-08626,Dell Makeup 8626,Beauty,Makeup,Dell,S0293,1011.75,733.03,Active
P08627,SKU-08627,Dell Skincare 8627,Beauty,Skincare,Dell,S0022,1631.49,949.67,Active
P08628,SKU-08628,Loreal Makeup 8628,Beauty,Makeup,Loreal,S0071,15.99,601.8,Active
P08629,SKU-08629,LG Makeup 8629,Beauty,Makeup,LG,S0168,1854.86,761.35,Active
P08630,SKU-08630,Samsung Makeup 8630,Beauty,Makeup,Samsung,S0417,184.7,1114.99,Active
P08631,SKU-08631,Loreal Skincare 8631,Beauty,Skincare,Loreal,S0226,1423.5,895.82,Active
P08632,SKU-08632,Dell Skincare 8632,Beauty,Skincare,Dell,S0128,1567.57,1365.04,Active
P08633,SKU-08633,Adidas Makeup 8633,Beauty,Makeup,Adidas,S0179,1433.7,124.95,Active
P08634,SKU-08634,Dell Skincare 8634,Beauty,Skincare,Dell,S0370,328.0,1087.96,Active
P08635,SKU-08635,HP Makeup 8635,Beauty,Makeup,HP,S0279,1649.84,598.24,Active
P08636,SKU-08636,Nike Skincare 8636,Beauty,Skincare,Nike,S0268,1352.07,72.65,Active
P08637,SKU-08637,Apple Skincare 8637,Beauty,Skincare,Apple,S0019,1179.3,836.22,Active
P08638,SKU-08638,Philips Makeup 8638,Beauty,Makeup,Philips,S0436,906.96,1041.56,Active
P08639,SKU-08639,Philips Skincare 8639,Beauty,Skincare,Philips,S0385,1111.73,751.48,Active
P08640,SKU-08640,Samsung Makeup 8640,Beauty,Makeup,Samsung,S0303,220.82,1476.21,Active
P08641,SKU-08641,Nike Skincare 8641,Beauty,Skincare,Nike,S0041,273.45,1360.79,Active
P08642,SKU-08642,Dell Makeup 8642,Beauty,Makeup,Dell,S0476,1314.64,429.61,Active
P08643,SKU-08643,Apple Makeup 8643,Beauty,Makeup,Apple,S0025,936.15,908.49,Active
P08644,SKU-08644,Loreal Skincare 8644,Beauty,Skincare,Loreal,S0250,1076.67,26.96,Active
P08645,SKU-08645,Loreal Skincare 8645,Beauty,Skincare,Loreal,S0166,1656.4,962.41,Active
P08646,SKU-08646,Samsung Makeup 8646,Beauty,Makeup,Samsung,S0486,194.67,802.77,Active
P08647,SKU-08647,Dell Makeup 8647,Beauty,Makeup,Dell,S0184,1790.88,1391.6,Active
P08648,SKU-08648,HP Skincare 8648,Beauty,Skincare,HP,S0017,1597.53,85.41,Active
P08649,SKU-08649,Dell Skincare 8649,Beauty,Skincare,Dell,S0278,1638.65,729.99,Active
P08650,SKU-08650,Sony Makeup 8650,Beauty,Makeup,Sony,S0428,813.21,1422.5,Active
P08651,SKU-08651,LG Makeup 8651,Beauty,Makeup,LG,S0301,284.98,1263.56,Active
P08652,SKU-08652,Dell Makeup 8652,Beauty,Makeup,Dell,S0456,1514.25,1177.89,Active
P08653,SKU-08653,Nike Skincare 8653,Beauty,Skincare,Nike,S0041,1786.62,372.55,Active
P08654,SKU-08654,Samsung Makeup 8654,Beauty,Makeup,Samsung,S0383,701.95,689.76,Active
P08655,SKU-08655,Samsung Skincare 8655,Beauty,Skincare,Samsung,S0022,1860.36,1046.16,Active
P08656,SKU-08656,Sony Skincare 8656,Beauty,Skincare,Sony,S0388,1285.94,1315.61,Active
P08657,SKU-08657,Loreal Skincare 8657,Beauty,Skincare,Loreal,S0239,579.4,828.54,Active
P08658,SKU-08658,Dell Makeup 8658,Beauty,Makeup,Dell,S0477,154.97,699.53,Active
P08659,SKU-08659,Sony Skincare 8659,Beauty,Skincare,Sony,S0100,1263.95,1087.64,Active
P08660,SKU-08660,Apple Makeup 8660,Beauty,Makeup,Apple,S0033,1323.52,229.0,Active
P08661,SKU-08661,Sony Makeup 8661,Beauty,Makeup,Sony,S0184,585.63,1079.74,Active
P08662,SKU-08662,LG Makeup 8662,Beauty,Makeup,LG,S0313,1197.49,1488.12,Active
P08663,SKU-08663,Nike Skincare 8663,Beauty,Skincare,Nike,S0144,491.81,805.32,Active
P08664,SKU-08664,Sony Skincare 8664,Beauty,Skincare,Sony,S0424,1963.0,480.86,Active
P08665,SKU-08665,Samsung Makeup 8665,Beauty,Makeup,Samsung,S0009,187.47,336.01,Active
P08666,SKU-08666,Adidas Skincare 8666,Beauty,Skincare,Adidas,S0038,1721.73,1149.67,Active
P08667,SKU-08667,Dell Makeup 8667,Beauty,Makeup,Dell,S0128,1435.6,519.62,Active
P08668,SKU-08668,Adidas Skincare 8668,Beauty,Skincare,Adidas,S0010,1976.79,263.34,Active
P08669,SKU-08669,Sony Skincare 8669,Beauty,Skincare,Sony,S0024,1417.77,127.68,Active
P08670,SKU-08670,HP Skincare 8670,Beauty,Skincare,HP,S0006,685.09,47.36,Active
P08671,SKU-08671,HP Makeup 8671,Beauty,Makeup,HP,S0227,618.74,444.35,Active
P08672,SKU-08672,Loreal Skincare 8672,Beauty,Skincare,Loreal,S0460,711.43,425.67,Active
P08673,SKU-08673,Apple Makeup 8673,Beauty,Makeup,Apple,S0365,1769.94,1245.4,Active
P08674,SKU-08674,Samsung Makeup 8674,Beauty,Makeup,Samsung,S0053,444.96,947.11,Active
P08675,SKU-08675,Samsung Skincare 8675,Beauty,Skincare,Samsung,S0001,1541.03,166.36,Active
P08676,SKU-08676,Adidas Skincare 8676,Beauty,Skincare,Adidas,S0013,278.99,1383.97,Active
P08677,SKU-08677,Nike Makeup 8677,Beauty,Makeup,Nike,S0315,1306.91,49.02,Active
P08678,SKU-08678,Dell Makeup 8678,Beauty,Makeup,Dell,S0427,344.04,704.8,Active
P08679,SKU-08679,Samsung Skincare 8679,Beauty,Skincare,Samsung,S0039,633.97,1430.56,Active
P08680,SKU-08680,LG Skincare 8680,Beauty,Skincare,LG,S0114,704.43,460.83,Active
P08681,SKU-08681,Loreal Skincare 8681,Beauty,Skincare,Loreal,S0248,1634.72,1237.65,Active
P08682,SKU-08682,Sony Makeup 8682,Beauty,Makeup,Sony,S0317,1162.34,1230.35,Active
P08683,SKU-08683,HP Skincare 8683,Beauty,Skincare,HP,S0058,749.28,524.52,Active
P08684,SKU-08684,Loreal Skincare 8684,Beauty,Skincare,Loreal,S0128,1286.02,865.69,Active
P08685,SKU-08685,Samsung Makeup 8685,Beauty,Makeup,Samsung,S0319,1363.58,666.42,Active
P08686,SKU-08686,Philips Makeup 8686,Beauty,Makeup,Philips,S0240,1368.71,1058.11,Active
P08687,SKU-08687,Adidas Makeup 8687,Beauty,Makeup,Adidas,S0254,11.62,1155.48,Active
P08688,SKU-08688,HP Skincare 8688,Beauty,Skincare,HP,S0235,378.69,1186.09,Active
P08689,SKU-08689,Apple Skincare 8689,Beauty,Skincare,Apple,S0468,508.29,25.31,Active
P08690,SKU-08690,Nike Skincare 8690,Beauty,Skincare,Nike,S0452,441.65,638.61,Active
P08691,SKU-08691,Nike Skincare 8691,Beauty,Skincare,Nike,S0228,767.43,141.78,Active
P08692,SKU-08692,HP Makeup 8692,Beauty,Makeup,HP,S0082,487.78,441.04,Active
P08693,SKU-08693,Adidas Skincare 8693,Beauty,Skincare,Adidas,S0293,10.44,791.48,Active
P08694,SKU-08694,Loreal Makeup 8694,Beauty,Makeup,Loreal,S0256,1539.22,1351.36,Active
P08695,SKU-08695,Apple Makeup 8695,Beauty,Makeup,Apple,S0391,1450.1,1358.79,Active
P08696,SKU-08696,Adidas Makeup 8696,Beauty,Makeup,Adidas,S0371,870.63,334.91,Active
P08697,SKU-08697,Adidas Skincare 8697,Beauty,Skincare,Adidas,S0240,1955.22,1001.18,Active
P08698,SKU-08698,HP Skincare 8698,Beauty,Skincare,HP,S0349,1109.14,577.34,Active
P08699,SKU-08699,Philips Makeup 8699,Beauty,Makeup,Philips,S0415,1738.18,1118.97,Active
P08700,SKU-08700,Apple Skincare 8700,Beauty,Skincare,Apple,S0085,1879.23,280.09,Active
P08701,SKU-08701,Sony Makeup 8701,Beauty,Makeup,Sony,S0398,534.21,1013.65,Active
P08702,SKU-08702,LG Skincare 8702,Beauty,Skincare,LG,S0108,1350.25,802.46,Active
P08703,SKU-08703,HP Makeup 8703,Beauty,Makeup,HP,S0404,582.07,302.0,Active
P08704,SKU-08704,Apple Skincare 8704,Beauty,Skincare,Apple,S0057,187.82,1352.11,Active
P08705,SKU-08705,Adidas Makeup 8705,Beauty,Makeup,Adidas,S0033,1607.72,267.9,Active
P08706,SKU-08706,Loreal Makeup 8706,Beauty,Makeup,Loreal,S0059,633.62,586.37,Active
P08707,SKU-08707,Sony Skincare 8707,Beauty,Skincare,Sony,S0378,1332.87,350.42,Active
P08708,SKU-08708,Adidas Makeup 8708,Beauty,Makeup,Adidas,S0163,443.37,1128.35,Active
P08709,SKU-08709,Sony Makeup 8709,Beauty,Makeup,Sony,S0443,1967.93,24.32,Active
P08710,SKU-08710,Adidas Skincare 8710,Beauty,Skincare,Adidas,S0117,158.69,1187.2,Active
P08711,SKU-08711,HP Skincare 8711,Beauty,Skincare,HP,S0408,305.07,1237.81,Active
P08712,SKU-08712,Sony Skincare 8712,Beauty,Skincare,Sony,S0085,1864.66,1312.22,Active
P08713,SKU-08713,LG Makeup 8713,Beauty,Makeup,LG,S0279,328.05,1325.82,Active
P08714,SKU-08714,LG Makeup 8714,Beauty,Makeup,LG,S0362,1262.65,317.18,Active
P08715,SKU-08715,LG Skincare 8715,Beauty,Skincare,LG,S0357,216.11,591.68,Active
P08716,SKU-08716,Dell Skincare 8716,Beauty,Skincare,Dell,S0172,1423.32,768.39,Active
P08717,SKU-08717,Sony Skincare 8717,Beauty,Skincare,Sony,S0250,1819.52,1118.57,Active
P08718,SKU-08718,Sony Makeup 8718,Beauty,Makeup,Sony,S0203,154.8,892.85,Active
P08719,SKU-08719,LG Makeup 8719,Beauty,Makeup,LG,S0241,1517.38,629.11,Active
P08720,SKU-08720,HP Makeup 8720,Beauty,Makeup,HP,S0341,1343.59,22.42,Active
P08721,SKU-08721,HP Makeup 8721,Beauty,Makeup,HP,S0445,310.31,265.86,Active
P08722,SKU-08722,Dell Makeup 8722,Beauty,Makeup,Dell,S0117,1350.24,604.15,Active
P08723,SKU-08723,LG Skincare 8723,Beauty,Skincare,LG,S0242,1611.93,1405.33,Active
P08724,SKU-08724,Samsung Makeup 8724,Beauty,Makeup,Samsung,S0294,293.17,1385.9,Active
P08725,SKU-08725,Nike Skincare 8725,Beauty,Skincare,Nike,S0431,1684.9,1254.59,Active
P08726,SKU-08726,Nike Skincare 8726,Beauty,Skincare,Nike,S0392,719.24,432.51,Active
P08727,SKU-08727,Nike Skincare 8727,Beauty,Skincare,Nike,S0179,823.58,420.16,Active
P08728,SKU-08728,Nike Makeup 8728,Beauty,Makeup,Nike,S0092,1667.91,817.24,Active
P08729,SKU-08729,Samsung Makeup 8729,Beauty,Makeup,Samsung,S0338,1408.14,18.0,Active
P08730,SKU-08730,Dell Makeup 8730,Beauty,Makeup,Dell,S0164,731.1,1067.76,Active
P08731,SKU-08731,Sony Makeup 8731,Beauty,Makeup,Sony,S0290,1906.19,351.63,Active
P08732,SKU-08732,Dell Skincare 8732,Beauty,Skincare,Dell,S0001,832.22,1057.31,Active
P08733,SKU-08733,HP Makeup 8733,Beauty,Makeup,HP,S0090,609.76,1235.59,Active
P08734,SKU-08734,Loreal Makeup 8734,Beauty,Makeup,Loreal,S0429,808.92,164.62,Active
P08735,SKU-08735,HP Makeup 8735,Beauty,Makeup,HP,S0020,818.76,854.39,Active
P08736,SKU-08736,LG Makeup 8736,Beauty,Makeup,LG,S0395,1499.14,742.34,Active
P08737,SKU-08737,Samsung Makeup 8737,Beauty,Makeup,Samsung,S0027,810.42,1435.91,Active
P08738,SKU-08738,Sony Skincare 8738,Beauty,Skincare,Sony,S0480,1212.06,374.88,Active
P08739,SKU-08739,Dell Makeup 8739,Beauty,Makeup,Dell,S0229,1407.01,1053.19,Active
P08740,SKU-08740,HP Skincare 8740,Beauty,Skincare,HP,S0370,1382.85,1395.31,Active
P08741,SKU-08741,LG Skincare 8741,Beauty,Skincare,LG,S0253,705.46,212.56,Active
P08742,SKU-08742,HP Makeup 8742,Beauty,Makeup,HP,S0089,1853.82,271.91,Active
P08743,SKU-08743,Samsung Skincare 8743,Beauty,Skincare,Samsung,S0458,1051.73,1383.12,Active
P08744,SKU-08744,Philips Makeup 8744,Beauty,Makeup,Philips,S0124,1766.61,101.29,Active
P08745,SKU-08745,Sony Makeup 8745,Beauty,Makeup,Sony,S0159,160.56,1329.87,Active
P08746,SKU-08746,Adidas Makeup 8746,Beauty,Makeup,Adidas,S0128,528.58,520.69,Active
P08747,SKU-08747,LG Makeup 8747,Beauty,Makeup,LG,S0442,64.25,865.79,Active
P08748,SKU-08748,Nike Skincare 8748,Beauty,Skincare,Nike,S0260,1872.62,688.04,Active
P08749,SKU-08749,Sony Skincare 8749,Beauty,Skincare,Sony,S0145,141.22,1414.8,Active
P08750,SKU-08750,Samsung Skincare 8750,Beauty,Skincare,Samsung,S0103,1240.28,1086.44,Active
P08751,SKU-08751,LG Skincare 8751,Beauty,Skincare,LG,S0152,1059.15,821.46,Active
P08752,SKU-08752,Apple Skincare 8752,Beauty,Skincare,Apple,S0394,469.76,338.68,Active
P08753,SKU-08753,Loreal Makeup 8753,Beauty,Makeup,Loreal,S0199,283.71,901.9,Active
P08754,SKU-08754,Adidas Skincare 8754,Beauty,Skincare,Adidas,S0066,1823.94,1227.29,Active
P08755,SKU-08755,Samsung Skincare 8755,Beauty,Skincare,Samsung,S0489,1543.3,868.06,Active
P08756,SKU-08756,Samsung Skincare 8756,Beauty,Skincare,Samsung,S0330,820.98,939.69,Active
P08757,SKU-08757,Apple Skincare 8757,Beauty,Skincare,Apple,S0398,1126.29,783.98,Active
P08758,SKU-08758,Adidas Makeup 8758,Beauty,Makeup,Adidas,S0382,1326.94,603.54,Active
P08759,SKU-08759,Loreal Skincare 8759,Beauty,Skincare,Loreal,S0467,348.25,1056.35,Active
P08760,SKU-08760,Samsung Skincare 8760,Beauty,Skincare,Samsung,S0317,203.04,1166.27,Active
P08761,SKU-08761,Samsung Skincare 8761,Beauty,Skincare,Samsung,S0321,1889.41,999.92,Active
P08762,SKU-08762,Adidas Makeup 8762,Beauty,Makeup,Adidas,S0273,1921.86,1000.29,Active
P08763,SKU-08763,Adidas Skincare 8763,Beauty,Skincare,Adidas,S0107,1526.17,1201.43,Active
P08764,SKU-08764,Apple Makeup 8764,Beauty,Makeup,Apple,S0456,572.6,627.59,Active
P08765,SKU-08765,LG Makeup 8765,Beauty,Makeup,LG,S0097,411.6,732.54,Active
P08766,SKU-08766,Philips Makeup 8766,Beauty,Makeup,Philips,S0434,628.79,90.75,Active
P08767,SKU-08767,Dell Makeup 8767,Beauty,Makeup,Dell,S0219,314.4,1127.33,Active
P08768,SKU-08768,Loreal Makeup 8768,Beauty,Makeup,Loreal,S0283,936.12,376.32,Active
P08769,SKU-08769,HP Skincare 8769,Beauty,Skincare,HP,S0470,911.96,1214.06,Active
P08770,SKU-08770,Dell Skincare 8770,Beauty,Skincare,Dell,S0343,1595.0,353.74,Active
P08771,SKU-08771,Philips Makeup 8771,Beauty,Makeup,Philips,S0041,181.72,1196.31,Active
P08772,SKU-08772,Loreal Skincare 8772,Beauty,Skincare,Loreal,S0242,1631.48,1120.15,Active
P08773,SKU-08773,Samsung Makeup 8773,Beauty,Makeup,Samsung,S0492,1584.12,42.65,Active
P08774,SKU-08774,LG Makeup 8774,Beauty,Makeup,LG,S0453,871.11,41.81,Active
P08775,SKU-08775,Samsung Makeup 8775,Beauty,Makeup,Samsung,S0069,1776.35,47.31,Active
P08776,SKU-08776,LG Makeup 8776,Beauty,Makeup,LG,S0174,1228.49,1203.66,Active
P08777,SKU-08777,Dell Skincare 8777,Beauty,Skincare,Dell,S0156,1517.34,594.51,Active
P08778,SKU-08778,Apple Skincare 8778,Beauty,Skincare,Apple,S0017,80.48,633.97,Active
P08779,SKU-08779,Adidas Skincare 8779,Beauty,Skincare,Adidas,S0028,783.8,522.82,Active
P08780,SKU-08780,LG Skincare 8780,Beauty,Skincare,LG,S0362,131.06,23.99,Active
P08781,SKU-08781,Nike Makeup 8781,Beauty,Makeup,Nike,S0213,1416.76,1403.2,Active
P08782,SKU-08782,Sony Skincare 8782,Beauty,Skincare,Sony,S0162,284.52,889.89,Active
P08783,SKU-08783,Nike Skincare 8783,Beauty,Skincare,Nike,S0425,1242.7,1431.24,Active
P08784,SKU-08784,LG Makeup 8784,Beauty,Makeup,LG,S0376,502.35,507.82,Active
P08785,SKU-08785,Sony Skincare 8785,Beauty,Skincare,Sony,S0408,1262.62,138.44,Active
P08786,SKU-08786,Apple Skincare 8786,Beauty,Skincare,Apple,S0453,1014.0,1137.51,Active
P08787,SKU-08787,Adidas Skincare 8787,Beauty,Skincare,Adidas,S0465,189.6,1366.24,Active
P08788,SKU-08788,HP Makeup 8788,Beauty,Makeup,HP,S0426,1184.09,34.55,Active
P08789,SKU-08789,Nike Makeup 8789,Beauty,Makeup,Nike,S0474,1452.87,1472.36,Active
P08790,SKU-08790,Samsung Skincare 8790,Beauty,Skincare,Samsung,S0124,727.46,1343.75,Active
P08791,SKU-08791,Loreal Skincare 8791,Beauty,Skincare,Loreal,S0094,1236.98,496.94,Active
P08792,SKU-08792,Apple Makeup 8792,Beauty,Makeup,Apple,S0411,1018.65,153.92,Active
P08793,SKU-08793,Philips Makeup 8793,Beauty,Makeup,Philips,S0031,459.71,575.07,Active
P08794,SKU-08794,Adidas Makeup 8794,Beauty,Makeup,Adidas,S0375,1700.38,1022.47,Active
P08795,SKU-08795,HP Skincare 8795,Beauty,Skincare,HP,S0025,1601.38,1272.12,Active
P08796,SKU-08796,Loreal Skincare 8796,Beauty,Skincare,Loreal,S0163,1956.2,1203.74,Active
P08797,SKU-08797,Sony Skincare 8797,Beauty,Skincare,Sony,S0022,1595.91,624.7,Active
P08798,SKU-08798,Philips Makeup 8798,Beauty,Makeup,Philips,S0084,583.56,705.57,Active
P08799,SKU-08799,Dell Makeup 8799,Beauty,Makeup,Dell,S0352,1037.81,611.77,Active
P08800,SKU-08800,Philips Makeup 8800,Beauty,Makeup,Philips,S0138,366.09,900.09,Active
P08801,SKU-08801,Loreal Makeup 8801,Beauty,Makeup,Loreal,S0032,888.95,54.43,Active
P08802,SKU-08802,LG Makeup 8802,Beauty,Makeup,LG,S0370,1807.48,731.71,Active
P08803,SKU-08803,Apple Skincare 8803,Beauty,Skincare,Apple,S0352,802.81,1192.18,Active
P08804,SKU-08804,Sony Makeup 8804,Beauty,Makeup,Sony,S0426,1165.55,996.98,Active
P08805,SKU-08805,Nike Skincare 8805,Beauty,Skincare,Nike,S0498,1203.8,543.21,Active
P08806,SKU-08806,Loreal Makeup 8806,Beauty,Makeup,Loreal,S0088,1689.89,184.95,Active
P08807,SKU-08807,Sony Makeup 8807,Beauty,Makeup,Sony,S0425,940.7,843.0,Active
P08808,SKU-08808,Nike Skincare 8808,Beauty,Skincare,Nike,S0406,344.25,542.51,Active
P08809,SKU-08809,Adidas Makeup 8809,Beauty,Makeup,Adidas,S0010,352.55,255.92,Active
P08810,SKU-08810,Samsung Makeup 8810,Beauty,Makeup,Samsung,S0446,1693.88,1065.69,Active
P08811,SKU-08811,Philips Makeup 8811,Beauty,Makeup,Philips,S0122,1202.0,1432.98,Active
P08812,SKU-08812,Loreal Makeup 8812,Beauty,Makeup,Loreal,S0315,680.3,1293.31,Active
P08813,SKU-08813,LG Skincare 8813,Beauty,Skincare,LG,S0316,1692.74,208.63,Active
P08814,SKU-08814,Adidas Skincare 8814,Beauty,Skincare,Adidas,S0062,442.35,1392.1,Active
P08815,SKU-08815,Sony Skincare 8815,Beauty,Skincare,Sony,S0472,1038.29,905.28,Active
P08816,SKU-08816,Samsung Skincare 8816,Beauty,Skincare,Samsung,S0464,209.22,1041.84,Active
P08817,SKU-08817,Adidas Makeup 8817,Beauty,Makeup,Adidas,S0031,1928.49,731.96,Active
P08818,SKU-08818,LG Makeup 8818,Beauty,Makeup,LG,S0209,775.36,983.1,Active
P08819,SKU-08819,Nike Skincare 8819,Beauty,Skincare,Nike,S0459,1106.74,172.39,Active
P08820,SKU-08820,Philips Skincare 8820,Beauty,Skincare,Philips,S0052,123.87,1103.68,Active
P08821,SKU-08821,Samsung Skincare 8821,Beauty,Skincare,Samsung,S0169,1490.77,208.64,Active
P08822,SKU-08822,HP Makeup 8822,Beauty,Makeup,HP,S0218,562.2,815.54,Active
P08823,SKU-08823,Nike Skincare 8823,Beauty,Skincare,Nike,S0226,1601.47,60.73,Active
P08824,SKU-08824,LG Makeup 8824,Beauty,Makeup,LG,S0203,26.0,520.23,Active
P08825,SKU-08825,Apple Skincare 8825,Beauty,Skincare,Apple,S0225,1465.78,291.17,Active
P08826,SKU-08826,Adidas Makeup 8826,Beauty,Makeup,Adidas,S0244,215.62,1367.14,Active
P08827,SKU-08827,LG Skincare 8827,Beauty,Skincare,LG,S0071,521.54,19.23,Active
P08828,SKU-08828,Apple Makeup 8828,Beauty,Makeup,Apple,S0246,1945.97,1483.77,Active
P08829,SKU-08829,Nike Skincare 8829,Beauty,Skincare,Nike,S0334,1557.06,1463.83,Active
P08830,SKU-08830,HP Makeup 8830,Beauty,Makeup,HP,S0361,1924.18,1047.42,Active
P08831,SKU-08831,LG Makeup 8831,Beauty,Makeup,LG,S0134,681.42,765.94,Active
P08832,SKU-08832,Nike Skincare 8832,Beauty,Skincare,Nike,S0263,693.98,140.46,Active
P08833,SKU-08833,Loreal Skincare 8833,Beauty,Skincare,Loreal,S0305,1241.3,275.65,Active
P08834,SKU-08834,Dell Skincare 8834,Beauty,Skincare,Dell,S0291,1950.8,1437.29,Active
P08835,SKU-08835,Dell Makeup 8835,Beauty,Makeup,Dell,S0263,1534.76,1367.91,Active
P08836,SKU-08836,Nike Skincare 8836,Beauty,Skincare,Nike,S0295,1296.8,44.69,Active
P08837,SKU-08837,Samsung Skincare 8837,Beauty,Skincare,Samsung,S0209,1238.27,675.85,Active
P08838,SKU-08838,Nike Skincare 8838,Beauty,Skincare,Nike,S0104,658.2,597.44,Active
P08839,SKU-08839,Apple Skincare 8839,Beauty,Skincare,Apple,S0380,1269.42,251.44,Active
P08840,SKU-08840,Nike Skincare 8840,Beauty,Skincare,Nike,S0474,50.6,91.81,Active
P08841,SKU-08841,Adidas Makeup 8841,Beauty,Makeup,Adidas,S0070,1105.15,667.72,Active
P08842,SKU-08842,Nike Makeup 8842,Beauty,Makeup,Nike,S0005,892.08,1382.82,Active
P08843,SKU-08843,Nike Makeup 8843,Beauty,Makeup,Nike,S0072,1646.62,1176.29,Active
P08844,SKU-08844,Sony Makeup 8844,Beauty,Makeup,Sony,S0444,1631.87,1106.78,Active
P08845,SKU-08845,LG Skincare 8845,Beauty,Skincare,LG,S0038,1338.84,546.66,Active
P08846,SKU-08846,Sony Skincare 8846,Beauty,Skincare,Sony,S0283,1680.58,1365.57,Active
P08847,SKU-08847,Loreal Makeup 8847,Beauty,Makeup,Loreal,S0180,1173.48,849.41,Active
P08848,SKU-08848,HP Skincare 8848,Beauty,Skincare,HP,S0047,1845.26,942.21,Active
P08849,SKU-08849,Nike Skincare 8849,Beauty,Skincare,Nike,S0145,1887.62,1044.48,Active
P08850,SKU-08850,Nike Skincare 8850,Beauty,Skincare,Nike,S0464,294.8,1101.14,Active
P08851,SKU-08851,Sony Skincare 8851,Beauty,Skincare,Sony,S0362,1504.45,494.7,Active
P08852,SKU-08852,Adidas Skincare 8852,Beauty,Skincare,Adidas,S0377,71.49,80.3,Active
P08853,SKU-08853,Adidas Skincare 8853,Beauty,Skincare,Adidas,S0123,1557.31,597.84,Active
P08854,SKU-08854,Dell Skincare 8854,Beauty,Skincare,Dell,S0316,1512.33,118.4,Active
P08855,SKU-08855,HP Skincare 8855,Beauty,Skincare,HP,S0068,516.19,1480.77,Active
P08856,SKU-08856,LG Makeup 8856,Beauty,Makeup,LG,S0231,793.9,1442.07,Active
P08857,SKU-08857,Apple Makeup 8857,Beauty,Makeup,Apple,S0201,555.27,186.62,Active
P08858,SKU-08858,Samsung Skincare 8858,Beauty,Skincare,Samsung,S0074,1011.93,469.34,Active
P08859,SKU-08859,Dell Skincare 8859,Beauty,Skincare,Dell,S0467,1579.91,19.85,Active
P08860,SKU-08860,Samsung Skincare 8860,Beauty,Skincare,Samsung,S0480,800.88,433.29,Active
P08861,SKU-08861,Sony Makeup 8861,Beauty,Makeup,Sony,S0443,200.01,1087.98,Active
P08862,SKU-08862,Adidas Makeup 8862,Beauty,Makeup,Adidas,S0202,1627.73,350.26,Active
P08863,SKU-08863,LG Skincare 8863,Beauty,Skincare,LG,S0265,1529.56,541.38,Active
P08864,SKU-08864,Nike Skincare 8864,Beauty,Skincare,Nike,S0401,1050.79,1176.19,Active
P08865,SKU-08865,Nike Skincare 8865,Beauty,Skincare,Nike,S0168,1629.08,1426.17,Active
P08866,SKU-08866,Adidas Makeup 8866,Beauty,Makeup,Adidas,S0001,1469.74,662.17,Active
P08867,SKU-08867,Samsung Makeup 8867,Beauty,Makeup,Samsung,S0457,96.41,671.09,Active
P08868,SKU-08868,Dell Skincare 8868,Beauty,Skincare,Dell,S0089,482.53,1340.61,Active
P08869,SKU-08869,Samsung Skincare 8869,Beauty,Skincare,Samsung,S0202,1733.7,1045.26,Active
P08870,SKU-08870,HP Skincare 8870,Beauty,Skincare,HP,S0252,1339.41,1003.11,Active
P08871,SKU-08871,LG Skincare 8871,Beauty,Skincare,LG,S0332,822.42,827.3,Active
P08872,SKU-08872,Nike Skincare 8872,Beauty,Skincare,Nike,S0022,1858.76,333.13,Active
P08873,SKU-08873,Philips Makeup 8873,Beauty,Makeup,Philips,S0424,1673.19,149.38,Active
P08874,SKU-08874,Philips Makeup 8874,Beauty,Makeup,Philips,S0359,307.99,142.75,Active
P08875,SKU-08875,Nike Makeup 8875,Beauty,Makeup,Nike,S0420,1385.55,891.91,Active
P08876,SKU-08876,Apple Makeup 8876,Beauty,Makeup,Apple,S0073,1857.82,417.85,Active
P08877,SKU-08877,Samsung Skincare 8877,Beauty,Skincare,Samsung,S0347,665.54,715.62,Active
P08878,SKU-08878,Nike Makeup 8878,Beauty,Makeup,Nike,S0089,188.97,1094.05,Active
P08879,SKU-08879,Adidas Makeup 8879,Beauty,Makeup,Adidas,S0112,515.69,1425.63,Active
P08880,SKU-08880,Nike Makeup 8880,Beauty,Makeup,Nike,S0436,30.4,793.59,Active
P08881,SKU-08881,Samsung Skincare 8881,Beauty,Skincare,Samsung,S0483,1483.7,1046.85,Active
P08882,SKU-08882,Adidas Skincare 8882,Beauty,Skincare,Adidas,S0380,100.62,1425.65,Active
P08883,SKU-08883,Philips Makeup 8883,Beauty,Makeup,Philips,S0139,1337.2,1265.65,Active
P08884,SKU-08884,Nike Makeup 8884,Beauty,Makeup,Nike,S0253,454.05,1199.73,Active
P08885,SKU-08885,Philips Makeup 8885,Beauty,Makeup,Philips,S0306,385.74,693.75,Active
P08886,SKU-08886,Loreal Skincare 8886,Beauty,Skincare,Loreal,S0339,1872.69,739.61,Active
P08887,SKU-08887,HP Skincare 8887,Beauty,Skincare,HP,S0113,726.31,193.66,Active
P08888,SKU-08888,Nike Makeup 8888,Beauty,Makeup,Nike,S0467,846.41,1472.54,Active
P08889,SKU-08889,Sony Skincare 8889,Beauty,Skincare,Sony,S0338,129.12,939.54,Active
P08890,SKU-08890,Sony Skincare 8890,Beauty,Skincare,Sony,S0069,111.21,719.82,Active
P08891,SKU-08891,Adidas Makeup 8891,Beauty,Makeup,Adidas,S0306,336.3,812.69,Active
P08892,SKU-08892,HP Skincare 8892,Beauty,Skincare,HP,S0064,1691.28,944.68,Active
P08893,SKU-08893,Sony Skincare 8893,Beauty,Skincare,Sony,S0486,330.43,345.49,Active
P08894,SKU-08894,Philips Makeup 8894,Beauty,Makeup,Philips,S0371,36.55,1311.6,Active
P08895,SKU-08895,Samsung Skincare 8895,Beauty,Skincare,Samsung,S0306,428.24,712.55,Active
P08896,SKU-08896,HP Skincare 8896,Beauty,Skincare,HP,S0495,674.36,245.76,Active
P08897,SKU-08897,Loreal Makeup 8897,Beauty,Makeup,Loreal,S0116,170.31,473.79,Active
P08898,SKU-08898,Apple Makeup 8898,Beauty,Makeup,Apple,S0024,1251.34,1140.48,Active
P08899,SKU-08899,LG Skincare 8899,Beauty,Skincare,LG,S0409,675.17,301.61,Active
P08900,SKU-08900,Apple Skincare 8900,Beauty,Skincare,Apple,S0449,197.68,910.6,Active
P08901,SKU-08901,Loreal Skincare 8901,Beauty,Skincare,Loreal,S0452,107.05,984.52,Active
P08902,SKU-08902,HP Skincare 8902,Beauty,Skincare,HP,S0019,1762.58,348.55,Active
P08903,SKU-08903,Samsung Skincare 8903,Beauty,Skincare,Samsung,S0023,438.52,1279.19,Active
P08904,SKU-08904,Adidas Skincare 8904,Beauty,Skincare,Adidas,S0472,772.7,460.85,Active
P08905,SKU-08905,Dell Skincare 8905,Beauty,Skincare,Dell,S0097,1029.63,524.03,Active
P08906,SKU-08906,Philips Makeup 8906,Beauty,Makeup,Philips,S0042,1089.41,200.06,Active
P08907,SKU-08907,Philips Makeup 8907,Beauty,Makeup,Philips,S0059,1810.39,727.32,Active
P08908,SKU-08908,LG Makeup 8908,Beauty,Makeup,LG,S0140,567.54,1223.06,Active
P08909,SKU-08909,Samsung Skincare 8909,Beauty,Skincare,Samsung,S0356,1840.17,580.74,Active
P08910,SKU-08910,Sony Skincare 8910,Beauty,Skincare,Sony,S0146,1501.54,911.02,Active
P08911,SKU-08911,HP Skincare 8911,Beauty,Skincare,HP,S0321,344.48,620.7,Active
P08912,SKU-08912,Nike Makeup 8912,Beauty,Makeup,Nike,S0316,1634.04,1329.73,Active
P08913,SKU-08913,Philips Makeup 8913,Beauty,Makeup,Philips,S0492,134.01,299.7,Active
P08914,SKU-08914,Dell Skincare 8914,Beauty,Skincare,Dell,S0113,395.19,343.15,Active
P08915,SKU-08915,Philips Makeup 8915,Beauty,Makeup,Philips,S0077,997.73,1078.99,Active
P08916,SKU-08916,Philips Skincare 8916,Beauty,Skincare,Philips,S0044,1349.42,332.54,Active
P08917,SKU-08917,Dell Makeup 8917,Beauty,Makeup,Dell,S0086,449.03,1336.59,Active
P08918,SKU-08918,Philips Makeup 8918,Beauty,Makeup,Philips,S0125,635.31,934.02,Active
P08919,SKU-08919,Apple Makeup 8919,Beauty,Makeup,Apple,S0354,1092.17,202.68,Active
P08920,SKU-08920,Dell Skincare 8920,Beauty,Skincare,Dell,S0057,1203.79,794.57,Active
P08921,SKU-08921,LG Skincare 8921,Beauty,Skincare,LG,S0192,718.13,326.57,Active
P08922,SKU-08922,Philips Makeup 8922,Beauty,Makeup,Philips,S0210,1101.42,768.16,Active
P08923,SKU-08923,Sony Makeup 8923,Beauty,Makeup,Sony,S0148,1291.56,1380.35,Active
P08924,SKU-08924,Adidas Skincare 8924,Beauty,Skincare,Adidas,S0029,83.0,359.58,Active
P08925,SKU-08925,Dell Makeup 8925,Beauty,Makeup,Dell,S0498,123.39,1483.41,Active
P08926,SKU-08926,Dell Skincare 8926,Beauty,Skincare,Dell,S0289,1864.0,275.23,Active
P08927,SKU-08927,Adidas Makeup 8927,Beauty,Makeup,Adidas,S0499,270.53,808.24,Active
P08928,SKU-08928,Adidas Makeup 8928,Beauty,Makeup,Adidas,S0400,1014.23,514.25,Active
P08929,SKU-08929,Apple Makeup 8929,Beauty,Makeup,Apple,S0446,143.71,708.03,Active
P08930,SKU-08930,HP Skincare 8930,Beauty,Skincare,HP,S0317,1986.24,977.93,Active
P08931,SKU-08931,LG Makeup 8931,Beauty,Makeup,LG,S0101,1597.06,755.47,Active
P08932,SKU-08932,Samsung Skincare 8932,Beauty,Skincare,Samsung,S0497,947.47,308.11,Active
P08933,SKU-08933,LG Makeup 8933,Beauty,Makeup,LG,S0144,1154.22,701.69,Active
P08934,SKU-08934,Nike Makeup 8934,Beauty,Makeup,Nike,S0376,1003.15,49.12,Active
P08935,SKU-08935,Samsung Skincare 8935,Beauty,Skincare,Samsung,S0259,1550.11,435.75,Active
P08936,SKU-08936,Samsung Skincare 8936,Beauty,Skincare,Samsung,S0139,1216.84,1322.12,Active
P08937,SKU-08937,Samsung Skincare 8937,Beauty,Skincare,Samsung,S0133,1503.73,580.64,Active
P08938,SKU-08938,LG Makeup 8938,Beauty,Makeup,LG,S0418,1173.61,1123.49,Active
P08939,SKU-08939,LG Makeup 8939,Beauty,Makeup,LG,S0131,671.6,395.62,Active
P08940,SKU-08940,Loreal Makeup 8940,Beauty,Makeup,Loreal,S0149,837.83,1284.79,Active
P08941,SKU-08941,Loreal Skincare 8941,Beauty,Skincare,Loreal,S0274,1987.11,1189.75,Active
P08942,SKU-08942,Adidas Skincare 8942,Beauty,Skincare,Adidas,S0360,1586.93,577.53,Active
P08943,SKU-08943,Adidas Makeup 8943,Beauty,Makeup,Adidas,S0103,1795.34,113.66,Active
P08944,SKU-08944,Samsung Makeup 8944,Beauty,Makeup,Samsung,S0359,1999.94,95.89,Active
P08945,SKU-08945,Sony Skincare 8945,Beauty,Skincare,Sony,S0118,687.28,889.12,Active
P08946,SKU-08946,Apple Makeup 8946,Beauty,Makeup,Apple,S0404,269.95,261.65,Active
P08947,SKU-08947,Apple Makeup 8947,Beauty,Makeup,Apple,S0345,1988.42,977.89,Active
P08948,SKU-08948,Samsung Skincare 8948,Beauty,Skincare,Samsung,S0142,70.14,31.36,Active
P08949,SKU-08949,Sony Makeup 8949,Beauty,Makeup,Sony,S0447,1078.43,1487.35,Active
P08950,SKU-08950,HP Makeup 8950,Beauty,Makeup,HP,S0486,229.3,1089.22,Active
P08951,SKU-08951,Sony Skincare 8951,Beauty,Skincare,Sony,S0379,1815.77,1101.19,Active
P08952,SKU-08952,Adidas Makeup 8952,Beauty,Makeup,Adidas,S0483,1638.94,1466.02,Active
P08953,SKU-08953,Loreal Makeup 8953,Beauty,Makeup,Loreal,S0002,554.12,937.36,Active
P08954,SKU-08954,Nike Skincare 8954,Beauty,Skincare,Nike,S0381,990.84,1125.99,Active
P08955,SKU-08955,LG Makeup 8955,Beauty,Makeup,LG,S0265,1911.52,629.82,Active
P08956,SKU-08956,Dell Makeup 8956,Beauty,Makeup,Dell,S0240,1897.48,1307.94,Active
P08957,SKU-08957,Philips Skincare 8957,Beauty,Skincare,Philips,S0241,538.35,406.54,Active
P08958,SKU-08958,Samsung Makeup 8958,Beauty,Makeup,Samsung,S0154,1540.14,1150.03,Active
P08959,SKU-08959,Nike Makeup 8959,Beauty,Makeup,Nike,S0150,828.58,677.93,Active
P08960,SKU-08960,Sony Makeup 8960,Beauty,Makeup,Sony,S0498,606.97,736.87,Active
P08961,SKU-08961,Loreal Makeup 8961,Beauty,Makeup,Loreal,S0212,1143.18,1416.34,Active
P08962,SKU-08962,HP Makeup 8962,Beauty,Makeup,HP,S0246,1630.72,131.15,Active
P08963,SKU-08963,Samsung Makeup 8963,Beauty,Makeup,Samsung,S0382,1280.32,633.43,Active
P08964,SKU-08964,Loreal Makeup 8964,Beauty,Makeup,Loreal,S0334,1613.47,1236.64,Active
P08965,SKU-08965,Nike Makeup 8965,Beauty,Makeup,Nike,S0056,419.22,306.53,Active
P08966,SKU-08966,Loreal Skincare 8966,Beauty,Skincare,Loreal,S0141,682.2,965.56,Active
P08967,SKU-08967,Samsung Skincare 8967,Beauty,Skincare,Samsung,S0187,123.63,823.91,Active
P08968,SKU-08968,Adidas Skincare 8968,Beauty,Skincare,Adidas,S0083,595.16,1036.96,Active
P08969,SKU-08969,Adidas Makeup 8969,Beauty,Makeup,Adidas,S0248,273.76,235.61,Active
P08970,SKU-08970,HP Skincare 8970,Beauty,Skincare,HP,S0306,658.54,180.89,Active
P08971,SKU-08971,Samsung Makeup 8971,Beauty,Makeup,Samsung,S0451,1191.83,715.19,Active
P08972,SKU-08972,Samsung Skincare 8972,Beauty,Skincare,Samsung,S0098,1807.76,668.39,Active
P08973,SKU-08973,Dell Makeup 8973,Beauty,Makeup,Dell,S0164,471.66,397.08,Active
P08974,SKU-08974,Nike Makeup 8974,Beauty,Makeup,Nike,S0041,1406.44,585.32,Active
P08975,SKU-08975,Apple Skincare 8975,Beauty,Skincare,Apple,S0356,1010.76,147.25,Active
P08976,SKU-08976,LG Skincare 8976,Beauty,Skincare,LG,S0198,1907.89,487.04,Active
P08977,SKU-08977,Dell Makeup 8977,Beauty,Makeup,Dell,S0478,183.86,309.3,Active
P08978,SKU-08978,Dell Makeup 8978,Beauty,Makeup,Dell,S0369,1186.42,1197.27,Active
P08979,SKU-08979,Samsung Skincare 8979,Beauty,Skincare,Samsung,S0293,150.38,803.51,Active
P08980,SKU-08980,Philips Skincare 8980,Beauty,Skincare,Philips,S0046,1194.38,1018.2,Active
P08981,SKU-08981,Nike Skincare 8981,Beauty,Skincare,Nike,S0472,91.2,35.68,Active
P08982,SKU-08982,LG Makeup 8982,Beauty,Makeup,LG,S0042,1808.36,225.05,Active
P08983,SKU-08983,Philips Makeup 8983,Beauty,Makeup,Philips,S0255,1091.08,219.44,Active
P08984,SKU-08984,Loreal Makeup 8984,Beauty,Makeup,Loreal,S0216,63.57,1437.95,Active
P08985,SKU-08985,Apple Makeup 8985,Beauty,Makeup,Apple,S0291,1380.17,1117.05,Active
P08986,SKU-08986,Philips Makeup 8986,Beauty,Makeup,Philips,S0143,505.69,698.4,Active
P08987,SKU-08987,Loreal Makeup 8987,Beauty,Makeup,Loreal,S0124,1268.46,271.95,Active
P08988,SKU-08988,Philips Skincare 8988,Beauty,Skincare,Philips,S0499,1134.72,1098.25,Active
P08989,SKU-08989,Samsung Skincare 8989,Beauty,Skincare,Samsung,S0494,1290.78,883.69,Active
P08990,SKU-08990,Philips Skincare 8990,Beauty,Skincare,Philips,S0192,1686.1,1422.89,Active
P08991,SKU-08991,Loreal Skincare 8991,Beauty,Skincare,Loreal,S0068,698.01,420.6,Active
P08992,SKU-08992,Philips Makeup 8992,Beauty,Makeup,Philips,S0313,683.23,729.28,Active
P08993,SKU-08993,Adidas Makeup 8993,Beauty,Makeup,Adidas,S0391,1854.96,1011.33,Active
P08994,SKU-08994,Philips Skincare 8994,Beauty,Skincare,Philips,S0269,1374.6,246.69,Active
P08995,SKU-08995,Philips Makeup 8995,Beauty,Makeup,Philips,S0012,282.15,729.71,Active
P08996,SKU-08996,Sony Skincare 8996,Beauty,Skincare,Sony,S0362,1092.96,1013.41,Active
P08997,SKU-08997,Apple Skincare 8997,Beauty,Skincare,Apple,S0184,907.98,595.85,Active
P08998,SKU-08998,HP Skincare 8998,Beauty,Skincare,HP,S0080,1155.26,719.22,Active
P08999,SKU-08999,Sony Makeup 8999,Beauty,Makeup,Sony,S0097,1272.87,272.76,Active
P09000,SKU-09000,Samsung Skincare 9000,Beauty,Skincare,Samsung,S0453,1515.15,777.28,Active
P09001,SKU-09001,Samsung Skincare 9001,Beauty,Skincare,Samsung,S0492,666.73,118.29,Active
P09002,SKU-09002,Apple Skincare 9002,Beauty,Skincare,Apple,S0379,1790.08,1133.79,Active
P09003,SKU-09003,Philips Makeup 9003,Beauty,Makeup,Philips,S0030,1882.89,859.09,Active
P09004,SKU-09004,Philips Makeup 9004,Beauty,Makeup,Philips,S0324,199.76,649.36,Active
P09005,SKU-09005,Samsung Makeup 9005,Beauty,Makeup,Samsung,S0476,620.98,1240.62,Active
P09006,SKU-09006,Apple Makeup 9006,Beauty,Makeup,Apple,S0288,545.75,504.04,Active
P09007,SKU-09007,Nike Skincare 9007,Beauty,Skincare,Nike,S0127,524.08,658.15,Active
P09008,SKU-09008,Philips Skincare 9008,Beauty,Skincare,Philips,S0321,1409.2,130.74,Active
P09009,SKU-09009,Nike Makeup 9009,Beauty,Makeup,Nike,S0290,662.79,480.11,Active
P09010,SKU-09010,Apple Makeup 9010,Beauty,Makeup,Apple,S0029,49.55,586.22,Active
P09011,SKU-09011,Adidas Skincare 9011,Beauty,Skincare,Adidas,S0072,1867.88,481.18,Active
P09012,SKU-09012,Samsung Makeup 9012,Beauty,Makeup,Samsung,S0389,310.0,785.96,Active
P09013,SKU-09013,LG Makeup 9013,Beauty,Makeup,LG,S0218,1084.78,662.71,Active
P09014,SKU-09014,Samsung Makeup 9014,Beauty,Makeup,Samsung,S0494,1251.53,1488.97,Active
P09015,SKU-09015,Apple Makeup 9015,Beauty,Makeup,Apple,S0342,1355.09,1386.56,Active
P09016,SKU-09016,Sony Makeup 9016,Beauty,Makeup,Sony,S0176,1037.93,625.91,Active
P09017,SKU-09017,Sony Skincare 9017,Beauty,Skincare,Sony,S0059,587.37,1121.77,Active
P09018,SKU-09018,Philips Makeup 9018,Beauty,Makeup,Philips,S0072,806.96,1318.75,Active
P09019,SKU-09019,Loreal Makeup 9019,Beauty,Makeup,Loreal,S0415,59.23,516.02,Active
P09020,SKU-09020,Samsung Skincare 9020,Beauty,Skincare,Samsung,S0210,967.29,1080.32,Active
P09021,SKU-09021,Samsung Skincare 9021,Beauty,Skincare,Samsung,S0350,894.8,555.62,Active
P09022,SKU-09022,Samsung Makeup 9022,Beauty,Makeup,Samsung,S0024,87.25,110.27,Active
P09023,SKU-09023,Dell Makeup 9023,Beauty,Makeup,Dell,S0488,1778.26,839.63,Active
P09024,SKU-09024,Dell Makeup 9024,Beauty,Makeup,Dell,S0412,319.97,883.43,Active
P09025,SKU-09025,Loreal Makeup 9025,Beauty,Makeup,Loreal,S0035,1145.8,222.77,Active
P09026,SKU-09026,Loreal Makeup 9026,Beauty,Makeup,Loreal,S0074,1463.77,592.49,Active
P09027,SKU-09027,HP Skincare 9027,Beauty,Skincare,HP,S0396,1215.25,61.58,Active
P09028,SKU-09028,HP Skincare 9028,Beauty,Skincare,HP,S0434,1455.2,630.67,Active
P09029,SKU-09029,Philips Skincare 9029,Beauty,Skincare,Philips,S0336,1906.75,1135.78,Active
P09030,SKU-09030,Adidas Skincare 9030,Beauty,Skincare,Adidas,S0394,1507.69,351.28,Active
P09031,SKU-09031,Apple Makeup 9031,Beauty,Makeup,Apple,S0222,918.74,777.29,Active
P09032,SKU-09032,Samsung Skincare 9032,Beauty,Skincare,Samsung,S0034,496.68,22.04,Active
P09033,SKU-09033,Philips Skincare 9033,Beauty,Skincare,Philips,S0181,869.46,71.44,Active
P09034,SKU-09034,Dell Makeup 9034,Beauty,Makeup,Dell,S0151,489.27,489.68,Active
P09035,SKU-09035,Loreal Skincare 9035,Beauty,Skincare,Loreal,S0056,985.32,538.2,Active
P09036,SKU-09036,Nike Skincare 9036,Beauty,Skincare,Nike,S0060,247.78,16.69,Active
P09037,SKU-09037,Nike Makeup 9037,Beauty,Makeup,Nike,S0185,468.73,773.1,Active
P09038,SKU-09038,Nike Skincare 9038,Beauty,Skincare,Nike,S0062,139.44,1454.82,Active
P09039,SKU-09039,Adidas Makeup 9039,Beauty,Makeup,Adidas,S0385,1204.77,465.88,Active
P09040,SKU-09040,Apple Skincare 9040,Beauty,Skincare,Apple,S0021,755.07,1439.05,Active
P09041,SKU-09041,Nike Skincare 9041,Beauty,Skincare,Nike,S0436,1937.55,976.28,Active
P09042,SKU-09042,Philips Skincare 9042,Beauty,Skincare,Philips,S0180,1383.11,1337.41,Active
P09043,SKU-09043,Nike Makeup 9043,Beauty,Makeup,Nike,S0259,1828.4,1094.35,Active
P09044,SKU-09044,Adidas Skincare 9044,Beauty,Skincare,Adidas,S0037,441.08,353.93,Active
P09045,SKU-09045,Sony Makeup 9045,Beauty,Makeup,Sony,S0144,476.31,1158.77,Active
P09046,SKU-09046,Dell Makeup 9046,Beauty,Makeup,Dell,S0328,1510.86,552.75,Active
P09047,SKU-09047,Dell Skincare 9047,Beauty,Skincare,Dell,S0025,1381.26,252.8,Active
P09048,SKU-09048,Dell Skincare 9048,Beauty,Skincare,Dell,S0277,1343.54,419.71,Active
P09049,SKU-09049,Samsung Skincare 9049,Beauty,Skincare,Samsung,S0334,1300.01,815.53,Active
P09050,SKU-09050,Apple Makeup 9050,Beauty,Makeup,Apple,S0205,1713.73,414.86,Active
P09051,SKU-09051,HP Skincare 9051,Beauty,Skincare,HP,S0243,912.34,1104.62,Active
P09052,SKU-09052,LG Makeup 9052,Beauty,Makeup,LG,S0004,774.54,60.94,Active
P09053,SKU-09053,Adidas Skincare 9053,Beauty,Skincare,Adidas,S0454,508.16,1477.08,Active
P09054,SKU-09054,Adidas Skincare 9054,Beauty,Skincare,Adidas,S0032,169.35,655.96,Active
P09055,SKU-09055,HP Makeup 9055,Beauty,Makeup,HP,S0312,1662.12,357.03,Active
P09056,SKU-09056,Adidas Skincare 9056,Beauty,Skincare,Adidas,S0184,912.75,454.95,Active
P09057,SKU-09057,Samsung Skincare 9057,Beauty,Skincare,Samsung,S0098,380.93,551.07,Active
P09058,SKU-09058,Sony Makeup 9058,Beauty,Makeup,Sony,S0005,440.89,1062.34,Active
P09059,SKU-09059,Philips Skincare 9059,Beauty,Skincare,Philips,S0250,854.5,110.6,Active
P09060,SKU-09060,Samsung Skincare 9060,Beauty,Skincare,Samsung,S0092,1029.19,1018.59,Active
P09061,SKU-09061,Samsung Makeup 9061,Beauty,Makeup,Samsung,S0287,1933.25,336.28,Active
P09062,SKU-09062,Sony Skincare 9062,Beauty,Skincare,Sony,S0324,195.88,1306.98,Active
P09063,SKU-09063,Philips Makeup 9063,Beauty,Makeup,Philips,S0190,939.5,1020.81,Active
P09064,SKU-09064,Samsung Skincare 9064,Beauty,Skincare,Samsung,S0486,630.36,253.29,Active
P09065,SKU-09065,Apple Makeup 9065,Beauty,Makeup,Apple,S0047,189.69,796.9,Active
P09066,SKU-09066,Philips Skincare 9066,Beauty,Skincare,Philips,S0106,627.51,549.69,Active
P09067,SKU-09067,Adidas Skincare 9067,Beauty,Skincare,Adidas,S0251,106.4,699.41,Active
P09068,SKU-09068,Samsung Makeup 9068,Beauty,Makeup,Samsung,S0418,1000.77,14.37,Active
P09069,SKU-09069,Sony Makeup 9069,Beauty,Makeup,Sony,S0197,192.49,1293.65,Active
P09070,SKU-09070,Apple Skincare 9070,Beauty,Skincare,Apple,S0195,423.6,944.98,Active
P09071,SKU-09071,Samsung Skincare 9071,Beauty,Skincare,Samsung,S0364,1409.01,610.25,Active
P09072,SKU-09072,Nike Makeup 9072,Beauty,Makeup,Nike,S0298,1405.55,757.09,Active
P09073,SKU-09073,Dell Skincare 9073,Beauty,Skincare,Dell,S0099,1944.43,1180.27,Active
P09074,SKU-09074,Apple Skincare 9074,Beauty,Skincare,Apple,S0364,252.05,686.13,Active
P09075,SKU-09075,Loreal Makeup 9075,Beauty,Makeup,Loreal,S0481,55.12,1256.56,Active
P09076,SKU-09076,Loreal Skincare 9076,Beauty,Skincare,Loreal,S0109,308.67,1126.07,Active
P09077,SKU-09077,Nike Makeup 9077,Beauty,Makeup,Nike,S0122,1886.89,1004.28,Active
P09078,SKU-09078,Sony Skincare 9078,Beauty,Skincare,Sony,S0145,1350.58,1054.55,Active
P09079,SKU-09079,Nike Makeup 9079,Beauty,Makeup,Nike,S0462,1623.0,1346.5,Active
P09080,SKU-09080,Philips Makeup 9080,Beauty,Makeup,Philips,S0424,549.51,444.67,Active
P09081,SKU-09081,Philips Skincare 9081,Beauty,Skincare,Philips,S0015,1164.86,345.67,Active
P09082,SKU-09082,HP Makeup 9082,Beauty,Makeup,HP,S0009,1340.82,623.26,Active
P09083,SKU-09083,Adidas Skincare 9083,Beauty,Skincare,Adidas,S0443,208.29,1130.4,Active
P09084,SKU-09084,Sony Skincare 9084,Beauty,Skincare,Sony,S0160,1374.52,131.1,Active
P09085,SKU-09085,Philips Makeup 9085,Beauty,Makeup,Philips,S0043,60.51,1456.8,Active
P09086,SKU-09086,Apple Makeup 9086,Beauty,Makeup,Apple,S0142,277.47,625.96,Active
P09087,SKU-09087,Philips Skincare 9087,Beauty,Skincare,Philips,S0064,896.91,73.12,Active
P09088,SKU-09088,Adidas Makeup 9088,Beauty,Makeup,Adidas,S0177,70.77,1285.9,Active
P09089,SKU-09089,Samsung Skincare 9089,Beauty,Skincare,Samsung,S0362,1220.86,958.0,Active
P09090,SKU-09090,LG Makeup 9090,Beauty,Makeup,LG,S0152,1329.81,898.42,Active
P09091,SKU-09091,Dell Makeup 9091,Beauty,Makeup,Dell,S0270,773.26,1216.21,Active
P09092,SKU-09092,Samsung Skincare 9092,Beauty,Skincare,Samsung,S0160,1939.55,669.65,Active
P09093,SKU-09093,Adidas Makeup 9093,Beauty,Makeup,Adidas,S0321,126.4,651.1,Active
P09094,SKU-09094,Philips Makeup 9094,Beauty,Makeup,Philips,S0408,908.96,789.3,Active
P09095,SKU-09095,LG Skincare 9095,Beauty,Skincare,LG,S0119,1285.26,489.57,Active
P09096,SKU-09096,Nike Makeup 9096,Beauty,Makeup,Nike,S0340,865.06,426.76,Active
P09097,SKU-09097,Loreal Makeup 9097,Beauty,Makeup,Loreal,S0027,802.76,788.34,Active
P09098,SKU-09098,Loreal Skincare 9098,Beauty,Skincare,Loreal,S0153,262.4,810.61,Active
P09099,SKU-09099,Apple Makeup 9099,Beauty,Makeup,Apple,S0068,731.63,1372.52,Active
P09100,SKU-09100,Nike Skincare 9100,Beauty,Skincare,Nike,S0449,88.01,1434.53,Active
P09101,SKU-09101,Samsung Skincare 9101,Beauty,Skincare,Samsung,S0035,969.86,488.65,Active
P09102,SKU-09102,Apple Skincare 9102,Beauty,Skincare,Apple,S0193,1003.42,617.46,Active
P09103,SKU-09103,Philips Skincare 9103,Beauty,Skincare,Philips,S0350,1304.68,1110.05,Active
P09104,SKU-09104,LG Skincare 9104,Beauty,Skincare,LG,S0115,427.05,262.87,Active
P09105,SKU-09105,HP Makeup 9105,Beauty,Makeup,HP,S0020,720.58,1402.37,Active
P09106,SKU-09106,Philips Skincare 9106,Beauty,Skincare,Philips,S0156,899.89,625.9,Active
P09107,SKU-09107,HP Skincare 9107,Beauty,Skincare,HP,S0417,1656.51,1022.54,Active
P09108,SKU-09108,Sony Skincare 9108,Beauty,Skincare,Sony,S0193,1755.75,410.12,Active
P09109,SKU-09109,Adidas Makeup 9109,Beauty,Makeup,Adidas,S0066,478.12,979.1,Active
P09110,SKU-09110,HP Makeup 9110,Beauty,Makeup,HP,S0247,311.3,898.02,Active
P09111,SKU-09111,Samsung Skincare 9111,Beauty,Skincare,Samsung,S0266,1140.47,578.6,Active
P09112,SKU-09112,Samsung Skincare 9112,Beauty,Skincare,Samsung,S0348,601.7,622.61,Active
P09113,SKU-09113,Samsung Skincare 9113,Beauty,Skincare,Samsung,S0325,1478.86,537.42,Active
P09114,SKU-09114,LG Skincare 9114,Beauty,Skincare,LG,S0183,1563.62,265.5,Active
P09115,SKU-09115,Dell Skincare 9115,Beauty,Skincare,Dell,S0383,199.15,922.67,Active
P09116,SKU-09116,Adidas Skincare 9116,Beauty,Skincare,Adidas,S0075,573.74,1392.26,Active
P09117,SKU-09117,LG Makeup 9117,Beauty,Makeup,LG,S0217,503.42,93.36,Active
P09118,SKU-09118,Dell Makeup 9118,Beauty,Makeup,Dell,S0040,709.56,1168.28,Active
P09119,SKU-09119,Samsung Makeup 9119,Beauty,Makeup,Samsung,S0221,1017.17,498.49,Active
P09120,SKU-09120,Loreal Skincare 9120,Beauty,Skincare,Loreal,S0114,1755.73,669.47,Active
P09121,SKU-09121,HP Skincare 9121,Beauty,Skincare,HP,S0190,1251.15,733.35,Active
P09122,SKU-09122,Loreal Skincare 9122,Beauty,Skincare,Loreal,S0074,602.35,985.26,Active
P09123,SKU-09123,HP Makeup 9123,Beauty,Makeup,HP,S0357,863.76,1446.14,Active
P09124,SKU-09124,Dell Skincare 9124,Beauty,Skincare,Dell,S0181,1502.28,217.14,Active
P09125,SKU-09125,Nike Makeup 9125,Beauty,Makeup,Nike,S0249,1767.7,487.76,Active
P09126,SKU-09126,Samsung Skincare 9126,Beauty,Skincare,Samsung,S0073,1408.56,454.52,Active
P09127,SKU-09127,Nike Skincare 9127,Beauty,Skincare,Nike,S0280,438.33,99.92,Active
P09128,SKU-09128,Adidas Skincare 9128,Beauty,Skincare,Adidas,S0217,762.88,555.34,Active
P09129,SKU-09129,Dell Skincare 9129,Beauty,Skincare,Dell,S0227,1415.02,1364.82,Active
P09130,SKU-09130,Dell Makeup 9130,Beauty,Makeup,Dell,S0251,1365.92,1285.41,Active
P09131,SKU-09131,Nike Makeup 9131,Beauty,Makeup,Nike,S0416,1089.02,94.81,Active
P09132,SKU-09132,Philips Makeup 9132,Beauty,Makeup,Philips,S0021,50.67,458.76,Active
P09133,SKU-09133,Loreal Makeup 9133,Beauty,Makeup,Loreal,S0012,331.88,219.38,Active
P09134,SKU-09134,Dell Makeup 9134,Beauty,Makeup,Dell,S0258,876.98,515.04,Active
P09135,SKU-09135,Loreal Makeup 9135,Beauty,Makeup,Loreal,S0155,1749.84,1114.1,Active
P09136,SKU-09136,Sony Skincare 9136,Beauty,Skincare,Sony,S0349,1182.38,102.19,Active
P09137,SKU-09137,Samsung Skincare 9137,Beauty,Skincare,Samsung,S0488,1802.17,309.98,Active
P09138,SKU-09138,Philips Makeup 9138,Beauty,Makeup,Philips,S0421,1848.84,1171.72,Active
P09139,SKU-09139,Nike Skincare 9139,Beauty,Skincare,Nike,S0247,119.4,1423.43,Active
P09140,SKU-09140,Nike Makeup 9140,Beauty,Makeup,Nike,S0212,579.25,1348.04,Active
P09141,SKU-09141,Loreal Makeup 9141,Beauty,Makeup,Loreal,S0070,1977.22,213.1,Active
P09142,SKU-09142,Apple Makeup 9142,Beauty,Makeup,Apple,S0140,1865.7,355.47,Active
P09143,SKU-09143,Sony Makeup 9143,Beauty,Makeup,Sony,S0413,1225.59,1072.28,Active
P09144,SKU-09144,Apple Makeup 9144,Beauty,Makeup,Apple,S0224,845.64,820.0,Active
P09145,SKU-09145,Adidas Makeup 9145,Beauty,Makeup,Adidas,S0497,658.94,1094.71,Active
P09146,SKU-09146,Samsung Makeup 9146,Beauty,Makeup,Samsung,S0336,952.08,1303.74,Active
P09147,SKU-09147,Adidas Makeup 9147,Beauty,Makeup,Adidas,S0031,612.69,869.24,Active
P09148,SKU-09148,LG Makeup 9148,Beauty,Makeup,LG,S0241,579.93,738.04,Active
P09149,SKU-09149,Adidas Makeup 9149,Beauty,Makeup,Adidas,S0115,91.17,1412.02,Active
P09150,SKU-09150,Philips Makeup 9150,Beauty,Makeup,Philips,S0262,1171.91,911.51,Active
P09151,SKU-09151,HP Skincare 9151,Beauty,Skincare,HP,S0383,1329.58,717.92,Active
P09152,SKU-09152,Adidas Makeup 9152,Beauty,Makeup,Adidas,S0124,1158.23,696.79,Active
P09153,SKU-09153,Adidas Makeup 9153,Beauty,Makeup,Adidas,S0306,1806.54,926.45,Active
P09154,SKU-09154,HP Skincare 9154,Beauty,Skincare,HP,S0428,923.01,848.82,Active
P09155,SKU-09155,Loreal Makeup 9155,Beauty,Makeup,Loreal,S0270,215.17,1172.92,Active
P09156,SKU-09156,Sony Skincare 9156,Beauty,Skincare,Sony,S0070,1179.08,696.4,Active
P09157,SKU-09157,Philips Skincare 9157,Beauty,Skincare,Philips,S0271,1675.25,950.62,Active
P09158,SKU-09158,Adidas Skincare 9158,Beauty,Skincare,Adidas,S0250,1652.69,676.77,Active
P09159,SKU-09159,Philips Makeup 9159,Beauty,Makeup,Philips,S0324,175.62,1476.16,Active
P09160,SKU-09160,Philips Skincare 9160,Beauty,Skincare,Philips,S0480,717.82,93.35,Active
P09161,SKU-09161,Nike Makeup 9161,Beauty,Makeup,Nike,S0417,235.78,549.6,Active
P09162,SKU-09162,Dell Makeup 9162,Beauty,Makeup,Dell,S0484,617.4,866.61,Active
P09163,SKU-09163,Loreal Skincare 9163,Beauty,Skincare,Loreal,S0063,1044.06,607.87,Active
P09164,SKU-09164,Adidas Skincare 9164,Beauty,Skincare,Adidas,S0065,1305.12,1337.7,Active
P09165,SKU-09165,Adidas Makeup 9165,Beauty,Makeup,Adidas,S0136,671.88,1160.64,Active
P09166,SKU-09166,Apple Skincare 9166,Beauty,Skincare,Apple,S0224,1604.41,1258.3,Active
P09167,SKU-09167,LG Makeup 9167,Beauty,Makeup,LG,S0089,396.71,932.88,Active
P09168,SKU-09168,Dell Skincare 9168,Beauty,Skincare,Dell,S0387,454.49,571.71,Active
P09169,SKU-09169,Adidas Skincare 9169,Beauty,Skincare,Adidas,S0006,1877.88,1078.14,Active
P09170,SKU-09170,Sony Skincare 9170,Beauty,Skincare,Sony,S0403,1092.8,984.31,Active
P09171,SKU-09171,Nike Skincare 9171,Beauty,Skincare,Nike,S0356,166.59,143.86,Active
P09172,SKU-09172,Sony Skincare 9172,Beauty,Skincare,Sony,S0206,696.42,887.51,Active
P09173,SKU-09173,Sony Makeup 9173,Beauty,Makeup,Sony,S0351,1761.81,852.94,Active
P09174,SKU-09174,Apple Makeup 9174,Beauty,Makeup,Apple,S0143,663.1,621.23,Active
P09175,SKU-09175,Adidas Makeup 9175,Beauty,Makeup,Adidas,S0299,1797.16,1214.66,Active
P09176,SKU-09176,HP Makeup 9176,Beauty,Makeup,HP,S0408,690.79,663.09,Active
P09177,SKU-09177,Samsung Makeup 9177,Beauty,Makeup,Samsung,S0333,849.61,217.13,Active
P09178,SKU-09178,Philips Makeup 9178,Beauty,Makeup,Philips,S0248,1653.17,70.85,Active
P09179,SKU-09179,Philips Makeup 9179,Beauty,Makeup,Philips,S0263,1990.85,610.48,Active
P09180,SKU-09180,LG Skincare 9180,Beauty,Skincare,LG,S0175,725.01,600.01,Active
P09181,SKU-09181,Samsung Makeup 9181,Beauty,Makeup,Samsung,S0004,649.45,1289.44,Active
P09182,SKU-09182,Nike Makeup 9182,Beauty,Makeup,Nike,S0316,1472.62,908.21,Active
P09183,SKU-09183,Dell Skincare 9183,Beauty,Skincare,Dell,S0439,1238.18,268.45,Active
P09184,SKU-09184,Loreal Skincare 9184,Beauty,Skincare,Loreal,S0220,636.06,40.47,Active
P09185,SKU-09185,LG Skincare 9185,Beauty,Skincare,LG,S0156,1936.41,53.25,Active
P09186,SKU-09186,Philips Skincare 9186,Beauty,Skincare,Philips,S0277,1531.89,340.73,Active
P09187,SKU-09187,Nike Makeup 9187,Beauty,Makeup,Nike,S0407,1582.32,718.14,Active
P09188,SKU-09188,Apple Skincare 9188,Beauty,Skincare,Apple,S0334,1057.82,1293.31,Active
P09189,SKU-09189,Samsung Skincare 9189,Beauty,Skincare,Samsung,S0010,349.16,548.67,Active
P09190,SKU-09190,Loreal Skincare 9190,Beauty,Skincare,Loreal,S0483,1263.27,1107.87,Active
P09191,SKU-09191,Nike Skincare 9191,Beauty,Skincare,Nike,S0382,1291.28,60.21,Active
P09192,SKU-09192,Sony Makeup 9192,Beauty,Makeup,Sony,S0310,1567.95,413.9,Active
P09193,SKU-09193,Nike Skincare 9193,Beauty,Skincare,Nike,S0300,11.45,667.34,Active
P09194,SKU-09194,Apple Makeup 9194,Beauty,Makeup,Apple,S0190,592.86,134.63,Active
P09195,SKU-09195,Philips Makeup 9195,Beauty,Makeup,Philips,S0238,186.54,468.42,Active
P09196,SKU-09196,Adidas Makeup 9196,Beauty,Makeup,Adidas,S0072,873.71,713.19,Active
P09197,SKU-09197,Philips Makeup 9197,Beauty,Makeup,Philips,S0421,433.09,1329.0,Active
P09198,SKU-09198,Apple Makeup 9198,Beauty,Makeup,Apple,S0048,55.16,279.32,Active
P09199,SKU-09199,Dell Skincare 9199,Beauty,Skincare,Dell,S0389,1978.64,742.06,Active
P09200,SKU-09200,Samsung Makeup 9200,Beauty,Makeup,Samsung,S0086,854.17,772.7,Active
P09201,SKU-09201,Loreal Makeup 9201,Beauty,Makeup,Loreal,S0388,233.48,1294.71,Active
P09202,SKU-09202,Apple Skincare 9202,Beauty,Skincare,Apple,S0366,1649.06,1203.31,Active
P09203,SKU-09203,Apple Skincare 9203,Beauty,Skincare,Apple,S0160,177.33,587.03,Active
P09204,SKU-09204,Nike Skincare 9204,Beauty,Skincare,Nike,S0204,1069.86,779.03,Active
P09205,SKU-09205,Dell Makeup 9205,Beauty,Makeup,Dell,S0406,1795.21,213.89,Active
P09206,SKU-09206,Philips Makeup 9206,Beauty,Makeup,Philips,S0125,1782.03,1380.33,Active
P09207,SKU-09207,LG Skincare 9207,Beauty,Skincare,LG,S0245,1249.5,1196.8,Active
P09208,SKU-09208,Apple Makeup 9208,Beauty,Makeup,Apple,S0103,322.09,927.56,Active
P09209,SKU-09209,Philips Skincare 9209,Beauty,Skincare,Philips,S0175,1526.55,458.73,Active
P09210,SKU-09210,Nike Skincare 9210,Beauty,Skincare,Nike,S0108,1081.73,972.87,Active
P09211,SKU-09211,Nike Skincare 9211,Beauty,Skincare,Nike,S0256,1711.35,1283.67,Active
P09212,SKU-09212,HP Makeup 9212,Beauty,Makeup,HP,S0480,1407.4,514.42,Active
P09213,SKU-09213,HP Skincare 9213,Beauty,Skincare,HP,S0159,44.82,589.24,Active
P09214,SKU-09214,Philips Makeup 9214,Beauty,Makeup,Philips,S0103,1697.82,417.28,Active
P09215,SKU-09215,LG Skincare 9215,Beauty,Skincare,LG,S0308,663.68,770.56,Active
P09216,SKU-09216,Sony Skincare 9216,Beauty,Skincare,Sony,S0409,495.45,291.36,Active
P09217,SKU-09217,Philips Makeup 9217,Beauty,Makeup,Philips,S0363,714.36,1048.46,Active
P09218,SKU-09218,LG Skincare 9218,Beauty,Skincare,LG,S0391,1710.61,735.2,Active
P09219,SKU-09219,Samsung Makeup 9219,Beauty,Makeup,Samsung,S0036,1505.55,179.02,Active
P09220,SKU-09220,Apple Skincare 9220,Beauty,Skincare,Apple,S0122,42.97,1150.84,Active
P09221,SKU-09221,Philips Skincare 9221,Beauty,Skincare,Philips,S0387,1342.82,828.8,Active
P09222,SKU-09222,Adidas Skincare 9222,Beauty,Skincare,Adidas,S0150,1623.11,983.33,Active
P09223,SKU-09223,Nike Skincare 9223,Beauty,Skincare,Nike,S0104,1177.47,942.11,Active
P09224,SKU-09224,Adidas Makeup 9224,Beauty,Makeup,Adidas,S0148,1218.0,1001.62,Active
P09225,SKU-09225,Samsung Makeup 9225,Beauty,Makeup,Samsung,S0057,1454.86,159.66,Active
P09226,SKU-09226,Philips Skincare 9226,Beauty,Skincare,Philips,S0087,1982.39,842.18,Active
P09227,SKU-09227,Apple Makeup 9227,Beauty,Makeup,Apple,S0302,1453.51,917.49,Active
P09228,SKU-09228,Philips Makeup 9228,Beauty,Makeup,Philips,S0382,627.67,1159.9,Active
P09229,SKU-09229,Dell Makeup 9229,Beauty,Makeup,Dell,S0259,1457.06,143.75,Active
P09230,SKU-09230,Philips Makeup 9230,Beauty,Makeup,Philips,S0424,1007.86,633.1,Active
P09231,SKU-09231,HP Skincare 9231,Beauty,Skincare,HP,S0257,1664.15,1159.02,Active
P09232,SKU-09232,Nike Skincare 9232,Beauty,Skincare,Nike,S0327,257.87,1440.31,Active
P09233,SKU-09233,Philips Makeup 9233,Beauty,Makeup,Philips,S0020,897.49,1272.62,Active
P09234,SKU-09234,Nike Makeup 9234,Beauty,Makeup,Nike,S0071,822.7,1314.39,Active
P09235,SKU-09235,Samsung Makeup 9235,Beauty,Makeup,Samsung,S0371,94.42,532.19,Active
P09236,SKU-09236,HP Makeup 9236,Beauty,Makeup,HP,S0088,101.94,662.45,Active
P09237,SKU-09237,Dell Makeup 9237,Beauty,Makeup,Dell,S0059,453.01,223.86,Active
P09238,SKU-09238,Apple Skincare 9238,Beauty,Skincare,Apple,S0264,1026.52,332.97,Active
P09239,SKU-09239,Adidas Makeup 9239,Beauty,Makeup,Adidas,S0473,311.73,1312.12,Active
P09240,SKU-09240,Dell Skincare 9240,Beauty,Skincare,Dell,S0126,984.59,1370.53,Active
P09241,SKU-09241,Loreal Makeup 9241,Beauty,Makeup,Loreal,S0463,519.57,20.07,Active
P09242,SKU-09242,Adidas Makeup 9242,Beauty,Makeup,Adidas,S0301,691.41,351.12,Active
P09243,SKU-09243,Dell Skincare 9243,Beauty,Skincare,Dell,S0222,348.42,1389.64,Active
P09244,SKU-09244,Dell Skincare 9244,Beauty,Skincare,Dell,S0184,582.63,1376.47,Active
P09245,SKU-09245,Philips Makeup 9245,Beauty,Makeup,Philips,S0013,1551.23,455.2,Active
P09246,SKU-09246,Sony Skincare 9246,Beauty,Skincare,Sony,S0269,230.22,764.08,Active
P09247,SKU-09247,Apple Skincare 9247,Beauty,Skincare,Apple,S0068,1611.27,1406.19,Active
P09248,SKU-09248,LG Skincare 9248,Beauty,Skincare,LG,S0395,1837.22,216.55,Active
P09249,SKU-09249,Sony Skincare 9249,Beauty,Skincare,Sony,S0322,1194.18,687.86,Active
P09250,SKU-09250,Sony Makeup 9250,Beauty,Makeup,Sony,S0299,1500.61,1294.35,Active
P09251,SKU-09251,HP Skincare 9251,Beauty,Skincare,HP,S0481,1985.76,481.18,Active
P09252,SKU-09252,Sony Skincare 9252,Beauty,Skincare,Sony,S0067,1521.9,404.51,Active
P09253,SKU-09253,Dell Makeup 9253,Beauty,Makeup,Dell,S0357,556.54,881.23,Active
P09254,SKU-09254,Sony Skincare 9254,Beauty,Skincare,Sony,S0422,1546.36,14.81,Active
P09255,SKU-09255,Samsung Makeup 9255,Beauty,Makeup,Samsung,S0313,498.25,1421.97,Active
P09256,SKU-09256,Nike Skincare 9256,Beauty,Skincare,Nike,S0452,444.8,1420.87,Active
P09257,SKU-09257,Nike Makeup 9257,Beauty,Makeup,Nike,S0045,453.98,271.36,Active
P09258,SKU-09258,Samsung Skincare 9258,Beauty,Skincare,Samsung,S0280,809.43,520.11,Active
P09259,SKU-09259,Dell Skincare 9259,Beauty,Skincare,Dell,S0266,245.03,221.16,Active
P09260,SKU-09260,HP Makeup 9260,Beauty,Makeup,HP,S0420,1339.57,278.7,Active
P09261,SKU-09261,Dell Makeup 9261,Beauty,Makeup,Dell,S0397,1381.61,985.4,Active
P09262,SKU-09262,Nike Skincare 9262,Beauty,Skincare,Nike,S0300,672.56,339.14,Active
P09263,SKU-09263,HP Skincare 9263,Beauty,Skincare,HP,S0387,1446.42,978.1,Active
P09264,SKU-09264,Dell Skincare 9264,Beauty,Skincare,Dell,S0446,1979.79,396.08,Active
P09265,SKU-09265,Samsung Skincare 9265,Beauty,Skincare,Samsung,S0342,1694.37,268.67,Active
P09266,SKU-09266,Philips Makeup 9266,Beauty,Makeup,Philips,S0293,210.07,388.37,Active
P09267,SKU-09267,Adidas Makeup 9267,Beauty,Makeup,Adidas,S0379,750.49,1253.29,Active
P09268,SKU-09268,Sony Skincare 9268,Beauty,Skincare,Sony,S0486,147.03,619.66,Active
P09269,SKU-09269,Apple Skincare 9269,Beauty,Skincare,Apple,S0495,151.11,696.19,Active
P09270,SKU-09270,Adidas Makeup 9270,Beauty,Makeup,Adidas,S0478,947.25,1235.43,Active
P09271,SKU-09271,Sony Skincare 9271,Beauty,Skincare,Sony,S0085,1408.2,1031.32,Active
P09272,SKU-09272,Adidas Makeup 9272,Beauty,Makeup,Adidas,S0173,74.2,1472.14,Active
P09273,SKU-09273,HP Makeup 9273,Beauty,Makeup,HP,S0092,1063.92,94.51,Active
P09274,SKU-09274,Sony Makeup 9274,Beauty,Makeup,Sony,S0206,1954.92,1205.01,Active
P09275,SKU-09275,Adidas Skincare 9275,Beauty,Skincare,Adidas,S0326,676.56,173.3,Active
P09276,SKU-09276,Apple Makeup 9276,Beauty,Makeup,Apple,S0338,629.0,729.16,Active
P09277,SKU-09277,HP Makeup 9277,Beauty,Makeup,HP,S0346,1677.02,767.04,Active
P09278,SKU-09278,Sony Makeup 9278,Beauty,Makeup,Sony,S0082,1980.72,132.22,Active
P09279,SKU-09279,Apple Makeup 9279,Beauty,Makeup,Apple,S0194,1905.26,345.49,Active
P09280,SKU-09280,Samsung Makeup 9280,Beauty,Makeup,Samsung,S0499,331.69,176.04,Active
P09281,SKU-09281,Nike Skincare 9281,Beauty,Skincare,Nike,S0431,211.16,478.88,Active
P09282,SKU-09282,Adidas Makeup 9282,Beauty,Makeup,Adidas,S0300,487.13,196.57,Active
P09283,SKU-09283,Samsung Makeup 9283,Beauty,Makeup,Samsung,S0179,593.95,1250.41,Active
P09284,SKU-09284,Adidas Makeup 9284,Beauty,Makeup,Adidas,S0209,820.11,855.99,Active
P09285,SKU-09285,HP Makeup 9285,Beauty,Makeup,HP,S0165,323.01,762.16,Active
P09286,SKU-09286,Sony Skincare 9286,Beauty,Skincare,Sony,S0156,675.9,114.62,Active
P09287,SKU-09287,Loreal Skincare 9287,Beauty,Skincare,Loreal,S0117,219.84,1199.56,Active
P09288,SKU-09288,Nike Makeup 9288,Beauty,Makeup,Nike,S0402,899.02,1277.49,Active
P09289,SKU-09289,Samsung Skincare 9289,Beauty,Skincare,Samsung,S0134,1922.39,31.41,Active
P09290,SKU-09290,Samsung Skincare 9290,Beauty,Skincare,Samsung,S0074,1251.31,1275.99,Active
P09291,SKU-09291,Apple Makeup 9291,Beauty,Makeup,Apple,S0161,1503.7,925.39,Active
P09292,SKU-09292,Philips Makeup 9292,Beauty,Makeup,Philips,S0375,673.96,686.63,Active
P09293,SKU-09293,Adidas Skincare 9293,Beauty,Skincare,Adidas,S0313,148.94,1089.31,Active
P09294,SKU-09294,LG Skincare 9294,Beauty,Skincare,LG,S0022,1412.51,22.61,Active
P09295,SKU-09295,Sony Skincare 9295,Beauty,Skincare,Sony,S0302,1092.92,53.61,Active
P09296,SKU-09296,HP Makeup 9296,Beauty,Makeup,HP,S0221,1488.81,514.7,Active
P09297,SKU-09297,Apple Makeup 9297,Beauty,Makeup,Apple,S0345,965.88,117.96,Active
P09298,SKU-09298,Philips Skincare 9298,Beauty,Skincare,Philips,S0188,1468.63,1225.98,Active
P09299,SKU-09299,Samsung Makeup 9299,Beauty,Makeup,Samsung,S0279,534.26,977.06,Active
P09300,SKU-09300,Samsung Skincare 9300,Beauty,Skincare,Samsung,S0045,214.91,1013.83,Active
P09301,SKU-09301,HP Makeup 9301,Beauty,Makeup,HP,S0012,123.72,551.17,Active
P09302,SKU-09302,Loreal Skincare 9302,Beauty,Skincare,Loreal,S0211,735.89,532.69,Active
P09303,SKU-09303,Nike Makeup 9303,Beauty,Makeup,Nike,S0377,1376.61,541.52,Active
P09304,SKU-09304,Samsung Skincare 9304,Beauty,Skincare,Samsung,S0217,1145.34,1278.55,Active
P09305,SKU-09305,LG Makeup 9305,Beauty,Makeup,LG,S0071,1956.23,1405.85,Active
P09306,SKU-09306,HP Skincare 9306,Beauty,Skincare,HP,S0393,1989.61,1014.59,Active
P09307,SKU-09307,Nike Makeup 9307,Beauty,Makeup,Nike,S0025,494.79,51.88,Active
P09308,SKU-09308,Philips Makeup 9308,Beauty,Makeup,Philips,S0293,1009.22,1414.44,Active
P09309,SKU-09309,Dell Makeup 9309,Beauty,Makeup,Dell,S0083,882.12,1217.8,Active
P09310,SKU-09310,Loreal Skincare 9310,Beauty,Skincare,Loreal,S0238,292.8,200.2,Active
P09311,SKU-09311,Apple Makeup 9311,Beauty,Makeup,Apple,S0120,1079.26,1220.75,Active
P09312,SKU-09312,LG Makeup 9312,Beauty,Makeup,LG,S0395,609.37,718.49,Active
P09313,SKU-09313,LG Makeup 9313,Beauty,Makeup,LG,S0416,1393.14,599.08,Active
P09314,SKU-09314,Samsung Skincare 9314,Beauty,Skincare,Samsung,S0097,404.92,758.26,Active
P09315,SKU-09315,Apple Skincare 9315,Beauty,Skincare,Apple,S0205,1483.08,268.81,Active
P09316,SKU-09316,Philips Makeup 9316,Beauty,Makeup,Philips,S0352,889.6,901.52,Active
P09317,SKU-09317,Apple Skincare 9317,Beauty,Skincare,Apple,S0226,1257.45,270.66,Active
P09318,SKU-09318,Philips Skincare 9318,Beauty,Skincare,Philips,S0433,1897.81,1042.91,Active
P09319,SKU-09319,Sony Skincare 9319,Beauty,Skincare,Sony,S0327,1992.85,419.01,Active
P09320,SKU-09320,Philips Skincare 9320,Beauty,Skincare,Philips,S0230,1402.32,166.86,Active
P09321,SKU-09321,Loreal Makeup 9321,Beauty,Makeup,Loreal,S0271,1212.31,532.23,Active
P09322,SKU-09322,Nike Makeup 9322,Beauty,Makeup,Nike,S0273,21.98,299.73,Active
P09323,SKU-09323,Apple Makeup 9323,Beauty,Makeup,Apple,S0206,1204.97,52.68,Active
P09324,SKU-09324,LG Makeup 9324,Beauty,Makeup,LG,S0461,1939.83,1417.2,Active
P09325,SKU-09325,Adidas Makeup 9325,Beauty,Makeup,Adidas,S0269,663.81,761.91,Active
P09326,SKU-09326,Philips Makeup 9326,Beauty,Makeup,Philips,S0034,1886.86,193.44,Active
P09327,SKU-09327,Loreal Makeup 9327,Beauty,Makeup,Loreal,S0141,1806.81,423.15,Active
P09328,SKU-09328,Philips Skincare 9328,Beauty,Skincare,Philips,S0378,1733.68,555.75,Active
P09329,SKU-09329,Philips Skincare 9329,Beauty,Skincare,Philips,S0106,1552.48,564.35,Active
P09330,SKU-09330,Loreal Skincare 9330,Beauty,Skincare,Loreal,S0372,775.16,575.92,Active
P09331,SKU-09331,LG Makeup 9331,Beauty,Makeup,LG,S0086,1513.57,211.53,Active
P09332,SKU-09332,Nike Makeup 9332,Beauty,Makeup,Nike,S0011,46.84,1073.98,Active
P09333,SKU-09333,Dell Skincare 9333,Beauty,Skincare,Dell,S0264,710.22,598.61,Active
P09334,SKU-09334,Nike Skincare 9334,Beauty,Skincare,Nike,S0287,339.48,239.74,Active
P09335,SKU-09335,Samsung Skincare 9335,Beauty,Skincare,Samsung,S0335,24.67,1228.86,Active
P09336,SKU-09336,Dell Makeup 9336,Beauty,Makeup,Dell,S0047,692.7,181.7,Active
P09337,SKU-09337,Sony Makeup 9337,Beauty,Makeup,Sony,S0397,864.88,464.38,Active
P09338,SKU-09338,Sony Skincare 9338,Beauty,Skincare,Sony,S0431,331.35,1386.87,Active
P09339,SKU-09339,Adidas Skincare 9339,Beauty,Skincare,Adidas,S0410,1256.79,1122.27,Active
P09340,SKU-09340,HP Makeup 9340,Beauty,Makeup,HP,S0042,1865.34,748.58,Active
P09341,SKU-09341,Dell Makeup 9341,Beauty,Makeup,Dell,S0204,180.9,656.88,Active
P09342,SKU-09342,Adidas Makeup 9342,Beauty,Makeup,Adidas,S0083,439.62,1398.3,Active
P09343,SKU-09343,Adidas Skincare 9343,Beauty,Skincare,Adidas,S0186,1148.02,469.78,Active
P09344,SKU-09344,Loreal Skincare 9344,Beauty,Skincare,Loreal,S0095,1145.34,1391.1,Active
P09345,SKU-09345,Philips Makeup 9345,Beauty,Makeup,Philips,S0296,892.33,724.52,Active
P09346,SKU-09346,Philips Makeup 9346,Beauty,Makeup,Philips,S0056,1770.48,19.03,Active
P09347,SKU-09347,Samsung Makeup 9347,Beauty,Makeup,Samsung,S0008,1927.04,113.37,Active
P09348,SKU-09348,Philips Skincare 9348,Beauty,Skincare,Philips,S0422,1217.31,217.16,Active
P09349,SKU-09349,HP Skincare 9349,Beauty,Skincare,HP,S0263,332.71,1194.92,Active
P09350,SKU-09350,LG Makeup 9350,Beauty,Makeup,LG,S0456,641.29,1047.26,Active
P09351,SKU-09351,Philips Makeup 9351,Beauty,Makeup,Philips,S0443,419.95,1346.2,Active
P09352,SKU-09352,Dell Makeup 9352,Beauty,Makeup,Dell,S0070,963.65,765.02,Active
P09353,SKU-09353,Philips Makeup 9353,Beauty,Makeup,Philips,S0245,1818.52,783.38,Active
P09354,SKU-09354,LG Makeup 9354,Beauty,Makeup,LG,S0098,1164.23,91.39,Active
P09355,SKU-09355,Sony Makeup 9355,Beauty,Makeup,Sony,S0243,1249.71,251.66,Active
P09356,SKU-09356,Adidas Makeup 9356,Beauty,Makeup,Adidas,S0131,1377.65,150.51,Active
P09357,SKU-09357,Sony Skincare 9357,Beauty,Skincare,Sony,S0138,857.89,764.5,Active
P09358,SKU-09358,Nike Skincare 9358,Beauty,Skincare,Nike,S0214,823.8,1432.46,Active
P09359,SKU-09359,Dell Skincare 9359,Beauty,Skincare,Dell,S0378,42.5,27.93,Active
P09360,SKU-09360,Dell Makeup 9360,Beauty,Makeup,Dell,S0048,1947.43,1045.75,Active
P09361,SKU-09361,HP Makeup 9361,Beauty,Makeup,HP,S0316,854.24,781.81,Active
P09362,SKU-09362,Sony Skincare 9362,Beauty,Skincare,Sony,S0073,1876.09,877.37,Active
P09363,SKU-09363,Sony Makeup 9363,Beauty,Makeup,Sony,S0077,722.54,655.98,Active
P09364,SKU-09364,Philips Skincare 9364,Beauty,Skincare,Philips,S0026,676.93,665.15,Active
P09365,SKU-09365,Dell Skincare 9365,Beauty,Skincare,Dell,S0412,1196.93,125.68,Active
P09366,SKU-09366,LG Skincare 9366,Beauty,Skincare,LG,S0391,1193.03,1010.11,Active
P09367,SKU-09367,Apple Makeup 9367,Beauty,Makeup,Apple,S0453,653.05,1491.1,Active
P09368,SKU-09368,Adidas Skincare 9368,Beauty,Skincare,Adidas,S0214,432.46,627.46,Active
P09369,SKU-09369,LG Skincare 9369,Beauty,Skincare,LG,S0092,1465.37,86.14,Active
P09370,SKU-09370,Sony Makeup 9370,Beauty,Makeup,Sony,S0439,1651.07,850.56,Active
P09371,SKU-09371,Adidas Makeup 9371,Beauty,Makeup,Adidas,S0333,1552.7,1171.23,Active
P09372,SKU-09372,Loreal Makeup 9372,Beauty,Makeup,Loreal,S0206,1472.73,225.97,Active
P09373,SKU-09373,Samsung Makeup 9373,Beauty,Makeup,Samsung,S0036,1441.33,736.06,Active
P09374,SKU-09374,Apple Skincare 9374,Beauty,Skincare,Apple,S0008,1926.5,518.42,Active
P09375,SKU-09375,Nike Makeup 9375,Beauty,Makeup,Nike,S0197,138.48,602.92,Active
P09376,SKU-09376,Nike Skincare 9376,Beauty,Skincare,Nike,S0165,1269.64,168.1,Active
P09377,SKU-09377,Adidas Skincare 9377,Beauty,Skincare,Adidas,S0297,215.99,1124.15,Active
P09378,SKU-09378,Loreal Skincare 9378,Beauty,Skincare,Loreal,S0043,1493.22,1332.34,Active
P09379,SKU-09379,LG Makeup 9379,Beauty,Makeup,LG,S0372,1596.88,65.03,Active
P09380,SKU-09380,Adidas Makeup 9380,Beauty,Makeup,Adidas,S0275,1308.27,1331.79,Active
P09381,SKU-09381,LG Makeup 9381,Beauty,Makeup,LG,S0312,394.39,121.11,Active
P09382,SKU-09382,Adidas Skincare 9382,Beauty,Skincare,Adidas,S0002,447.46,949.26,Active
P09383,SKU-09383,Sony Skincare 9383,Beauty,Skincare,Sony,S0243,1670.73,1022.61,Active
P09384,SKU-09384,Adidas Makeup 9384,Beauty,Makeup,Adidas,S0299,160.69,358.0,Active
P09385,SKU-09385,Dell Skincare 9385,Beauty,Skincare,Dell,S0351,1974.83,860.61,Active
P09386,SKU-09386,HP Skincare 9386,Beauty,Skincare,HP,S0020,183.36,1254.61,Active
P09387,SKU-09387,Sony Makeup 9387,Beauty,Makeup,Sony,S0175,413.51,487.85,Active
P09388,SKU-09388,Philips Makeup 9388,Beauty,Makeup,Philips,S0487,1155.52,1039.56,Active
P09389,SKU-09389,Philips Makeup 9389,Beauty,Makeup,Philips,S0139,974.55,1154.26,Active
P09390,SKU-09390,HP Makeup 9390,Beauty,Makeup,HP,S0031,962.63,696.6,Active
P09391,SKU-09391,Nike Makeup 9391,Beauty,Makeup,Nike,S0413,1272.36,337.18,Active
P09392,SKU-09392,Loreal Skincare 9392,Beauty,Skincare,Loreal,S0141,1429.37,560.0,Active
P09393,SKU-09393,Loreal Makeup 9393,Beauty,Makeup,Loreal,S0468,1537.04,1097.01,Active
P09394,SKU-09394,Dell Makeup 9394,Beauty,Makeup,Dell,S0119,141.35,1116.35,Active
P09395,SKU-09395,Nike Makeup 9395,Beauty,Makeup,Nike,S0433,1112.43,130.57,Active
P09396,SKU-09396,Loreal Skincare 9396,Beauty,Skincare,Loreal,S0368,1567.6,1359.85,Active
P09397,SKU-09397,Samsung Makeup 9397,Beauty,Makeup,Samsung,S0431,1769.28,1499.98,Active
P09398,SKU-09398,Samsung Makeup 9398,Beauty,Makeup,Samsung,S0480,1910.55,393.14,Active
P09399,SKU-09399,Dell Makeup 9399,Beauty,Makeup,Dell,S0094,824.73,172.34,Active
P09400,SKU-09400,LG Makeup 9400,Beauty,Makeup,LG,S0156,1610.04,1474.61,Active
P09401,SKU-09401,Sony Makeup 9401,Beauty,Makeup,Sony,S0389,1883.19,1101.51,Active
P09402,SKU-09402,Philips Skincare 9402,Beauty,Skincare,Philips,S0437,354.57,84.3,Active
P09403,SKU-09403,Philips Skincare 9403,Beauty,Skincare,Philips,S0336,959.12,710.74,Active
P09404,SKU-09404,Apple Skincare 9404,Beauty,Skincare,Apple,S0255,1295.87,1075.02,Active
P09405,SKU-09405,Philips Makeup 9405,Beauty,Makeup,Philips,S0213,1746.97,1313.21,Active
P09406,SKU-09406,Sony Makeup 9406,Beauty,Makeup,Sony,S0437,1347.44,698.46,Active
P09407,SKU-09407,Adidas Skincare 9407,Beauty,Skincare,Adidas,S0282,1797.98,164.24,Active
P09408,SKU-09408,LG Makeup 9408,Beauty,Makeup,LG,S0462,1950.94,410.01,Active
P09409,SKU-09409,HP Makeup 9409,Beauty,Makeup,HP,S0497,1274.51,443.18,Active
P09410,SKU-09410,Sony Skincare 9410,Beauty,Skincare,Sony,S0113,121.88,1076.11,Active
P09411,SKU-09411,Samsung Skincare 9411,Beauty,Skincare,Samsung,S0209,1151.29,1096.95,Active
P09412,SKU-09412,LG Makeup 9412,Beauty,Makeup,LG,S0061,800.4,896.03,Active
P09413,SKU-09413,Apple Skincare 9413,Beauty,Skincare,Apple,S0001,548.26,987.08,Active
P09414,SKU-09414,Nike Skincare 9414,Beauty,Skincare,Nike,S0156,1053.34,951.59,Active
P09415,SKU-09415,HP Makeup 9415,Beauty,Makeup,HP,S0112,1163.02,1359.32,Active
P09416,SKU-09416,Philips Skincare 9416,Beauty,Skincare,Philips,S0083,433.27,272.84,Active
P09417,SKU-09417,Sony Skincare 9417,Beauty,Skincare,Sony,S0088,1245.73,1031.02,Active
P09418,SKU-09418,Apple Makeup 9418,Beauty,Makeup,Apple,S0040,730.09,170.33,Active
P09419,SKU-09419,Sony Makeup 9419,Beauty,Makeup,Sony,S0348,748.74,398.48,Active
P09420,SKU-09420,Dell Skincare 9420,Beauty,Skincare,Dell,S0136,102.52,676.84,Active
P09421,SKU-09421,Adidas Skincare 9421,Beauty,Skincare,Adidas,S0236,1531.92,1149.97,Active
P09422,SKU-09422,Apple Skincare 9422,Beauty,Skincare,Apple,S0439,219.99,180.8,Active
P09423,SKU-09423,LG Skincare 9423,Beauty,Skincare,LG,S0208,862.63,834.36,Active
P09424,SKU-09424,Adidas Skincare 9424,Beauty,Skincare,Adidas,S0142,756.37,884.92,Active
P09425,SKU-09425,Philips Skincare 9425,Beauty,Skincare,Philips,S0367,1808.3,1163.76,Active
P09426,SKU-09426,Loreal Skincare 9426,Beauty,Skincare,Loreal,S0152,1730.96,726.62,Active
P09427,SKU-09427,HP Skincare 9427,Beauty,Skincare,HP,S0345,1310.47,1488.7,Active
P09428,SKU-09428,Apple Makeup 9428,Beauty,Makeup,Apple,S0438,854.47,1140.23,Active
P09429,SKU-09429,HP Skincare 9429,Beauty,Skincare,HP,S0008,1598.54,1270.51,Active
P09430,SKU-09430,Adidas Skincare 9430,Beauty,Skincare,Adidas,S0031,1114.54,1447.47,Active
P09431,SKU-09431,Apple Makeup 9431,Beauty,Makeup,Apple,S0222,319.13,305.37,Active
P09432,SKU-09432,HP Makeup 9432,Beauty,Makeup,HP,S0165,1842.79,1401.33,Active
P09433,SKU-09433,LG Skincare 9433,Beauty,Skincare,LG,S0413,1843.27,1141.92,Active
P09434,SKU-09434,Dell Makeup 9434,Beauty,Makeup,Dell,S0278,958.79,813.17,Active
P09435,SKU-09435,Loreal Skincare 9435,Beauty,Skincare,Loreal,S0293,1058.17,172.83,Active
P09436,SKU-09436,Apple Makeup 9436,Beauty,Makeup,Apple,S0496,968.29,1360.28,Active
P09437,SKU-09437,LG Skincare 9437,Beauty,Skincare,LG,S0363,1069.01,507.46,Active
P09438,SKU-09438,Adidas Skincare 9438,Beauty,Skincare,Adidas,S0080,1653.86,1477.16,Active
P09439,SKU-09439,Philips Makeup 9439,Beauty,Makeup,Philips,S0392,965.51,333.56,Active
P09440,SKU-09440,Loreal Makeup 9440,Beauty,Makeup,Loreal,S0129,288.11,727.63,Active
P09441,SKU-09441,Philips Makeup 9441,Beauty,Makeup,Philips,S0035,382.37,1241.16,Active
P09442,SKU-09442,Dell Makeup 9442,Beauty,Makeup,Dell,S0059,1230.7,134.39,Active
P09443,SKU-09443,Adidas Skincare 9443,Beauty,Skincare,Adidas,S0217,447.2,654.47,Active
P09444,SKU-09444,Dell Skincare 9444,Beauty,Skincare,Dell,S0100,1487.8,705.07,Active
P09445,SKU-09445,Adidas Makeup 9445,Beauty,Makeup,Adidas,S0429,1209.35,1099.94,Active
P09446,SKU-09446,HP Skincare 9446,Beauty,Skincare,HP,S0384,1345.12,539.89,Active
P09447,SKU-09447,Sony Skincare 9447,Beauty,Skincare,Sony,S0437,1209.17,1157.45,Active
P09448,SKU-09448,Philips Skincare 9448,Beauty,Skincare,Philips,S0117,882.97,814.22,Active
P09449,SKU-09449,Philips Skincare 9449,Beauty,Skincare,Philips,S0278,1771.01,566.83,Active
P09450,SKU-09450,Dell Makeup 9450,Beauty,Makeup,Dell,S0424,945.03,1119.49,Active
P09451,SKU-09451,LG Skincare 9451,Beauty,Skincare,LG,S0207,1770.77,399.81,Active
P09452,SKU-09452,Philips Makeup 9452,Beauty,Makeup,Philips,S0353,349.46,1418.55,Active
P09453,SKU-09453,HP Skincare 9453,Beauty,Skincare,HP,S0262,1793.04,1016.8,Active
P09454,SKU-09454,Sony Skincare 9454,Beauty,Skincare,Sony,S0189,1689.94,77.36,Active
P09455,SKU-09455,LG Makeup 9455,Beauty,Makeup,LG,S0229,1506.53,668.02,Active
P09456,SKU-09456,Nike Skincare 9456,Beauty,Skincare,Nike,S0056,811.81,137.96,Active
P09457,SKU-09457,LG Makeup 9457,Beauty,Makeup,LG,S0229,1430.73,975.48,Active
P09458,SKU-09458,LG Skincare 9458,Beauty,Skincare,LG,S0161,156.71,920.99,Active
P09459,SKU-09459,Loreal Skincare 9459,Beauty,Skincare,Loreal,S0328,1783.66,1034.36,Active
P09460,SKU-09460,Nike Makeup 9460,Beauty,Makeup,Nike,S0280,1213.04,597.52,Active
P09461,SKU-09461,Adidas Makeup 9461,Beauty,Makeup,Adidas,S0224,426.38,60.71,Active
P09462,SKU-09462,Adidas Makeup 9462,Beauty,Makeup,Adidas,S0244,289.68,530.04,Active
P09463,SKU-09463,HP Skincare 9463,Beauty,Skincare,HP,S0385,1637.07,1185.24,Active
P09464,SKU-09464,HP Skincare 9464,Beauty,Skincare,HP,S0040,695.38,1442.52,Active
P09465,SKU-09465,Adidas Makeup 9465,Beauty,Makeup,Adidas,S0253,683.39,1187.62,Active
P09466,SKU-09466,Apple Skincare 9466,Beauty,Skincare,Apple,S0441,807.63,556.2,Active
P09467,SKU-09467,HP Skincare 9467,Beauty,Skincare,HP,S0041,1116.84,681.7,Active
P09468,SKU-09468,HP Makeup 9468,Beauty,Makeup,HP,S0242,53.33,591.96,Active
P09469,SKU-09469,Sony Makeup 9469,Beauty,Makeup,Sony,S0073,284.11,427.22,Active
P09470,SKU-09470,Apple Makeup 9470,Beauty,Makeup,Apple,S0006,1034.38,733.85,Active
P09471,SKU-09471,Philips Skincare 9471,Beauty,Skincare,Philips,S0480,1257.21,205.13,Active
P09472,SKU-09472,HP Makeup 9472,Beauty,Makeup,HP,S0150,1650.7,422.03,Active
P09473,SKU-09473,Nike Skincare 9473,Beauty,Skincare,Nike,S0163,1141.38,1137.79,Active
P09474,SKU-09474,Samsung Skincare 9474,Beauty,Skincare,Samsung,S0019,54.16,791.01,Active
P09475,SKU-09475,Adidas Skincare 9475,Beauty,Skincare,Adidas,S0225,1056.26,703.42,Active
P09476,SKU-09476,Philips Skincare 9476,Beauty,Skincare,Philips,S0143,749.46,472.45,Active
P09477,SKU-09477,Samsung Skincare 9477,Beauty,Skincare,Samsung,S0146,44.39,877.25,Active
P09478,SKU-09478,Nike Skincare 9478,Beauty,Skincare,Nike,S0315,76.1,838.86,Active
P09479,SKU-09479,Nike Makeup 9479,Beauty,Makeup,Nike,S0024,1046.04,1384.01,Active
P09480,SKU-09480,HP Makeup 9480,Beauty,Makeup,HP,S0226,1479.92,1096.53,Active
P09481,SKU-09481,Samsung Makeup 9481,Beauty,Makeup,Samsung,S0379,1895.77,1255.94,Active
P09482,SKU-09482,Samsung Makeup 9482,Beauty,Makeup,Samsung,S0136,1892.75,423.34,Active
P09483,SKU-09483,Sony Makeup 9483,Beauty,Makeup,Sony,S0497,463.57,615.0,Active
P09484,SKU-09484,Loreal Skincare 9484,Beauty,Skincare,Loreal,S0085,1511.29,285.26,Active
P09485,SKU-09485,Dell Skincare 9485,Beauty,Skincare,Dell,S0139,1156.26,1175.49,Active
P09486,SKU-09486,Sony Skincare 9486,Beauty,Skincare,Sony,S0462,1606.28,474.19,Active
P09487,SKU-09487,Apple Skincare 9487,Beauty,Skincare,Apple,S0303,661.44,509.0,Active
P09488,SKU-09488,HP Makeup 9488,Beauty,Makeup,HP,S0128,208.18,221.45,Active
P09489,SKU-09489,HP Skincare 9489,Beauty,Skincare,HP,S0118,1036.24,1083.63,Active
P09490,SKU-09490,Apple Skincare 9490,Beauty,Skincare,Apple,S0271,246.26,110.51,Active
P09491,SKU-09491,Samsung Skincare 9491,Beauty,Skincare,Samsung,S0187,1464.79,719.35,Active
P09492,SKU-09492,Sony Makeup 9492,Beauty,Makeup,Sony,S0154,695.28,347.11,Active
P09493,SKU-09493,HP Skincare 9493,Beauty,Skincare,HP,S0285,829.96,401.83,Active
P09494,SKU-09494,HP Skincare 9494,Beauty,Skincare,HP,S0113,1071.74,163.09,Active
P09495,SKU-09495,Samsung Skincare 9495,Beauty,Skincare,Samsung,S0400,1946.97,537.45,Active
P09496,SKU-09496,LG Makeup 9496,Beauty,Makeup,LG,S0058,1187.58,51.53,Active
P09497,SKU-09497,Dell Skincare 9497,Beauty,Skincare,Dell,S0388,1464.91,1214.35,Active
P09498,SKU-09498,Philips Makeup 9498,Beauty,Makeup,Philips,S0395,1192.32,1165.69,Active
P09499,SKU-09499,Dell Skincare 9499,Beauty,Skincare,Dell,S0333,983.32,252.14,Active
P09500,SKU-09500,Philips Skincare 9500,Beauty,Skincare,Philips,S0170,794.3,1191.62,Active
P09501,SKU-09501,Adidas Makeup 9501,Beauty,Makeup,Adidas,S0110,1480.01,1273.61,Active
P09502,SKU-09502,Adidas Skincare 9502,Beauty,Skincare,Adidas,S0204,1898.91,801.3,Active
P09503,SKU-09503,Samsung Makeup 9503,Beauty,Makeup,Samsung,S0120,968.59,174.2,Active
P09504,SKU-09504,Nike Skincare 9504,Beauty,Skincare,Nike,S0297,1898.71,588.08,Active
P09505,SKU-09505,Dell Skincare 9505,Beauty,Skincare,Dell,S0451,889.22,227.41,Active
P09506,SKU-09506,Nike Skincare 9506,Beauty,Skincare,Nike,S0104,209.65,300.98,Active
P09507,SKU-09507,Sony Skincare 9507,Beauty,Skincare,Sony,S0182,1355.56,1349.25,Active
P09508,SKU-09508,Apple Makeup 9508,Beauty,Makeup,Apple,S0108,1342.68,302.02,Active
P09509,SKU-09509,Samsung Skincare 9509,Beauty,Skincare,Samsung,S0161,1985.33,293.98,Active
P09510,SKU-09510,Sony Skincare 9510,Beauty,Skincare,Sony,S0346,1043.47,364.37,Active
P09511,SKU-09511,Sony Makeup 9511,Beauty,Makeup,Sony,S0008,742.94,335.75,Active
P09512,SKU-09512,Philips Makeup 9512,Beauty,Makeup,Philips,S0131,1470.99,892.85,Active
P09513,SKU-09513,Samsung Makeup 9513,Beauty,Makeup,Samsung,S0415,316.4,979.41,Active
P09514,SKU-09514,Loreal Makeup 9514,Beauty,Makeup,Loreal,S0188,797.3,1065.9,Active
P09515,SKU-09515,Apple Makeup 9515,Beauty,Makeup,Apple,S0443,289.51,1444.74,Active
P09516,SKU-09516,Apple Skincare 9516,Beauty,Skincare,Apple,S0223,1128.23,933.35,Active
P09517,SKU-09517,Apple Skincare 9517,Beauty,Skincare,Apple,S0092,893.05,283.65,Active
P09518,SKU-09518,LG Makeup 9518,Beauty,Makeup,LG,S0054,613.38,190.93,Active
P09519,SKU-09519,Dell Makeup 9519,Beauty,Makeup,Dell,S0429,1064.76,895.64,Active
P09520,SKU-09520,Sony Skincare 9520,Beauty,Skincare,Sony,S0405,460.12,275.45,Active
P09521,SKU-09521,Loreal Skincare 9521,Beauty,Skincare,Loreal,S0049,34.96,364.83,Active
P09522,SKU-09522,HP Skincare 9522,Beauty,Skincare,HP,S0040,736.52,549.54,Active
P09523,SKU-09523,Adidas Skincare 9523,Beauty,Skincare,Adidas,S0200,392.52,1089.94,Active
P09524,SKU-09524,Apple Makeup 9524,Beauty,Makeup,Apple,S0460,255.86,610.24,Active
P09525,SKU-09525,Apple Makeup 9525,Beauty,Makeup,Apple,S0432,1670.13,328.11,Active
P09526,SKU-09526,Apple Makeup 9526,Beauty,Makeup,Apple,S0040,916.61,179.87,Active
P09527,SKU-09527,Adidas Skincare 9527,Beauty,Skincare,Adidas,S0329,866.52,1078.53,Active
P09528,SKU-09528,Sony Makeup 9528,Beauty,Makeup,Sony,S0469,721.05,1125.04,Active
P09529,SKU-09529,Nike Makeup 9529,Beauty,Makeup,Nike,S0215,905.61,997.56,Active
P09530,SKU-09530,LG Makeup 9530,Beauty,Makeup,LG,S0477,859.73,510.49,Active
P09531,SKU-09531,HP Skincare 9531,Beauty,Skincare,HP,S0113,1521.61,1225.34,Active
P09532,SKU-09532,Apple Makeup 9532,Beauty,Makeup,Apple,S0299,534.99,1312.19,Active
P09533,SKU-09533,LG Makeup 9533,Beauty,Makeup,LG,S0410,1925.89,1120.9,Active
P09534,SKU-09534,Sony Skincare 9534,Beauty,Skincare,Sony,S0400,1975.49,436.08,Active
P09535,SKU-09535,LG Makeup 9535,Beauty,Makeup,LG,S0165,701.26,512.57,Active
P09536,SKU-09536,Nike Skincare 9536,Beauty,Skincare,Nike,S0246,1329.53,146.8,Active
P09537,SKU-09537,Sony Makeup 9537,Beauty,Makeup,Sony,S0450,147.62,644.19,Active
P09538,SKU-09538,LG Makeup 9538,Beauty,Makeup,LG,S0006,283.69,86.26,Active
P09539,SKU-09539,Sony Skincare 9539,Beauty,Skincare,Sony,S0321,466.02,718.04,Active
P09540,SKU-09540,Dell Skincare 9540,Beauty,Skincare,Dell,S0310,145.62,258.97,Active
P09541,SKU-09541,Philips Skincare 9541,Beauty,Skincare,Philips,S0187,1369.87,547.49,Active
P09542,SKU-09542,Dell Makeup 9542,Beauty,Makeup,Dell,S0059,419.12,286.54,Active
P09543,SKU-09543,Dell Makeup 9543,Beauty,Makeup,Dell,S0108,395.19,123.67,Active
P09544,SKU-09544,Philips Skincare 9544,Beauty,Skincare,Philips,S0484,1050.92,1250.29,Active
P09545,SKU-09545,Loreal Makeup 9545,Beauty,Makeup,Loreal,S0372,1996.8,1049.6,Active
P09546,SKU-09546,Philips Skincare 9546,Beauty,Skincare,Philips,S0392,308.5,1337.44,Active
P09547,SKU-09547,Dell Skincare 9547,Beauty,Skincare,Dell,S0235,138.68,317.92,Active
P09548,SKU-09548,Adidas Makeup 9548,Beauty,Makeup,Adidas,S0144,1995.0,10.0,Active
P09549,SKU-09549,Loreal Makeup 9549,Beauty,Makeup,Loreal,S0131,420.13,108.87,Active
P09550,SKU-09550,HP Skincare 9550,Beauty,Skincare,HP,S0139,1070.66,273.24,Active
P09551,SKU-09551,Philips Makeup 9551,Beauty,Makeup,Philips,S0219,1052.5,600.89,Active
P09552,SKU-09552,HP Makeup 9552,Beauty,Makeup,HP,S0352,762.31,569.23,Active
P09553,SKU-09553,Nike Makeup 9553,Beauty,Makeup,Nike,S0481,1629.1,1102.13,Active
P09554,SKU-09554,Samsung Skincare 9554,Beauty,Skincare,Samsung,S0401,1263.74,974.32,Active
P09555,SKU-09555,Samsung Skincare 9555,Beauty,Skincare,Samsung,S0364,342.9,1284.81,Active
P09556,SKU-09556,Dell Skincare 9556,Beauty,Skincare,Dell,S0293,720.84,190.06,Active
P09557,SKU-09557,Nike Makeup 9557,Beauty,Makeup,Nike,S0239,711.91,558.66,Active
P09558,SKU-09558,Nike Makeup 9558,Beauty,Makeup,Nike,S0245,1476.34,1122.58,Active
P09559,SKU-09559,Samsung Makeup 9559,Beauty,Makeup,Samsung,S0048,298.8,1467.23,Active
P09560,SKU-09560,Samsung Makeup 9560,Beauty,Makeup,Samsung,S0442,446.59,1441.31,Active
P09561,SKU-09561,Loreal Skincare 9561,Beauty,Skincare,Loreal,S0209,588.08,840.12,Active
P09562,SKU-09562,Samsung Makeup 9562,Beauty,Makeup,Samsung,S0158,568.2,725.44,Active
P09563,SKU-09563,HP Makeup 9563,Beauty,Makeup,HP,S0464,720.32,137.54,Active
P09564,SKU-09564,Dell Skincare 9564,Beauty,Skincare,Dell,S0155,1526.88,675.89,Active
P09565,SKU-09565,Dell Skincare 9565,Beauty,Skincare,Dell,S0150,1825.53,149.97,Active
P09566,SKU-09566,Apple Makeup 9566,Beauty,Makeup,Apple,S0009,669.81,471.65,Active
P09567,SKU-09567,HP Makeup 9567,Beauty,Makeup,HP,S0043,187.31,1292.83,Active
P09568,SKU-09568,Samsung Makeup 9568,Beauty,Makeup,Samsung,S0447,1703.94,468.27,Active
P09569,SKU-09569,Nike Makeup 9569,Beauty,Makeup,Nike,S0289,146.22,498.78,Active
P09570,SKU-09570,HP Makeup 9570,Beauty,Makeup,HP,S0065,1006.08,1293.79,Active
P09571,SKU-09571,Adidas Makeup 9571,Beauty,Makeup,Adidas,S0029,1073.38,869.11,Active
P09572,SKU-09572,Apple Makeup 9572,Beauty,Makeup,Apple,S0405,223.09,933.21,Active
P09573,SKU-09573,Dell Makeup 9573,Beauty,Makeup,Dell,S0070,481.91,1320.51,Active
P09574,SKU-09574,Dell Makeup 9574,Beauty,Makeup,Dell,S0262,505.33,1331.44,Active
P09575,SKU-09575,Philips Makeup 9575,Beauty,Makeup,Philips,S0344,1937.57,605.24,Active
P09576,SKU-09576,Nike Makeup 9576,Beauty,Makeup,Nike,S0113,227.23,124.82,Active
P09577,SKU-09577,LG Skincare 9577,Beauty,Skincare,LG,S0293,515.29,350.32,Active
P09578,SKU-09578,Sony Skincare 9578,Beauty,Skincare,Sony,S0062,800.13,857.48,Active
P09579,SKU-09579,HP Makeup 9579,Beauty,Makeup,HP,S0239,1832.76,429.25,Active
P09580,SKU-09580,Adidas Makeup 9580,Beauty,Makeup,Adidas,S0145,582.36,1342.78,Active
P09581,SKU-09581,Samsung Skincare 9581,Beauty,Skincare,Samsung,S0181,847.06,1278.43,Active
P09582,SKU-09582,Apple Makeup 9582,Beauty,Makeup,Apple,S0146,1139.29,1226.54,Active
P09583,SKU-09583,Sony Makeup 9583,Beauty,Makeup,Sony,S0173,1784.33,320.19,Active
P09584,SKU-09584,Loreal Skincare 9584,Beauty,Skincare,Loreal,S0187,1440.85,679.72,Active
P09585,SKU-09585,Dell Makeup 9585,Beauty,Makeup,Dell,S0490,227.73,1260.54,Active
P09586,SKU-09586,Adidas Makeup 9586,Beauty,Makeup,Adidas,S0472,1356.99,1127.38,Active
P09587,SKU-09587,Loreal Makeup 9587,Beauty,Makeup,Loreal,S0059,1147.84,319.46,Active
P09588,SKU-09588,LG Makeup 9588,Beauty,Makeup,LG,S0344,1058.87,861.64,Active
P09589,SKU-09589,HP Makeup 9589,Beauty,Makeup,HP,S0146,1377.49,706.15,Active
P09590,SKU-09590,Loreal Skincare 9590,Beauty,Skincare,Loreal,S0481,129.13,853.72,Active
P09591,SKU-09591,LG Makeup 9591,Beauty,Makeup,LG,S0053,1210.03,1216.31,Active
P09592,SKU-09592,Philips Skincare 9592,Beauty,Skincare,Philips,S0179,974.62,481.14,Active
P09593,SKU-09593,Apple Makeup 9593,Beauty,Makeup,Apple,S0368,11.65,370.47,Active
P09594,SKU-09594,Loreal Makeup 9594,Beauty,Makeup,Loreal,S0268,1540.67,78.76,Active
P09595,SKU-09595,Apple Skincare 9595,Beauty,Skincare,Apple,S0272,987.89,348.49,Active
P09596,SKU-09596,Loreal Makeup 9596,Beauty,Makeup,Loreal,S0378,367.17,237.02,Active
P09597,SKU-09597,Loreal Makeup 9597,Beauty,Makeup,Loreal,S0293,1366.33,55.44,Active
P09598,SKU-09598,Samsung Makeup 9598,Beauty,Makeup,Samsung,S0296,144.86,1325.56,Active
P09599,SKU-09599,Philips Skincare 9599,Beauty,Skincare,Philips,S0371,882.83,856.34,Active
P09600,SKU-09600,HP Skincare 9600,Beauty,Skincare,HP,S0008,74.27,1266.45,Active
P09601,SKU-09601,Samsung Makeup 9601,Beauty,Makeup,Samsung,S0173,818.39,1341.33,Active
P09602,SKU-09602,Sony Makeup 9602,Beauty,Makeup,Sony,S0038,1885.63,87.36,Active
P09603,SKU-09603,Sony Makeup 9603,Beauty,Makeup,Sony,S0469,429.15,1179.5,Active
P09604,SKU-09604,LG Makeup 9604,Beauty,Makeup,LG,S0112,1991.39,1014.83,Active
P09605,SKU-09605,Philips Skincare 9605,Beauty,Skincare,Philips,S0322,34.52,1029.25,Active
P09606,SKU-09606,Adidas Skincare 9606,Beauty,Skincare,Adidas,S0062,46.21,888.41,Active
P09607,SKU-09607,Samsung Skincare 9607,Beauty,Skincare,Samsung,S0080,1875.99,600.73,Active
P09608,SKU-09608,Nike Skincare 9608,Beauty,Skincare,Nike,S0097,844.74,958.51,Active
P09609,SKU-09609,HP Skincare 9609,Beauty,Skincare,HP,S0267,1703.61,669.16,Active
P09610,SKU-09610,HP Makeup 9610,Beauty,Makeup,HP,S0027,632.73,1491.56,Active
P09611,SKU-09611,LG Makeup 9611,Beauty,Makeup,LG,S0176,962.15,1321.17,Active
P09612,SKU-09612,Adidas Makeup 9612,Beauty,Makeup,Adidas,S0156,935.6,1070.99,Active
P09613,SKU-09613,Sony Skincare 9613,Beauty,Skincare,Sony,S0159,1360.64,1358.13,Active
P09614,SKU-09614,Dell Makeup 9614,Beauty,Makeup,Dell,S0060,949.37,341.59,Active
P09615,SKU-09615,HP Skincare 9615,Beauty,Skincare,HP,S0078,731.0,1445.09,Active
P09616,SKU-09616,Adidas Skincare 9616,Beauty,Skincare,Adidas,S0453,724.25,407.5,Active
P09617,SKU-09617,HP Makeup 9617,Beauty,Makeup,HP,S0425,1148.37,329.43,Active
P09618,SKU-09618,LG Makeup 9618,Beauty,Makeup,LG,S0019,1122.85,11.91,Active
P09619,SKU-09619,Dell Skincare 9619,Beauty,Skincare,Dell,S0225,819.79,1262.82,Active
P09620,SKU-09620,HP Makeup 9620,Beauty,Makeup,HP,S0033,478.17,393.18,Active
P09621,SKU-09621,Samsung Skincare 9621,Beauty,Skincare,Samsung,S0255,92.93,1251.63,Active
P09622,SKU-09622,Apple Skincare 9622,Beauty,Skincare,Apple,S0419,1553.97,622.17,Active
P09623,SKU-09623,Adidas Skincare 9623,Beauty,Skincare,Adidas,S0485,31.91,1394.09,Active
P09624,SKU-09624,Philips Skincare 9624,Beauty,Skincare,Philips,S0011,625.82,1386.37,Active
P09625,SKU-09625,Nike Skincare 9625,Beauty,Skincare,Nike,S0034,652.29,1499.59,Active
P09626,SKU-09626,Nike Skincare 9626,Beauty,Skincare,Nike,S0092,317.72,225.25,Active
P09627,SKU-09627,Loreal Skincare 9627,Beauty,Skincare,Loreal,S0290,1363.71,1469.54,Active
P09628,SKU-09628,Sony Skincare 9628,Beauty,Skincare,Sony,S0115,1034.96,424.75,Active
P09629,SKU-09629,Dell Makeup 9629,Beauty,Makeup,Dell,S0305,903.61,745.39,Active
P09630,SKU-09630,Apple Skincare 9630,Beauty,Skincare,Apple,S0303,997.52,18.21,Active
P09631,SKU-09631,Sony Makeup 9631,Beauty,Makeup,Sony,S0416,1216.11,662.18,Active
P09632,SKU-09632,Sony Makeup 9632,Beauty,Makeup,Sony,S0493,1560.53,684.99,Active
P09633,SKU-09633,Loreal Makeup 9633,Beauty,Makeup,Loreal,S0346,1153.02,1028.27,Active
P09634,SKU-09634,Samsung Makeup 9634,Beauty,Makeup,Samsung,S0266,547.1,415.34,Active
P09635,SKU-09635,Adidas Skincare 9635,Beauty,Skincare,Adidas,S0094,1803.44,996.98,Active
P09636,SKU-09636,Adidas Skincare 9636,Beauty,Skincare,Adidas,S0157,317.65,845.31,Active
P09637,SKU-09637,Loreal Makeup 9637,Beauty,Makeup,Loreal,S0318,392.64,849.29,Active
P09638,SKU-09638,Philips Skincare 9638,Beauty,Skincare,Philips,S0084,609.15,575.16,Active
P09639,SKU-09639,Apple Makeup 9639,Beauty,Makeup,Apple,S0223,1455.81,750.74,Active
P09640,SKU-09640,Samsung Skincare 9640,Beauty,Skincare,Samsung,S0319,587.06,1471.65,Active
P09641,SKU-09641,Dell Makeup 9641,Beauty,Makeup,Dell,S0197,1147.72,807.83,Active
P09642,SKU-09642,Dell Skincare 9642,Beauty,Skincare,Dell,S0411,1483.16,1418.59,Active
P09643,SKU-09643,HP Skincare 9643,Beauty,Skincare,HP,S0074,862.69,550.76,Active
P09644,SKU-09644,LG Makeup 9644,Beauty,Makeup,LG,S0211,98.24,734.37,Active
P09645,SKU-09645,Samsung Skincare 9645,Beauty,Skincare,Samsung,S0120,1996.28,190.6,Active
P09646,SKU-09646,Adidas Skincare 9646,Beauty,Skincare,Adidas,S0367,1111.11,203.76,Active
P09647,SKU-09647,HP Skincare 9647,Beauty,Skincare,HP,S0464,1938.32,1407.87,Active
P09648,SKU-09648,Philips Makeup 9648,Beauty,Makeup,Philips,S0485,222.1,1291.82,Active
P09649,SKU-09649,Apple Makeup 9649,Beauty,Makeup,Apple,S0061,1847.36,1223.42,Active
P09650,SKU-09650,Loreal Makeup 9650,Beauty,Makeup,Loreal,S0402,1166.5,1312.95,Active
P09651,SKU-09651,Adidas Makeup 9651,Beauty,Makeup,Adidas,S0292,1353.72,814.83,Active
P09652,SKU-09652,LG Makeup 9652,Beauty,Makeup,LG,S0059,271.66,67.73,Active
P09653,SKU-09653,Apple Makeup 9653,Beauty,Makeup,Apple,S0224,890.02,182.64,Active
P09654,SKU-09654,Loreal Makeup 9654,Beauty,Makeup,Loreal,S0081,370.46,1050.65,Active
P09655,SKU-09655,Samsung Skincare 9655,Beauty,Skincare,Samsung,S0367,549.47,471.69,Active
P09656,SKU-09656,HP Makeup 9656,Beauty,Makeup,HP,S0087,1504.87,1010.75,Active
P09657,SKU-09657,LG Makeup 9657,Beauty,Makeup,LG,S0341,1124.01,1116.64,Active
P09658,SKU-09658,HP Makeup 9658,Beauty,Makeup,HP,S0065,1005.99,427.79,Active
P09659,SKU-09659,Sony Makeup 9659,Beauty,Makeup,Sony,S0022,602.69,1028.7,Active
P09660,SKU-09660,HP Skincare 9660,Beauty,Skincare,HP,S0134,1169.84,583.49,Active
P09661,SKU-09661,Samsung Skincare 9661,Beauty,Skincare,Samsung,S0230,1301.83,386.82,Active
P09662,SKU-09662,HP Makeup 9662,Beauty,Makeup,HP,S0216,1474.32,286.48,Active
P09663,SKU-09663,Sony Makeup 9663,Beauty,Makeup,Sony,S0361,1958.61,557.51,Active
P09664,SKU-09664,Sony Skincare 9664,Beauty,Skincare,Sony,S0113,182.46,620.54,Active
P09665,SKU-09665,Apple Skincare 9665,Beauty,Skincare,Apple,S0243,293.43,913.31,Active
P09666,SKU-09666,Samsung Skincare 9666,Beauty,Skincare,Samsung,S0090,421.51,348.23,Active
P09667,SKU-09667,Loreal Skincare 9667,Beauty,Skincare,Loreal,S0391,118.42,426.53,Active
P09668,SKU-09668,Dell Skincare 9668,Beauty,Skincare,Dell,S0475,1625.92,366.16,Active
P09669,SKU-09669,Nike Makeup 9669,Beauty,Makeup,Nike,S0033,1573.27,535.61,Active
P09670,SKU-09670,Samsung Skincare 9670,Beauty,Skincare,Samsung,S0177,1888.92,763.55,Active
P09671,SKU-09671,Dell Skincare 9671,Beauty,Skincare,Dell,S0217,427.41,729.68,Active
P09672,SKU-09672,Nike Skincare 9672,Beauty,Skincare,Nike,S0480,469.26,422.71,Active
P09673,SKU-09673,Apple Skincare 9673,Beauty,Skincare,Apple,S0247,911.64,1072.36,Active
P09674,SKU-09674,Adidas Makeup 9674,Beauty,Makeup,Adidas,S0456,707.79,983.3,Active
P09675,SKU-09675,Samsung Skincare 9675,Beauty,Skincare,Samsung,S0231,692.69,1221.12,Active
P09676,SKU-09676,HP Makeup 9676,Beauty,Makeup,HP,S0473,58.33,223.56,Active
P09677,SKU-09677,Apple Skincare 9677,Beauty,Skincare,Apple,S0005,181.69,599.98,Active
P09678,SKU-09678,Philips Makeup 9678,Beauty,Makeup,Philips,S0324,648.34,661.4,Active
P09679,SKU-09679,Nike Makeup 9679,Beauty,Makeup,Nike,S0490,871.53,1094.08,Active
P09680,SKU-09680,HP Makeup 9680,Beauty,Makeup,HP,S0444,1691.22,82.26,Active
P09681,SKU-09681,Adidas Skincare 9681,Beauty,Skincare,Adidas,S0167,135.36,1108.03,Active
P09682,SKU-09682,Adidas Makeup 9682,Beauty,Makeup,Adidas,S0183,1330.7,1188.7,Active
P09683,SKU-09683,Loreal Skincare 9683,Beauty,Skincare,Loreal,S0361,1662.86,1213.12,Active
P09684,SKU-09684,HP Makeup 9684,Beauty,Makeup,HP,S0463,736.95,604.55,Active
P09685,SKU-09685,Samsung Makeup 9685,Beauty,Makeup,Samsung,S0497,199.41,933.78,Active
P09686,SKU-09686,Loreal Makeup 9686,Beauty,Makeup,Loreal,S0240,627.25,904.49,Active
P09687,SKU-09687,Apple Skincare 9687,Beauty,Skincare,Apple,S0469,312.34,150.21,Active
P09688,SKU-09688,Loreal Skincare 9688,Beauty,Skincare,Loreal,S0282,1300.32,733.45,Active
P09689,SKU-09689,Dell Makeup 9689,Beauty,Makeup,Dell,S0460,701.71,1078.27,Active
P09690,SKU-09690,Samsung Skincare 9690,Beauty,Skincare,Samsung,S0079,294.77,573.77,Active
P09691,SKU-09691,Loreal Makeup 9691,Beauty,Makeup,Loreal,S0482,549.07,351.02,Active
P09692,SKU-09692,Nike Makeup 9692,Beauty,Makeup,Nike,S0074,575.76,767.06,Active
P09693,SKU-09693,Loreal Makeup 9693,Beauty,Makeup,Loreal,S0206,467.84,51.36,Active
P09694,SKU-09694,Nike Skincare 9694,Beauty,Skincare,Nike,S0424,1231.89,408.43,Active
P09695,SKU-09695,Philips Skincare 9695,Beauty,Skincare,Philips,S0118,476.78,818.66,Active
P09696,SKU-09696,Adidas Skincare 9696,Beauty,Skincare,Adidas,S0359,1971.19,393.0,Active
P09697,SKU-09697,Apple Makeup 9697,Beauty,Makeup,Apple,S0162,1517.31,1417.89,Active
P09698,SKU-09698,Samsung Skincare 9698,Beauty,Skincare,Samsung,S0040,1534.86,552.52,Active
P09699,SKU-09699,Adidas Skincare 9699,Beauty,Skincare,Adidas,S0376,1673.88,1470.56,Active
P09700,SKU-09700,Apple Skincare 9700,Beauty,Skincare,Apple,S0137,1047.83,1213.01,Active
P09701,SKU-09701,Loreal Skincare 9701,Beauty,Skincare,Loreal,S0349,1973.6,565.67,Active
P09702,SKU-09702,Loreal Skincare 9702,Beauty,Skincare,Loreal,S0298,619.31,71.76,Active
P09703,SKU-09703,Loreal Makeup 9703,Beauty,Makeup,Loreal,S0155,526.21,745.46,Active
P09704,SKU-09704,Apple Skincare 9704,Beauty,Skincare,Apple,S0162,1731.48,987.62,Active
P09705,SKU-09705,HP Makeup 9705,Beauty,Makeup,HP,S0321,339.42,324.52,Active
P09706,SKU-09706,Sony Skincare 9706,Beauty,Skincare,Sony,S0002,284.93,11.28,Active
P09707,SKU-09707,Nike Skincare 9707,Beauty,Skincare,Nike,S0325,1433.12,1250.52,Active
P09708,SKU-09708,Dell Makeup 9708,Beauty,Makeup,Dell,S0315,466.43,1067.64,Active
P09709,SKU-09709,Sony Makeup 9709,Beauty,Makeup,Sony,S0097,26.63,980.84,Active
P09710,SKU-09710,Apple Skincare 9710,Beauty,Skincare,Apple,S0254,1364.43,1109.47,Active
P09711,SKU-09711,LG Skincare 9711,Beauty,Skincare,LG,S0328,1477.72,1458.94,Active
P09712,SKU-09712,Nike Skincare 9712,Beauty,Skincare,Nike,S0459,1416.65,1127.14,Active
P09713,SKU-09713,Philips Makeup 9713,Beauty,Makeup,Philips,S0401,752.23,679.87,Active
P09714,SKU-09714,Loreal Skincare 9714,Beauty,Skincare,Loreal,S0277,1912.39,1092.81,Active
P09715,SKU-09715,Adidas Makeup 9715,Beauty,Makeup,Adidas,S0348,1690.59,86.37,Active
P09716,SKU-09716,Samsung Skincare 9716,Beauty,Skincare,Samsung,S0384,1867.45,105.91,Active
P09717,SKU-09717,Dell Makeup 9717,Beauty,Makeup,Dell,S0051,539.05,476.38,Active
P09718,SKU-09718,Sony Makeup 9718,Beauty,Makeup,Sony,S0295,221.16,1358.63,Active
P09719,SKU-09719,Samsung Makeup 9719,Beauty,Makeup,Samsung,S0372,1382.64,213.9,Active
P09720,SKU-09720,Nike Skincare 9720,Beauty,Skincare,Nike,S0276,531.38,920.84,Active
P09721,SKU-09721,LG Makeup 9721,Beauty,Makeup,LG,S0265,385.62,392.13,Active
P09722,SKU-09722,Samsung Skincare 9722,Beauty,Skincare,Samsung,S0437,442.52,296.95,Active
P09723,SKU-09723,Samsung Skincare 9723,Beauty,Skincare,Samsung,S0041,1064.07,1088.31,Active
P09724,SKU-09724,Adidas Skincare 9724,Beauty,Skincare,Adidas,S0264,942.25,254.66,Active
P09725,SKU-09725,HP Makeup 9725,Beauty,Makeup,HP,S0247,1041.0,123.73,Active
P09726,SKU-09726,Philips Skincare 9726,Beauty,Skincare,Philips,S0057,821.85,1177.37,Active
P09727,SKU-09727,Samsung Makeup 9727,Beauty,Makeup,Samsung,S0500,764.68,650.13,Active
P09728,SKU-09728,Nike Skincare 9728,Beauty,Skincare,Nike,S0289,1632.45,1384.1,Active
P09729,SKU-09729,Sony Skincare 9729,Beauty,Skincare,Sony,S0079,838.7,960.4,Active
P09730,SKU-09730,Adidas Makeup 9730,Beauty,Makeup,Adidas,S0082,25.32,981.51,Active
P09731,SKU-09731,Adidas Makeup 9731,Beauty,Makeup,Adidas,S0274,929.29,746.95,Active
P09732,SKU-09732,Sony Skincare 9732,Beauty,Skincare,Sony,S0450,1224.64,580.47,Active
P09733,SKU-09733,HP Makeup 9733,Beauty,Makeup,HP,S0178,1642.3,1039.98,Active
P09734,SKU-09734,Philips Makeup 9734,Beauty,Makeup,Philips,S0469,528.9,970.32,Active
P09735,SKU-09735,HP Makeup 9735,Beauty,Makeup,HP,S0291,1384.67,1223.09,Active
P09736,SKU-09736,LG Makeup 9736,Beauty,Makeup,LG,S0365,1211.46,412.34,Active
P09737,SKU-09737,Loreal Skincare 9737,Beauty,Skincare,Loreal,S0169,1123.14,59.11,Active
P09738,SKU-09738,Samsung Skincare 9738,Beauty,Skincare,Samsung,S0323,375.18,1082.37,Active
P09739,SKU-09739,Loreal Skincare 9739,Beauty,Skincare,Loreal,S0197,1661.86,72.12,Active
P09740,SKU-09740,Loreal Skincare 9740,Beauty,Skincare,Loreal,S0243,937.67,148.39,Active
P09741,SKU-09741,Apple Skincare 9741,Beauty,Skincare,Apple,S0273,414.13,1140.4,Active
P09742,SKU-09742,Dell Skincare 9742,Beauty,Skincare,Dell,S0210,1581.55,1290.01,Active
P09743,SKU-09743,LG Makeup 9743,Beauty,Makeup,LG,S0324,1088.09,1398.28,Active
P09744,SKU-09744,HP Skincare 9744,Beauty,Skincare,HP,S0357,1463.3,875.7,Active
P09745,SKU-09745,Loreal Makeup 9745,Beauty,Makeup,Loreal,S0402,1297.42,1316.56,Active
P09746,SKU-09746,Adidas Skincare 9746,Beauty,Skincare,Adidas,S0401,319.36,1477.28,Active
P09747,SKU-09747,Philips Skincare 9747,Beauty,Skincare,Philips,S0409,497.29,1405.71,Active
P09748,SKU-09748,Samsung Makeup 9748,Beauty,Makeup,Samsung,S0370,280.56,1335.37,Active
P09749,SKU-09749,Apple Makeup 9749,Beauty,Makeup,Apple,S0462,1079.5,330.79,Active
P09750,SKU-09750,Nike Skincare 9750,Beauty,Skincare,Nike,S0401,1086.1,887.51,Active
P09751,SKU-09751,Dell Makeup 9751,Beauty,Makeup,Dell,S0296,1364.6,1103.85,Active
P09752,SKU-09752,Nike Skincare 9752,Beauty,Skincare,Nike,S0484,1614.24,330.89,Active
P09753,SKU-09753,HP Makeup 9753,Beauty,Makeup,HP,S0322,1842.03,1018.84,Active
P09754,SKU-09754,Loreal Makeup 9754,Beauty,Makeup,Loreal,S0487,55.91,1076.37,Active
P09755,SKU-09755,Philips Skincare 9755,Beauty,Skincare,Philips,S0023,373.65,696.7,Active
P09756,SKU-09756,Adidas Skincare 9756,Beauty,Skincare,Adidas,S0410,1533.59,573.53,Active
P09757,SKU-09757,Philips Skincare 9757,Beauty,Skincare,Philips,S0295,1938.97,46.52,Active
P09758,SKU-09758,Philips Makeup 9758,Beauty,Makeup,Philips,S0122,1399.03,1300.92,Active
P09759,SKU-09759,Loreal Makeup 9759,Beauty,Makeup,Loreal,S0328,943.46,437.22,Active
P09760,SKU-09760,Philips Skincare 9760,Beauty,Skincare,Philips,S0383,398.14,156.44,Active
P09761,SKU-09761,HP Skincare 9761,Beauty,Skincare,HP,S0381,1813.47,755.36,Active
P09762,SKU-09762,HP Skincare 9762,Beauty,Skincare,HP,S0136,1130.83,1153.76,Active
P09763,SKU-09763,LG Makeup 9763,Beauty,Makeup,LG,S0148,489.18,323.29,Active
P09764,SKU-09764,Loreal Makeup 9764,Beauty,Makeup,Loreal,S0072,1318.04,313.15,Active
P09765,SKU-09765,Apple Makeup 9765,Beauty,Makeup,Apple,S0137,861.5,940.07,Active
P09766,SKU-09766,HP Makeup 9766,Beauty,Makeup,HP,S0293,913.92,487.62,Active
P09767,SKU-09767,Samsung Skincare 9767,Beauty,Skincare,Samsung,S0138,1657.26,400.76,Active
P09768,SKU-09768,Philips Skincare 9768,Beauty,Skincare,Philips,S0320,775.01,748.93,Active
P09769,SKU-09769,Philips Makeup 9769,Beauty,Makeup,Philips,S0065,620.32,749.73,Active
P09770,SKU-09770,HP Makeup 9770,Beauty,Makeup,HP,S0275,1379.9,963.33,Active
P09771,SKU-09771,LG Skincare 9771,Beauty,Skincare,LG,S0204,1258.61,904.83,Active
P09772,SKU-09772,LG Skincare 9772,Beauty,Skincare,LG,S0453,98.99,400.95,Active
P09773,SKU-09773,Nike Makeup 9773,Beauty,Makeup,Nike,S0440,917.73,1182.55,Active
P09774,SKU-09774,Loreal Makeup 9774,Beauty,Makeup,Loreal,S0473,846.73,191.07,Active
P09775,SKU-09775,HP Makeup 9775,Beauty,Makeup,HP,S0316,669.84,1151.95,Active
P09776,SKU-09776,HP Skincare 9776,Beauty,Skincare,HP,S0396,1021.17,424.9,Active
P09777,SKU-09777,Nike Skincare 9777,Beauty,Skincare,Nike,S0448,838.25,634.51,Active
P09778,SKU-09778,Adidas Skincare 9778,Beauty,Skincare,Adidas,S0493,1212.25,1342.48,Active
P09779,SKU-09779,Dell Makeup 9779,Beauty,Makeup,Dell,S0060,130.22,1213.31,Active
P09780,SKU-09780,HP Skincare 9780,Beauty,Skincare,HP,S0225,1592.98,1361.84,Active
P09781,SKU-09781,Sony Skincare 9781,Beauty,Skincare,Sony,S0029,326.76,405.66,Active
P09782,SKU-09782,Loreal Skincare 9782,Beauty,Skincare,Loreal,S0186,735.25,746.61,Active
P09783,SKU-09783,Loreal Makeup 9783,Beauty,Makeup,Loreal,S0448,48.77,1495.14,Active
P09784,SKU-09784,Dell Skincare 9784,Beauty,Skincare,Dell,S0491,1749.6,395.3,Active
P09785,SKU-09785,Sony Skincare 9785,Beauty,Skincare,Sony,S0027,1348.73,1322.46,Active
P09786,SKU-09786,LG Skincare 9786,Beauty,Skincare,LG,S0314,1819.47,375.47,Active
P09787,SKU-09787,Dell Skincare 9787,Beauty,Skincare,Dell,S0015,1337.15,918.08,Active
P09788,SKU-09788,Philips Skincare 9788,Beauty,Skincare,Philips,S0370,485.46,136.97,Active
P09789,SKU-09789,Samsung Makeup 9789,Beauty,Makeup,Samsung,S0055,728.32,918.49,Active
P09790,SKU-09790,Philips Skincare 9790,Beauty,Skincare,Philips,S0057,314.97,904.61,Active
P09791,SKU-09791,Nike Makeup 9791,Beauty,Makeup,Nike,S0104,82.81,652.08,Active
P09792,SKU-09792,LG Skincare 9792,Beauty,Skincare,LG,S0312,267.57,355.14,Active
P09793,SKU-09793,Apple Makeup 9793,Beauty,Makeup,Apple,S0113,1160.61,1266.87,Active
P09794,SKU-09794,Adidas Makeup 9794,Beauty,Makeup,Adidas,S0401,1439.13,1328.34,Active
P09795,SKU-09795,LG Makeup 9795,Beauty,Makeup,LG,S0013,24.4,675.39,Active
P09796,SKU-09796,LG Skincare 9796,Beauty,Skincare,LG,S0048,1742.95,1229.11,Active
P09797,SKU-09797,Samsung Skincare 9797,Beauty,Skincare,Samsung,S0043,1109.35,84.93,Active
P09798,SKU-09798,Samsung Skincare 9798,Beauty,Skincare,Samsung,S0265,386.86,140.63,Active
P09799,SKU-09799,Loreal Makeup 9799,Beauty,Makeup,Loreal,S0160,305.87,1342.8,Active
P09800,SKU-09800,Apple Skincare 9800,Beauty,Skincare,Apple,S0381,432.83,483.55,Active
P09801,SKU-09801,Nike Makeup 9801,Beauty,Makeup,Nike,S0065,672.79,151.44,Active
P09802,SKU-09802,Adidas Makeup 9802,Beauty,Makeup,Adidas,S0359,873.42,983.1,Active
P09803,SKU-09803,Samsung Skincare 9803,Beauty,Skincare,Samsung,S0401,484.18,394.65,Active
P09804,SKU-09804,Apple Makeup 9804,Beauty,Makeup,Apple,S0290,136.54,1456.53,Active
P09805,SKU-09805,Adidas Skincare 9805,Beauty,Skincare,Adidas,S0451,28.51,691.38,Active
P09806,SKU-09806,Sony Makeup 9806,Beauty,Makeup,Sony,S0277,534.87,703.06,Active
P09807,SKU-09807,Loreal Makeup 9807,Beauty,Makeup,Loreal,S0013,794.93,616.85,Active
P09808,SKU-09808,Philips Makeup 9808,Beauty,Makeup,Philips,S0288,832.5,1001.32,Active
P09809,SKU-09809,Sony Skincare 9809,Beauty,Skincare,Sony,S0063,1218.36,943.29,Active
P09810,SKU-09810,Loreal Skincare 9810,Beauty,Skincare,Loreal,S0326,612.78,620.4,Active
P09811,SKU-09811,Loreal Makeup 9811,Beauty,Makeup,Loreal,S0489,196.55,671.48,Active
P09812,SKU-09812,Dell Makeup 9812,Beauty,Makeup,Dell,S0465,139.74,73.07,Active
P09813,SKU-09813,Philips Makeup 9813,Beauty,Makeup,Philips,S0013,161.4,1148.21,Active
P09814,SKU-09814,Sony Skincare 9814,Beauty,Skincare,Sony,S0291,1122.27,1302.87,Active
P09815,SKU-09815,Nike Skincare 9815,Beauty,Skincare,Nike,S0015,555.76,389.21,Active
P09816,SKU-09816,Samsung Makeup 9816,Beauty,Makeup,Samsung,S0129,203.02,1040.07,Active
P09817,SKU-09817,Loreal Skincare 9817,Beauty,Skincare,Loreal,S0145,1317.94,889.2,Active
P09818,SKU-09818,Apple Makeup 9818,Beauty,Makeup,Apple,S0157,1855.11,719.16,Active
P09819,SKU-09819,Dell Makeup 9819,Beauty,Makeup,Dell,S0213,1333.21,1441.52,Active
P09820,SKU-09820,Philips Makeup 9820,Beauty,Makeup,Philips,S0344,123.67,1172.16,Active
P09821,SKU-09821,HP Skincare 9821,Beauty,Skincare,HP,S0466,1932.54,174.09,Active
P09822,SKU-09822,Loreal Skincare 9822,Beauty,Skincare,Loreal,S0472,1692.96,215.85,Active
P09823,SKU-09823,Adidas Skincare 9823,Beauty,Skincare,Adidas,S0079,244.68,1317.82,Active
P09824,SKU-09824,Dell Skincare 9824,Beauty,Skincare,Dell,S0009,37.22,572.12,Active
P09825,SKU-09825,Philips Skincare 9825,Beauty,Skincare,Philips,S0136,1719.99,1286.06,Active
P09826,SKU-09826,Sony Makeup 9826,Beauty,Makeup,Sony,S0046,1957.21,724.06,Active
P09827,SKU-09827,LG Makeup 9827,Beauty,Makeup,LG,S0201,906.68,228.37,Active
P09828,SKU-09828,Nike Skincare 9828,Beauty,Skincare,Nike,S0406,954.78,117.4,Active
P09829,SKU-09829,LG Makeup 9829,Beauty,Makeup,LG,S0462,289.23,445.61,Active
P09830,SKU-09830,Samsung Makeup 9830,Beauty,Makeup,Samsung,S0058,162.62,440.71,Active
P09831,SKU-09831,Adidas Skincare 9831,Beauty,Skincare,Adidas,S0258,476.61,186.57,Active
P09832,SKU-09832,Apple Skincare 9832,Beauty,Skincare,Apple,S0233,854.9,806.5,Active
P09833,SKU-09833,Nike Skincare 9833,Beauty,Skincare,Nike,S0049,810.08,303.75,Active
P09834,SKU-09834,Loreal Skincare 9834,Beauty,Skincare,Loreal,S0029,737.06,787.01,Active
P09835,SKU-09835,HP Skincare 9835,Beauty,Skincare,HP,S0425,1995.95,104.12,Active
P09836,SKU-09836,Samsung Skincare 9836,Beauty,Skincare,Samsung,S0458,943.68,821.7,Active
P09837,SKU-09837,Dell Makeup 9837,Beauty,Makeup,Dell,S0462,1564.06,878.98,Active
P09838,SKU-09838,Nike Skincare 9838,Beauty,Skincare,Nike,S0108,1354.15,1344.09,Active
P09839,SKU-09839,Apple Skincare 9839,Beauty,Skincare,Apple,S0074,1032.15,1200.38,Active
P09840,SKU-09840,Apple Makeup 9840,Beauty,Makeup,Apple,S0463,1625.06,72.23,Active
P09841,SKU-09841,Dell Skincare 9841,Beauty,Skincare,Dell,S0336,854.14,560.16,Active
P09842,SKU-09842,Apple Skincare 9842,Beauty,Skincare,Apple,S0280,1917.7,665.03,Active
P09843,SKU-09843,HP Makeup 9843,Beauty,Makeup,HP,S0342,391.09,701.69,Active
P09844,SKU-09844,Nike Skincare 9844,Beauty,Skincare,Nike,S0321,1906.85,1487.55,Active
P09845,SKU-09845,Loreal Skincare 9845,Beauty,Skincare,Loreal,S0222,688.45,1452.09,Active
P09846,SKU-09846,HP Makeup 9846,Beauty,Makeup,HP,S0083,317.14,979.11,Active
P09847,SKU-09847,Loreal Skincare 9847,Beauty,Skincare,Loreal,S0116,684.08,389.68,Active
P09848,SKU-09848,Nike Makeup 9848,Beauty,Makeup,Nike,S0361,309.81,1328.44,Active
P09849,SKU-09849,Sony Skincare 9849,Beauty,Skincare,Sony,S0401,168.78,988.82,Active
P09850,SKU-09850,Loreal Makeup 9850,Beauty,Makeup,Loreal,S0103,697.18,761.99,Active
P09851,SKU-09851,Sony Skincare 9851,Beauty,Skincare,Sony,S0444,1549.8,1267.94,Active
P09852,SKU-09852,Loreal Skincare 9852,Beauty,Skincare,Loreal,S0242,212.15,822.34,Active
P09853,SKU-09853,Samsung Makeup 9853,Beauty,Makeup,Samsung,S0162,719.94,620.28,Active
P09854,SKU-09854,Dell Skincare 9854,Beauty,Skincare,Dell,S0246,1868.39,381.6,Active
P09855,SKU-09855,Apple Skincare 9855,Beauty,Skincare,Apple,S0217,1848.6,941.3,Active
P09856,SKU-09856,Philips Skincare 9856,Beauty,Skincare,Philips,S0335,1438.73,935.89,Active
P09857,SKU-09857,HP Makeup 9857,Beauty,Makeup,HP,S0090,1338.53,157.05,Active
P09858,SKU-09858,Loreal Makeup 9858,Beauty,Makeup,Loreal,S0223,1517.72,549.73,Active
P09859,SKU-09859,Apple Skincare 9859,Beauty,Skincare,Apple,S0343,712.39,1327.71,Active
P09860,SKU-09860,Dell Skincare 9860,Beauty,Skincare,Dell,S0362,644.23,1260.74,Active
P09861,SKU-09861,Philips Skincare 9861,Beauty,Skincare,Philips,S0091,1949.06,1211.45,Active
P09862,SKU-09862,Nike Makeup 9862,Beauty,Makeup,Nike,S0363,1021.79,687.88,Active
P09863,SKU-09863,Loreal Makeup 9863,Beauty,Makeup,Loreal,S0204,1859.06,185.17,Active
P09864,SKU-09864,Adidas Skincare 9864,Beauty,Skincare,Adidas,S0055,1310.11,642.35,Active
P09865,SKU-09865,Adidas Skincare 9865,Beauty,Skincare,Adidas,S0246,881.35,972.75,Active
P09866,SKU-09866,LG Skincare 9866,Beauty,Skincare,LG,S0013,459.0,491.91,Active
P09867,SKU-09867,Samsung Makeup 9867,Beauty,Makeup,Samsung,S0203,1085.93,1095.12,Active
P09868,SKU-09868,Sony Makeup 9868,Beauty,Makeup,Sony,S0164,977.87,224.4,Active
P09869,SKU-09869,Adidas Makeup 9869,Beauty,Makeup,Adidas,S0220,689.49,669.47,Active
P09870,SKU-09870,LG Skincare 9870,Beauty,Skincare,LG,S0128,96.56,294.1,Active
P09871,SKU-09871,Samsung Skincare 9871,Beauty,Skincare,Samsung,S0250,463.12,1429.56,Active
P09872,SKU-09872,Sony Skincare 9872,Beauty,Skincare,Sony,S0492,1726.42,430.74,Active
P09873,SKU-09873,Nike Skincare 9873,Beauty,Skincare,Nike,S0327,992.46,1141.32,Active
P09874,SKU-09874,Samsung Skincare 9874,Beauty,Skincare,Samsung,S0222,365.04,329.96,Active
P09875,SKU-09875,HP Skincare 9875,Beauty,Skincare,HP,S0451,1360.71,287.12,Active
P09876,SKU-09876,Adidas Skincare 9876,Beauty,Skincare,Adidas,S0354,1717.08,473.63,Active
P09877,SKU-09877,Loreal Makeup 9877,Beauty,Makeup,Loreal,S0348,1554.14,539.94,Active
P09878,SKU-09878,Adidas Skincare 9878,Beauty,Skincare,Adidas,S0038,1065.51,915.5,Active
P09879,SKU-09879,Loreal Makeup 9879,Beauty,Makeup,Loreal,S0214,741.9,321.17,Active
P09880,SKU-09880,Philips Makeup 9880,Beauty,Makeup,Philips,S0497,1716.42,1126.96,Active
P09881,SKU-09881,Samsung Makeup 9881,Beauty,Makeup,Samsung,S0247,231.64,1267.67,Active
P09882,SKU-09882,LG Makeup 9882,Beauty,Makeup,LG,S0031,843.02,893.3,Active
P09883,SKU-09883,Philips Skincare 9883,Beauty,Skincare,Philips,S0010,1389.24,155.11,Active
P09884,SKU-09884,Nike Makeup 9884,Beauty,Makeup,Nike,S0326,1643.46,499.5,Active
P09885,SKU-09885,Apple Makeup 9885,Beauty,Makeup,Apple,S0294,990.34,751.59,Active
P09886,SKU-09886,LG Skincare 9886,Beauty,Skincare,LG,S0200,1906.76,796.82,Active
P09887,SKU-09887,Adidas Makeup 9887,Beauty,Makeup,Adidas,S0467,1077.26,1117.99,Active
P09888,SKU-09888,LG Makeup 9888,Beauty,Makeup,LG,S0279,1555.66,819.39,Active
P09889,SKU-09889,Loreal Makeup 9889,Beauty,Makeup,Loreal,S0376,793.88,506.02,Active
P09890,SKU-09890,Dell Makeup 9890,Beauty,Makeup,Dell,S0010,1837.62,1274.11,Active
P09891,SKU-09891,LG Makeup 9891,Beauty,Makeup,LG,S0350,296.57,1083.98,Active
P09892,SKU-09892,Nike Makeup 9892,Beauty,Makeup,Nike,S0276,1479.19,245.24,Active
P09893,SKU-09893,Philips Makeup 9893,Beauty,Makeup,Philips,S0371,1672.59,122.17,Active
P09894,SKU-09894,Adidas Makeup 9894,Beauty,Makeup,Adidas,S0261,1854.9,1468.65,Active
P09895,SKU-09895,Philips Skincare 9895,Beauty,Skincare,Philips,S0435,1029.19,519.13,Active
P09896,SKU-09896,LG Makeup 9896,Beauty,Makeup,LG,S0249,417.4,37.11,Active
P09897,SKU-09897,Loreal Makeup 9897,Beauty,Makeup,Loreal,S0127,923.11,1004.36,Active
P09898,SKU-09898,Apple Makeup 9898,Beauty,Makeup,Apple,S0353,101.0,841.02,Active
P09899,SKU-09899,Samsung Skincare 9899,Beauty,Skincare,Samsung,S0454,576.2,134.15,Active
P09900,SKU-09900,Nike Skincare 9900,Beauty,Skincare,Nike,S0189,1038.85,687.58,Active
P09901,SKU-09901,Nike Makeup 9901,Beauty,Makeup,Nike,S0084,1990.65,608.15,Active
P09902,SKU-09902,Nike Makeup 9902,Beauty,Makeup,Nike,S0305,1074.95,529.96,Active
P09903,SKU-09903,Apple Skincare 9903,Beauty,Skincare,Apple,S0312,982.77,1027.42,Active
P09904,SKU-09904,Loreal Makeup 9904,Beauty,Makeup,Loreal,S0157,1669.78,364.6,Active
P09905,SKU-09905,Sony Skincare 9905,Beauty,Skincare,Sony,S0064,627.49,828.1,Active
P09906,SKU-09906,Nike Makeup 9906,Beauty,Makeup,Nike,S0067,950.47,782.68,Active
P09907,SKU-09907,Philips Skincare 9907,Beauty,Skincare,Philips,S0055,147.02,917.75,Active
P09908,SKU-09908,Sony Skincare 9908,Beauty,Skincare,Sony,S0455,896.91,1085.37,Active
P09909,SKU-09909,Samsung Makeup 9909,Beauty,Makeup,Samsung,S0407,680.9,219.09,Active
P09910,SKU-09910,Adidas Makeup 9910,Beauty,Makeup,Adidas,S0478,1937.95,1192.1,Active
P09911,SKU-09911,Philips Skincare 9911,Beauty,Skincare,Philips,S0477,772.06,94.51,Active
P09912,SKU-09912,Adidas Skincare 9912,Beauty,Skincare,Adidas,S0372,362.91,920.5,Active
P09913,SKU-09913,Dell Skincare 9913,Beauty,Skincare,Dell,S0018,169.23,732.83,Active
P09914,SKU-09914,Samsung Makeup 9914,Beauty,Makeup,Samsung,S0187,195.03,910.39,Active
P09915,SKU-09915,Sony Skincare 9915,Beauty,Skincare,Sony,S0117,745.31,522.01,Active
P09916,SKU-09916,Loreal Skincare 9916,Beauty,Skincare,Loreal,S0263,1949.83,7.9,Active
P09917,SKU-09917,Samsung Makeup 9917,Beauty,Makeup,Samsung,S0163,1521.22,262.68,Active
P09918,SKU-09918,Apple Skincare 9918,Beauty,Skincare,Apple,S0181,254.34,203.07,Active
P09919,SKU-09919,Dell Makeup 9919,Beauty,Makeup,Dell,S0176,577.16,854.87,Active
P09920,SKU-09920,HP Makeup 9920,Beauty,Makeup,HP,S0470,946.29,19.82,Active
P09921,SKU-09921,LG Skincare 9921,Beauty,Skincare,LG,S0336,455.83,165.25,Active
P09922,SKU-09922,Nike Makeup 9922,Beauty,Makeup,Nike,S0310,1738.92,373.34,Active
P09923,SKU-09923,HP Makeup 9923,Beauty,Makeup,HP,S0217,1154.85,398.74,Active
P09924,SKU-09924,Sony Skincare 9924,Beauty,Skincare,Sony,S0402,1315.15,625.66,Active
P09925,SKU-09925,Dell Makeup 9925,Beauty,Makeup,Dell,S0332,1414.0,264.67,Active
P09926,SKU-09926,Philips Makeup 9926,Beauty,Makeup,Philips,S0224,588.49,828.21,Active
P09927,SKU-09927,HP Makeup 9927,Beauty,Makeup,HP,S0253,817.14,1196.31,Active
P09928,SKU-09928,LG Skincare 9928,Beauty,Skincare,LG,S0394,584.73,456.29,Active
P09929,SKU-09929,Dell Makeup 9929,Beauty,Makeup,Dell,S0476,1534.75,823.68,Active
P09930,SKU-09930,Samsung Skincare 9930,Beauty,Skincare,Samsung,S0391,328.23,1195.87,Active
P09931,SKU-09931,LG Makeup 9931,Beauty,Makeup,LG,S0116,671.38,1415.34,Active
P09932,SKU-09932,Apple Skincare 9932,Beauty,Skincare,Apple,S0013,1188.24,1337.98,Active
P09933,SKU-09933,Nike Skincare 9933,Beauty,Skincare,Nike,S0353,1240.04,685.29,Active
P09934,SKU-09934,LG Makeup 9934,Beauty,Makeup,LG,S0072,149.86,60.62,Active
P09935,SKU-09935,HP Makeup 9935,Beauty,Makeup,HP,S0109,1483.35,956.45,Active
P09936,SKU-09936,Philips Makeup 9936,Beauty,Makeup,Philips,S0053,16.91,1211.93,Active
P09937,SKU-09937,Philips Skincare 9937,Beauty,Skincare,Philips,S0461,1113.87,465.2,Active
P09938,SKU-09938,Sony Makeup 9938,Beauty,Makeup,Sony,S0319,1315.71,614.32,Active
P09939,SKU-09939,LG Skincare 9939,Beauty,Skincare,LG,S0358,917.93,291.39,Active
P09940,SKU-09940,Apple Makeup 9940,Beauty,Makeup,Apple,S0418,1719.2,656.19,Active
P09941,SKU-09941,Apple Skincare 9941,Beauty,Skincare,Apple,S0368,1542.96,230.45,Active
P09942,SKU-09942,Loreal Skincare 9942,Beauty,Skincare,Loreal,S0419,1189.37,759.88,Active
P09943,SKU-09943,Apple Skincare 9943,Beauty,Skincare,Apple,S0355,441.67,877.95,Active
P09944,SKU-09944,Philips Skincare 9944,Beauty,Skincare,Philips,S0414,1541.12,694.25,Active
P09945,SKU-09945,Adidas Makeup 9945,Beauty,Makeup,Adidas,S0230,558.27,206.39,Active
P09946,SKU-09946,Nike Skincare 9946,Beauty,Skincare,Nike,S0291,1176.47,693.31,Active
P09947,SKU-09947,Samsung Makeup 9947,Beauty,Makeup,Samsung,S0135,1597.76,706.96,Active
P09948,SKU-09948,LG Skincare 9948,Beauty,Skincare,LG,S0045,732.42,400.88,Active
P09949,SKU-09949,HP Skincare 9949,Beauty,Skincare,HP,S0255,1945.81,1346.34,Active
P09950,SKU-09950,Samsung Makeup 9950,Beauty,Makeup,Samsung,S0321,725.55,1488.29,Active
P09951,SKU-09951,Adidas Skincare 9951,Beauty,Skincare,Adidas,S0415,981.47,1307.22,Active
P09952,SKU-09952,Loreal Skincare 9952,Beauty,Skincare,Loreal,S0204,1814.68,1068.84,Active
P09953,SKU-09953,Nike Skincare 9953,Beauty,Skincare,Nike,S0371,351.24,442.91,Active
P09954,SKU-09954,Philips Makeup 9954,Beauty,Makeup,Philips,S0275,893.36,1222.07,Active
P09955,SKU-09955,Loreal Makeup 9955,Beauty,Makeup,Loreal,S0279,1743.45,747.12,Active
P09956,SKU-09956,Samsung Makeup 9956,Beauty,Makeup,Samsung,S0291,452.1,957.64,Active
P09957,SKU-09957,Sony Makeup 9957,Beauty,Makeup,Sony,S0146,1356.92,844.36,Active
P09958,SKU-09958,Dell Skincare 9958,Beauty,Skincare,Dell,S0211,350.5,599.78,Active
P09959,SKU-09959,Samsung Makeup 9959,Beauty,Makeup,Samsung,S0055,1139.48,618.95,Active
P09960,SKU-09960,HP Makeup 9960,Beauty,Makeup,HP,S0488,1403.15,1214.1,Active
P09961,SKU-09961,Loreal Skincare 9961,Beauty,Skincare,Loreal,S0479,1265.59,604.16,Active
P09962,SKU-09962,Sony Makeup 9962,Beauty,Makeup,Sony,S0097,499.03,1447.04,Active
P09963,SKU-09963,Samsung Skincare 9963,Beauty,Skincare,Samsung,S0064,1441.41,450.76,Active
P09964,SKU-09964,LG Skincare 9964,Beauty,Skincare,LG,S0270,1306.53,1063.15,Active
P09965,SKU-09965,Adidas Skincare 9965,Beauty,Skincare,Adidas,S0265,1483.3,18.37,Active
P09966,SKU-09966,Adidas Skincare 9966,Beauty,Skincare,Adidas,S0386,481.56,517.61,Active
P09967,SKU-09967,Adidas Skincare 9967,Beauty,Skincare,Adidas,S0004,1177.23,357.68,Active
P09968,SKU-09968,Nike Skincare 9968,Beauty,Skincare,Nike,S0387,1601.16,914.18,Active
P09969,SKU-09969,Nike Skincare 9969,Beauty,Skincare,Nike,S0344,245.39,925.39,Active
P09970,SKU-09970,Sony Skincare 9970,Beauty,Skincare,Sony,S0429,1542.87,24.98,Active
P09971,SKU-09971,Philips Skincare 9971,Beauty,Skincare,Philips,S0200,1755.79,1480.98,Active
P09972,SKU-09972,LG Makeup 9972,Beauty,Makeup,LG,S0347,327.32,237.42,Active
P09973,SKU-09973,LG Makeup 9973,Beauty,Makeup,LG,S0279,1237.3,839.94,Active
P09974,SKU-09974,Adidas Skincare 9974,Beauty,Skincare,Adidas,S0395,1589.65,408.41,Active
P09975,SKU-09975,Nike Makeup 9975,Beauty,Makeup,Nike,S0104,1508.83,980.02,Active
P09976,SKU-09976,Nike Makeup 9976,Beauty,Makeup,Nike,S0402,47.38,1109.45,Active
P09977,SKU-09977,Apple Skincare 9977,Beauty,Skincare,Apple,S0107,1858.83,735.86,Active
P09978,SKU-09978,Adidas Skincare 9978,Beauty,Skincare,Adidas,S0180,83.04,865.39,Active
P09979,SKU-09979,LG Makeup 9979,Beauty,Makeup,LG,S0477,1154.96,1456.76,Active
P09980,SKU-09980,Samsung Skincare 9980,Beauty,Skincare,Samsung,S0317,951.39,1481.61,Active
P09981,SKU-09981,Nike Skincare 9981,Beauty,Skincare,Nike,S0101,1718.2,1452.51,Active
P09982,SKU-09982,Nike Skincare 9982,Beauty,Skincare,Nike,S0022,1586.93,870.76,Active
P09983,SKU-09983,HP Skincare 9983,Beauty,Skincare,HP,S0303,875.91,265.43,Active
P09984,SKU-09984,Adidas Skincare 9984,Beauty,Skincare,Adidas,S0408,287.58,633.21,Active
P09985,SKU-09985,Samsung Makeup 9985,Beauty,Makeup,Samsung,S0005,1646.29,1381.58,Active
P09986,SKU-09986,HP Makeup 9986,Beauty,Makeup,HP,S0421,997.17,1091.11,Active
P09987,SKU-09987,Adidas Skincare 9987,Beauty,Skincare,Adidas,S0027,650.19,1013.7,Active
P09988,SKU-09988,Dell Makeup 9988,Beauty,Makeup,Dell,S0220,1450.05,1302.08,Active
P09989,SKU-09989,Loreal Makeup 9989,Beauty,Makeup,Loreal,S0438,169.14,701.75,Active
P09990,SKU-09990,Loreal Makeup 9990,Beauty,Makeup,Loreal,S0195,992.49,1173.85,Active
P09991,SKU-09991,Loreal Makeup 9991,Beauty,Makeup,Loreal,S0124,1090.41,146.64,Active
P09992,SKU-09992,Dell Makeup 9992,Beauty,Makeup,Dell,S0059,67.07,1461.7,Active
P09993,SKU-09993,HP Makeup 9993,Beauty,Makeup,HP,S0178,1171.71,228.89,Active
P09994,SKU-09994,Loreal Makeup 9994,Beauty,Makeup,Loreal,S0354,194.3,226.63,Active
P09995,SKU-09995,Apple Skincare 9995,Beauty,Skincare,Apple,S0422,118.97,482.92,Active
P09996,SKU-09996,LG Skincare 9996,Beauty,Skincare,LG,S0391,1698.46,1114.89,Active
P09997,SKU-09997,HP Makeup 9997,Beauty,Makeup,HP,S0386,482.59,583.69,Active
P09998,SKU-09998,Samsung Skincare 9998,Beauty,Skincare,Samsung,S0468,12.61,403.96,Active
P09999,SKU-09999,Nike Skincare 9999,Beauty,Skincare,Nike,S0147,512.23,17.12,Active
P10000,SKU-10000,Samsung Skincare 10000,Beauty,Skincare,Samsung,S0192,1497.82,1448.66,Active
